// Generated by hardware/firmware/tools/gen_oled_assets.py: do not edit.
// Pixel data of the keyring OLED (docs/pins/keyring-oled.md, layout A).
// Bitmaps are row-major, rows padded to whole bytes, the most significant
// bit is the leftmost pixel. Regenerate after any change to
// hardware/firmware/tools/oled_assets/ and commit the result;
// tests/check_oled_assets.py fails on any difference.
#pragma once

#include <stdint.h>

static const uint8_t OLED_W = 64;
static const uint8_t OLED_H = 128;
static const uint8_t OLED_BODY = 48;
static const int8_t OLED_MASCOT_X = 8;
static const int8_t OLED_MASCOT_Y = 12;
static const uint16_t OLED_ASSET_BYTES = 18467;  // budget 24576

// Ids are plain uint8_t constants, not enums: every field that holds one
// is a uint8_t, and GCC -Wextra rejects enum/integer mixes in ?: .
// Scenes:
static const uint8_t OLED_SCENE_OFF = 0;
static const uint8_t OLED_SCENE_NOTHING_KNOWN = 1;
static const uint8_t OLED_SCENE_PRESSED = 2;
static const uint8_t OLED_SCENE_SEARCHING = 3;
static const uint8_t OLED_SCENE_RESULT = 4;
static const uint8_t OLED_SCENE_ERROR = 5;
static const uint8_t OLED_SCENE_NO_LINK = 6;
static const uint8_t OLED_SCENE_SET_ME_UP = 7;
static const uint8_t OLED_SCENE_WATCH = 8;
static const uint8_t OLED_SCENE_PAUSED = 9;
static const uint8_t OLED_SCENE_NEEDS_SETUP = 10;
static const uint8_t OLED_SCENE_SPEAKING = 11;
static const uint8_t OLED_SCENE_FELL = 12;
static const uint8_t OLED_SCENE_FOUND_YOU = 13;
static const uint8_t OLED_SCENE_FOUND = 14;
static const uint8_t OLED_SCENE_FOUND_SELF = 15;
static const uint8_t OLED_SCENE_NOBODY = 16;
static const uint8_t OLED_SCENE_LOOKING = 17;
static const uint8_t OLED_SCENE_REQUEST = 18;
static const uint8_t OLED_SCENE_ACCEPTED = 19;
static const uint8_t OLED_SCENE_REPORT = 20;
static const uint8_t OLED_SCENE_TALKS = 21;
static const uint8_t OLED_SCENE_DOOR = 22;
static const uint8_t OLED_SCENE_QUESTION = 23;
static const uint8_t OLED_SCENE_COUNT = 24;

// Serial `o<letter>` shows a scene on the bench, in scene order; the
// modest letter shows «on watch» in modest mode, and the fall's letter
// plays a real fall (bench_serial.h).
static const char kOledDemoLetters[] = "okpsreluwzntfygjbvqadhi?";
static const char OLED_DEMO_MODEST_LETTER = 'm';

// Shapes (the mascot byte's high nibble, spec §10):
static const uint8_t OLED_SHAPE_PEBBLE = 0;
static const uint8_t OLED_SHAPE_CUBE = 1;
static const uint8_t OLED_SHAPE_LENS = 2;
static const uint8_t OLED_SHAPE_DROP = 3;
static const uint8_t OLED_SHAPE_LOOP = 4;
static const uint8_t OLED_SHAPE_FOLD = 5;
static const uint8_t OLED_SHAPE_COUNT = 6;

// Materials (its low nibble):
static const uint8_t OLED_MATERIAL_SATIN = 0;
static const uint8_t OLED_MATERIAL_JELLY = 1;
static const uint8_t OLED_MATERIAL_GLASS = 2;
static const uint8_t OLED_MATERIAL_COUNT = 3;

// Words (a frame's word strip; OLED_NO_WORD for none):
static const uint8_t OLED_WORD_WATCH = 0;
static const uint8_t OLED_WORD_SEARCHING = 1;
static const uint8_t OLED_WORD_SEE_PHONE = 2;
static const uint8_t OLED_WORD_FAILED = 3;
static const uint8_t OLED_WORD_NO_LINK = 4;
static const uint8_t OLED_WORD_OPEN_APP = 5;
static const uint8_t OLED_WORD_PAUSED = 6;
static const uint8_t OLED_WORD_SPEAKING = 7;
static const uint8_t OLED_WORD_OUCH = 8;
static const uint8_t OLED_WORD_HURT = 9;
static const uint8_t OLED_WORD_FOUND_YOU = 10;
static const uint8_t OLED_WORD_PEOPLE = 11;
static const uint8_t OLED_WORD_NOBODY = 12;
static const uint8_t OLED_WORD_LOOKING = 13;
static const uint8_t OLED_WORD_REQUEST = 14;
static const uint8_t OLED_WORD_ACCEPTED = 15;
static const uint8_t OLED_WORD_REPORT = 16;
static const uint8_t OLED_WORD_TALKS = 17;
static const uint8_t OLED_WORD_DOOR = 18;
static const uint8_t OLED_WORD_QUESTION = 19;
static const uint8_t OLED_WORD_COUNT = 20;
static const uint8_t OLED_NO_WORD = 0xFF;
// Word locales: screen_state byte 8 values 1-4 (ru, en, es, pt); 0 and ar draw icons only.
static const uint8_t OLED_WORD_LOCALES = 4;
// With a word in the word row the glyph zone is y 64-96 instead of 64-128:
// zone pieces move up.
static const int8_t OLED_WORD_ZONE_DY = -16;
// A speech-bubble word (the fall's «ой»): drawn where the generator put
// it, moves with the whole wake shift, never moves the glyph zone.
static const uint8_t OLED_WORD_BUBBLE = 1;

static const uint8_t OLED_SCENE_LOOP = 1;          // frames repeat; otherwise the last one holds
static const uint8_t OLED_SCENE_GLASS = 2;         // outline material whatever the mascot
static const uint8_t OLED_SCENE_DEFAULT_LOOK = 4;  // the default pebble/satin
static const uint8_t OLED_SCENE_BLANK = 8;         // nothing lit
static const uint8_t OLED_SCENE_STILL = 16;        // no wake shift: a one-off drawn to the edge

static const uint8_t OLED_FRAME_NO_STATUS = 1;  // this frame draws no status row

static const uint8_t OLED_PLACE_SHIFTED = 1;  // moves with the wake shift (burn-in)
static const uint8_t OLED_PLACE_ZONE = 2;     // a glyph-zone piece: moves up when a row word shows
static const uint8_t OLED_PLACE_ICONS = 4;    // drawn only when the frame's word does not show
static const uint8_t OLED_PLACE_ONE_DIGIT = 8;  // drawn only while the count has one digit

// Counts: the frame's number slot draws ScreenFrame::count (1-99; 0 draws
// no number) from the digit glyphs below. Words: a «count» is the value,
// a «number» the slot that draws it, a «digit» one glyph (0-9 or «+»).
static const uint8_t OLED_NO_NUMBER = 0xFF;
static const uint8_t OLED_COUNT_MAX = 99;
static const uint8_t OLED_NUMBER_PLUS = 1;  // «+» before the count
static const uint8_t OLED_DIGIT_PLUS = 10;   // the «+» glyph after 0-9
static const uint8_t OLED_NUMBER_FONTS = 2;

struct OledSprite {
  uint8_t w;
  uint8_t h;
  uint16_t offset;  // into kOledSpriteBits
};

// A glyph piece on the portrait canvas at wake shift 0, without a word.
// The status row does not move; see OLED_PLACE_* for the rest.
struct OledPlacement {
  uint8_t sprite;
  uint8_t x;
  uint8_t y;
  uint8_t flags;
};

// Where an eye sprite goes inside the 48 x 48 body (top-left), the body
// pixel that decides dark-on-body vs lit-off-body, and the solid patch
// that keeps a jelly eye readable. Pose look offsets add to all three.
struct OledEyeSlot {
  int8_t probeX;
  int8_t probeY;
  int8_t patch[4];  // x0, y0, x1, y1 inclusive
  int8_t topLeft[11][2];
};

// The same for the mouth; a jelly mouth gets a solid patch one pixel
// around its sprite.
struct OledMouthSlot {
  int8_t probeX;
  int8_t probeY;
  int8_t topLeft[5][2];
};

struct OledPose {
  uint8_t eye[2];  // eye sprite index (the first sprites of kOledSprites)
  int8_t lookX;
  int8_t lookY;
};

struct OledFrameDesc {
  uint16_t ms;
  uint8_t pose;
  uint8_t variant;  // body scale: see kOledBodyOffsets
  int8_t dx;
  int8_t dy;
  uint8_t mouth;    // 0 none, n: sprite OLED_MOUTH_SPRITE_BASE + n - 1
  uint8_t word;     // OLED_WORD_* or OLED_NO_WORD
  uint8_t flags;    // OLED_FRAME_*
  uint8_t number;   // index into kOledNumbers or OLED_NO_NUMBER
  uint16_t firstPlacement;
  uint16_t placementCount;
};

// Where a frame draws its count, at wake shift 0 without a word: the pen
// x of the first glyph for a one-digit and a two-digit count, and the
// baseline. A number is a glyph-zone piece (shift and word move it).
struct OledNumberSlot {
  uint8_t font;  // index into kOledDigitFonts
  uint8_t x;
  uint8_t x2;
  uint8_t base;
  uint8_t flags;  // OLED_NUMBER_PLUS
};

// One digit glyph: its sprite (cropped to the ink) and the ink's offset
// from the pen and the baseline.
struct OledDigitGlyph {
  uint8_t sprite;
  int8_t dx;
  int8_t dy;
};

struct OledSceneDesc {
  uint8_t firstFrame;
  uint8_t frameCount;
  uint8_t flags;
};

// One word in one locale: a sprite cropped to its ink and where it goes.
// A row word moves across with the wake shift, never up or down (the row
// sits on the bottom edge); a bubble word moves with the whole shift.
struct OledWordStrip {
  uint8_t sprite;
  uint8_t x;
  uint8_t y;
};

static const uint8_t OLED_EYE_SPRITE_COUNT = 11;
static const uint8_t OLED_MOUTH_SPRITE_BASE = 11;
static const uint8_t OLED_MOUTH_COUNT = 5;
static const uint8_t OLED_BODY_VARIANTS = 7;

// Body variants (the frame's variant): x and y scale about the centre.
//   0: 1.00 x 1.00 (plain)
//   1: 1.12 x 0.84 (the press)
//   2: 0.94 x 1.08 (the fall)
//   3: 0.90 x 1.12 (the fall)
//   4: 1.30 x 0.66 (the fall)
//   5: 0.95 x 1.06 (the fall)
//   6: 1.08 x 0.94 (the fall)
// Each body is 48 rows: a run count, then x0, x1 (inclusive) per run.
static const uint8_t kOledBodySpans[5486] = {
  0x00, 0x00, 0x00, 0x00, 0x00, 0x00, 0x00, 0x01, 0x12, 0x1b, 0x01, 0x0f, 0x1d, 0x01, 0x0e, 0x20,
  0x01, 0x0c, 0x22, 0x01, 0x0b, 0x23, 0x01, 0x0a, 0x24, 0x01, 0x09, 0x25, 0x01, 0x08, 0x26, 0x01,
  0x08, 0x27, 0x01, 0x08, 0x27, 0x01, 0x07, 0x28, 0x01, 0x07, 0x28, 0x01, 0x06, 0x29, 0x01, 0x06,
  0x29, 0x01, 0x06, 0x29, 0x01, 0x06, 0x29, 0x01, 0x06, 0x29, 0x01, 0x06, 0x2a, 0x01, 0x06, 0x2a,
  0x01, 0x06, 0x2a, 0x01, 0x06, 0x2a, 0x01, 0x06, 0x29, 0x01, 0x06, 0x29, 0x01, 0x06, 0x29, 0x01,
  0x07, 0x28, 0x01, 0x07, 0x28, 0x01, 0x07, 0x27, 0x01, 0x07, 0x27, 0x01, 0x07, 0x26, 0x01, 0x08,
  0x25, 0x01, 0x09, 0x24, 0x01, 0x0a, 0x22, 0x01, 0x0b, 0x21, 0x01, 0x0d, 0x1f, 0x01, 0x12, 0x1b,
  0x00, 0x00, 0x00, 0x00, 0x00, 0x00, 0x00, 0x00, 0x00, 0x00, 0x00, 0x00, 0x00, 0x00, 0x00, 0x00,
  0x01, 0x0f, 0x1d, 0x01, 0x0d, 0x21, 0x01, 0x0a, 0x23, 0x01, 0x09, 0x24, 0x01, 0x08, 0x26, 0x01,
  0x07, 0x27, 0x01, 0x07, 0x29, 0x01, 0x06, 0x29, 0x01, 0x05, 0x2a, 0x01, 0x05, 0x2a, 0x01, 0x04,
  0x2b, 0x01, 0x04, 0x2b, 0x01, 0x04, 0x2b, 0x01, 0x04, 0x2c, 0x01, 0x04, 0x2c, 0x01, 0x04, 0x2c,
  0x01, 0x04, 0x2c, 0x01, 0x04, 0x2b, 0x01, 0x04, 0x2b, 0x01, 0x04, 0x2b, 0x01, 0x05, 0x2a, 0x01,
  0x05, 0x2a, 0x01, 0x05, 0x29, 0x01, 0x05, 0x28, 0x01, 0x06, 0x27, 0x01, 0x07, 0x26, 0x01, 0x08,
  0x23, 0x01, 0x0b, 0x21, 0x01, 0x10, 0x1d, 0x00, 0x00, 0x00, 0x00, 0x00, 0x00, 0x00, 0x00, 0x00,
  0x00, 0x00, 0x00, 0x00, 0x00, 0x00, 0x01, 0x12, 0x1b, 0x01, 0x10, 0x1d, 0x01, 0x0e, 0x1f, 0x01,
  0x0c, 0x21, 0x01, 0x0c, 0x22, 0x01, 0x0b, 0x23, 0x01, 0x0a, 0x24, 0x01, 0x09, 0x25, 0x01, 0x09,
  0x26, 0x01, 0x09, 0x26, 0x01, 0x08, 0x26, 0x01, 0x08, 0x27, 0x01, 0x08, 0x27, 0x01, 0x07, 0x28,
  0x01, 0x07, 0x28, 0x01, 0x07, 0x28, 0x01, 0x07, 0x28, 0x01, 0x07, 0x28, 0x01, 0x07, 0x28, 0x01,
  0x07, 0x28, 0x01, 0x07, 0x28, 0x01, 0x07, 0x28, 0x01, 0x07, 0x28, 0x01, 0x07, 0x28, 0x01, 0x07,
  0x28, 0x01, 0x08, 0x28, 0x01, 0x08, 0x27, 0x01, 0x08, 0x27, 0x01, 0x08, 0x26, 0x01, 0x08, 0x26,
  0x01, 0x08, 0x25, 0x01, 0x09, 0x24, 0x01, 0x0a, 0x23, 0x01, 0x0a, 0x22, 0x01, 0x0c, 0x21, 0x01,
  0x0d, 0x1e, 0x01, 0x11, 0x1c, 0x00, 0x00, 0x00, 0x00, 0x00, 0x00, 0x00, 0x00, 0x00, 0x00, 0x01,
  0x13, 0x19, 0x01, 0x11, 0x1d, 0x01, 0x0f, 0x1f, 0x01, 0x0e, 0x20, 0x01, 0x0d, 0x21, 0x01, 0x0c,
  0x23, 0x01, 0x0b, 0x23, 0x01, 0x0b, 0x24, 0x01, 0x0a, 0x25, 0x01, 0x09, 0x25, 0x01, 0x09, 0x26,
  0x01, 0x09, 0x26, 0x01, 0x08, 0x26, 0x01, 0x08, 0x27, 0x01, 0x08, 0x27, 0x01, 0x08, 0x27, 0x01,
  0x08, 0x27, 0x01, 0x08, 0x27, 0x01, 0x07, 0x28, 0x01, 0x08, 0x28, 0x01, 0x08, 0x28, 0x01, 0x08,
  0x28, 0x01, 0x08, 0x28, 0x01, 0x08, 0x28, 0x01, 0x08, 0x27, 0x01, 0x08, 0x27, 0x01, 0x08, 0x27,
  0x01, 0x08, 0x27, 0x01, 0x08, 0x26, 0x01, 0x08, 0x26, 0x01, 0x09, 0x26, 0x01, 0x09, 0x25, 0x01,
  0x09, 0x24, 0x01, 0x0a, 0x24, 0x01, 0x0a, 0x22, 0x01, 0x0b, 0x21, 0x01, 0x0d, 0x20, 0x01, 0x0e,
  0x1e, 0x01, 0x12, 0x1b, 0x00, 0x00, 0x00, 0x00, 0x00, 0x00, 0x00, 0x00, 0x00, 0x00, 0x00, 0x00,
  0x00, 0x00, 0x00, 0x00, 0x00, 0x01, 0x0e, 0x1f, 0x01, 0x0a, 0x24, 0x01, 0x07, 0x26, 0x01, 0x06,
  0x29, 0x01, 0x04, 0x2a, 0x01, 0x03, 0x2b, 0x01, 0x02, 0x2d, 0x01, 0x02, 0x2d, 0x01, 0x01, 0x2e,
  0x01, 0x00, 0x2f, 0x01, 0x00, 0x2f, 0x01, 0x00, 0x2f, 0x01, 0x01, 0x2f, 0x01, 0x01, 0x2f, 0x01,
  0x01, 0x2e, 0x01, 0x01, 0x2e, 0x01, 0x02, 0x2d, 0x01, 0x02, 0x2c, 0x01, 0x03, 0x2b, 0x01, 0x03,
  0x29, 0x01, 0x05, 0x27, 0x01, 0x08, 0x24, 0x01, 0x0e, 0x1e, 0x00, 0x00, 0x00, 0x00, 0x00, 0x00,
  0x00, 0x00, 0x00, 0x00, 0x00, 0x00, 0x00, 0x00, 0x00, 0x00, 0x00, 0x00, 0x01, 0x12, 0x1a, 0x01,
  0x0f, 0x1d, 0x01, 0x0e, 0x1f, 0x01, 0x0d, 0x20, 0x01, 0x0b, 0x22, 0x01, 0x0b, 0x23, 0x01, 0x0b,
  0x24, 0x01, 0x0a, 0x25, 0x01, 0x09, 0x25, 0x01, 0x08, 0x26, 0x01, 0x08, 0x27, 0x01, 0x07, 0x27,
  0x01, 0x07, 0x27, 0x01, 0x07, 0x28, 0x01, 0x07, 0x28, 0x01, 0x07, 0x28, 0x01, 0x07, 0x28, 0x01,
  0x07, 0x29, 0x01, 0x07, 0x29, 0x01, 0x07, 0x29, 0x01, 0x07, 0x29, 0x01, 0x07, 0x29, 0x01, 0x07,
  0x28, 0x01, 0x07, 0x28, 0x01, 0x07, 0x28, 0x01, 0x07, 0x28, 0x01, 0x08, 0x28, 0x01, 0x08, 0x27,
  0x01, 0x08, 0x26, 0x01, 0x08, 0x26, 0x01, 0x08, 0x25, 0x01, 0x09, 0x24, 0x01, 0x09, 0x24, 0x01,
  0x0a, 0x22, 0x01, 0x0b, 0x21, 0x01, 0x0e, 0x1e, 0x01, 0x12, 0x1b, 0x00, 0x00, 0x00, 0x00, 0x00,
  0x00, 0x00, 0x00, 0x00, 0x00, 0x00, 0x00, 0x00, 0x01, 0x11, 0x1b, 0x01, 0x0e, 0x1e, 0x01, 0x0c,
  0x20, 0x01, 0x0b, 0x23, 0x01, 0x0a, 0x25, 0x01, 0x09, 0x26, 0x01, 0x08, 0x26, 0x01, 0x07, 0x27,
  0x01, 0x06, 0x28, 0x01, 0x06, 0x29, 0x01, 0x05, 0x2a, 0x01, 0x05, 0x2a, 0x01, 0x05, 0x2a, 0x01,
  0x05, 0x2a, 0x01, 0x04, 0x2b, 0x01, 0x04, 0x2b, 0x01, 0x04, 0x2b, 0x01, 0x04, 0x2b, 0x01, 0x05,
  0x2b, 0x01, 0x05, 0x2b, 0x01, 0x05, 0x2b, 0x01, 0x05, 0x2b, 0x01, 0x05, 0x2a, 0x01, 0x05, 0x2a,
  0x01, 0x05, 0x29, 0x01, 0x06, 0x29, 0x01, 0x06, 0x28, 0x01, 0x06, 0x26, 0x01, 0x07, 0x25, 0x01,
  0x08, 0x24, 0x01, 0x0a, 0x22, 0x01, 0x0c, 0x1f, 0x01, 0x11, 0x1b, 0x00, 0x00, 0x00, 0x00, 0x00,
  0x00, 0x00, 0x00, 0x00, 0x00, 0x00, 0x00, 0x00, 0x00, 0x01, 0x0f, 0x21, 0x01, 0x0d, 0x23, 0x01,
  0x0b, 0x25, 0x01, 0x0a, 0x26, 0x01, 0x09, 0x27, 0x01, 0x09, 0x27, 0x01, 0x08, 0x28, 0x01, 0x08,
  0x28, 0x01, 0x07, 0x29, 0x01, 0x07, 0x29, 0x01, 0x07, 0x29, 0x01, 0x07, 0x29, 0x01, 0x07, 0x29,
  0x01, 0x07, 0x29, 0x01, 0x07, 0x29, 0x01, 0x07, 0x29, 0x01, 0x07, 0x29, 0x01, 0x07, 0x29, 0x01,
  0x07, 0x29, 0x01, 0x07, 0x29, 0x01, 0x07, 0x29, 0x01, 0x07, 0x29, 0x01, 0x07, 0x29, 0x01, 0x07,
  0x29, 0x01, 0x07, 0x29, 0x01, 0x07, 0x29, 0x01, 0x07, 0x29, 0x01, 0x08, 0x28, 0x01, 0x08, 0x28,
  0x01, 0x09, 0x27, 0x01, 0x09, 0x27, 0x01, 0x0a, 0x26, 0x01, 0x0b, 0x25, 0x01, 0x0d, 0x23, 0x01,
  0x0f, 0x21, 0x00, 0x00, 0x00, 0x00, 0x00, 0x00, 0x00, 0x00, 0x00, 0x00, 0x00, 0x00, 0x00, 0x00,
  0x00, 0x00, 0x01, 0x0d, 0x23, 0x01, 0x0b, 0x25, 0x01, 0x09, 0x27, 0x01, 0x08, 0x28, 0x01, 0x07,
  0x29, 0x01, 0x07, 0x29, 0x01, 0x06, 0x2a, 0x01, 0x06, 0x2a, 0x01, 0x05, 0x2b, 0x01, 0x05, 0x2b,
  0x01, 0x05, 0x2b, 0x01, 0x05, 0x2b, 0x01, 0x05, 0x2b, 0x01, 0x05, 0x2b, 0x01, 0x05, 0x2b, 0x01,
  0x05, 0x2b, 0x01, 0x05, 0x2b, 0x01, 0x05, 0x2b, 0x01, 0x05, 0x2b, 0x01, 0x05, 0x2b, 0x01, 0x05,
  0x2b, 0x01, 0x06, 0x2a, 0x01, 0x06, 0x2a, 0x01, 0x07, 0x29, 0x01, 0x07, 0x29, 0x01, 0x08, 0x28,
  0x01, 0x09, 0x27, 0x01, 0x0b, 0x25, 0x01, 0x0d, 0x23, 0x00, 0x00, 0x00, 0x00, 0x00, 0x00, 0x00,
  0x00, 0x00, 0x00, 0x00, 0x00, 0x00, 0x00, 0x01, 0x10, 0x20, 0x01, 0x0e, 0x22, 0x01, 0x0c, 0x24,
  0x01, 0x0b, 0x25, 0x01, 0x0a, 0x26, 0x01, 0x0a, 0x26, 0x01, 0x09, 0x27, 0x01, 0x09, 0x27, 0x01,
  0x08, 0x28, 0x01, 0x08, 0x28, 0x01, 0x08, 0x28, 0x01, 0x08, 0x28, 0x01, 0x08, 0x28, 0x01, 0x08,
  0x28, 0x01, 0x08, 0x28, 0x01, 0x08, 0x28, 0x01, 0x08, 0x28, 0x01, 0x08, 0x28, 0x01, 0x08, 0x28,
  0x01, 0x08, 0x28, 0x01, 0x08, 0x28, 0x01, 0x08, 0x28, 0x01, 0x08, 0x28, 0x01, 0x08, 0x28, 0x01,
  0x08, 0x28, 0x01, 0x08, 0x28, 0x01, 0x08, 0x28, 0x01, 0x08, 0x28, 0x01, 0x08, 0x28, 0x01, 0x08,
  0x28, 0x01, 0x08, 0x28, 0x01, 0x09, 0x27, 0x01, 0x09, 0x27, 0x01, 0x0a, 0x26, 0x01, 0x0a, 0x26,
  0x01, 0x0b, 0x25, 0x01, 0x0c, 0x24, 0x01, 0x0e, 0x22, 0x01, 0x10, 0x20, 0x00, 0x00, 0x00, 0x00,
  0x00, 0x00, 0x00, 0x00, 0x00, 0x01, 0x10, 0x20, 0x01, 0x0e, 0x22, 0x01, 0x0c, 0x24, 0x01, 0x0b,
  0x25, 0x01, 0x0a, 0x26, 0x01, 0x0a, 0x26, 0x01, 0x09, 0x27, 0x01, 0x09, 0x27, 0x01, 0x08, 0x28,
  0x01, 0x08, 0x28, 0x01, 0x08, 0x28, 0x01, 0x08, 0x28, 0x01, 0x08, 0x28, 0x01, 0x08, 0x28, 0x01,
  0x08, 0x28, 0x01, 0x08, 0x28, 0x01, 0x08, 0x28, 0x01, 0x08, 0x28, 0x01, 0x08, 0x28, 0x01, 0x08,
  0x28, 0x01, 0x08, 0x28, 0x01, 0x08, 0x28, 0x01, 0x08, 0x28, 0x01, 0x08, 0x28, 0x01, 0x08, 0x28,
  0x01, 0x08, 0x28, 0x01, 0x08, 0x28, 0x01, 0x08, 0x28, 0x01, 0x08, 0x28, 0x01, 0x08, 0x28, 0x01,
  0x08, 0x28, 0x01, 0x09, 0x27, 0x01, 0x09, 0x27, 0x01, 0x0a, 0x26, 0x01, 0x0a, 0x26, 0x01, 0x0b,
  0x25, 0x01, 0x0c, 0x24, 0x01, 0x0e, 0x22, 0x01, 0x10, 0x20, 0x00, 0x00, 0x00, 0x00, 0x00, 0x00,
  0x00, 0x00, 0x00, 0x00, 0x00, 0x00, 0x00, 0x00, 0x00, 0x00, 0x00, 0x01, 0x0a, 0x26, 0x01, 0x08,
  0x28, 0x01, 0x07, 0x29, 0x01, 0x05, 0x2b, 0x01, 0x05, 0x2b, 0x01, 0x04, 0x2c, 0x01, 0x03, 0x2d,
  0x01, 0x03, 0x2d, 0x01, 0x02, 0x2e, 0x01, 0x02, 0x2e, 0x01, 0x02, 0x2e, 0x01, 0x02, 0x2e, 0x01,
  0x02, 0x2e, 0x01, 0x02, 0x2e, 0x01, 0x02, 0x2e, 0x01, 0x03, 0x2d, 0x01, 0x03, 0x2d, 0x01, 0x04,
  0x2c, 0x01, 0x05, 0x2b, 0x01, 0x05, 0x2b, 0x01, 0x07, 0x29, 0x01, 0x08, 0x28, 0x01, 0x0a, 0x26,
  0x00, 0x00, 0x00, 0x00, 0x00, 0x00, 0x00, 0x00, 0x00, 0x00, 0x00, 0x00, 0x00, 0x00, 0x00, 0x00,
  0x00, 0x00, 0x01, 0x10, 0x20, 0x01, 0x0e, 0x22, 0x01, 0x0c, 0x24, 0x01, 0x0b, 0x25, 0x01, 0x0a,
  0x26, 0x01, 0x0a, 0x26, 0x01, 0x09, 0x27, 0x01, 0x09, 0x27, 0x01, 0x08, 0x28, 0x01, 0x08, 0x28,
  0x01, 0x08, 0x28, 0x01, 0x08, 0x28, 0x01, 0x08, 0x28, 0x01, 0x08, 0x28, 0x01, 0x08, 0x28, 0x01,
  0x08, 0x28, 0x01, 0x08, 0x28, 0x01, 0x08, 0x28, 0x01, 0x08, 0x28, 0x01, 0x08, 0x28, 0x01, 0x08,
  0x28, 0x01, 0x08, 0x28, 0x01, 0x08, 0x28, 0x01, 0x08, 0x28, 0x01, 0x08, 0x28, 0x01, 0x08, 0x28,
  0x01, 0x08, 0x28, 0x01, 0x08, 0x28, 0x01, 0x08, 0x28, 0x01, 0x09, 0x27, 0x01, 0x09, 0x27, 0x01,
  0x0a, 0x26, 0x01, 0x0a, 0x26, 0x01, 0x0b, 0x25, 0x01, 0x0c, 0x24, 0x01, 0x0e, 0x22, 0x01, 0x10,
  0x20, 0x00, 0x00, 0x00, 0x00, 0x00, 0x00, 0x00, 0x00, 0x00, 0x00, 0x00, 0x00, 0x00, 0x01, 0x0d,
  0x23, 0x01, 0x0b, 0x25, 0x01, 0x09, 0x27, 0x01, 0x08, 0x28, 0x01, 0x07, 0x29, 0x01, 0x07, 0x29,
  0x01, 0x06, 0x2a, 0x01, 0x06, 0x2a, 0x01, 0x05, 0x2b, 0x01, 0x05, 0x2b, 0x01, 0x05, 0x2b, 0x01,
  0x05, 0x2b, 0x01, 0x05, 0x2b, 0x01, 0x05, 0x2b, 0x01, 0x05, 0x2b, 0x01, 0x05, 0x2b, 0x01, 0x05,
  0x2b, 0x01, 0x05, 0x2b, 0x01, 0x05, 0x2b, 0x01, 0x05, 0x2b, 0x01, 0x05, 0x2b, 0x01, 0x05, 0x2b,
  0x01, 0x05, 0x2b, 0x01, 0x05, 0x2b, 0x01, 0x05, 0x2b, 0x01, 0x06, 0x2a, 0x01, 0x06, 0x2a, 0x01,
  0x07, 0x29, 0x01, 0x07, 0x29, 0x01, 0x08, 0x28, 0x01, 0x09, 0x27, 0x01, 0x0b, 0x25, 0x01, 0x0d,
  0x23, 0x00, 0x00, 0x00, 0x00, 0x00, 0x00, 0x00, 0x00, 0x00, 0x00, 0x00, 0x00, 0x00, 0x00, 0x01,
  0x14, 0x1b, 0x01, 0x13, 0x1c, 0x01, 0x12, 0x1d, 0x01, 0x11, 0x1e, 0x01, 0x10, 0x1f, 0x01, 0x0f,
  0x20, 0x01, 0x0e, 0x21, 0x01, 0x0d, 0x22, 0x01, 0x0c, 0x23, 0x01, 0x0b, 0x24, 0x01, 0x0a, 0x25,
  0x01, 0x09, 0x26, 0x01, 0x08, 0x27, 0x01, 0x07, 0x28, 0x01, 0x07, 0x28, 0x01, 0x07, 0x28, 0x01,
  0x07, 0x28, 0x01, 0x07, 0x28, 0x01, 0x07, 0x28, 0x01, 0x07, 0x28, 0x01, 0x07, 0x28, 0x01, 0x08,
  0x27, 0x01, 0x09, 0x26, 0x01, 0x0a, 0x25, 0x01, 0x0b, 0x24, 0x01, 0x0c, 0x23, 0x01, 0x0d, 0x22,
  0x01, 0x0e, 0x21, 0x01, 0x0f, 0x20, 0x01, 0x10, 0x1f, 0x01, 0x11, 0x1e, 0x01, 0x12, 0x1d, 0x01,
  0x13, 0x1c, 0x01, 0x14, 0x1b, 0x00, 0x00, 0x00, 0x00, 0x00, 0x00, 0x00, 0x00, 0x00, 0x00, 0x00,
  0x00, 0x00, 0x00, 0x00, 0x00, 0x01, 0x17, 0x17, 0x01, 0x14, 0x1b, 0x01, 0x11, 0x1e, 0x01, 0x10,
  0x1f, 0x01, 0x0f, 0x20, 0x01, 0x0d, 0x22, 0x01, 0x0c, 0x23, 0x01, 0x0b, 0x24, 0x01, 0x0a, 0x25,
  0x01, 0x08, 0x27, 0x01, 0x07, 0x28, 0x01, 0x06, 0x29, 0x01, 0x05, 0x2a, 0x01, 0x05, 0x2a, 0x01,
  0x05, 0x2a, 0x01, 0x05, 0x2a, 0x01, 0x05, 0x2a, 0x01, 0x05, 0x2a, 0x01, 0x06, 0x29, 0x01, 0x07,
  0x28, 0x01, 0x08, 0x27, 0x01, 0x0a, 0x25, 0x01, 0x0b, 0x24, 0x01, 0x0c, 0x23, 0x01, 0x0d, 0x22,
  0x01, 0x0f, 0x20, 0x01, 0x10, 0x1f, 0x01, 0x11, 0x1e, 0x01, 0x14, 0x1b, 0x01, 0x18, 0x18, 0x00,
  0x00, 0x00, 0x00, 0x00, 0x00, 0x00, 0x00, 0x00, 0x00, 0x00, 0x00, 0x00, 0x00, 0x01, 0x17, 0x17,
  0x01, 0x15, 0x1a, 0x01, 0x13, 0x1c, 0x01, 0x12, 0x1d, 0x01, 0x11, 0x1e, 0x01, 0x10, 0x1f, 0x01,
  0x0f, 0x20, 0x01, 0x0e, 0x21, 0x01, 0x0e, 0x21, 0x01, 0x0d, 0x22, 0x01, 0x0c, 0x23, 0x01, 0x0b,
  0x24, 0x01, 0x0a, 0x25, 0x01, 0x0a, 0x25, 0x01, 0x09, 0x26, 0x01, 0x08, 0x27, 0x01, 0x08, 0x27,
  0x01, 0x08, 0x27, 0x01, 0x08, 0x27, 0x01, 0x08, 0x27, 0x01, 0x08, 0x27, 0x01, 0x08, 0x27, 0x01,
  0x08, 0x27, 0x01, 0x09, 0x26, 0x01, 0x0a, 0x25, 0x01, 0x0a, 0x25, 0x01, 0x0b, 0x24, 0x01, 0x0c,
  0x23, 0x01, 0x0d, 0x22, 0x01, 0x0e, 0x21, 0x01, 0x0e, 0x21, 0x01, 0x0f, 0x20, 0x01, 0x10, 0x1f,
  0x01, 0x11, 0x1e, 0x01, 0x12, 0x1d, 0x01, 0x13, 0x1c, 0x01, 0x15, 0x1a, 0x01, 0x18, 0x18, 0x00,
  0x00, 0x00, 0x00, 0x00, 0x00, 0x00, 0x00, 0x00, 0x00, 0x01, 0x15, 0x1a, 0x01, 0x13, 0x1c, 0x01,
  0x12, 0x1d, 0x01, 0x11, 0x1e, 0x01, 0x11, 0x1e, 0x01, 0x10, 0x1f, 0x01, 0x0f, 0x20, 0x01, 0x0f,
  0x20, 0x01, 0x0e, 0x21, 0x01, 0x0d, 0x22, 0x01, 0x0c, 0x23, 0x01, 0x0c, 0x23, 0x01, 0x0b, 0x24,
  0x01, 0x0a, 0x25, 0x01, 0x0a, 0x25, 0x01, 0x09, 0x26, 0x01, 0x09, 0x26, 0x01, 0x09, 0x26, 0x01,
  0x09, 0x27, 0x01, 0x08, 0x26, 0x01, 0x09, 0x26, 0x01, 0x09, 0x26, 0x01, 0x09, 0x26, 0x01, 0x0a,
  0x25, 0x01, 0x0a, 0x25, 0x01, 0x0b, 0x24, 0x01, 0x0c, 0x23, 0x01, 0x0c, 0x23, 0x01, 0x0d, 0x22,
  0x01, 0x0e, 0x21, 0x01, 0x0f, 0x20, 0x01, 0x0f, 0x20, 0x01, 0x10, 0x1f, 0x01, 0x11, 0x1e, 0x01,
  0x11, 0x1e, 0x01, 0x12, 0x1d, 0x01, 0x13, 0x1c, 0x01, 0x15, 0x1a, 0x00, 0x00, 0x00, 0x00, 0x00,
  0x00, 0x00, 0x00, 0x00, 0x00, 0x00, 0x00, 0x00, 0x00, 0x00, 0x00, 0x00, 0x01, 0x17, 0x17, 0x01,
  0x12, 0x1d, 0x01, 0x10, 0x1f, 0x01, 0x0e, 0x21, 0x01, 0x0c, 0x23, 0x01, 0x0b, 0x24, 0x01, 0x09,
  0x26, 0x01, 0x07, 0x28, 0x01, 0x04, 0x2b, 0x01, 0x03, 0x2c, 0x01, 0x02, 0x2d, 0x01, 0x02, 0x2d,
  0x01, 0x02, 0x2d, 0x01, 0x02, 0x2d, 0x01, 0x03, 0x2c, 0x01, 0x04, 0x2b, 0x01, 0x07, 0x28, 0x01,
  0x09, 0x26, 0x01, 0x0b, 0x24, 0x01, 0x0c, 0x23, 0x01, 0x0e, 0x21, 0x01, 0x10, 0x1f, 0x01, 0x12,
  0x1d, 0x01, 0x18, 0x18, 0x00, 0x00, 0x00, 0x00, 0x00, 0x00, 0x00, 0x00, 0x00, 0x00, 0x00, 0x00,
  0x00, 0x00, 0x00, 0x00, 0x00, 0x00, 0x01, 0x15, 0x1a, 0x01, 0x13, 0x1c, 0x01, 0x12, 0x1d, 0x01,
  0x11, 0x1e, 0x01, 0x10, 0x1f, 0x01, 0x0f, 0x20, 0x01, 0x0e, 0x21, 0x01, 0x0e, 0x21, 0x01, 0x0d,
  0x22, 0x01, 0x0c, 0x23, 0x01, 0x0b, 0x24, 0x01, 0x0a, 0x25, 0x01, 0x0a, 0x25, 0x01, 0x09, 0x26,
  0x01, 0x08, 0x27, 0x01, 0x08, 0x27, 0x01, 0x08, 0x27, 0x01, 0x08, 0x27, 0x01, 0x08, 0x27, 0x01,
  0x08, 0x27, 0x01, 0x08, 0x27, 0x01, 0x08, 0x27, 0x01, 0x09, 0x26, 0x01, 0x0a, 0x25, 0x01, 0x0a,
  0x25, 0x01, 0x0b, 0x24, 0x01, 0x0c, 0x23, 0x01, 0x0d, 0x22, 0x01, 0x0e, 0x21, 0x01, 0x0e, 0x21,
  0x01, 0x0f, 0x20, 0x01, 0x10, 0x1f, 0x01, 0x11, 0x1e, 0x01, 0x12, 0x1d, 0x01, 0x13, 0x1c, 0x01,
  0x15, 0x1a, 0x00, 0x00, 0x00, 0x00, 0x00, 0x00, 0x00, 0x00, 0x00, 0x00, 0x00, 0x00, 0x00, 0x00,
  0x01, 0x14, 0x1b, 0x01, 0x13, 0x1c, 0x01, 0x11, 0x1e, 0x01, 0x10, 0x1f, 0x01, 0x0f, 0x20, 0x01,
  0x0e, 0x21, 0x01, 0x0d, 0x22, 0x01, 0x0b, 0x24, 0x01, 0x0a, 0x25, 0x01, 0x09, 0x26, 0x01, 0x08,
  0x27, 0x01, 0x07, 0x28, 0x01, 0x07, 0x28, 0x01, 0x06, 0x29, 0x01, 0x06, 0x29, 0x01, 0x06, 0x2a,
  0x01, 0x05, 0x29, 0x01, 0x06, 0x29, 0x01, 0x06, 0x29, 0x01, 0x07, 0x28, 0x01, 0x07, 0x28, 0x01,
  0x08, 0x27, 0x01, 0x09, 0x26, 0x01, 0x0a, 0x25, 0x01, 0x0b, 0x24, 0x01, 0x0d, 0x22, 0x01, 0x0e,
  0x21, 0x01, 0x0f, 0x20, 0x01, 0x10, 0x1f, 0x01, 0x11, 0x1e, 0x01, 0x13, 0x1c, 0x01, 0x14, 0x1b,
  0x00, 0x00, 0x00, 0x00, 0x00, 0x00, 0x00, 0x00, 0x00, 0x00, 0x00, 0x00, 0x00, 0x01, 0x19, 0x1b,
  0x01, 0x17, 0x1b, 0x01, 0x16, 0x1c, 0x01, 0x14, 0x1d, 0x01, 0x13, 0x1d, 0x01, 0x12, 0x1e, 0x01,
  0x12, 0x1f, 0x01, 0x11, 0x1f, 0x01, 0x10, 0x1f, 0x01, 0x0f, 0x20, 0x01, 0x0e, 0x21, 0x01, 0x0e,
  0x22, 0x01, 0x0d, 0x22, 0x01, 0x0c, 0x22, 0x01, 0x0b, 0x23, 0x01, 0x0b, 0x23, 0x01, 0x0b, 0x24,
  0x01, 0x0a, 0x24, 0x01, 0x0a, 0x24, 0x01, 0x0a, 0x25, 0x01, 0x0a, 0x25, 0x01, 0x0a, 0x25, 0x01,
  0x09, 0x25, 0x01, 0x09, 0x25, 0x01, 0x09, 0x25, 0x01, 0x09, 0x25, 0x01, 0x0a, 0x25, 0x01, 0x0a,
  0x25, 0x01, 0x0a, 0x25, 0x01, 0x0b, 0x24, 0x01, 0x0b, 0x24, 0x01, 0x0c, 0x23, 0x01, 0x0d, 0x22,
  0x01, 0x0e, 0x21, 0x01, 0x0f, 0x20, 0x01, 0x12, 0x1e, 0x01, 0x14, 0x1a, 0x00, 0x00, 0x00, 0x00,
  0x00, 0x00, 0x00, 0x00, 0x00, 0x00, 0x00, 0x00, 0x00, 0x00, 0x01, 0x18, 0x1b, 0x01, 0x16, 0x1c,
  0x01, 0x15, 0x1d, 0x01, 0x13, 0x1e, 0x01, 0x12, 0x1f, 0x01, 0x10, 0x20, 0x01, 0x0f, 0x20, 0x01,
  0x0e, 0x21, 0x01, 0x0e, 0x22, 0x01, 0x0d, 0x23, 0x01, 0x0c, 0x23, 0x01, 0x0b, 0x23, 0x01, 0x0a,
  0x24, 0x01, 0x09, 0x25, 0x01, 0x09, 0x25, 0x01, 0x09, 0x26, 0x01, 0x08, 0x26, 0x01, 0x08, 0x26,
  0x01, 0x08, 0x27, 0x01, 0x08, 0x27, 0x01, 0x08, 0x27, 0x01, 0x08, 0x27, 0x01, 0x08, 0x27, 0x01,
  0x08, 0x26, 0x01, 0x09, 0x26, 0x01, 0x0a, 0x25, 0x01, 0x0b, 0x24, 0x01, 0x0c, 0x23, 0x01, 0x0d,
  0x22, 0x01, 0x10, 0x20, 0x01, 0x12, 0x1c, 0x00, 0x00, 0x00, 0x00, 0x00, 0x00, 0x00, 0x00, 0x00,
  0x00, 0x00, 0x00, 0x01, 0x1a, 0x1a, 0x01, 0x18, 0x1b, 0x01, 0x16, 0x1c, 0x01, 0x15, 0x1c, 0x01,
  0x14, 0x1c, 0x01, 0x13, 0x1d, 0x01, 0x12, 0x1e, 0x01, 0x12, 0x1e, 0x01, 0x11, 0x1e, 0x01, 0x10,
  0x1f, 0x01, 0x0f, 0x20, 0x01, 0x0f, 0x20, 0x01, 0x0e, 0x20, 0x01, 0x0e, 0x21, 0x01, 0x0e, 0x22,
  0x01, 0x0d, 0x22, 0x01, 0x0c, 0x22, 0x01, 0x0c, 0x23, 0x01, 0x0c, 0x23, 0x01, 0x0b, 0x23, 0x01,
  0x0b, 0x23, 0x01, 0x0b, 0x24, 0x01, 0x0a, 0x24, 0x01, 0x0a, 0x24, 0x01, 0x0a, 0x24, 0x01, 0x0a,
  0x24, 0x01, 0x0a, 0x24, 0x01, 0x0a, 0x24, 0x01, 0x0a, 0x24, 0x01, 0x0a, 0x24, 0x01, 0x0b, 0x24,
  0x01, 0x0b, 0x24, 0x01, 0x0b, 0x23, 0x01, 0x0c, 0x23, 0x01, 0x0d, 0x22, 0x01, 0x0e, 0x22, 0x01,
  0x0f, 0x21, 0x01, 0x10, 0x20, 0x01, 0x11, 0x1e, 0x01, 0x13, 0x1b, 0x00, 0x00, 0x00, 0x00, 0x00,
  0x00, 0x00, 0x01, 0x1a, 0x1a, 0x01, 0x18, 0x1a, 0x01, 0x17, 0x1b, 0x01, 0x16, 0x1b, 0x01, 0x15,
  0x1c, 0x01, 0x14, 0x1d, 0x01, 0x13, 0x1d, 0x01, 0x12, 0x1d, 0x01, 0x11, 0x1e, 0x01, 0x10, 0x1f,
  0x01, 0x10, 0x1f, 0x01, 0x10, 0x1f, 0x01, 0x0f, 0x20, 0x01, 0x0f, 0x21, 0x01, 0x0e, 0x21, 0x01,
  0x0d, 0x21, 0x01, 0x0d, 0x22, 0x01, 0x0d, 0x22, 0x01, 0x0c, 0x22, 0x01, 0x0c, 0x23, 0x01, 0x0c,
  0x23, 0x01, 0x0c, 0x23, 0x01, 0x0b, 0x23, 0x01, 0x0b, 0x23, 0x01, 0x0b, 0x24, 0x01, 0x0b, 0x24,
  0x01, 0x0b, 0x24, 0x01, 0x0b, 0x24, 0x01, 0x0b, 0x24, 0x01, 0x0b, 0x24, 0x01, 0x0b, 0x24, 0x01,
  0x0b, 0x24, 0x01, 0x0b, 0x23, 0x01, 0x0c, 0x23, 0x01, 0x0c, 0x22, 0x01, 0x0d, 0x22, 0x01, 0x0d,
  0x22, 0x01, 0x0e, 0x21, 0x01, 0x0f, 0x20, 0x01, 0x10, 0x1e, 0x01, 0x12, 0x1d, 0x01, 0x15, 0x1a,
  0x00, 0x00, 0x00, 0x00, 0x00, 0x00, 0x00, 0x00, 0x00, 0x00, 0x00, 0x00, 0x00, 0x00, 0x00, 0x01,
  0x1a, 0x1b, 0x01, 0x16, 0x1d, 0x01, 0x14, 0x1e, 0x01, 0x11, 0x1f, 0x01, 0x10, 0x21, 0x01, 0x0d,
  0x22, 0x01, 0x0c, 0x23, 0x01, 0x0b, 0x24, 0x01, 0x0a, 0x25, 0x01, 0x09, 0x26, 0x01, 0x08, 0x27,
  0x01, 0x07, 0x27, 0x01, 0x06, 0x28, 0x01, 0x06, 0x28, 0x01, 0x05, 0x29, 0x01, 0x05, 0x29, 0x01,
  0x05, 0x29, 0x01, 0x05, 0x29, 0x01, 0x05, 0x29, 0x01, 0x07, 0x29, 0x01, 0x08, 0x27, 0x01, 0x09,
  0x26, 0x01, 0x0a, 0x24, 0x01, 0x0d, 0x21, 0x01, 0x12, 0x1c, 0x00, 0x00, 0x00, 0x00, 0x00, 0x00,
  0x00, 0x00, 0x00, 0x00, 0x00, 0x00, 0x00, 0x00, 0x00, 0x00, 0x01, 0x18, 0x1a, 0x01, 0x17, 0x1b,
  0x01, 0x16, 0x1c, 0x01, 0x15, 0x1c, 0x01, 0x14, 0x1d, 0x01, 0x13, 0x1e, 0x01, 0x12, 0x1e, 0x01,
  0x11, 0x1e, 0x01, 0x10, 0x1f, 0x01, 0x0f, 0x20, 0x01, 0x0f, 0x20, 0x01, 0x0e, 0x20, 0x01, 0x0d,
  0x21, 0x01, 0x0d, 0x22, 0x01, 0x0d, 0x22, 0x01, 0x0c, 0x22, 0x01, 0x0c, 0x23, 0x01, 0x0b, 0x23,
  0x01, 0x0b, 0x23, 0x01, 0x0b, 0x24, 0x01, 0x0b, 0x24, 0x01, 0x0a, 0x24, 0x01, 0x0a, 0x24, 0x01,
  0x0a, 0x24, 0x01, 0x0a, 0x24, 0x01, 0x0a, 0x24, 0x01, 0x0a, 0x25, 0x01, 0x0a, 0x24, 0x01, 0x0a,
  0x24, 0x01, 0x0b, 0x24, 0x01, 0x0b, 0x24, 0x01, 0x0c, 0x24, 0x01, 0x0c, 0x23, 0x01, 0x0d, 0x22,
  0x01, 0x0e, 0x22, 0x01, 0x0e, 0x21, 0x01, 0x10, 0x1f, 0x01, 0x12, 0x1e, 0x01, 0x14, 0x1a, 0x00,
  0x00, 0x00, 0x00, 0x00, 0x00, 0x00, 0x00, 0x00, 0x00, 0x00, 0x01, 0x1a, 0x1b, 0x01, 0x17, 0x1b,
  0x01, 0x16, 0x1c, 0x01, 0x14, 0x1d, 0x01, 0x12, 0x1e, 0x01, 0x11, 0x1f, 0x01, 0x10, 0x1f, 0x01,
  0x0f, 0x20, 0x01, 0x0f, 0x21, 0x01, 0x0e, 0x22, 0x01, 0x0d, 0x22, 0x01, 0x0c, 0x22, 0x01, 0x0b,
  0x23, 0x01, 0x0b, 0x24, 0x01, 0x0a, 0x24, 0x01, 0x0a, 0x24, 0x01, 0x09, 0x25, 0x01, 0x09, 0x25,
  0x01, 0x09, 0x26, 0x01, 0x08, 0x26, 0x01, 0x08, 0x26, 0x01, 0x08, 0x26, 0x01, 0x08, 0x26, 0x01,
  0x08, 0x26, 0x01, 0x09, 0x26, 0x01, 0x09, 0x26, 0x01, 0x09, 0x26, 0x01, 0x0a, 0x25, 0x01, 0x0a,
  0x25, 0x01, 0x0b, 0x24, 0x01, 0x0c, 0x23, 0x01, 0x0d, 0x22, 0x01, 0x0e, 0x21, 0x01, 0x11, 0x1e,
  0x01, 0x14, 0x1a, 0x00, 0x00, 0x00, 0x00, 0x00, 0x00, 0x00, 0x00, 0x00, 0x00, 0x00, 0x00, 0x01,
  0x14, 0x1b, 0x01, 0x11, 0x1e, 0x01, 0x0f, 0x20, 0x01, 0x0d, 0x22, 0x01, 0x0c, 0x23, 0x01, 0x0b,
  0x24, 0x01, 0x0a, 0x25, 0x01, 0x09, 0x26, 0x01, 0x08, 0x27, 0x01, 0x08, 0x27, 0x02, 0x07, 0x14,
  0x1b, 0x28, 0x02, 0x07, 0x12, 0x1d, 0x28, 0x02, 0x06, 0x11, 0x1e, 0x29, 0x02, 0x06, 0x10, 0x1f,
  0x29, 0x02, 0x06, 0x0f, 0x20, 0x29, 0x02, 0x05, 0x0f, 0x20, 0x2a, 0x02, 0x05, 0x0e, 0x21, 0x2a,
  0x02, 0x05, 0x0e, 0x21, 0x2a, 0x02, 0x05, 0x0e, 0x21, 0x2a, 0x02, 0x05, 0x0e, 0x21, 0x2a, 0x02,
  0x05, 0x0e, 0x21, 0x2a, 0x02, 0x05, 0x0e, 0x21, 0x2a, 0x02, 0x05, 0x0f, 0x20, 0x2a, 0x02, 0x06,
  0x0f, 0x20, 0x29, 0x02, 0x06, 0x10, 0x1f, 0x29, 0x02, 0x06, 0x11, 0x1e, 0x29, 0x02, 0x07, 0x12,
  0x1d, 0x28, 0x02, 0x07, 0x14, 0x1b, 0x28, 0x01, 0x08, 0x27, 0x01, 0x08, 0x27, 0x01, 0x09, 0x26,
  0x01, 0x0a, 0x25, 0x01, 0x0b, 0x24, 0x01, 0x0c, 0x23, 0x01, 0x0d, 0x22, 0x01, 0x0f, 0x20, 0x01,
  0x11, 0x1e, 0x01, 0x14, 0x1b, 0x00, 0x00, 0x00, 0x00, 0x00, 0x00, 0x00, 0x00, 0x00, 0x00, 0x00,
  0x00, 0x00, 0x01, 0x13, 0x1c, 0x01, 0x0f, 0x20, 0x01, 0x0c, 0x23, 0x01, 0x0a, 0x25, 0x01, 0x09,
  0x26, 0x01, 0x08, 0x27, 0x01, 0x07, 0x28, 0x01, 0x06, 0x29, 0x01, 0x05, 0x2a, 0x02, 0x04, 0x13,
  0x1c, 0x2b, 0x02, 0x03, 0x11, 0x1e, 0x2c, 0x02, 0x03, 0x10, 0x1f, 0x2c, 0x02, 0x03, 0x0f, 0x20,
  0x2c, 0x02, 0x02, 0x0e, 0x21, 0x2d, 0x02, 0x02, 0x0d, 0x22, 0x2d, 0x02, 0x02, 0x0d, 0x22, 0x2d,
  0x02, 0x02, 0x0d, 0x22, 0x2d, 0x02, 0x02, 0x0d, 0x22, 0x2d, 0x02, 0x02, 0x0e, 0x21, 0x2d, 0x02,
  0x03, 0x0f, 0x20, 0x2c, 0x02, 0x03, 0x10, 0x1f, 0x2c, 0x02, 0x03, 0x11, 0x1e, 0x2c, 0x02, 0x04,
  0x13, 0x1c, 0x2b, 0x01, 0x05, 0x2a, 0x01, 0x06, 0x29, 0x01, 0x07, 0x28, 0x01, 0x08, 0x27, 0x01,
  0x09, 0x26, 0x01, 0x0a, 0x25, 0x01, 0x0c, 0x23, 0x01, 0x0f, 0x20, 0x01, 0x13, 0x1c, 0x00, 0x00,
  0x00, 0x00, 0x00, 0x00, 0x00, 0x00, 0x00, 0x00, 0x00, 0x01, 0x14, 0x1b, 0x01, 0x11, 0x1e, 0x01,
  0x10, 0x1f, 0x01, 0x0e, 0x21, 0x01, 0x0d, 0x22, 0x01, 0x0c, 0x23, 0x01, 0x0b, 0x24, 0x01, 0x0a,
  0x25, 0x01, 0x0a, 0x25, 0x01, 0x09, 0x26, 0x01, 0x08, 0x27, 0x01, 0x08, 0x27, 0x02, 0x08, 0x15,
  0x1a, 0x27, 0x02, 0x07, 0x13, 0x1c, 0x28, 0x02, 0x07, 0x12, 0x1d, 0x28, 0x02, 0x07, 0x11, 0x1e,
  0x28, 0x02, 0x06, 0x10, 0x1f, 0x29, 0x02, 0x06, 0x10, 0x1f, 0x29, 0x02, 0x06, 0x0f, 0x20, 0x29,
  0x02, 0x06, 0x0f, 0x20, 0x29, 0x02, 0x06, 0x0f, 0x20, 0x29, 0x02, 0x06, 0x0f, 0x20, 0x29, 0x02,
  0x06, 0x0f, 0x20, 0x29, 0x02, 0x06, 0x0f, 0x20, 0x29, 0x02, 0x06, 0x10, 0x1f, 0x29, 0x02, 0x06,
  0x10, 0x1f, 0x29, 0x02, 0x07, 0x11, 0x1e, 0x28, 0x02, 0x07, 0x12, 0x1d, 0x28, 0x02, 0x07, 0x13,
  0x1c, 0x28, 0x02, 0x08, 0x15, 0x1a, 0x27, 0x01, 0x08, 0x27, 0x01, 0x08, 0x27, 0x01, 0x09, 0x26,
  0x01, 0x0a, 0x25, 0x01, 0x0a, 0x25, 0x01, 0x0b, 0x24, 0x01, 0x0c, 0x23, 0x01, 0x0d, 0x22, 0x01,
  0x0e, 0x21, 0x01, 0x10, 0x1f, 0x01, 0x11, 0x1e, 0x01, 0x14, 0x1b, 0x00, 0x00, 0x00, 0x00, 0x00,
  0x01, 0x14, 0x1b, 0x01, 0x12, 0x1d, 0x01, 0x10, 0x1f, 0x01, 0x0f, 0x20, 0x01, 0x0e, 0x21, 0x01,
  0x0d, 0x22, 0x01, 0x0c, 0x23, 0x01, 0x0b, 0x24, 0x01, 0x0b, 0x24, 0x01, 0x0a, 0x25, 0x01, 0x0a,
  0x25, 0x01, 0x09, 0x26, 0x02, 0x09, 0x15, 0x1a, 0x26, 0x02, 0x08, 0x13, 0x1c, 0x27, 0x02, 0x08,
  0x12, 0x1d, 0x27, 0x02, 0x08, 0x11, 0x1e, 0x27, 0x02, 0x08, 0x10, 0x1f, 0x27, 0x02, 0x07, 0x10,
  0x1f, 0x28, 0x02, 0x07, 0x10, 0x1f, 0x28, 0x02, 0x07, 0x0f, 0x20, 0x28, 0x02, 0x07, 0x0f, 0x20,
  0x28, 0x02, 0x07, 0x0f, 0x20, 0x28, 0x02, 0x07, 0x0f, 0x20, 0x28, 0x02, 0x07, 0x0f, 0x20, 0x28,
  0x02, 0x07, 0x0f, 0x20, 0x28, 0x02, 0x07, 0x10, 0x1f, 0x28, 0x02, 0x07, 0x10, 0x1f, 0x28, 0x02,
  0x08, 0x10, 0x1f, 0x27, 0x02, 0x08, 0x11, 0x1e, 0x27, 0x02, 0x08, 0x12, 0x1d, 0x27, 0x02, 0x08,
  0x13, 0x1c, 0x27, 0x02, 0x09, 0x15, 0x1a, 0x26, 0x01, 0x09, 0x26, 0x01, 0x0a, 0x25, 0x01, 0x0a,
  0x25, 0x01, 0x0b, 0x24, 0x01, 0x0b, 0x24, 0x01, 0x0c, 0x23, 0x01, 0x0d, 0x22, 0x01, 0x0e, 0x21,
  0x01, 0x0f, 0x20, 0x01, 0x10, 0x1f, 0x01, 0x12, 0x1d, 0x01, 0x14, 0x1b, 0x00, 0x00, 0x00, 0x00,
  0x00, 0x00, 0x00, 0x00, 0x00, 0x00, 0x00, 0x00, 0x00, 0x01, 0x12, 0x1e, 0x01, 0x0d, 0x23, 0x01,
  0x0a, 0x26, 0x01, 0x08, 0x28, 0x01, 0x06, 0x2a, 0x01, 0x05, 0x2b, 0x01, 0x03, 0x2d, 0x02, 0x02,
  0x13, 0x1c, 0x2e, 0x02, 0x02, 0x10, 0x1f, 0x2e, 0x02, 0x01, 0x0e, 0x21, 0x2f, 0x02, 0x00, 0x0d,
  0x22, 0x2f, 0x02, 0x00, 0x0c, 0x23, 0x2f, 0x02, 0x00, 0x0c, 0x23, 0x2f, 0x02, 0x00, 0x0c, 0x23,
  0x2f, 0x02, 0x00, 0x0c, 0x23, 0x2f, 0x02, 0x00, 0x0d, 0x22, 0x2f, 0x02, 0x01, 0x0e, 0x21, 0x2f,
  0x02, 0x02, 0x10, 0x1f, 0x2e, 0x02, 0x02, 0x13, 0x1c, 0x2e, 0x01, 0x03, 0x2d, 0x01, 0x05, 0x2b,
  0x01, 0x06, 0x2a, 0x01, 0x08, 0x28, 0x01, 0x0a, 0x26, 0x01, 0x0d, 0x23, 0x01, 0x12, 0x1e, 0x00,
  0x00, 0x00, 0x00, 0x00, 0x00, 0x00, 0x00, 0x00, 0x00, 0x00, 0x00, 0x00, 0x00, 0x00, 0x01, 0x14,
  0x1b, 0x01, 0x11, 0x1e, 0x01, 0x0f, 0x20, 0x01, 0x0e, 0x21, 0x01, 0x0d, 0x22, 0x01, 0x0c, 0x23,
  0x01, 0x0b, 0x24, 0x01, 0x0a, 0x25, 0x01, 0x09, 0x26, 0x01, 0x09, 0x26, 0x01, 0x08, 0x27, 0x02,
  0x08, 0x15, 0x1a, 0x27, 0x02, 0x07, 0x13, 0x1c, 0x28, 0x02, 0x07, 0x12, 0x1d, 0x28, 0x02, 0x07,
  0x11, 0x1e, 0x28, 0x02, 0x06, 0x10, 0x1f, 0x29, 0x02, 0x06, 0x10, 0x1f, 0x29, 0x02, 0x06, 0x0f,
  0x20, 0x29, 0x02, 0x06, 0x0f, 0x20, 0x29, 0x02, 0x06, 0x0f, 0x20, 0x29, 0x02, 0x06, 0x0f, 0x20,
  0x29, 0x02, 0x06, 0x0f, 0x20, 0x29, 0x02, 0x06, 0x0f, 0x20, 0x29, 0x02, 0x06, 0x10, 0x1f, 0x29,
  0x02, 0x06, 0x10, 0x1f, 0x29, 0x02, 0x07, 0x11, 0x1e, 0x28, 0x02, 0x07, 0x12, 0x1d, 0x28, 0x02,
  0x07, 0x13, 0x1c, 0x28, 0x02, 0x08, 0x15, 0x1a, 0x27, 0x01, 0x08, 0x27, 0x01, 0x09, 0x26, 0x01,
  0x09, 0x26, 0x01, 0x0a, 0x25, 0x01, 0x0b, 0x24, 0x01, 0x0c, 0x23, 0x01, 0x0d, 0x22, 0x01, 0x0e,
  0x21, 0x01, 0x0f, 0x20, 0x01, 0x11, 0x1e, 0x01, 0x14, 0x1b, 0x00, 0x00, 0x00, 0x00, 0x00, 0x00,
  0x00, 0x00, 0x00, 0x00, 0x01, 0x13, 0x1c, 0x01, 0x10, 0x1f, 0x01, 0x0d, 0x22, 0x01, 0x0c, 0x23,
  0x01, 0x0a, 0x25, 0x01, 0x09, 0x26, 0x01, 0x08, 0x27, 0x01, 0x07, 0x28, 0x01, 0x06, 0x29, 0x01,
  0x06, 0x29, 0x02, 0x05, 0x14, 0x1b, 0x2a, 0x02, 0x04, 0x12, 0x1d, 0x2b, 0x02, 0x04, 0x11, 0x1e,
  0x2b, 0x02, 0x04, 0x10, 0x1f, 0x2b, 0x02, 0x03, 0x0f, 0x20, 0x2c, 0x02, 0x03, 0x0f, 0x20, 0x2c,
  0x02, 0x03, 0x0e, 0x21, 0x2c, 0x02, 0x03, 0x0e, 0x21, 0x2c, 0x02, 0x03, 0x0e, 0x21, 0x2c, 0x02,
  0x03, 0x0e, 0x21, 0x2c, 0x02, 0x03, 0x0f, 0x20, 0x2c, 0x02, 0x03, 0x0f, 0x20, 0x2c, 0x02, 0x04,
  0x10, 0x1f, 0x2b, 0x02, 0x04, 0x11, 0x1e, 0x2b, 0x02, 0x04, 0x12, 0x1d, 0x2b, 0x02, 0x05, 0x14,
  0x1b, 0x2a, 0x01, 0x06, 0x29, 0x01, 0x06, 0x29, 0x01, 0x07, 0x28, 0x01, 0x08, 0x27, 0x01, 0x09,
  0x26, 0x01, 0x0a, 0x25, 0x01, 0x0c, 0x23, 0x01, 0x0d, 0x22, 0x01, 0x10, 0x1f, 0x01, 0x13, 0x1c,
  0x00, 0x00, 0x00, 0x00, 0x00, 0x00, 0x00, 0x00, 0x00, 0x00, 0x01, 0x11, 0x1a, 0x01, 0x0e, 0x1d,
  0x01, 0x0c, 0x1f, 0x01, 0x0a, 0x20, 0x01, 0x09, 0x22, 0x01, 0x08, 0x23, 0x01, 0x07, 0x24, 0x01,
  0x06, 0x25, 0x01, 0x05, 0x26, 0x01, 0x04, 0x27, 0x01, 0x04, 0x28, 0x02, 0x03, 0x11, 0x19, 0x29,
  0x02, 0x03, 0x10, 0x1b, 0x29, 0x02, 0x03, 0x0f, 0x1d, 0x2a, 0x02, 0x03, 0x0e, 0x1e, 0x2a, 0x02,
  0x03, 0x0d, 0x1f, 0x2a, 0x02, 0x03, 0x0d, 0x20, 0x2b, 0x02, 0x03, 0x0d, 0x20, 0x2b, 0x02, 0x03,
  0x0d, 0x21, 0x2b, 0x02, 0x03, 0x0d, 0x21, 0x2b, 0x02, 0x03, 0x0e, 0x21, 0x2b, 0x02, 0x04, 0x0e,
  0x21, 0x2b, 0x02, 0x04, 0x0e, 0x21, 0x2b, 0x02, 0x04, 0x0e, 0x21, 0x2b, 0x02, 0x04, 0x0e, 0x20,
  0x2b, 0x02, 0x04, 0x0e, 0x1f, 0x2b, 0x02, 0x04, 0x0e, 0x1e, 0x2b, 0x02, 0x04, 0x0f, 0x1e, 0x2a,
  0x02, 0x05, 0x10, 0x1d, 0x29, 0x02, 0x05, 0x11, 0x1a, 0x29, 0x02, 0x05, 0x13, 0x17, 0x28, 0x01,
  0x05, 0x27, 0x01, 0x06, 0x26, 0x01, 0x07, 0x26, 0x01, 0x08, 0x25, 0x01, 0x09, 0x24, 0x01, 0x0a,
  0x23, 0x01, 0x0b, 0x22, 0x01, 0x0c, 0x20, 0x01, 0x0d, 0x1e, 0x01, 0x0e, 0x1c, 0x01, 0x12, 0x18,
  0x00, 0x00, 0x00, 0x00, 0x00, 0x00, 0x00, 0x00, 0x01, 0x11, 0x1a, 0x01, 0x0d, 0x1e, 0x01, 0x0b,
  0x1f, 0x01, 0x09, 0x23, 0x01, 0x07, 0x24, 0x01, 0x06, 0x25, 0x01, 0x05, 0x26, 0x01, 0x04, 0x27,
  0x01, 0x03, 0x28, 0x01, 0x02, 0x29, 0x01, 0x02, 0x2a, 0x02, 0x01, 0x12, 0x18, 0x2a, 0x02, 0x01,
  0x0f, 0x1c, 0x2b, 0x02, 0x01, 0x0d, 0x1f, 0x2c, 0x02, 0x01, 0x0c, 0x20, 0x2c, 0x02, 0x01, 0x0b,
  0x22, 0x2d, 0x02, 0x01, 0x0b, 0x22, 0x2d, 0x02, 0x01, 0x0c, 0x22, 0x2d, 0x02, 0x02, 0x0c, 0x23,
  0x2d, 0x02, 0x02, 0x0c, 0x22, 0x2d, 0x02, 0x02, 0x0c, 0x22, 0x2d, 0x02, 0x02, 0x0c, 0x22, 0x2d,
  0x02, 0x02, 0x0d, 0x20, 0x2d, 0x02, 0x02, 0x0d, 0x1f, 0x2c, 0x02, 0x03, 0x0e, 0x1c, 0x2b, 0x02,
  0x03, 0x10, 0x19, 0x2b, 0x01, 0x03, 0x2b, 0x01, 0x04, 0x2a, 0x01, 0x04, 0x29, 0x01, 0x05, 0x28,
  0x01, 0x06, 0x27, 0x01, 0x07, 0x25, 0x01, 0x08, 0x24, 0x01, 0x09, 0x23, 0x01, 0x0b, 0x20, 0x01,
  0x0c, 0x1e, 0x01, 0x0f, 0x1b, 0x00, 0x00, 0x00, 0x00, 0x00, 0x00, 0x00, 0x00, 0x01, 0x10, 0x1b,
  0x01, 0x0e, 0x1d, 0x01, 0x0d, 0x1e, 0x01, 0x0b, 0x20, 0x01, 0x0a, 0x21, 0x01, 0x09, 0x22, 0x01,
  0x08, 0x23, 0x01, 0x07, 0x24, 0x01, 0x06, 0x25, 0x01, 0x06, 0x26, 0x01, 0x05, 0x26, 0x02, 0x04,
  0x12, 0x19, 0x27, 0x02, 0x04, 0x10, 0x1b, 0x28, 0x02, 0x04, 0x10, 0x1c, 0x28, 0x02, 0x04, 0x0f,
  0x1d, 0x29, 0x02, 0x04, 0x0e, 0x1e, 0x29, 0x02, 0x04, 0x0e, 0x1e, 0x29, 0x02, 0x04, 0x0e, 0x1f,
  0x2a, 0x02, 0x04, 0x0e, 0x20, 0x2a, 0x02, 0x04, 0x0e, 0x20, 0x2a, 0x02, 0x04, 0x0e, 0x20, 0x2a,
  0x02, 0x04, 0x0f, 0x20, 0x2a, 0x02, 0x04, 0x0f, 0x20, 0x2a, 0x02, 0x05, 0x0f, 0x20, 0x2a, 0x02,
  0x05, 0x0f, 0x20, 0x2a, 0x02, 0x05, 0x0f, 0x1f, 0x2a, 0x02, 0x05, 0x0f, 0x1f, 0x2a, 0x02, 0x05,
  0x0f, 0x1f, 0x2a, 0x02, 0x05, 0x0f, 0x1e, 0x29, 0x02, 0x05, 0x10, 0x1d, 0x29, 0x02, 0x06, 0x10,
  0x1c, 0x28, 0x02, 0x06, 0x10, 0x1a, 0x27, 0x02, 0x06, 0x12, 0x18, 0x27, 0x01, 0x06, 0x26, 0x01,
  0x07, 0x25, 0x01, 0x08, 0x24, 0x01, 0x08, 0x24, 0x01, 0x08, 0x23, 0x01, 0x09, 0x22, 0x01, 0x0a,
  0x21, 0x01, 0x0b, 0x20, 0x01, 0x0c, 0x1d, 0x01, 0x0f, 0x1c, 0x01, 0x11, 0x19, 0x00, 0x00, 0x00,
  0x01, 0x12, 0x1a, 0x01, 0x10, 0x1d, 0x01, 0x0e, 0x1e, 0x01, 0x0d, 0x1f, 0x01, 0x0c, 0x21, 0x01,
  0x0b, 0x22, 0x01, 0x09, 0x23, 0x01, 0x08, 0x24, 0x01, 0x07, 0x25, 0x01, 0x06, 0x25, 0x01, 0x06,
  0x26, 0x02, 0x05, 0x14, 0x18, 0x27, 0x02, 0x05, 0x11, 0x1a, 0x27, 0x02, 0x05, 0x11, 0x1c, 0x28,
  0x02, 0x05, 0x10, 0x1c, 0x28, 0x02, 0x05, 0x0f, 0x1d, 0x28, 0x02, 0x05, 0x0f, 0x1e, 0x29, 0x02,
  0x05, 0x0f, 0x1f, 0x29, 0x02, 0x05, 0x0f, 0x1f, 0x29, 0x02, 0x05, 0x0f, 0x1f, 0x2a, 0x02, 0x05,
  0x0f, 0x1f, 0x2a, 0x02, 0x05, 0x0f, 0x20, 0x2a, 0x02, 0x05, 0x0f, 0x20, 0x2a, 0x02, 0x05, 0x0f,
  0x20, 0x2a, 0x02, 0x05, 0x0f, 0x20, 0x2a, 0x02, 0x05, 0x0f, 0x1f, 0x2a, 0x02, 0x05, 0x10, 0x1f,
  0x29, 0x02, 0x06, 0x10, 0x1f, 0x29, 0x02, 0x06, 0x10, 0x1e, 0x29, 0x02, 0x06, 0x10, 0x1d, 0x29,
  0x02, 0x06, 0x10, 0x1d, 0x29, 0x02, 0x06, 0x10, 0x1c, 0x28, 0x02, 0x06, 0x11, 0x1b, 0x28, 0x02,
  0x07, 0x12, 0x19, 0x27, 0x02, 0x07, 0x14, 0x17, 0x26, 0x01, 0x07, 0x26, 0x01, 0x08, 0x25, 0x01,
  0x08, 0x24, 0x01, 0x09, 0x23, 0x01, 0x0a, 0x22, 0x01, 0x0b, 0x21, 0x01, 0x0c, 0x20, 0x01, 0x0d,
  0x1e, 0x01, 0x0e, 0x1d, 0x01, 0x0f, 0x1a, 0x00, 0x00, 0x00, 0x00, 0x00, 0x00, 0x00, 0x00, 0x00,
  0x00, 0x01, 0x0d, 0x1c, 0x01, 0x09, 0x20, 0x01, 0x07, 0x24, 0x01, 0x04, 0x26, 0x01, 0x03, 0x27,
  0x01, 0x02, 0x29, 0x01, 0x01, 0x2a, 0x01, 0x00, 0x2c, 0x01, 0x00, 0x2d, 0x01, 0x00, 0x2e, 0x01,
  0x00, 0x2f, 0x02, 0x00, 0x0f, 0x1d, 0x2f, 0x02, 0x00, 0x0b, 0x20, 0x2f, 0x02, 0x00, 0x09, 0x22,
  0x2f, 0x02, 0x00, 0x09, 0x23, 0x2f, 0x02, 0x00, 0x0a, 0x25, 0x2f, 0x02, 0x00, 0x0a, 0x24, 0x2f,
  0x02, 0x00, 0x0a, 0x22, 0x2f, 0x02, 0x00, 0x0b, 0x1f, 0x2f, 0x02, 0x00, 0x0e, 0x1b, 0x2f, 0x01,
  0x00, 0x2e, 0x01, 0x01, 0x2d, 0x01, 0x01, 0x2c, 0x01, 0x01, 0x2b, 0x01, 0x02, 0x2a, 0x01, 0x03,
  0x29, 0x01, 0x04, 0x27, 0x01, 0x05, 0x26, 0x01, 0x07, 0x22, 0x01, 0x09, 0x21, 0x01, 0x0e, 0x1b,
  0x00, 0x00, 0x00, 0x00, 0x00, 0x00, 0x00, 0x00, 0x00, 0x00, 0x00, 0x01, 0x11, 0x1a, 0x01, 0x0e,
  0x1d, 0x01, 0x0c, 0x1e, 0x01, 0x0b, 0x20, 0x01, 0x0a, 0x21, 0x01, 0x09, 0x22, 0x01, 0x08, 0x23,
  0x01, 0x07, 0x24, 0x01, 0x06, 0x25, 0x01, 0x05, 0x26, 0x01, 0x05, 0x26, 0x02, 0x04, 0x13, 0x19,
  0x27, 0x02, 0x04, 0x11, 0x1b, 0x28, 0x02, 0x04, 0x10, 0x1c, 0x28, 0x02, 0x04, 0x0f, 0x1d, 0x29,
  0x02, 0x04, 0x0e, 0x1f, 0x2a, 0x02, 0x04, 0x0e, 0x1f, 0x2a, 0x02, 0x04, 0x0e, 0x1f, 0x2a, 0x02,
  0x04, 0x0e, 0x20, 0x2a, 0x02, 0x04, 0x0e, 0x20, 0x2a, 0x02, 0x04, 0x0e, 0x20, 0x2a, 0x02, 0x04,
  0x0e, 0x20, 0x2a, 0x02, 0x04, 0x0e, 0x20, 0x2a, 0x02, 0x04, 0x0f, 0x20, 0x2a, 0x02, 0x04, 0x0f,
  0x20, 0x2a, 0x02, 0x05, 0x0f, 0x1f, 0x2a, 0x02, 0x05, 0x0f, 0x1f, 0x2a, 0x02, 0x05, 0x0f, 0x1f,
  0x2a, 0x02, 0x05, 0x0f, 0x1e, 0x29, 0x02, 0x05, 0x10, 0x1d, 0x29, 0x02, 0x05, 0x10, 0x1b, 0x28,
  0x02, 0x05, 0x11, 0x1a, 0x28, 0x02, 0x06, 0x14, 0x17, 0x28, 0x01, 0x07, 0x27, 0x01, 0x07, 0x26,
  0x01, 0x07, 0x25, 0x01, 0x08, 0x24, 0x01, 0x09, 0x22, 0x01, 0x0a, 0x21, 0x01, 0x0b, 0x20, 0x01,
  0x0c, 0x1f, 0x01, 0x0d, 0x1d, 0x01, 0x0f, 0x1c, 0x00, 0x00, 0x00, 0x00, 0x00, 0x00, 0x00, 0x01,
  0x0f, 0x1c, 0x01, 0x0d, 0x1d, 0x01, 0x0b, 0x21, 0x01, 0x09, 0x22, 0x01, 0x08, 0x24, 0x01, 0x07,
  0x25, 0x01, 0x06, 0x26, 0x01, 0x05, 0x27, 0x01, 0x04, 0x28, 0x01, 0x03, 0x28, 0x01, 0x02, 0x29,
  0x02, 0x02, 0x11, 0x1a, 0x2a, 0x02, 0x02, 0x0f, 0x1d, 0x2b, 0x02, 0x02, 0x0d, 0x1e, 0x2b, 0x02,
  0x02, 0x0c, 0x20, 0x2b, 0x02, 0x02, 0x0c, 0x20, 0x2c, 0x02, 0x02, 0x0c, 0x21, 0x2c, 0x02, 0x02,
  0x0c, 0x22, 0x2c, 0x02, 0x02, 0x0c, 0x22, 0x2c, 0x02, 0x02, 0x0c, 0x22, 0x2c, 0x02, 0x02, 0x0c,
  0x22, 0x2c, 0x02, 0x02, 0x0d, 0x22, 0x2c, 0x02, 0x03, 0x0d, 0x21, 0x2c, 0x02, 0x03, 0x0d, 0x21,
  0x2c, 0x02, 0x03, 0x0d, 0x20, 0x2c, 0x02, 0x03, 0x0e, 0x1f, 0x2c, 0x02, 0x03, 0x0e, 0x1d, 0x2b,
  0x02, 0x04, 0x10, 0x1a, 0x2a, 0x02, 0x04, 0x13, 0x17, 0x29, 0x01, 0x04, 0x29, 0x01, 0x05, 0x28,
  0x01, 0x05, 0x27, 0x01, 0x06, 0x26, 0x01, 0x07, 0x25, 0x01, 0x08, 0x24, 0x01, 0x09, 0x22, 0x01,
  0x0a, 0x21, 0x01, 0x0b, 0x1f, 0x01, 0x0e, 0x1c, 0x01, 0x12, 0x17, 0x00, 0x00, 0x00,
};

static const uint16_t kOledBodyOffsets[6][7] = {
  {0, 118, 224, 346, 472, 566, 688},  // pebble
  {802, 920, 1026, 1152, 1278, 1372, 1494},  // cube
  {1608, 1724, 1832, 1956, 2080, 2176, 2296},  // lens
  {2408, 2530, 2640, 2768, 2900, 2998, 3124},  // drop
  {3242, 3402, 3542, 3710, 3886, 4010, 4174},  // loop
  {4326, 4498, 4650, 4830, 5016, 5144, 5322},  // fold
};

static const uint8_t kOledSpriteBits[7209] = {
  0x60, 0xf0, 0xf0, 0xf0, 0xf0, 0x60, 0xf0, 0x84, 0xcc, 0x78, 0x70, 0xf8, 0xf8, 0xf8, 0xf8, 0xf8,
  0x70, 0x30, 0x78, 0xcc, 0x84, 0xc0, 0x70, 0x18, 0x70, 0xc0, 0x18, 0x70, 0xc0, 0x70, 0x18, 0xf8,
  0xf8, 0xf0, 0xf0, 0x60, 0x20, 0x70, 0xf0, 0xf0, 0xf0, 0x60, 0x40, 0xe0, 0xf0, 0xf0, 0xf0, 0x60,
  0x60, 0x90, 0x60, 0x70, 0xf8, 0xf8, 0x70, 0x78, 0xfc, 0xfc, 0xfc, 0x78, 0xf0, 0xa8, 0x50, 0x20,
  0x30, 0xa8, 0x70, 0x20, 0x70, 0xa8, 0x30, 0x20, 0x08, 0x08, 0x10, 0x10, 0x20, 0x20, 0x40, 0x40,
  0x80, 0xe0, 0xe0, 0xe0, 0x3c, 0x7e, 0xe7, 0xc3, 0xc3, 0xc3, 0xc3, 0xc3, 0xc3, 0xc3, 0xc3, 0xc3,
  0xc3, 0xe7, 0x7e, 0x3c, 0x30, 0x30, 0xf0, 0xf0, 0xb0, 0x30, 0x30, 0x30, 0x30, 0x30, 0x30, 0x30,
  0x30, 0x30, 0x30, 0x30, 0x3c, 0x7e, 0xe7, 0xc3, 0xc3, 0xc7, 0x06, 0x0e, 0x1c, 0x18, 0x38, 0x30,
  0x60, 0xe0, 0xff, 0xff, 0xff, 0xff, 0x07, 0x06, 0x0c, 0x1c, 0x1c, 0x1e, 0x07, 0x03, 0x03, 0x03,
  0x03, 0xe7, 0x7e, 0x3c, 0x18, 0x30, 0x30, 0x30, 0x30, 0x60, 0x60, 0x60, 0x6c, 0xcc, 0xcc, 0xff,
  0xff, 0x0c, 0x0c, 0x0c, 0xff, 0xff, 0xc0, 0xc0, 0xc0, 0xfc, 0xfe, 0xe7, 0xc3, 0x03, 0x03, 0x03,
  0xc3, 0xe7, 0x7e, 0x3c, 0x3c, 0x7e, 0xe7, 0xc3, 0xc0, 0xc0, 0xfc, 0xfe, 0xe7, 0xc3, 0xc3, 0xc3,
  0xc3, 0xe7, 0x7e, 0x3c, 0xff, 0xff, 0xc3, 0xc7, 0x06, 0x06, 0x06, 0x0e, 0x0c, 0x0c, 0x1c, 0x1c,
  0x18, 0x18, 0x38, 0x30, 0x3c, 0x7e, 0xe7, 0xc3, 0xc3, 0xc3, 0xe7, 0x7e, 0x7e, 0xe7, 0xc3, 0xc3,
  0xc3, 0xe7, 0x7e, 0x3c, 0x3c, 0x7e, 0xe7, 0xc3, 0xc3, 0xc3, 0xc3, 0xe7, 0x7f, 0x3f, 0x03, 0x03,
  0xc3, 0xe7, 0x7e, 0x3c, 0x30, 0x30, 0xfc, 0xfc, 0x30, 0x30, 0x0f, 0x00, 0x3f, 0xc0, 0x7f, 0xe0,
  0x70, 0xe0, 0xe0, 0x70, 0xe0, 0x70, 0xe0, 0x70, 0xe0, 0x70, 0xe0, 0x70, 0xe0, 0x70, 0xe0, 0x70,
  0xe0, 0x70, 0xe0, 0x70, 0xe0, 0x70, 0xe0, 0x70, 0xe0, 0x70, 0xe0, 0x70, 0xe0, 0x70, 0xe0, 0x70,
  0xe0, 0x70, 0x70, 0xe0, 0x7f, 0xe0, 0x3f, 0xc0, 0x0f, 0x00, 0x1c, 0x1c, 0x3c, 0x7c, 0xfc, 0xfc,
  0xdc, 0x1c, 0x1c, 0x1c, 0x1c, 0x1c, 0x1c, 0x1c, 0x1c, 0x1c, 0x1c, 0x1c, 0x1c, 0x1c, 0x1c, 0x1c,
  0x1c, 0x1c, 0x0f, 0x00, 0x3f, 0xc0, 0x7f, 0xe0, 0x70, 0xe0, 0xe0, 0x70, 0xe0, 0x70, 0xe0, 0x70,
  0xe0, 0x70, 0xc0, 0xe0, 0x01, 0xe0, 0x01, 0xc0, 0x03, 0xc0, 0x07, 0x80, 0x07, 0x00, 0x0f, 0x00,
  0x1e, 0x00, 0x1c, 0x00, 0x3c, 0x00, 0x38, 0x00, 0x78, 0x00, 0xf0, 0x00, 0xff, 0xf0, 0xff, 0xf0,
  0xff, 0xf0, 0xff, 0xf0, 0xff, 0xf0, 0xff, 0xf0, 0x00, 0xf0, 0x01, 0xe0, 0x01, 0xc0, 0x03, 0xc0,
  0x07, 0x80, 0x07, 0x00, 0x0f, 0x00, 0x0f, 0xc0, 0x0f, 0xe0, 0x01, 0xe0, 0x00, 0xf0, 0x00, 0x70,
  0x00, 0x70, 0x00, 0x70, 0x00, 0x70, 0x00, 0x70, 0x20, 0xf0, 0xf1, 0xe0, 0x7f, 0xe0, 0x3f, 0xc0,
  0x0f, 0x00, 0x0e, 0x00, 0x0e, 0x00, 0x0e, 0x00, 0x1c, 0x00, 0x1c, 0x00, 0x1c, 0x00, 0x3c, 0x00,
  0x38, 0x00, 0x38, 0x00, 0x38, 0x00, 0x78, 0x00, 0x70, 0x00, 0x73, 0x80, 0x73, 0x80, 0xf3, 0x80,
  0xe3, 0x80, 0xff, 0xf0, 0xff, 0xf0, 0xff, 0xf0, 0x03, 0x80, 0x03, 0x80, 0x03, 0x80, 0x03, 0x80,
  0x03, 0x80, 0xff, 0xf0, 0xff, 0xf0, 0xff, 0xf0, 0xe0, 0x00, 0xe0, 0x00, 0xe0, 0x00, 0xe0, 0x00,
  0xe0, 0x00, 0xef, 0x80, 0xff, 0xc0, 0xff, 0xe0, 0xf0, 0xe0, 0xe0, 0x70, 0xe0, 0x70, 0x00, 0x70,
  0x00, 0x70, 0x00, 0x70, 0x00, 0x70, 0xe0, 0x70, 0xe0, 0x70, 0xf0, 0xe0, 0x7f, 0xe0, 0x3f, 0xc0,
  0x0f, 0x00, 0x0f, 0x00, 0x3f, 0xc0, 0x7f, 0xe0, 0x70, 0xe0, 0xe0, 0x70, 0xe0, 0x70, 0xe0, 0x00,
  0xe0, 0x00, 0xe0, 0x00, 0xef, 0x80, 0xff, 0xc0, 0xff, 0xe0, 0xf0, 0xe0, 0xe0, 0x70, 0xe0, 0x70,
  0xe0, 0x70, 0xe0, 0x70, 0xe0, 0x70, 0xe0, 0x70, 0xe0, 0x70, 0x70, 0xe0, 0x7f, 0xe0, 0x3f, 0xc0,
  0x0f, 0x00, 0xff, 0xf0, 0xff, 0xf0, 0xff, 0xf0, 0xe0, 0xf0, 0xe0, 0xf0, 0xe0, 0xe0, 0x00, 0xe0,
  0x01, 0xe0, 0x01, 0xe0, 0x01, 0xc0, 0x01, 0xc0, 0x03, 0xc0, 0x03, 0x80, 0x03, 0x80, 0x07, 0x80,
  0x07, 0x80, 0x07, 0x00, 0x07, 0x00, 0x0f, 0x00, 0x0f, 0x00, 0x0e, 0x00, 0x0e, 0x00, 0x1e, 0x00,
  0x1e, 0x00, 0x0f, 0x00, 0x3f, 0xc0, 0x7f, 0xe0, 0x70, 0xe0, 0xe0, 0x70, 0xe0, 0x70, 0xe0, 0x70,
  0xe0, 0x70, 0xe0, 0x70, 0xe0, 0x70, 0x70, 0xe0, 0x7f, 0xe0, 0x3f, 0xc0, 0x7f, 0xe0, 0xf0, 0xe0,
  0xe0, 0x70, 0xe0, 0x70, 0xe0, 0x70, 0xe0, 0x70, 0xe0, 0x70, 0xf0, 0xf0, 0x7f, 0xe0, 0x3f, 0xc0,
  0x0f, 0x00, 0x0f, 0x00, 0x3f, 0xc0, 0x7f, 0xe0, 0x70, 0xe0, 0xe0, 0x70, 0xe0, 0x70, 0xe0, 0x70,
  0xe0, 0x70, 0xe0, 0x70, 0xe0, 0x70, 0xe0, 0x70, 0x70, 0xf0, 0x7f, 0xf0, 0x3f, 0xf0, 0x1f, 0x70,
  0x00, 0x70, 0x00, 0x70, 0x00, 0x70, 0xe0, 0x70, 0xe0, 0x70, 0x70, 0xe0, 0x7f, 0xe0, 0x3f, 0xc0,
  0x0f, 0x00, 0x1c, 0x00, 0x1c, 0x00, 0x1c, 0x00, 0xff, 0x80, 0xff, 0x80, 0xff, 0x80, 0x1c, 0x00,
  0x1c, 0x00, 0x1c, 0x00, 0x00, 0x3f, 0xe0, 0x00, 0x00, 0xc0, 0x18, 0x00, 0x03, 0x00, 0x06, 0x00,
  0x0c, 0x00, 0x01, 0x80, 0x10, 0x00, 0x00, 0x40, 0x20, 0x00, 0x00, 0x20, 0x40, 0x00, 0x00, 0x10,
  0x80, 0x00, 0x00, 0x08, 0x07, 0xf0, 0x00, 0x18, 0x0c, 0x00, 0x20, 0x02, 0x00, 0xc0, 0x01, 0x80,
  0x80, 0x00, 0x80, 0x3e, 0x00, 0x41, 0x00, 0x80, 0x80, 0x40, 0xe0, 0x40, 0x80, 0x80, 0x41, 0x00,
  0x3e, 0x00, 0x80, 0x00, 0x80, 0xc0, 0x01, 0x80, 0x20, 0x02, 0x00, 0x18, 0x0c, 0x00, 0x07, 0xf0,
  0x00, 0x00, 0x1f, 0xf0, 0x00, 0x00, 0xe0, 0x0e, 0x00, 0x03, 0x00, 0x01, 0x80, 0x04, 0x00, 0x00,
  0x40, 0x18, 0x00, 0x00, 0x30, 0x20, 0x00, 0x00, 0x08, 0x40, 0x00, 0x00, 0x04, 0x80, 0x00, 0x00,
  0x02, 0x80, 0x00, 0x00, 0x02, 0x01, 0xfc, 0x00, 0x0e, 0x03, 0x80, 0x10, 0x00, 0x40, 0x20, 0x00,
  0x20, 0x40, 0x00, 0x10, 0x80, 0x00, 0x08, 0x1f, 0x00, 0x60, 0xc0, 0x80, 0x20, 0x80, 0x20, 0x60,
  0xc0, 0x1f, 0x00, 0x80, 0x00, 0x08, 0x40, 0x00, 0x10, 0x20, 0x00, 0x20, 0x10, 0x00, 0x40, 0x0e,
  0x03, 0x80, 0x01, 0xfc, 0x00, 0x00, 0x07, 0xfc, 0x00, 0x00, 0x00, 0x38, 0x03, 0x80, 0x00, 0x00,
  0xc0, 0x00, 0x60, 0x00, 0x03, 0x00, 0x00, 0x18, 0x00, 0x04, 0x00, 0x00, 0x04, 0x00, 0x18, 0x00,
  0x00, 0x03, 0x00, 0x20, 0x00, 0x00, 0x00, 0x80, 0x40, 0x00, 0x00, 0x00, 0x40, 0x40, 0x00, 0x00,
  0x00, 0x40, 0x80, 0x00, 0x00, 0x00, 0x20, 0x00, 0x7f, 0x00, 0x00, 0x03, 0x80, 0xe0, 0x00, 0x0c,
  0x00, 0x18, 0x00, 0x10, 0x00, 0x04, 0x00, 0x20, 0x00, 0x02, 0x00, 0x40, 0x00, 0x01, 0x00, 0x80,
  0x00, 0x00, 0x80, 0x07, 0xc0, 0x18, 0x30, 0x60, 0x0c, 0x80, 0x02, 0x80, 0x02, 0x80, 0x02, 0x80,
  0x02, 0x60, 0x0c, 0x18, 0x30, 0x07, 0xc0, 0x3f, 0xff, 0x00, 0x3f, 0xff, 0x00, 0xc0, 0x00, 0xc0,
  0xc0, 0x00, 0xc0, 0xc0, 0x00, 0xc0, 0xc0, 0x00, 0xc0, 0xc0, 0x00, 0xc0, 0xc0, 0x00, 0xc0, 0xc0,
  0x00, 0xc0, 0xc0, 0x00, 0xc0, 0xc0, 0x00, 0xc0, 0xc0, 0x00, 0xc0, 0xc0, 0x00, 0xc0, 0xc0, 0x00,
  0xc0, 0xc0, 0x00, 0xc0, 0xc0, 0x00, 0xc0, 0xc0, 0x00, 0xc0, 0xc0, 0x00, 0xc0, 0xc0, 0x00, 0xc0,
  0xc0, 0x00, 0xc0, 0xc0, 0x00, 0xc0, 0xc0, 0x00, 0xc0, 0xc0, 0xc0, 0xc0, 0xc0, 0xc0, 0xc0, 0x3f,
  0xff, 0x00, 0x3f, 0xff, 0x00, 0xff, 0xc0, 0xff, 0xc0, 0xc0, 0xc0, 0xc0, 0xc0, 0xc0, 0xc0, 0xc0,
  0xc0, 0xc0, 0xc0, 0xc0, 0xc0, 0xc0, 0xc0, 0xc0, 0xc0, 0xc0, 0xc0, 0xc0, 0xc0, 0xc0, 0xc0, 0xc0,
  0xc0, 0xff, 0xc0, 0xff, 0xc0, 0x0c, 0x0c, 0x03, 0x03, 0xff, 0xff, 0x03, 0x03, 0x0c, 0x0c, 0x20,
  0x20, 0xf8, 0x20, 0x20, 0x40, 0xe0, 0xe0, 0x40, 0x01, 0xff, 0xf8, 0x20, 0x01, 0xff, 0xf8, 0x70,
  0x06, 0x00, 0x06, 0xe0, 0x06, 0x00, 0x07, 0xc0, 0x06, 0x7f, 0xe7, 0x80, 0x06, 0x7f, 0xe7, 0x00,
  0x06, 0x60, 0x6e, 0x00, 0x06, 0x60, 0x7e, 0x00, 0x06, 0x60, 0x7e, 0x00, 0x06, 0x60, 0x76, 0x00,
  0x06, 0x60, 0xe6, 0x00, 0x06, 0x61, 0xe6, 0x00, 0x06, 0x63, 0xe6, 0x00, 0x06, 0x67, 0x66, 0x00,
  0x06, 0x6e, 0x66, 0x00, 0x06, 0x7c, 0x66, 0x00, 0x06, 0x78, 0x66, 0x00, 0x06, 0x70, 0x66, 0x00,
  0x06, 0xff, 0xe6, 0x00, 0x07, 0xff, 0xe6, 0x00, 0x07, 0x80, 0x06, 0x00, 0x07, 0x00, 0x06, 0x00,
  0x0e, 0x06, 0x06, 0x00, 0x1e, 0x06, 0x06, 0x00, 0x39, 0xff, 0xf8, 0x00, 0x71, 0xff, 0xf8, 0x00,
  0xe0, 0x00, 0x00, 0x00, 0x40, 0x00, 0x00, 0x00, 0x70, 0xf8, 0xf8, 0xf8, 0x70, 0x80, 0xf0, 0x10,
  0x20, 0x40, 0x78, 0xf0, 0x10, 0x20, 0x40, 0xf0, 0x40, 0xa0, 0xa0, 0x40, 0x50, 0xa0, 0xc0, 0xc0,
  0x60, 0xf0, 0xe0, 0x70, 0x68, 0xb4, 0xb8, 0x6c, 0x60, 0xa0, 0xa0, 0x60, 0x40, 0xa0, 0xc0, 0x60,
  0x80, 0x80, 0x80, 0x80, 0x80, 0x80, 0x80, 0x80, 0x80, 0x80, 0x80, 0x80, 0x80, 0x80, 0x80, 0x80,
  0x92, 0x49, 0x24, 0x92, 0x49, 0x24, 0x92, 0x20, 0x70, 0xf8, 0x70, 0x20, 0x3f, 0xff, 0xfc, 0x40,
  0x00, 0x02, 0x80, 0x00, 0x01, 0x80, 0x00, 0x01, 0x80, 0x00, 0x01, 0x80, 0x00, 0x01, 0x80, 0x00,
  0x01, 0x80, 0x00, 0x01, 0x80, 0x00, 0x01, 0x80, 0x00, 0x01, 0x80, 0x00, 0x01, 0x40, 0x00, 0x02,
  0x3f, 0xff, 0xfc, 0x08, 0x20, 0x00, 0x10, 0x00, 0x00, 0x20, 0x00, 0x00, 0x80, 0x80, 0x80, 0x80,
  0x03, 0x33, 0x00, 0x03, 0x33, 0x00, 0x0c, 0xcc, 0xc0, 0x0c, 0xcc, 0xc0, 0x0c, 0xcc, 0xc0, 0x0c,
  0xcc, 0xc0, 0x0c, 0xcc, 0xc0, 0x0c, 0xcc, 0xc0, 0xcc, 0x00, 0xc0, 0xcc, 0x00, 0xc0, 0xf0, 0x00,
  0xc0, 0xf0, 0x00, 0xc0, 0x30, 0x00, 0xc0, 0x30, 0x00, 0xc0, 0x0c, 0x03, 0x00, 0x0c, 0x03, 0x00,
  0x03, 0xfc, 0x00, 0x03, 0xfc, 0x00, 0xc0, 0xc0, 0xc0, 0xc0, 0xc0, 0xc0, 0xc0, 0xc0, 0xc0, 0xc0,
  0xc0, 0xc0, 0xc0, 0xc0, 0xc0, 0xc0, 0x1f, 0xff, 0xff, 0xff, 0xfc, 0x00, 0x60, 0x00, 0x00, 0x00,
  0x03, 0x00, 0x40, 0x00, 0x00, 0x00, 0x01, 0x00, 0x80, 0x00, 0x00, 0x00, 0x00, 0x80, 0x80, 0x00,
  0x00, 0x00, 0x00, 0x80, 0x80, 0x00, 0x00, 0x00, 0x00, 0x80, 0x80, 0x00, 0x00, 0x00, 0x00, 0x80,
  0x80, 0x00, 0x00, 0x00, 0x00, 0x80, 0x80, 0x00, 0x00, 0x00, 0x00, 0x80, 0x80, 0x00, 0x00, 0x00,
  0x00, 0x80, 0x80, 0x00, 0x00, 0x00, 0x00, 0x80, 0x80, 0x00, 0x00, 0x00, 0x00, 0x80, 0x80, 0x00,
  0x00, 0x00, 0x00, 0x80, 0x80, 0x00, 0x00, 0x00, 0x00, 0x80, 0x80, 0x00, 0x00, 0x00, 0x00, 0x80,
  0x80, 0x00, 0x00, 0x00, 0x00, 0x80, 0x80, 0x00, 0x00, 0x00, 0x00, 0x80, 0x80, 0x00, 0x00, 0x00,
  0x00, 0x80, 0x80, 0x00, 0x00, 0x00, 0x00, 0x80, 0x80, 0x00, 0x00, 0x00, 0x00, 0x80, 0x80, 0x00,
  0x00, 0x00, 0x00, 0x80, 0x80, 0x00, 0x00, 0x00, 0x00, 0x80, 0x80, 0x00, 0x00, 0x00, 0x00, 0x80,
  0x80, 0x00, 0x00, 0x00, 0x00, 0x80, 0x40, 0x00, 0x00, 0x00, 0x01, 0x00, 0x60, 0x00, 0x00, 0x00,
  0x03, 0x00, 0x1f, 0xff, 0xff, 0xff, 0xfc, 0x00, 0x7c, 0xfe, 0xfe, 0x78, 0xfc, 0xcc, 0xcc, 0xcc,
  0xcc, 0xfc, 0x84, 0x78, 0x38, 0x7c, 0xfe, 0xfe, 0xfe, 0x7c, 0x38, 0x3f, 0x00, 0x3f, 0x00, 0xff,
  0xc0, 0xff, 0xc0, 0xff, 0xc0, 0xff, 0xc0, 0x3f, 0x00, 0x3f, 0x00, 0x3f, 0xf0, 0x3f, 0xf0, 0xff,
  0xfc, 0xff, 0xfc, 0xff, 0xfc, 0xff, 0xfc, 0x00, 0x00, 0x00, 0x1c, 0x00, 0x00, 0x00, 0x3e, 0x00,
  0x00, 0x00, 0x7f, 0x00, 0x00, 0x00, 0x7f, 0xff, 0xff, 0xff, 0xff, 0xff, 0xff, 0xff, 0xfe, 0xf0,
  0x00, 0x03, 0xdc, 0xf0, 0x00, 0x03, 0xc0, 0xcc, 0x00, 0x0c, 0xc0, 0xcc, 0x00, 0x0c, 0xc0, 0xc3,
  0x00, 0x30, 0xc0, 0xc3, 0x00, 0x30, 0xc0, 0xc0, 0xc0, 0xc0, 0xc0, 0xc0, 0xc0, 0xc0, 0xc0, 0xc0,
  0x3f, 0x00, 0xc0, 0xc0, 0x3f, 0x00, 0xc0, 0xc0, 0x00, 0x00, 0xc0, 0xc0, 0x00, 0x00, 0xc0, 0xff,
  0xff, 0xff, 0xc0, 0xff, 0xff, 0xff, 0xc0, 0x00, 0x00, 0x1c, 0x00, 0x00, 0x3e, 0x00, 0x00, 0x7f,
  0x00, 0x00, 0x7f, 0x00, 0x00, 0xff, 0x00, 0x00, 0xfe, 0x00, 0x03, 0xdc, 0x00, 0x03, 0xc0, 0xc0,
  0x0f, 0x00, 0xc0, 0x0f, 0x00, 0xf0, 0x3c, 0x00, 0xf0, 0x3c, 0x00, 0x3c, 0xf0, 0x00, 0x3c, 0xf0,
  0x00, 0x0f, 0xc0, 0x00, 0x0f, 0xc0, 0x00, 0x03, 0x00, 0x00, 0x03, 0x00, 0x00, 0xff, 0xf0, 0xff,
  0xf0, 0xc0, 0x3c, 0xc0, 0x3c, 0xc0, 0x0f, 0xc0, 0x0f, 0xcf, 0xf3, 0xcf, 0xf3, 0xc0, 0x03, 0xc0,
  0x03, 0xcf, 0xfc, 0xcf, 0xfc, 0xc0, 0x03, 0xc0, 0x03, 0xc0, 0x03, 0xc0, 0x03, 0xc0, 0x03, 0xc0,
  0x03, 0xff, 0xff, 0xff, 0xff, 0x38, 0x7c, 0xfe, 0xfe, 0x7c, 0x38, 0xff, 0xff, 0x00, 0x00, 0x1c,
  0x00, 0x00, 0x3e, 0x00, 0x00, 0x7f, 0x00, 0x00, 0x7f, 0xff, 0xff, 0xff, 0xff, 0xff, 0xfe, 0xc0,
  0x00, 0xdc, 0xc0, 0x00, 0xc0, 0xcf, 0xfc, 0xc0, 0xcf, 0xfc, 0xc0, 0xcc, 0x0c, 0xc0, 0xcc, 0x0c,
  0xc0, 0xcc, 0x0c, 0xc0, 0xcc, 0x0c, 0xc0, 0xcc, 0x3c, 0xc0, 0xcc, 0x3c, 0xc0, 0xcc, 0x0c, 0xc0,
  0xcc, 0x0c, 0xc0, 0xcc, 0x0c, 0xc0, 0xcc, 0x0c, 0xc0, 0xcf, 0xfc, 0xc0, 0xcf, 0xfc, 0xc0, 0xff,
  0xff, 0xc0, 0xff, 0xff, 0xc0, 0x3f, 0xff, 0x00, 0x3f, 0xff, 0x00, 0xc0, 0x00, 0xc0, 0xc0, 0x00,
  0xc0, 0xc0, 0x00, 0xc0, 0xc0, 0x00, 0xc0, 0xc0, 0x00, 0xc0, 0xc0, 0x00, 0xc0, 0xc0, 0x00, 0xc0,
  0xc0, 0x00, 0xc0, 0xc0, 0x00, 0xc0, 0xc0, 0x00, 0xc0, 0xc0, 0x00, 0xc0, 0xc0, 0x00, 0xc0, 0xc0,
  0xc0, 0xc0, 0xc0, 0xc0, 0xc0, 0x3f, 0x3f, 0x00, 0x3f, 0x3f, 0x00, 0x00, 0xc0, 0x00, 0x00, 0xc0,
  0x00, 0x3f, 0x00, 0x3f, 0x00, 0xc0, 0xc0, 0xc0, 0xc0, 0x03, 0x00, 0x03, 0x00, 0x0c, 0x00, 0x0c,
  0x00, 0x89, 0xc0, 0x3c, 0x72, 0x2f, 0x9c, 0x88, 0x20, 0x22, 0x09, 0x4a, 0xa2, 0xf9, 0xe0, 0x3c,
  0x78, 0x82, 0x3e, 0x8a, 0x20, 0x22, 0x89, 0x42, 0x20, 0x8a, 0x60, 0x22, 0x9a, 0x22, 0x22, 0x89,
  0xa0, 0x3c, 0x6a, 0x22, 0x1c, 0x00, 0x00, 0x00, 0x00, 0x00, 0x20, 0x00, 0x00, 0x00, 0x01, 0x00,
  0x20, 0x00, 0x00, 0x00, 0x01, 0x00, 0x20, 0x72, 0xc0, 0x22, 0x73, 0xc7, 0x2c, 0x8b, 0x20, 0x22,
  0x09, 0x08, 0xb2, 0x8a, 0x20, 0x2a, 0x79, 0x08, 0x22, 0x8a, 0x20, 0x2a, 0x89, 0x08, 0x22, 0x8a,
  0x20, 0x2a, 0x99, 0x28, 0xa2, 0x72, 0x20, 0x14, 0x68, 0xc7, 0x22, 0x08, 0x00, 0x00, 0x00, 0x00,
  0x02, 0x00, 0x00, 0x08, 0x00, 0x00, 0x00, 0x00, 0x02, 0x20, 0x00, 0x08, 0x00, 0x00, 0x00, 0x00,
  0x02, 0x00, 0x00, 0x79, 0xc0, 0x1c, 0x89, 0xcb, 0x1e, 0x61, 0xc0, 0x8a, 0x20, 0x22, 0x88, 0x2c,
  0xa2, 0x20, 0x20, 0x8b, 0xe0, 0x22, 0x89, 0xe8, 0x22, 0x21, 0xe0, 0x8a, 0x00, 0x22, 0x8a, 0x28,
  0x22, 0x22, 0x20, 0x8a, 0x20, 0x1e, 0x9a, 0x68, 0x22, 0x22, 0x60, 0x79, 0xc0, 0x02, 0x69, 0xa8,
  0x1e, 0x71, 0xa0, 0x00, 0x00, 0x22, 0x00, 0x00, 0x00, 0x00, 0x00, 0x00, 0x00, 0x1c, 0x00, 0x00,
  0x00, 0x00, 0x00, 0x08, 0x00, 0x00, 0x60, 0x00, 0x00, 0x28, 0x00, 0x08, 0x00, 0x00, 0x20, 0x00,
  0x10, 0x50, 0x00, 0x08, 0x00, 0x00, 0x20, 0x00, 0x10, 0x00, 0x00, 0x79, 0xc0, 0x3c, 0x21, 0xcb,
  0x3c, 0x71, 0xc0, 0x8a, 0x20, 0x22, 0x20, 0x2c, 0x90, 0x0a, 0x20, 0x8b, 0xe0, 0x22, 0x21, 0xe8,
  0x90, 0x7a, 0x20, 0x8a, 0x00, 0x22, 0x22, 0x28, 0x90, 0x8a, 0x20, 0x8a, 0x20, 0x3c, 0x22, 0x68,
  0x92, 0x9a, 0x20, 0x79, 0xc0, 0x20, 0x71, 0xa8, 0x8c, 0x69, 0xc0, 0x00, 0x00, 0x20, 0x00, 0x00,
  0x00, 0x00, 0x00, 0x00, 0x00, 0x20, 0x00, 0x00, 0x00, 0x00, 0x00, 0x8a, 0xa8, 0x80, 0xf1, 0xe3,
  0x1c, 0x88, 0x8a, 0xa8, 0x80, 0x8a, 0x25, 0x22, 0xd8, 0x9a, 0xa8, 0x80, 0x8a, 0x25, 0x22, 0xa8,
  0xaa, 0xa9, 0x80, 0x89, 0xe5, 0x22, 0xa8, 0xca, 0xa6, 0x80, 0xf1, 0x25, 0x22, 0x88, 0x8b, 0xe0,
  0x80, 0x82, 0x2f, 0x9c, 0x88, 0x00, 0x28, 0x80, 0x80, 0x08, 0x80, 0x00, 0x00, 0x27, 0x00, 0x80,
  0x00, 0x00, 0x00, 0x00, 0x00, 0x00, 0x02, 0x00, 0x00, 0x00, 0x00, 0x00, 0x00, 0x02, 0x02, 0x00,
  0x00, 0x00, 0x00, 0x00, 0x02, 0x00, 0x00, 0x00, 0x71, 0xc7, 0x2c, 0x72, 0xc6, 0x2c, 0x70, 0x8a,
  0x20, 0xb2, 0x8b, 0x22, 0x32, 0x88, 0x63, 0xe7, 0xa0, 0x82, 0x22, 0x22, 0x88, 0x12, 0x08, 0xa0,
  0x82, 0x22, 0x22, 0x88, 0x8a, 0x29, 0xa0, 0x8a, 0x22, 0x22, 0x78, 0x71, 0xc6, 0xa0, 0x72, 0x27,
  0x22, 0x08, 0x00, 0x00, 0x00, 0x00, 0x00, 0x00, 0x88, 0x00, 0x00, 0x00, 0x00, 0x00, 0x00, 0x70,
  0x80, 0x00, 0x00, 0x00, 0x00, 0x80, 0x80, 0x00, 0x00, 0x00, 0x00, 0x80, 0x80, 0x00, 0x00, 0x00,
  0x00, 0x80, 0xf2, 0x27, 0x1c, 0x72, 0xc7, 0x9c, 0x8a, 0x28, 0xa2, 0x0b, 0x28, 0xa2, 0x8a, 0x26,
  0x20, 0x7a, 0x28, 0xa2, 0x8a, 0x21, 0x20, 0x8a, 0x28, 0xa2, 0x8a, 0x68, 0xa2, 0x9a, 0x28, 0xa2,
  0xf1, 0xa7, 0x1c, 0x6a, 0x27, 0x9c, 0x00, 0x00, 0x00, 0x00, 0x00, 0x00, 0x08, 0x00, 0x00, 0x00,
  0x00, 0x00, 0x00, 0x00, 0x08, 0x00, 0x00, 0x00, 0x00, 0x00, 0x00, 0x00, 0x08, 0x00, 0xf2, 0xc7,
  0x1c, 0x8a, 0xc7, 0x2c, 0x79, 0xc0, 0x8b, 0x28, 0xa2, 0x8b, 0x20, 0xb2, 0x8a, 0x20, 0x8a, 0x08,
  0xa0, 0x8a, 0x07, 0xa2, 0x8a, 0x20, 0x8a, 0x08, 0xa0, 0x8a, 0x08, 0xa2, 0x8a, 0x20, 0xf2, 0x08,
  0xa2, 0x9a, 0x09, 0xa2, 0x8a, 0x20, 0x82, 0x07, 0x1c, 0x6a, 0x06, 0xa2, 0x79, 0xc0, 0x80, 0x00,
  0x00, 0x00, 0x00, 0x00, 0x00, 0x00, 0x80, 0x00, 0x00, 0x00, 0x00, 0x00, 0x00, 0x00, 0x00, 0x00,
  0x00, 0x00, 0x02, 0x00, 0x00, 0x00, 0x00, 0x00, 0x00, 0x00, 0x02, 0x00, 0x00, 0x00, 0xf0, 0x0f,
  0x9c, 0x39, 0xc7, 0x1c, 0x89, 0xc0, 0x88, 0x0a, 0xa2, 0x4a, 0x2a, 0xa2, 0x8a, 0x20, 0xf0, 0x02,
  0x3e, 0x4b, 0xea, 0xa2, 0xfb, 0xe0, 0x88, 0x02, 0x20, 0x4a, 0x0a, 0xa2, 0x8a, 0x00, 0x88, 0x02,
  0x22, 0x4a, 0x2a, 0xa2, 0x8a, 0x20, 0xf0, 0x02, 0x1c, 0x89, 0xc7, 0x1c, 0x89, 0xc0, 0x00, 0x00,
  0x00, 0x00, 0x02, 0x00, 0x00, 0x00, 0x00, 0x00, 0x00, 0x00, 0x02, 0x00, 0x00, 0x00, 0x00, 0x00,
  0x04, 0x00, 0x01, 0x00, 0x00, 0x00, 0x00, 0x00, 0x04, 0x00, 0x01, 0x00, 0x00, 0x00, 0x00, 0x00,
  0x04, 0x00, 0x01, 0x00, 0x00, 0x00, 0x00, 0x00, 0xe5, 0x8e, 0x39, 0x20, 0x00, 0x00, 0x00, 0x01,
  0x16, 0x51, 0x45, 0x40, 0x00, 0x00, 0x00, 0x01, 0x04, 0x5f, 0x41, 0x80, 0x00, 0x00, 0x00, 0x01,
  0x04, 0x50, 0x41, 0x40, 0x00, 0x00, 0x00, 0x01, 0x14, 0x51, 0x45, 0x20, 0x00, 0x00, 0x00, 0x00,
  0xe4, 0x4e, 0x39, 0x10, 0x00, 0x00, 0x00, 0x00, 0x00, 0x00, 0x00, 0x00, 0x00, 0x00, 0x00, 0x00,
  0x00, 0x00, 0x00, 0x00, 0x00, 0x00, 0x00, 0x00, 0x00, 0x00, 0x00, 0x00, 0x00, 0x00, 0x00, 0x00,
  0x00, 0x00, 0x00, 0x00, 0x00, 0x00, 0x00, 0x00, 0x00, 0x00, 0x00, 0x00, 0x00, 0x00, 0x00, 0x00,
  0x00, 0x00, 0x08, 0x00, 0x00, 0x00, 0x00, 0x00, 0x00, 0x00, 0x08, 0x00, 0x00, 0x00, 0x00, 0x00,
  0x00, 0x00, 0x08, 0x00, 0x00, 0x00, 0x89, 0xc8, 0xac, 0x03, 0xcb, 0x1c, 0xb1, 0xc0, 0x8a, 0x28,
  0xb2, 0x02, 0x2c, 0xa2, 0xca, 0x20, 0x8a, 0x28, 0xa0, 0x02, 0x28, 0xa2, 0x8b, 0xe0, 0x9a, 0x28,
  0xa0, 0x02, 0x28, 0xa2, 0x8a, 0x00, 0x6a, 0x29, 0xa0, 0x03, 0xc8, 0xa2, 0x8a, 0x20, 0x09, 0xc6,
  0xa0, 0x02, 0x08, 0x9c, 0x89, 0xc0, 0x88, 0x00, 0x00, 0x02, 0x00, 0x00, 0x00, 0x00, 0x70, 0x00,
  0x00, 0x02, 0x00, 0x00, 0x00, 0x00, 0x00, 0x00, 0x00, 0x00, 0x00, 0xc0, 0x00, 0x10, 0x00, 0x00,
  0x00, 0x40, 0x00, 0x00, 0x00, 0x00, 0x00, 0x40, 0x1a, 0x31, 0x63, 0x80, 0x38, 0x40, 0x15, 0x11,
  0x90, 0x40, 0x44, 0x40, 0x15, 0x11, 0x03, 0xc0, 0x7c, 0x40, 0x15, 0x11, 0x04, 0x40, 0x40, 0x40,
  0x15, 0x11, 0x04, 0xc0, 0x44, 0x40, 0x11, 0x39, 0x03, 0x40, 0x38, 0xe0, 0x00, 0x00, 0x00, 0x00,
  0x00, 0x00, 0x00, 0x00, 0x00, 0x00, 0x00, 0x00, 0x00, 0x00, 0x00, 0x00, 0x00, 0x00, 0x00, 0x00,
  0x00, 0x00, 0x00, 0x00, 0x00, 0x00, 0x00, 0x00, 0x00, 0x00, 0x00, 0x06, 0x04, 0x30, 0x00, 0x00,
  0x40, 0x02, 0x08, 0x48, 0x00, 0x00, 0x40, 0x02, 0x00, 0x40, 0x00, 0x00, 0xf1, 0xc2, 0x1c, 0x41,
  0xcb, 0x1c, 0x42, 0x22, 0x22, 0xf2, 0x2c, 0xa2, 0x43, 0xe2, 0x3e, 0x42, 0x28, 0xa2, 0x42, 0x02,
  0x20, 0x42, 0x28, 0xa2, 0x4a, 0x22, 0x22, 0x42, 0x28, 0xa2, 0x31, 0xc7, 0x1c, 0x41, 0xc8, 0x9c,
  0x00, 0x00, 0x20, 0x00, 0x00, 0x00, 0x00, 0x00, 0x00, 0x00, 0x00, 0x00, 0x11, 0x38, 0x63, 0x80,
  0x38, 0x00, 0x11, 0x44, 0x20, 0x40, 0x44, 0x00, 0x11, 0x7c, 0x23, 0xc0, 0x44, 0x00, 0x0a, 0x40,
  0x24, 0x40, 0x44, 0x00, 0x0a, 0x44, 0x24, 0xc0, 0x44, 0x00, 0x04, 0x39, 0x23, 0x40, 0x38, 0x00,
  0x00, 0x01, 0x20, 0x00, 0x00, 0x00, 0x00, 0x00, 0xc0, 0x00, 0x00, 0x00, 0x00, 0x00, 0x00, 0x00,
  0x00, 0x00, 0x00, 0x00, 0x00, 0x00, 0x00, 0x00, 0x00, 0x00, 0x00, 0x00, 0x00, 0x00, 0x00, 0x06,
  0x00, 0x60, 0x00, 0x00, 0x00, 0x02, 0x00, 0x20, 0x00, 0x00, 0x00, 0x02, 0x00, 0x20, 0x00, 0x00,
  0x71, 0xc2, 0x22, 0x21, 0xcb, 0x00, 0x8a, 0x22, 0x22, 0x20, 0x2c, 0x80, 0x83, 0xe2, 0x22, 0x21,
  0xe8, 0x00, 0x82, 0x02, 0x22, 0x22, 0x28, 0x00, 0x8a, 0x22, 0x26, 0x22, 0x68, 0x00, 0x71, 0xc7,
  0x1a, 0x71, 0xa8, 0x00, 0x89, 0xc0, 0x3c, 0x8a, 0xa3, 0x9c, 0x8a, 0x20, 0x22, 0x8a, 0xa4, 0xa2,
  0xfb, 0xe0, 0x3c, 0xea, 0xa4, 0xa2, 0x8a, 0x00, 0x22, 0x9a, 0xa4, 0xa2, 0x8a, 0x20, 0x22, 0x9a,
  0xa4, 0xa2, 0x89, 0xc0, 0x3c, 0xeb, 0xe8, 0x9c, 0x00, 0x00, 0x18, 0x00, 0x08, 0x00, 0x00, 0x00,
  0x08, 0x00, 0x08, 0x00, 0x00, 0x00, 0x08, 0x00, 0x08, 0x00, 0xb1, 0xc0, 0x08, 0x89, 0xc9, 0x00,
  0xca, 0x20, 0x08, 0x8a, 0x2a, 0x00, 0x8a, 0x20, 0x08, 0x8a, 0x0c, 0x00, 0x8a, 0x20, 0x08, 0x8a,
  0x0a, 0x00, 0x8a, 0x20, 0x08, 0x9a, 0x29, 0x00, 0x89, 0xc0, 0x1c, 0x69, 0xc8, 0x80, 0x00, 0x00,
  0x00, 0x01, 0x80, 0x04, 0x00, 0x00, 0x00, 0x00, 0x82, 0x08, 0x00, 0x00, 0x00, 0x00, 0x80, 0x00,
  0xb1, 0xc0, 0x1c, 0x70, 0x86, 0x1c, 0xca, 0x20, 0x22, 0x08, 0x82, 0x22, 0x8a, 0x20, 0x18, 0x78,
  0x82, 0x22, 0x8a, 0x20, 0x04, 0x88, 0x82, 0x22, 0x8a, 0x20, 0x22, 0x98, 0x82, 0x22, 0x89, 0xc0,
  0x1c, 0x69, 0xc7, 0x1c, 0x08, 0x00, 0x00, 0x00, 0x00, 0x00, 0x08, 0x00, 0x08, 0x00, 0x00, 0x00,
  0x00, 0x00, 0x08, 0x00, 0x08, 0x00, 0x00, 0x00, 0x00, 0x00, 0x08, 0x00, 0x79, 0xc8, 0x80, 0x72,
  0xcb, 0x1c, 0x79, 0xc0, 0x8a, 0x28, 0x80, 0x8b, 0x2c, 0x82, 0x8a, 0x20, 0x8b, 0xe8, 0x80, 0xfa,
  0x08, 0x1e, 0x8a, 0x20, 0x8a, 0x08, 0x80, 0x82, 0x08, 0x22, 0x8a, 0x20, 0x8a, 0x29, 0x80, 0x8a,
  0x08, 0x26, 0x8a, 0x20, 0x79, 0xc6, 0x80, 0x72, 0x08, 0x1a, 0x79, 0xc0, 0x89, 0xcf, 0x80, 0x73,
  0xc7, 0x9c, 0x88, 0x8a, 0x2a, 0x80, 0x8a, 0x28, 0xa2, 0x88, 0xfb, 0xe2, 0x00, 0x83, 0xc8, 0x8c,
  0x98, 0x8a, 0x02, 0x00, 0x82, 0x27, 0x82, 0xa8, 0x8a, 0x22, 0x00, 0x8a, 0x24, 0xa2, 0xc8, 0x89,
  0xc2, 0x00, 0x73, 0xc8, 0x9c, 0x88, 0x00, 0x00, 0x18, 0x00, 0x08, 0x00, 0x00, 0x00, 0x08, 0x20,
  0x08, 0x00, 0x00, 0x00, 0x08, 0x00, 0x08, 0x00, 0xb1, 0xc0, 0x08, 0x62, 0xc9, 0x00, 0xca, 0x20,
  0x08, 0x23, 0x2a, 0x00, 0x8a, 0x20, 0x08, 0x22, 0x2c, 0x00, 0x8a, 0x20, 0x08, 0x22, 0x2a, 0x00,
  0x8a, 0x20, 0x08, 0x22, 0x29, 0x00, 0x89, 0xc0, 0x1c, 0x72, 0x28, 0x80, 0x00, 0x00, 0x01, 0x00,
  0x00, 0x00, 0x00, 0x00, 0x00, 0x00, 0x00, 0x00, 0x00, 0x00, 0xe3, 0x16, 0x00, 0x00, 0x00, 0x01,
  0x11, 0x19, 0x00, 0x00, 0x00, 0x00, 0xc1, 0x11, 0x00, 0x00, 0x00, 0x00, 0x21, 0x11, 0x00, 0x00,
  0x00, 0x01, 0x11, 0x11, 0x00, 0x00, 0x00, 0x00, 0xe3, 0x91, 0x00, 0x00, 0x00, 0x00, 0x00, 0x00,
  0x00, 0x00, 0x00, 0x00, 0x00, 0x00, 0x00, 0x00, 0x00, 0x00, 0x00, 0x00, 0x00, 0x00, 0x00, 0x00,
  0x00, 0x00, 0x00, 0x00, 0x00, 0x00, 0x00, 0x00, 0x00, 0x00, 0x00, 0x00, 0x00, 0x00, 0x01, 0x00,
  0x00, 0x00, 0x00, 0x00, 0x82, 0x00, 0x00, 0x00, 0x00, 0x00, 0x00, 0x00, 0x71, 0xcb, 0x1c, 0x89,
  0x87, 0x2c, 0x8a, 0x2c, 0xa2, 0x50, 0x88, 0xb2, 0x82, 0x28, 0xbe, 0x20, 0x88, 0xa2, 0x82, 0x28,
  0xa0, 0x20, 0x88, 0xa2, 0x8a, 0x28, 0xa2, 0x50, 0x88, 0xa2, 0x71, 0xc8, 0x9c, 0x89, 0xc7, 0x22,
  0x00, 0x07, 0x1c, 0xd0, 0x00, 0x00, 0x00, 0x08, 0xa2, 0xa8, 0x00, 0x00, 0x00, 0x06, 0x3e, 0xa8,
  0x00, 0x00, 0x00, 0x01, 0x20, 0xa8, 0x00, 0x00, 0x00, 0x08, 0xa2, 0xa8, 0x00, 0x00, 0x00, 0x07,
  0x1c, 0x88, 0x00, 0x00, 0x00, 0x00, 0x00, 0x00, 0x00, 0x00, 0x00, 0x00, 0x00, 0x00, 0x00, 0x00,
  0x00, 0x00, 0x00, 0x00, 0x00, 0x00, 0x00, 0x00, 0x00, 0x00, 0x00, 0x00, 0x00, 0x00, 0x00, 0x00,
  0x00, 0x00, 0x00, 0x00, 0x00, 0x00, 0xa0, 0x00, 0x00, 0x00, 0x00, 0x01, 0x40, 0x00, 0x00, 0x00,
  0x00, 0x00, 0x00, 0x00, 0x71, 0xcb, 0x1c, 0x89, 0xc7, 0x00, 0x8a, 0x2c, 0xa2, 0x50, 0x28, 0x80,
  0x82, 0x28, 0xbe, 0x21, 0xe8, 0x80, 0x82, 0x28, 0xa0, 0x22, 0x28, 0x80, 0x8a, 0x28, 0xa2, 0x52,
  0x68, 0x80, 0x71, 0xc8, 0x9c, 0x89, 0xa7, 0x00, 0x00, 0x00, 0x00, 0x00, 0x00, 0x22, 0x00, 0x00,
  0x00, 0x00, 0x00, 0x00, 0x00, 0x1c, 0x00, 0x00, 0x00, 0x00, 0x00, 0x00, 0x00, 0x00, 0x00, 0x00,
  0x00, 0x07, 0x3e, 0x8b, 0xc7, 0x22, 0x00, 0x00, 0x00, 0x08, 0xaa, 0x92, 0x28, 0xa2, 0x00, 0x00,
  0x00, 0x08, 0x88, 0xe2, 0x28, 0xa6, 0x00, 0x00, 0x00, 0x08, 0x88, 0x92, 0x28, 0xaa, 0x00, 0x00,
  0x00, 0x08, 0x88, 0x8b, 0xc8, 0xb2, 0x00, 0x00, 0x00, 0x07, 0x08, 0x8a, 0x07, 0x22, 0x00, 0x00,
  0x00, 0x00, 0x00, 0x02, 0x00, 0x00, 0x00, 0x00, 0x00, 0x00, 0x00, 0x02, 0x00, 0x00, 0x00, 0x00,
  0x00, 0x00, 0x00, 0x00, 0x00, 0x00, 0x00, 0x00, 0x00, 0x00, 0x00, 0x00, 0x00, 0x00, 0x00, 0x00,
  0x00, 0x00, 0x00, 0x00, 0x00, 0x00, 0x00, 0x00, 0x00, 0x00, 0x00, 0x00, 0x00, 0x00, 0x00, 0x00,
  0x00, 0x00, 0x00, 0x00, 0x00, 0x00, 0x00, 0x00, 0x00, 0x00, 0x00, 0x00, 0x00, 0x00, 0x00, 0x00,
  0xfb, 0xc8, 0x8e, 0x72, 0xa7, 0x22, 0x89, 0xc0, 0x8a, 0x28, 0x92, 0x8a, 0xa8, 0xa2, 0x8a, 0x20,
  0x8a, 0x29, 0x92, 0x89, 0xcf, 0xbe, 0x9b, 0xe0, 0x8a, 0x2a, 0x92, 0x89, 0xc8, 0x22, 0xaa, 0x00,
  0x8b, 0xcc, 0x92, 0x8a, 0xa8, 0xa2, 0xca, 0x20, 0x8a, 0x08, 0xa2, 0x72, 0xa7, 0x22, 0x89, 0xc0,
  0x02, 0x00, 0x00, 0x00, 0x00, 0x00, 0x00, 0x00, 0x02, 0x00, 0x00, 0x00, 0x00, 0x00, 0x00, 0x00,
  0x00, 0x39, 0xe3, 0x96, 0x00, 0x00, 0x00, 0x45, 0x14, 0x59, 0x00, 0x00, 0x00, 0x45, 0x17, 0xd1,
  0x00, 0x00, 0x00, 0x45, 0x14, 0x11, 0x00, 0x00, 0x00, 0x45, 0xe4, 0x51, 0x00, 0x00, 0x00, 0x39,
  0x03, 0x91, 0x00, 0x00, 0x00, 0x01, 0x00, 0x00, 0x00, 0x00, 0x00, 0x01, 0x00, 0x00, 0x00, 0x00,
  0x00, 0x00, 0x00, 0x00, 0x00, 0x00, 0x00, 0x00, 0x00, 0x00, 0x00, 0x00, 0x00, 0x00, 0x00, 0x00,
  0x00, 0x00, 0x02, 0x00, 0x00, 0x00, 0x00, 0x00, 0x42, 0x00, 0x00, 0x00, 0x00, 0x00, 0x42, 0x00,
  0x00, 0x00, 0x00, 0x00, 0xf2, 0xc7, 0x00, 0x73, 0xcf, 0x00, 0x43, 0x28, 0x80, 0x0a, 0x28, 0x80,
  0x42, 0x2f, 0x80, 0x7a, 0x28, 0x80, 0x42, 0x28, 0x00, 0x8a, 0x28, 0x80, 0x4a, 0x28, 0x80, 0x9b,
  0xcf, 0x00, 0x32, 0x27, 0x00, 0x6a, 0x08, 0x00, 0x00, 0x00, 0x00, 0x02, 0x08, 0x00, 0x00, 0x00,
  0x00, 0x02, 0x08, 0x00, 0x00, 0x10, 0x00, 0x00, 0x00, 0x00, 0x10, 0x00, 0x00, 0x00, 0x00, 0x10,
  0x00, 0x00, 0x00, 0x03, 0x9e, 0x58, 0xe0, 0x00, 0x00, 0x51, 0x65, 0x10, 0x00, 0x03, 0xd1, 0x41,
  0xf0, 0x00, 0x04, 0x51, 0x41, 0x00, 0x00, 0x04, 0xd1, 0x41, 0x10, 0x00, 0x03, 0x5e, 0x40, 0xe0,
  0x00, 0x00, 0x00, 0x00, 0x00, 0x00, 0x00, 0x00, 0x00, 0x00, 0x00, 0x00, 0x00, 0x00, 0x00, 0x00,
  0x00, 0x00, 0x00, 0x00, 0x00, 0x00, 0x00, 0x00, 0x00, 0x00, 0xc0, 0x00, 0x00, 0x00, 0x00, 0x40,
  0x00, 0x00, 0x00, 0x00, 0x40, 0x00, 0x00, 0x00, 0x00, 0x43, 0x80, 0x39, 0xe7, 0x80, 0x40, 0x40,
  0x05, 0x14, 0x40, 0x43, 0xc0, 0x3d, 0x14, 0x40, 0x44, 0x40, 0x45, 0x14, 0x40, 0x44, 0xc0, 0x4d,
  0xe7, 0x80, 0xe3, 0x40, 0x35, 0x04, 0x00, 0x00, 0x00, 0x01, 0x04, 0x00, 0x00, 0x00, 0x01, 0x04,
  0x00, 0x00, 0x40, 0x00, 0x00, 0x00, 0x40, 0x00, 0x00, 0x00, 0x40, 0x00, 0x00, 0x0e, 0x79, 0x63,
  0x80, 0x01, 0x45, 0x90, 0x40, 0x0f, 0x45, 0x03, 0xc0, 0x11, 0x45, 0x04, 0x40, 0x13, 0x45, 0x04,
  0xc0, 0x0d, 0x79, 0x03, 0x40, 0x00, 0x00, 0x00, 0x00, 0x00, 0x00, 0x00, 0x00, 0x00, 0x00, 0x00,
  0x00, 0x00, 0x00, 0x00, 0x00, 0x00, 0x00, 0x00, 0x00, 0x00, 0x00, 0x00, 0x00, 0x00, 0x00, 0x00,
  0x00, 0x00, 0x00, 0x00, 0x00, 0x70, 0x07, 0x3c, 0xf0, 0x88, 0x00, 0xa2, 0x88, 0x88, 0x07, 0xa2,
  0x88, 0x88, 0x08, 0xa2, 0x88, 0x88, 0x09, 0xbc, 0xf0, 0x70, 0x06, 0xa0, 0x80, 0x00, 0x00, 0x20,
  0x80, 0x00, 0x00, 0x20, 0x80, 0x89, 0xc0, 0x3e, 0x72, 0x27, 0x1c, 0x88, 0x20, 0x22, 0x0a, 0x28,
  0xa2, 0xf9, 0xe0, 0x22, 0x7a, 0x23, 0x3e, 0x8a, 0x20, 0x22, 0x8a, 0x60, 0xa0, 0x8a, 0x60, 0x22,
  0x99, 0xa8, 0xa2, 0x89, 0xa0, 0x22, 0x68, 0x27, 0x1c, 0x00, 0x00, 0x00, 0x02, 0x20, 0x00, 0x00,
  0x00, 0x00, 0x01, 0xc0, 0x00, 0x00, 0x00, 0x00, 0x00, 0x20, 0x00, 0x00, 0x00, 0x00, 0x20, 0x00,
  0x00, 0x00, 0x00, 0x20, 0xf1, 0xc8, 0x9c, 0x71, 0xe0, 0x88, 0x28, 0xa2, 0x8a, 0x20, 0x89, 0xe8,
  0x98, 0xfa, 0x20, 0x8a, 0x28, 0x84, 0x82, 0x20, 0xf2, 0x69, 0xa2, 0x8a, 0x20, 0x81, 0xa6, 0x9c,
  0x71, 0xe0, 0x80, 0x00, 0x00, 0x00, 0x00, 0x80, 0x00, 0x00, 0x00, 0x00, 0x72, 0xc0, 0x3c, 0x72,
  0x27, 0x1c, 0x8b, 0x20, 0x22, 0x0a, 0x28, 0x82, 0xfa, 0x20, 0x22, 0x7a, 0x26, 0x1e, 0x82, 0x20,
  0x22, 0x8a, 0x21, 0x22, 0x8a, 0x20, 0x3c, 0x9a, 0x68, 0xa6, 0x72, 0x20, 0x20, 0x69, 0xa7, 0x1a,
  0x00, 0x00, 0x20, 0x00, 0x00, 0x00, 0x00, 0x00, 0x20, 0x00, 0x00, 0x00, 0x00, 0x00, 0x00, 0x00,
  0x20, 0x00, 0x00, 0x00, 0x00, 0x00, 0x20, 0x00, 0x00, 0x00, 0x00, 0x00, 0x20, 0x00, 0xf1, 0xc8,
  0x9c, 0x71, 0xe7, 0x00, 0x88, 0x28, 0xa2, 0x0a, 0x28, 0x80, 0x89, 0xe8, 0x98, 0x7a, 0x28, 0x80,
  0x8a, 0x28, 0x84, 0x8a, 0x28, 0x80, 0xf2, 0x69, 0xa2, 0x9a, 0x28, 0x80, 0x81, 0xa6, 0x9c, 0x69,
  0xe7, 0x00, 0x80, 0x00, 0x00, 0x00, 0x00, 0x00, 0x80, 0x00, 0x00, 0x00, 0x00, 0x00, 0xf9, 0xcf,
  0x1c, 0xf2, 0x40, 0x8a, 0x28, 0xa2, 0x8a, 0xa0, 0x82, 0x2f, 0x22, 0x8a, 0xa0, 0x82, 0x28, 0xa2,
  0x8b, 0xa0, 0x82, 0x28, 0xa2, 0xf2, 0xa0, 0x81, 0xcf, 0x1c, 0x82, 0x40, 0x00, 0x00, 0x00, 0x80,
  0x00, 0x00, 0x00, 0x00, 0x80, 0x00, 0x00, 0x06, 0x20, 0x00, 0x00, 0x00, 0x40, 0x02, 0x20, 0x20,
  0x00, 0x00, 0x40, 0x02, 0x20, 0x00, 0x00, 0x00, 0xf1, 0xc2, 0x24, 0x62, 0xc7, 0x00, 0x40, 0x22,
  0x28, 0x23, 0x28, 0x80, 0x41, 0xe2, 0x30, 0x22, 0x28, 0x80, 0x42, 0x22, 0x28, 0x22, 0x28, 0x80,
  0x4a, 0x62, 0x24, 0x22, 0x27, 0x80, 0x31, 0xa7, 0x22, 0x72, 0x20, 0x80, 0x00, 0x00, 0x00, 0x00,
  0x08, 0x80, 0x00, 0x00, 0x00, 0x00, 0x07, 0x00, 0x80, 0x08, 0x18, 0x00, 0x00, 0x80, 0x80, 0x08,
  0x08, 0x00, 0x00, 0x80, 0x80, 0x08, 0x08, 0x00, 0x00, 0x80, 0xb1, 0xcf, 0x08, 0x72, 0xc7, 0x9c,
  0xc8, 0x28, 0x88, 0x0b, 0x28, 0xa2, 0x89, 0xe8, 0x88, 0x7a, 0x28, 0xa2, 0x8a, 0x28, 0x88, 0x8a,
  0x28, 0xa2, 0x8a, 0x68, 0x88, 0x9a, 0x28, 0xa2, 0x89, 0xaf, 0x1c, 0x6a, 0x27, 0x9c, 0x30, 0x06,
  0x00, 0x00, 0x20, 0x00, 0x48, 0x02, 0x00, 0x00, 0x20, 0x00, 0x40, 0x02, 0x00, 0x00, 0x20, 0x00,
  0x41, 0xc2, 0x1c, 0xb1, 0xe7, 0x00, 0xf0, 0x22, 0x02, 0xca, 0x28, 0x80, 0x41, 0xe2, 0x1e, 0x8a,
  0x28, 0x80, 0x42, 0x22, 0x22, 0x8a, 0x28, 0x80, 0x42, 0x62, 0x26, 0x8a, 0x28, 0x80, 0x41, 0xa7,
  0x1a, 0x89, 0xe7, 0x00, 0x04, 0x80, 0x03, 0x00, 0x64, 0x80, 0x95, 0x80, 0x96, 0x80, 0x64, 0x80,
  0x64, 0x40, 0x95, 0x40, 0x95, 0x40, 0x62, 0x80, 0x74, 0x80, 0x94, 0x80, 0x93, 0x80, 0x74, 0x80,
  0x03, 0x00, 0x01, 0x00, 0x00, 0x00, 0x73, 0x00, 0x91, 0x00, 0x91, 0x00, 0x73, 0x80, 0x00, 0x20,
  0x00, 0x00, 0x00, 0x01, 0xc0, 0x00, 0x00, 0x00, 0x02, 0x00, 0x00, 0x00, 0x00, 0x03, 0xc8, 0x8e,
  0x70, 0x00, 0x02, 0x28, 0x92, 0x88, 0x00, 0x02, 0x2e, 0x92, 0x88, 0x00, 0x02, 0x29, 0x92, 0x88,
  0x00, 0x02, 0x29, 0x92, 0x88, 0x00, 0x01, 0xce, 0xa2, 0x70, 0x00, 0x00, 0x00, 0x00, 0x00, 0x00,
  0x00, 0x00, 0x00, 0x00, 0x00, 0x00, 0x00, 0x00, 0x00, 0x00, 0x00, 0x00, 0x00, 0x00, 0x00, 0x00,
  0x00, 0x00, 0x00, 0x00, 0x08, 0x00, 0x00, 0x00, 0x00, 0x70, 0x00, 0x00, 0x00, 0x00, 0x80, 0x00,
  0x00, 0x00, 0x00, 0xf1, 0xc3, 0xa0, 0x89, 0xc0, 0x8a, 0x24, 0xa0, 0x8a, 0x20, 0x8a, 0x24, 0xbc,
  0xfa, 0x20, 0x8a, 0x24, 0xa2, 0x8a, 0x20, 0x8a, 0x24, 0xa2, 0x8a, 0x20, 0x71, 0xc8, 0xbc, 0x89,
  0xc0, 0x02, 0x00, 0x00, 0x42, 0x00, 0x10, 0x42, 0x00, 0x10, 0xf2, 0xc7, 0x3c, 0x43, 0x20, 0x90,
  0x42, 0x27, 0x90, 0x42, 0x28, 0x90, 0x4a, 0x29, 0x92, 0x32, 0x26, 0x8c, 0x00, 0x00, 0x00, 0x00,
  0x00, 0x00, 0x00, 0x00, 0x00, 0x00, 0x00, 0x00, 0x00, 0x00, 0x00, 0x80, 0x00, 0x00, 0x80, 0x00,
  0x10, 0x80, 0x00, 0x10, 0xb2, 0x2b, 0x3c, 0xca, 0x2c, 0x90, 0x8a, 0x28, 0x10, 0x8a, 0x28, 0x10,
  0x8a, 0x68, 0x12, 0x89, 0xa8, 0x0c, 0x00, 0x68, 0xe0, 0x00, 0x00, 0x55, 0x10, 0x00, 0x00, 0x55,
  0xf0, 0x00, 0x00, 0x55, 0x00, 0x00, 0x00, 0x55, 0x10, 0x00, 0x00, 0x44, 0xe0, 0x00, 0x00, 0x00,
  0x00, 0x00, 0x00, 0x00, 0x00, 0x00, 0x00, 0x00, 0x00, 0x00, 0x00, 0x00, 0x00, 0x00, 0x00, 0x00,
  0x00, 0x00, 0x08, 0x06, 0x00, 0x10, 0x08, 0x02, 0x08, 0x20, 0x08, 0x02, 0x00, 0x00, 0x79, 0xc2,
  0x18, 0x70, 0x8a, 0x22, 0x08, 0x88, 0x8a, 0x22, 0x08, 0x88, 0x8a, 0x22, 0x08, 0x88, 0x8a, 0x22,
  0x08, 0x88, 0x79, 0xc7, 0x1c, 0x70, 0x20, 0x00, 0x00, 0x00, 0x00, 0x00, 0x61, 0xc7, 0x1c, 0x22,
  0x28, 0xa2, 0x21, 0x86, 0x22, 0x20, 0x41, 0x22, 0x22, 0x28, 0xa2, 0x71, 0xc7, 0x1c, 0x00, 0x00,
  0x00, 0x00, 0x00, 0x00, 0x00, 0x00, 0x00, 0x00, 0x00, 0x00, 0x00, 0x00, 0x00, 0x08, 0x00, 0x00,
  0x08, 0x00, 0x00, 0x08, 0x00, 0x00, 0x79, 0xc7, 0x22, 0x8a, 0x28, 0xa2, 0x8a, 0x2f, 0xa2, 0x8a,
  0x28, 0x22, 0x8a, 0x28, 0xa6, 0x79, 0xc7, 0x1a, 0x00, 0x00, 0x80, 0x00, 0x00, 0x00, 0x00, 0x00,
  0x00, 0x07, 0x00, 0x00, 0x00, 0x00, 0x00, 0x00, 0x00, 0x08, 0x00, 0x00, 0x00, 0x00, 0x00, 0x00,
  0xf9, 0xcf, 0x1e, 0x02, 0x27, 0x2a, 0x3a, 0x20, 0xaa, 0x28, 0xa2, 0x02, 0x20, 0xaa, 0x4a, 0x20,
  0x23, 0xe8, 0xa2, 0x03, 0xe7, 0xaa, 0x4a, 0x60, 0x22, 0x08, 0x9e, 0x02, 0x28, 0xaa, 0x4a, 0xa0,
  0x22, 0x28, 0x92, 0x02, 0x29, 0xaa, 0x4b, 0x20, 0x21, 0xc7, 0x22, 0x02, 0x26, 0xbe, 0x8a, 0x20,
  0x30, 0x00, 0x00, 0x08, 0x00, 0x00, 0x00, 0x48, 0x00, 0x00, 0x08, 0x00, 0x00, 0x00, 0x40, 0x00,
  0x00, 0x08, 0x00, 0x00, 0x00, 0x41, 0xc8, 0xac, 0x78, 0x08, 0x9c, 0x88, 0xf2, 0x28, 0xb2, 0x88,
  0x08, 0xa2, 0x88, 0x42, 0x28, 0xa2, 0x88, 0x08, 0xa2, 0x88, 0x42, 0x28, 0xa2, 0x88, 0x09, 0xa2,
  0x88, 0x42, 0x29, 0xa2, 0x88, 0x06, 0xa2, 0x98, 0x41, 0xc6, 0xa2, 0x78, 0x00, 0x9c, 0x68, 0x00,
  0x00, 0x00, 0x00, 0x08, 0x80, 0x00, 0x00, 0x00, 0x00, 0x00, 0x07, 0x00, 0x00, 0x00, 0x00, 0x00,
  0x80, 0x00, 0x00, 0x00, 0x00, 0x00, 0x00, 0x80, 0x00, 0x00, 0x00, 0x00, 0x00, 0x01, 0xc6, 0x00,
  0x00, 0x00, 0x00, 0x00, 0x00, 0x8b, 0x00, 0x00, 0x00, 0x00, 0x00, 0x00, 0xac, 0x00, 0x00, 0x00,
  0x00, 0x00, 0x00, 0x46, 0x00, 0x00, 0x00, 0x00, 0x00, 0x00, 0x00, 0x00, 0x00, 0x00, 0x00, 0x00,
  0x00, 0x00, 0x00, 0x00, 0x00, 0x00, 0x00, 0x00, 0x00, 0x00, 0x00, 0x00, 0x00, 0x00, 0x00, 0x00,
  0x00, 0x00, 0x00, 0x00, 0x00, 0x00, 0x00, 0x00, 0x00, 0x00, 0x00, 0x00, 0x00, 0x00, 0x00, 0x00,
  0x00, 0x00, 0x00, 0x00, 0x00, 0x00, 0x00, 0x00, 0x00, 0x00, 0x00, 0x00, 0x00, 0x00, 0x00, 0x00,
  0x00, 0x00, 0x20, 0x00, 0x00, 0x00, 0x00, 0x00, 0x00, 0x20, 0x00, 0x00, 0x00, 0x67, 0x0c, 0xce,
  0x72, 0x8e, 0xa3, 0x38, 0xb4, 0x91, 0x29, 0x23, 0x52, 0xd4, 0xa4, 0xc4, 0x91, 0x29, 0x2a, 0x12,
  0x84, 0xa4, 0x64, 0x8c, 0xc9, 0x12, 0x0e, 0x83, 0x24, 0x00, 0x00, 0x00, 0x02, 0x00, 0x00, 0x00,
  0x00, 0x40, 0x00, 0x00, 0x02, 0x00, 0x00, 0x00, 0x00, 0x40, 0x00, 0x00, 0x02, 0x00, 0x00, 0x00,
  0x00, 0xf1, 0xc0, 0x1c, 0x72, 0xc7, 0x2c, 0x73, 0x40, 0x42, 0x20, 0x02, 0x8b, 0x20, 0xb2, 0x0a,
  0xa0, 0x43, 0xe0, 0x1e, 0x82, 0x27, 0xa0, 0x7a, 0xa0, 0x42, 0x00, 0x22, 0x82, 0x28, 0xa0, 0x8a,
  0xa0, 0x4a, 0x20, 0x26, 0x8a, 0x29, 0xa0, 0x9a, 0xa0, 0x31, 0xc0, 0x1a, 0x72, 0x26, 0xa0, 0x6a,
  0x20, 0x71, 0xcf, 0xa0, 0x00, 0xe9, 0x0c, 0x88, 0x8a, 0x2a, 0xa0, 0x01, 0x2a, 0x94, 0x88, 0xfa,
  0x02, 0x3c, 0x01, 0x2a, 0x94, 0x98, 0x82, 0x02, 0x22, 0x01, 0x2e, 0x94, 0xa8, 0x8a, 0x22, 0x22,
  0x01, 0x2a, 0x94, 0xc8, 0x71, 0xc2, 0x3c, 0x02, 0x29, 0x3e, 0x88, 0x00, 0x00, 0x00, 0x00, 0x00,
  0x22, 0x00, 0x00, 0x00, 0x00, 0x60, 0x00, 0x00, 0x00, 0x00, 0x20, 0x00, 0x00, 0x00, 0x00, 0x20,
  0x00, 0xf1, 0xc7, 0x3c, 0x21, 0xc0, 0x8a, 0x28, 0xa2, 0x22, 0x20, 0x8b, 0xe8, 0xa2, 0x23, 0xe0,
  0x8a, 0x08, 0xa2, 0x22, 0x00, 0xf2, 0x28, 0xbc, 0x22, 0x20, 0x81, 0xc7, 0x20, 0x71, 0xc0, 0x80,
  0x00, 0x20, 0x00, 0x00, 0x80, 0x00, 0x20, 0x00, 0x00, 0x80, 0x00, 0x00, 0x00, 0x00, 0x00, 0x00,
  0x80, 0x00, 0x00, 0x00, 0x00, 0x10, 0x00, 0x80, 0x00, 0x00, 0x00, 0x00, 0x10, 0x00, 0xb1, 0xc8,
  0x80, 0x71, 0xcb, 0x3c, 0x70, 0xc8, 0x28, 0x80, 0x8a, 0x2c, 0x90, 0x88, 0x89, 0xe8, 0x80, 0x8b,
  0xe8, 0x90, 0xf8, 0x8a, 0x29, 0x80, 0x8a, 0x08, 0x90, 0x80, 0x8a, 0x66, 0x80, 0x7a, 0x28, 0x92,
  0x88, 0x89, 0xa0, 0x80, 0x09, 0xc8, 0x8c, 0x70, 0x00, 0x08, 0x80, 0x88, 0x00, 0x00, 0x00, 0x00,
  0x07, 0x00, 0x70, 0x00, 0x00, 0x00, 0x40, 0x00, 0x00, 0x00, 0x00, 0x10, 0x00, 0x40, 0x00, 0x00,
  0x00, 0x00, 0x10, 0x00, 0xf1, 0xcd, 0x00, 0x71, 0xcb, 0x3c, 0x70, 0x42, 0x2a, 0x80, 0x8a, 0x2c,
  0x90, 0x88, 0x43, 0xea, 0x80, 0x8b, 0xe8, 0x90, 0xf8, 0x42, 0x0a, 0x80, 0x8a, 0x08, 0x90, 0x80,
  0x4a, 0x2a, 0x80, 0x7a, 0x28, 0x92, 0x88, 0x31, 0xc8, 0x80, 0x09, 0xc8, 0x8c, 0x70, 0x00, 0x00,
  0x00, 0x88, 0x00, 0x00, 0x00, 0x00, 0x00, 0x00, 0x70, 0x00, 0x00, 0x00, 0x8a, 0x28, 0x9c, 0xf9,
  0xc0, 0x8a, 0x29, 0x22, 0x8a, 0x20, 0xfa, 0x6e, 0x22, 0x82, 0x20, 0x8a, 0xa9, 0x22, 0x82, 0x20,
  0x8b, 0x28, 0xa2, 0x82, 0x20, 0x8a, 0x28, 0x9c, 0x81, 0xc0, 0x00, 0x08, 0x00, 0x08, 0x00, 0x00,
  0x08, 0x00, 0x08, 0x00, 0x00, 0x08, 0x00, 0x08, 0x00, 0xb1, 0xcf, 0x1c, 0x7a, 0x20, 0xca, 0x28,
  0xa2, 0x8a, 0x20, 0x8a, 0x28, 0xa2, 0x8a, 0x20, 0x8a, 0x28, 0xa2, 0x8a, 0x60, 0x8a, 0x28, 0xa2,
  0x89, 0xa0, 0x89, 0xcf, 0x1c, 0x78, 0x20, 0x00, 0x00, 0x00, 0x02, 0x20, 0x00, 0x00, 0x00, 0x01,
  0xc0, 0x00, 0x00, 0x80, 0x00, 0x00, 0x00, 0x88, 0x00, 0x00, 0x00, 0x80, 0x00, 0xb1, 0xc7, 0x98,
  0x70, 0xc8, 0x28, 0x88, 0x88, 0x89, 0xe8, 0x88, 0xf8, 0x8a, 0x28, 0x88, 0x80, 0x8a, 0x68, 0x88,
  0x88, 0x89, 0xa7, 0x9c, 0x70, 0x00, 0x00, 0x00, 0x00, 0x40, 0x00, 0x00, 0x80, 0x00, 0x00, 0x80,
  0x00, 0x00, 0x00, 0x00, 0x00, 0x00, 0x00, 0xb1, 0x8b, 0x1c, 0x89, 0xcd, 0x00, 0xc8, 0x8c, 0xa2,
  0x8a, 0x2a, 0x80, 0x88, 0x88, 0xa2, 0x8b, 0xea, 0x80, 0x88, 0x88, 0xa2, 0x8a, 0x0a, 0x80, 0x88,
  0x88, 0x9e, 0x9a, 0x2a, 0x80, 0x89, 0xc8, 0x82, 0x69, 0xc8, 0x80, 0x00, 0x00, 0x22, 0x00, 0x00,
  0x00, 0x00, 0x00, 0x1c, 0x00, 0x00, 0x00, 0x72, 0x27, 0x3e, 0xf1, 0xef, 0x80, 0x8b, 0x68, 0xaa,
  0x8a, 0x2a, 0x80, 0x82, 0xa8, 0x88, 0x8a, 0x22, 0x00, 0x82, 0xa8, 0x88, 0x89, 0xe2, 0x00, 0x8a,
  0x28, 0x88, 0xf1, 0x22, 0x00, 0x72, 0x27, 0x08, 0x82, 0x22, 0x00, 0x00, 0x00, 0x00, 0x80, 0x00,
  0x00, 0x00, 0x00, 0x00, 0x80, 0x00, 0x00, 0xc0, 0x00, 0x40, 0x00, 0x00, 0x40, 0x00, 0x40, 0x40,
  0x00, 0x40, 0x00, 0x40, 0x00, 0x00, 0x43, 0x8e, 0x48, 0xc5, 0x8e, 0x44, 0x51, 0x50, 0x46, 0x51,
  0x44, 0x51, 0x60, 0x44, 0x51, 0x44, 0x51, 0x50, 0x44, 0x51, 0x44, 0x51, 0x48, 0x44, 0x4f, 0xe3,
  0x8e, 0x44, 0xe4, 0x41, 0x00, 0x00, 0x00, 0x00, 0x11, 0x00, 0x00, 0x00, 0x00, 0x0e, 0x40, 0x00,
  0x00, 0x20, 0x00, 0x00, 0x40, 0x00, 0x00, 0x00, 0x00, 0x00, 0xf1, 0xc0, 0x34, 0x62, 0xc7, 0x2c,
  0x42, 0x20, 0x2a, 0x23, 0x20, 0xb2, 0x43, 0xe0, 0x2a, 0x22, 0x07, 0xa2, 0x42, 0x00, 0x2a, 0x22,
  0x08, 0xa2, 0x4a, 0x20, 0x2a, 0x22, 0x09, 0xa2, 0x31, 0xc0, 0x22, 0x72, 0x06, 0xa2, 0x00, 0x00,
  0x00, 0x62, 0x00, 0x00, 0x40, 0x00, 0x00, 0x22, 0x00, 0x00, 0x40, 0x00, 0x00, 0x22, 0x00, 0x00,
  0xf1, 0xc0, 0x1c, 0x22, 0xc7, 0x34, 0x42, 0x20, 0x22, 0x23, 0x20, 0xaa, 0x43, 0xe0, 0x22, 0x22,
  0x27, 0xaa, 0x42, 0x00, 0x22, 0x22, 0x28, 0xaa, 0x4a, 0x20, 0x22, 0x22, 0x29, 0xaa, 0x31, 0xc0,
  0x1c, 0x72, 0x26, 0xa2, 0x71, 0xcf, 0xbc, 0x71, 0xc0, 0x88, 0x28, 0xa2, 0x8a, 0x20, 0x31, 0xe8,
  0xa2, 0x8a, 0x00, 0x0a, 0x28, 0xa2, 0x8a, 0x00, 0x8a, 0x68, 0xbc, 0x8a, 0x20, 0x71, 0xa8, 0xa0,
  0x71, 0xc0, 0x00, 0x00, 0x20, 0x00, 0x00, 0x00, 0x00, 0x20, 0x00, 0x00, 0x00, 0x00, 0x00, 0x00,
  0x04, 0x00, 0x00, 0x00, 0x00, 0x00, 0x04, 0x00, 0xb1, 0xc7, 0xa2, 0x71, 0xcf, 0x00, 0xca, 0x28,
  0xa2, 0x8a, 0x24, 0x00, 0x83, 0xe8, 0xa2, 0xf9, 0x84, 0x00, 0x82, 0x08, 0xa2, 0x80, 0x44, 0x00,
  0x82, 0x27, 0xa6, 0x8a, 0x24, 0x80, 0x81, 0xc0, 0x9a, 0x71, 0xc3, 0x00, 0x00, 0x00, 0x80, 0x00,
  0x00, 0x00, 0x00, 0x00, 0x80, 0x00, 0x00, 0x00, 0x00, 0x06, 0x00, 0x00, 0x00, 0x00, 0x08, 0x00,
  0x02, 0x08, 0x00, 0x84, 0x00, 0x08, 0x00, 0x02, 0x00, 0x00, 0x04, 0x00, 0x08, 0x71, 0xc2, 0x18,
  0x71, 0x8f, 0x22, 0x78, 0x8a, 0x22, 0x08, 0x88, 0x84, 0x22, 0x88, 0x62, 0x22, 0x08, 0x80, 0x84,
  0x22, 0x88, 0x12, 0x22, 0x08, 0x80, 0x84, 0x22, 0x88, 0x8a, 0x22, 0x08, 0x88, 0x84, 0xa6, 0x88,
  0x71, 0xc7, 0x1c, 0x71, 0xc3, 0x1a, 0x78, 0x00, 0x00, 0x80, 0x08, 0x00, 0x00, 0x00, 0x88, 0x08,
  0x00, 0x00, 0x00, 0x80, 0x08, 0x00, 0xf1, 0xc7, 0x98, 0x79, 0xc0, 0x8a, 0x28, 0x88, 0x8a, 0x20,
  0x8b, 0xe8, 0x88, 0x8a, 0x20, 0x8a, 0x08, 0x88, 0x8a, 0x20, 0xf2, 0x28, 0x88, 0x8a, 0x20, 0x81,
  0xc7, 0x9c, 0x79, 0xc0, 0x80, 0x00, 0x00, 0x00, 0x00, 0x80, 0x00, 0x00, 0x00, 0x00, 0xfb, 0xc8,
  0xa2, 0x7b, 0xe0, 0x8a, 0x28, 0xa2, 0x8a, 0xa0, 0x8a, 0x29, 0xbe, 0x88, 0x80, 0x8a, 0x2a, 0xa2,
  0x78, 0x80, 0x8b, 0xcc, 0xa2, 0x48, 0x80, 0x8a, 0x08, 0xa2, 0x88, 0x80, 0x02, 0x00, 0x00, 0x00,
  0x00, 0x02, 0x00, 0x00, 0x00, 0x00, 0x00, 0x00, 0x00, 0x00, 0x00, 0x02, 0x00, 0x00, 0x00, 0x01,
  0x00, 0x02, 0x00, 0x00, 0x00, 0x01, 0x00, 0x02, 0x71, 0xc7, 0x1c, 0xf3, 0xc7, 0x1e, 0x0a, 0x28,
  0xa2, 0x89, 0x08, 0xa2, 0x7a, 0x08, 0x3e, 0x89, 0x0f, 0xa2, 0x8a, 0x08, 0x20, 0x89, 0x08, 0x22,
  0x9a, 0x28, 0xa2, 0xf1, 0x28, 0xa2, 0x69, 0xc7, 0x1c, 0x80, 0xc7, 0x1e, 0x00, 0x00, 0x00, 0x80,
  0x00, 0x00, 0x00, 0x00, 0x00, 0x80, 0x00, 0x00, 0x00, 0x00, 0x00, 0x00, 0x00, 0x80, 0x00, 0x00,
  0x00, 0x40, 0x00, 0x80, 0x00, 0x00, 0x00, 0x40, 0x00, 0x80, 0x71, 0xc7, 0x3c, 0xf1, 0xc7, 0x9c,
  0x0a, 0x28, 0xa2, 0x40, 0x28, 0xa2, 0x7a, 0x0f, 0xa2, 0x41, 0xe8, 0xa2, 0x8a, 0x08, 0x22, 0x42,
  0x28, 0xa2, 0x9a, 0x28, 0xbc, 0x4a, 0x68, 0xa2, 0x69, 0xc7, 0x20, 0x31, 0xa7, 0x9c, 0x00, 0x00,
  0x20, 0x00, 0x00, 0x00, 0x00, 0x00, 0x20, 0x00, 0x00, 0x00, 0x00, 0x00, 0x08, 0x40, 0x00, 0x00,
  0x00, 0x00, 0x40, 0x00, 0x71, 0xc7, 0x18, 0xf1, 0xc0, 0x0a, 0x28, 0x88, 0x42, 0x20, 0x7a, 0x0f,
  0x88, 0x42, 0x20, 0x8a, 0x08, 0x08, 0x42, 0x20, 0x9a, 0x28, 0x88, 0x4a, 0x20, 0x69, 0xc7, 0x1c,
  0x31, 0xc0, 0x00, 0x00, 0x14, 0x00, 0x00, 0x00, 0x14, 0x00, 0x00, 0x00, 0x00, 0x00, 0x73, 0xe8,
  0x9c, 0xf8, 0x8a, 0xa8, 0xa2, 0xa8, 0x88, 0x88, 0xbe, 0x20, 0x88, 0x87, 0xa0, 0x20, 0x88, 0x80,
  0xa2, 0x20, 0x70, 0x80, 0x9c, 0x20, 0x00, 0x00, 0x00, 0x01, 0x00, 0x00, 0x00, 0x00, 0x01, 0x00,
  0xb1, 0xcf, 0x1c, 0xb3, 0xc0, 0xca, 0x28, 0xa2, 0xc9, 0x00, 0x83, 0xe8, 0xa2, 0x81, 0x00, 0x82,
  0x08, 0xa2, 0x81, 0x00, 0x82, 0x2f, 0x22, 0x81, 0x20, 0x81, 0xc8, 0x1c, 0x80, 0xc0, 0x00, 0x08,
  0x00, 0x00, 0x00, 0x00, 0x08, 0x00, 0x00, 0x00, 0x00, 0x06, 0x00, 0x00, 0x00, 0x40, 0x09, 0x00,
  0x00, 0x00, 0x00, 0x08, 0x00, 0x00, 0x00, 0xc5, 0x88, 0x39, 0x66, 0x8e, 0x46, 0x5e, 0x45, 0x95,
  0x51, 0x44, 0x48, 0x45, 0x05, 0x5f, 0x44, 0x48, 0x45, 0x05, 0x50, 0x44, 0x48, 0x45, 0x05, 0x51,
  0xe4, 0x48, 0x39, 0x04, 0x4e, 0x00, 0x06, 0x00, 0x00, 0x40, 0x00, 0x00, 0x00, 0x02, 0x00, 0x40,
  0x80, 0x08, 0x00, 0x00, 0x02, 0x00, 0x40, 0x00, 0x00, 0x00, 0xb1, 0xc2, 0x1c, 0xf1, 0xcb, 0x18,
  0x70, 0xca, 0x22, 0x02, 0x42, 0x2c, 0x88, 0x88, 0x83, 0xe2, 0x1e, 0x42, 0x28, 0x08, 0x88, 0x82,
  0x02, 0x22, 0x42, 0x28, 0x08, 0x88, 0x82, 0x22, 0x26, 0x4a, 0x28, 0x08, 0x88, 0x81, 0xc7, 0x1a,
  0x31, 0xc8, 0x1c, 0x70, 0xf9, 0xcf, 0x1c, 0xf9, 0xcf, 0x1c, 0xf2, 0x20, 0x8a, 0x28, 0xa2, 0x8a,
  0x28, 0xa2, 0x8a, 0x20, 0x8b, 0xe8, 0xbe, 0x82, 0x2f, 0x22, 0x8b, 0xa0, 0x8a, 0x08, 0xa0, 0x82,
  0x28, 0xa2, 0x8a, 0x60, 0x8a, 0x2f, 0x22, 0x82, 0x28, 0xa2, 0xf2, 0x60, 0x89, 0xc8, 0x1c, 0x81,
  0xcf, 0x1c, 0x83, 0xa0, 0x00, 0x08, 0x00, 0x00, 0x00, 0x00, 0x80, 0x00, 0x00, 0x08, 0x00, 0x00,
  0x00, 0x00, 0x80, 0x00, 0x00, 0x06, 0x20, 0x00, 0x40, 0x02, 0x20, 0x00, 0x40, 0x02, 0x20, 0x00,
  0xf1, 0xc2, 0x24, 0x70, 0x40, 0x22, 0x28, 0x88, 0x41, 0xe2, 0x30, 0x60, 0x42, 0x22, 0x28, 0x10,
  0x4a, 0x62, 0x24, 0x88, 0x31, 0xa7, 0x22, 0x70, 0x00, 0x00, 0x00, 0x00, 0x00, 0x01, 0x00, 0x00,
  0x00, 0x00, 0x10, 0x00, 0x22, 0x00, 0x00, 0x00, 0x00, 0x00, 0x00, 0x00, 0x00, 0xe3, 0x18, 0xc3,
  0x31, 0xc6, 0x63, 0x38, 0x95, 0xa5, 0x24, 0x12, 0x48, 0x24, 0xa4, 0x96, 0x1d, 0x24, 0x12, 0x48,
  0x24, 0xa4, 0x93, 0x04, 0xc3, 0x39, 0xc6, 0x73, 0x24, 0x00, 0x18, 0x00, 0x00, 0x00, 0x00, 0x00,
  0x00, 0x00, 0x00, 0x00, 0x00, 0x00, 0x28, 0x00, 0x00, 0x00, 0x00, 0x00, 0x80, 0x00, 0x50, 0x00,
  0x00, 0x00, 0x00, 0x00, 0x00, 0x00, 0x00, 0x00, 0xb1, 0xc7, 0x1c, 0x71, 0x87, 0x1c, 0x71, 0xc0,
  0xca, 0x28, 0xa2, 0x88, 0x80, 0xa2, 0x0a, 0x20, 0x8b, 0xe8, 0xa2, 0x80, 0x87, 0xa0, 0x7a, 0x20,
  0x8a, 0x08, 0xa2, 0x80, 0x88, 0xa0, 0x8a, 0x20, 0x8a, 0x27, 0xa2, 0x88, 0x89, 0xa2, 0x9a, 0x20,
  0x89, 0xc0, 0x9c, 0x71, 0xc6, 0x9c, 0x69, 0xc0, 0x00, 0x08, 0x80, 0x00, 0x00, 0x08, 0x00, 0x00,
  0x00, 0x07, 0x00, 0x00, 0x00, 0x10, 0x00, 0x00, 0x33, 0xc7, 0x3c, 0x80, 0x52, 0x28, 0xa2, 0x80,
  0x53, 0xcf, 0xa2, 0xf0, 0x52, 0x28, 0x22, 0x88, 0x52, 0x28, 0xbc, 0x88, 0xfb, 0xc7, 0x20, 0xf0,
  0x88, 0x00, 0x20, 0x00, 0x00, 0x00, 0x20, 0x00, 0x08, 0x00, 0x00, 0x08, 0x00, 0x00, 0x08, 0x00,
  0x00, 0x79, 0xc7, 0x2c, 0x8a, 0x28, 0xb2, 0x8a, 0x28, 0xa0, 0x8a, 0x28, 0xa0, 0x8a, 0x28, 0xa0,
  0x79, 0xc7, 0x20, 0x00, 0x00, 0x00, 0x40, 0x00, 0x00, 0x00, 0x00, 0x40, 0x00, 0xf2, 0x27, 0x2c,
  0xf1, 0xc0, 0x8a, 0x28, 0xb2, 0x40, 0x20, 0x8a, 0x2f, 0xa0, 0x41, 0xe0, 0x8a, 0x28, 0x20, 0x42,
  0x20, 0xf2, 0x68, 0xa0, 0x4a, 0x60, 0x81, 0xa7, 0x20, 0x31, 0xa0, 0x80, 0x00, 0x00, 0x00, 0x00,
  0x80, 0x00, 0x00, 0x00, 0x00, 0x00, 0x00, 0x10, 0x00, 0x00, 0x00, 0x10, 0x00, 0xf1, 0xcb, 0x3c,
  0x70, 0x8a, 0x2c, 0x90, 0x08, 0x8a, 0x28, 0x10, 0x78, 0x8a, 0x28, 0x10, 0x88, 0xf2, 0x28, 0x12,
  0x98, 0x81, 0xc8, 0x0c, 0x68, 0x80, 0x00, 0x00, 0x00, 0x80, 0x00, 0x00, 0x00, 0xf1, 0xcf, 0xbc,
  0x71, 0xc0, 0x8a, 0x28, 0xa2, 0x8a, 0x20, 0xf2, 0x28, 0xa2, 0x8a, 0x00, 0x8a, 0x28, 0xa2, 0x8a,
  0x00, 0x8a, 0x28, 0xbc, 0x8a, 0x20, 0xf1, 0xc8, 0xa0, 0x71, 0xc0, 0x00, 0x00, 0x20, 0x00, 0x00,
  0x00, 0x00, 0x20, 0x00, 0x00, 0x00, 0x00, 0x00, 0x40, 0x80, 0x00, 0x00, 0x00, 0x00, 0x40, 0x00,
  0x00, 0x7a, 0x27, 0x1c, 0xf1, 0x87, 0x2c, 0x8a, 0x28, 0xa2, 0x40, 0x88, 0xb2, 0x8a, 0x2f, 0x98,
  0x40, 0x88, 0xa2, 0x8a, 0x28, 0x04, 0x40, 0x88, 0xa2, 0x7a, 0x68, 0xa2, 0x48, 0x88, 0xa2, 0x09,
  0xa7, 0x1c, 0x31, 0xc7, 0x22, 0x08, 0x00, 0x00, 0x00, 0x00, 0x00, 0x08, 0x00, 0x00, 0x00, 0x00,
  0x00, 0x00, 0x00, 0x00, 0x00, 0x04, 0x00, 0x00, 0x00, 0x00, 0x00, 0x04, 0x00, 0xf2, 0xc7, 0x1c,
  0x8a, 0xcf, 0x1c, 0x8b, 0x28, 0xa2, 0x8b, 0x24, 0x02, 0x8a, 0x0f, 0xa2, 0x8a, 0x24, 0x1e, 0x8a,
  0x08, 0x22, 0x8a, 0x24, 0x22, 0xf2, 0x08, 0x9e, 0x9a, 0x24, 0xa6, 0x82, 0x07, 0x02, 0x6a, 0x23,
  0x1a, 0x80, 0x00, 0x22, 0x00, 0x00, 0x00, 0x80, 0x00, 0x1c, 0x00, 0x00, 0x00, 0x00, 0x00, 0x00,
  0x00, 0x04, 0x00, 0x00, 0x00, 0x00, 0x00, 0x04, 0x00, 0xf1, 0xcb, 0x1c, 0x8a, 0xcf, 0x1c, 0x8a,
  0x2c, 0xa2, 0x8b, 0x24, 0x02, 0x8b, 0xe8, 0x22, 0x8a, 0x24, 0x1e, 0x8a, 0x08, 0x22, 0x8a, 0x24,
  0x22, 0xf2, 0x28, 0x1e, 0x9a, 0x24, 0xa6, 0x81, 0xc8, 0x02, 0x6a, 0x23, 0x1a, 0x80, 0x00, 0x22,
  0x00, 0x00, 0x00, 0x80, 0x00, 0x1c, 0x00, 0x00, 0x00,
};

static const uint8_t OLED_SPRITE_COUNT = 177;
static const OledSprite kOledSprites[177] = {
  {4, 6, 0},  // eye_open
  {4, 1, 6},  // eye_blink
  {6, 3, 7},  // eye_closed
  {5, 7, 10},  // eye_wide
  {6, 4, 17},  // eye_happy
  {5, 5, 21},  // eye_squint_l
  {5, 5, 26},  // eye_squint_r
  {5, 2, 31},  // eye_flat
  {4, 3, 33},  // eye_half
  {4, 6, 36},  // eye_tilt_l
  {4, 6, 42},  // eye_tilt_r
  {4, 3, 48},  // mouth_o_small
  {5, 4, 51},  // mouth_o_mid
  {6, 5, 55},  // mouth_o_big
  {4, 1, 60},  // mouth_line
  {5, 2, 61},  // mouth_wavy
  {5, 9, 63},  // status_unlinked.1
  {5, 9, 72},  // status_unlinked.2
  {3, 3, 81},  // status_dot.1
  {8, 16, 84},  // digit_logisoso16_tn_0
  {4, 16, 100},  // digit_logisoso16_tn_1
  {8, 16, 116},  // digit_logisoso16_tn_2
  {8, 16, 132},  // digit_logisoso16_tn_3
  {8, 16, 148},  // digit_logisoso16_tn_4
  {8, 16, 164},  // digit_logisoso16_tn_5
  {8, 16, 180},  // digit_logisoso16_tn_6
  {8, 16, 196},  // digit_logisoso16_tn_7
  {8, 16, 212},  // digit_logisoso16_tn_8
  {8, 16, 228},  // digit_logisoso16_tn_9
  {6, 6, 244},  // digit_logisoso16_tn_plus
  {12, 24, 250},  // digit_logisoso24_tn_0
  {6, 24, 298},  // digit_logisoso24_tn_1
  {12, 24, 322},  // digit_logisoso24_tn_2
  {12, 24, 370},  // digit_logisoso24_tn_3
  {12, 24, 418},  // digit_logisoso24_tn_4
  {12, 24, 466},  // digit_logisoso24_tn_5
  {12, 24, 514},  // digit_logisoso24_tn_6
  {12, 24, 562},  // digit_logisoso24_tn_7
  {12, 24, 610},  // digit_logisoso24_tn_8
  {12, 24, 658},  // digit_logisoso24_tn_9
  {9, 9, 706},  // digit_logisoso24_tn_plus
  {29, 8, 724},  // searching_f1.1
  {17, 5, 756},  // searching_f1.2
  {9, 3, 771},  // searching_f1.3
  {3, 3, 777},  // searching_f1.4
  {9, 3, 780},  // searching_f1.5
  {17, 5, 786},  // searching_f1.6
  {31, 9, 801},  // searching_f2.1
  {21, 6, 837},  // searching_f2.2
  {11, 3, 855},  // searching_f2.3
  {11, 3, 861},  // searching_f2.5
  {21, 6, 867},  // searching_f2.6
  {35, 10, 885},  // searching_f3.1
  {25, 7, 935},  // searching_f3.2
  {15, 5, 963},  // searching_f3.3
  {15, 5, 973},  // searching_f3.5
  {18, 26, 983},  // result_f1.1
  {10, 16, 1061},  // result_f1.2
  {8, 10, 1093},  // result_f1.3
  {5, 5, 1103},  // result_f1.4
  {3, 4, 1108},  // error_f1.1
  {28, 28, 1112},  // no_link_f1.1
  {5, 5, 1224},  // watch_f1.1
  {1, 1, 1229},  // watch_f1.2
  {5, 5, 1230},  // paused_f1.1
  {4, 5, 1235},  // paused_f1.2
  {3, 4, 1240},  // speaking_f1.1
  {4, 2, 1244},  // speaking_f1.3
  {2, 2, 1246},  // speaking_f1.4
  {4, 4, 1248},  // speaking_f2.1
  {6, 4, 1252},  // speaking_f3.2
  {3, 4, 1256},  // speaking_f4.3
  {3, 4, 1260},  // speaking_f4.4
  {1, 3, 1264},  // fell_f2.1
  {1, 6, 1267},  // fell_f2.2
  {1, 7, 1273},  // fell_f3.1
  {55, 1, 1280},  // fell_f3.4
  {5, 5, 1287},  // fell_f6.1
  {24, 16, 1292},  // fell_f7.1
  {1, 4, 1340},  // fell_f7.4
  {18, 18, 1344},  // found_you_f1.1
  {2, 9, 1398},  // found_you_f1.2
  {2, 7, 1407},  // found_you_f2.2
  {41, 27, 1414},  // found_f1.1
  {7, 3, 1576},  // found_f1.3
  {6, 9, 1579},  // found_f1.4
  {7, 7, 1588},  // found_self_f1.1
  {10, 8, 1595},  // found_self_f1.2
  {14, 6, 1611},  // found_self_f1.3
  {32, 20, 1623},  // request_f1.1
  {24, 18, 1703},  // accepted_f1.1
  {16, 20, 1757},  // report_f1.1
  {7, 6, 1797},  // report_f1.5
  {8, 2, 1803},  // report_f1.11
  {24, 24, 1805},  // door_f1.1
  {18, 20, 1877},  // question_f1.1
  {10, 8, 1937},  // question_f1.2
  {47, 6, 1953},  // word_watch_ru
  {47, 9, 1989},  // word_watch_en
  {59, 11, 2043},  // word_watch_es
  {59, 11, 2131},  // word_watch_pt
  {53, 8, 2219},  // word_searching_ru
  {53, 11, 2275},  // word_searching_en
  {47, 9, 2352},  // word_searching_es
  {59, 11, 2406},  // word_searching_pt
  {59, 10, 2494},  // word_see_phone_ru
  {59, 25, 2574},  // word_see_phone_en
  {47, 23, 2774},  // word_see_phone_es
  {41, 22, 2912},  // word_see_phone_pt
  {47, 6, 3044},  // word_failed_ru
  {41, 9, 3080},  // word_failed_en
  {47, 9, 3134},  // word_failed_es
  {59, 9, 3188},  // word_failed_pt
  {53, 6, 3260},  // word_no_link_ru
  {41, 9, 3302},  // word_no_link_en
  {47, 22, 3356},  // word_no_link_es
  {41, 20, 3488},  // word_no_link_pt
  {59, 25, 3608},  // word_open_app_ru
  {41, 22, 3808},  // word_open_app_en
  {34, 25, 3940},  // word_open_app_es
  {29, 25, 4065},  // word_open_app_pt
  {47, 8, 4165},  // word_paused_ru
  {35, 11, 4213},  // word_paused_en
  {47, 8, 4268},  // word_paused_es
  {41, 11, 4316},  // word_paused_pt
  {35, 8, 4382},  // word_speaking_ru
  {41, 11, 4422},  // word_speaking_en
  {47, 9, 4488},  // word_speaking_es
  {41, 9, 4542},  // word_speaking_pt
  {9, 6, 4596},  // word_ouch_ru
  {10, 4, 4608},  // word_ouch_en
  {9, 5, 4616},  // word_ouch_es
  {9, 6, 4626},  // word_ouch_pt
  {35, 23, 4638},  // word_hurt_ru
  {23, 23, 4753},  // word_hurt_en
  {29, 20, 4822},  // word_hurt_es
  {23, 22, 4902},  // word_hurt_pt
  {59, 9, 4968},  // word_found_you_ru
  {53, 11, 5040},  // word_found_you_en
  {54, 20, 5117},  // word_found_you_es
  {59, 9, 5257},  // word_found_you_pt
  {53, 7, 5329},  // word_people_ru
  {35, 11, 5378},  // word_people_en
  {53, 11, 5433},  // word_people_es
  {53, 10, 5510},  // word_people_pt
  {35, 6, 5580},  // word_nobody_ru
  {35, 11, 5610},  // word_nobody_en
  {29, 9, 5665},  // word_nobody_es
  {41, 11, 5701},  // word_nobody_pt
  {41, 8, 5767},  // word_looking_ru
  {40, 11, 5815},  // word_looking_en
  {47, 8, 5870},  // word_looking_es
  {47, 9, 5918},  // word_looking_pt
  {35, 8, 5972},  // word_request_ru
  {41, 10, 6012},  // word_request_en
  {53, 9, 6072},  // word_request_es
  {35, 11, 6135},  // word_request_pt
  {35, 8, 6190},  // word_accepted_ru
  {47, 11, 6230},  // word_accepted_en
  {47, 11, 6296},  // word_accepted_es
  {35, 8, 6362},  // word_accepted_pt
  {29, 9, 6402},  // word_report_ru
  {35, 10, 6438},  // word_report_en
  {40, 9, 6488},  // word_report_es
  {53, 9, 6533},  // word_report_pt
  {59, 8, 6596},  // word_talks_ru
  {29, 9, 6660},  // word_talks_en
  {54, 8, 6696},  // word_talks_es
  {59, 11, 6752},  // word_talks_pt
  {29, 8, 6840},  // word_door_ru
  {23, 9, 6872},  // word_door_en
  {35, 10, 6899},  // word_door_es
  {29, 10, 6949},  // word_door_pt
  {35, 8, 6989},  // word_question_ru
  {47, 10, 7029},  // word_question_en
  {47, 10, 7089},  // word_question_es
  {47, 10, 7149},  // word_question_pt
};

static const OledEyeSlot kOledEyeSlots[6][7][2] = {
  {  // pebble
    {{18, 23, {15, 19, 21, 27}, {{17, 20}, {17, 23}, {16, 22}, {16, 20}, {16, 21}, {16, 21}, {16, 21}, {16, 22}, {17, 22}, {17, 20}, {17, 20}}}, {29, 23, {26, 19, 32, 27}, {{27, 20}, {27, 23}, {26, 22}, {27, 20}, {26, 21}, {27, 21}, {27, 21}, {27, 22}, {27, 22}, {27, 20}, {27, 20}}}},
    {{18, 23, {15, 19, 21, 27}, {{17, 20}, {17, 23}, {16, 22}, {16, 20}, {16, 21}, {16, 21}, {16, 21}, {16, 22}, {17, 22}, {17, 20}, {17, 20}}}, {29, 23, {26, 19, 32, 27}, {{27, 20}, {27, 23}, {26, 22}, {27, 20}, {26, 21}, {27, 21}, {27, 21}, {27, 22}, {27, 22}, {27, 20}, {27, 20}}}},
    {{18, 23, {15, 19, 21, 27}, {{17, 20}, {17, 23}, {16, 22}, {16, 20}, {16, 21}, {16, 21}, {16, 21}, {16, 22}, {17, 22}, {17, 20}, {17, 20}}}, {29, 23, {26, 19, 32, 27}, {{27, 20}, {27, 23}, {26, 22}, {27, 20}, {26, 21}, {27, 21}, {27, 21}, {27, 22}, {27, 22}, {27, 20}, {27, 20}}}},
    {{18, 23, {15, 19, 21, 27}, {{17, 20}, {17, 23}, {16, 22}, {16, 20}, {16, 21}, {16, 21}, {16, 21}, {16, 22}, {17, 22}, {17, 20}, {17, 20}}}, {29, 23, {26, 19, 32, 27}, {{27, 20}, {27, 23}, {26, 22}, {27, 20}, {26, 21}, {27, 21}, {27, 21}, {27, 22}, {27, 22}, {27, 20}, {27, 20}}}},
    {{18, 23, {15, 19, 21, 27}, {{17, 21}, {17, 23}, {16, 22}, {16, 20}, {16, 22}, {16, 21}, {16, 21}, {16, 23}, {17, 22}, {17, 21}, {17, 21}}}, {29, 23, {26, 19, 32, 27}, {{27, 21}, {27, 23}, {26, 22}, {27, 20}, {26, 22}, {27, 21}, {27, 21}, {27, 23}, {27, 22}, {27, 21}, {27, 21}}}},
    {{18, 23, {15, 19, 21, 27}, {{17, 20}, {17, 23}, {16, 22}, {16, 20}, {16, 21}, {16, 21}, {16, 21}, {16, 22}, {17, 22}, {17, 20}, {17, 20}}}, {29, 23, {26, 19, 32, 27}, {{27, 20}, {27, 23}, {26, 22}, {27, 20}, {26, 21}, {27, 21}, {27, 21}, {27, 22}, {27, 22}, {27, 20}, {27, 20}}}},
    {{18, 23, {15, 19, 21, 27}, {{17, 20}, {17, 23}, {16, 22}, {16, 20}, {16, 21}, {16, 21}, {16, 21}, {16, 22}, {17, 22}, {17, 20}, {17, 20}}}, {29, 23, {26, 19, 32, 27}, {{27, 20}, {27, 23}, {26, 22}, {27, 20}, {26, 21}, {27, 21}, {27, 21}, {27, 22}, {27, 22}, {27, 20}, {27, 20}}}},
  },
  {  // cube
    {{18, 23, {15, 19, 21, 27}, {{17, 20}, {17, 23}, {16, 22}, {16, 20}, {16, 21}, {16, 21}, {16, 21}, {16, 22}, {17, 22}, {17, 20}, {17, 20}}}, {29, 23, {26, 19, 32, 27}, {{27, 20}, {27, 23}, {26, 22}, {27, 20}, {26, 21}, {27, 21}, {27, 21}, {27, 22}, {27, 22}, {27, 20}, {27, 20}}}},
    {{18, 23, {15, 19, 21, 27}, {{17, 20}, {17, 23}, {16, 22}, {16, 20}, {16, 21}, {16, 21}, {16, 21}, {16, 22}, {17, 22}, {17, 20}, {17, 20}}}, {29, 23, {26, 19, 32, 27}, {{27, 20}, {27, 23}, {26, 22}, {27, 20}, {26, 21}, {27, 21}, {27, 21}, {27, 22}, {27, 22}, {27, 20}, {27, 20}}}},
    {{18, 23, {15, 19, 21, 27}, {{17, 20}, {17, 23}, {16, 22}, {16, 20}, {16, 21}, {16, 21}, {16, 21}, {16, 22}, {17, 22}, {17, 20}, {17, 20}}}, {29, 23, {26, 19, 32, 27}, {{27, 20}, {27, 23}, {26, 22}, {27, 20}, {26, 21}, {27, 21}, {27, 21}, {27, 22}, {27, 22}, {27, 20}, {27, 20}}}},
    {{18, 23, {15, 19, 21, 27}, {{17, 20}, {17, 23}, {16, 22}, {16, 20}, {16, 21}, {16, 21}, {16, 21}, {16, 22}, {17, 22}, {17, 20}, {17, 20}}}, {29, 23, {26, 19, 32, 27}, {{27, 20}, {27, 23}, {26, 22}, {27, 20}, {26, 21}, {27, 21}, {27, 21}, {27, 22}, {27, 22}, {27, 20}, {27, 20}}}},
    {{18, 23, {15, 19, 21, 27}, {{17, 21}, {17, 23}, {16, 22}, {16, 20}, {16, 22}, {16, 21}, {16, 21}, {16, 23}, {17, 22}, {17, 21}, {17, 21}}}, {29, 23, {26, 19, 32, 27}, {{27, 21}, {27, 23}, {26, 22}, {27, 20}, {26, 22}, {27, 21}, {27, 21}, {27, 23}, {27, 22}, {27, 21}, {27, 21}}}},
    {{18, 23, {15, 19, 21, 27}, {{17, 20}, {17, 23}, {16, 22}, {16, 20}, {16, 21}, {16, 21}, {16, 21}, {16, 22}, {17, 22}, {17, 20}, {17, 20}}}, {29, 23, {26, 19, 32, 27}, {{27, 20}, {27, 23}, {26, 22}, {27, 20}, {26, 21}, {27, 21}, {27, 21}, {27, 22}, {27, 22}, {27, 20}, {27, 20}}}},
    {{18, 23, {15, 19, 21, 27}, {{17, 20}, {17, 23}, {16, 22}, {16, 20}, {16, 21}, {16, 21}, {16, 21}, {16, 22}, {17, 22}, {17, 20}, {17, 20}}}, {29, 23, {26, 19, 32, 27}, {{27, 20}, {27, 23}, {26, 22}, {27, 20}, {26, 21}, {27, 21}, {27, 21}, {27, 22}, {27, 22}, {27, 20}, {27, 20}}}},
  },
  {  // lens
    {{18, 23, {15, 19, 21, 27}, {{17, 20}, {17, 23}, {16, 22}, {16, 20}, {16, 21}, {16, 21}, {16, 21}, {16, 22}, {17, 22}, {17, 20}, {17, 20}}}, {29, 23, {26, 19, 32, 27}, {{27, 20}, {27, 23}, {26, 22}, {27, 20}, {26, 21}, {27, 21}, {27, 21}, {27, 22}, {27, 22}, {27, 20}, {27, 20}}}},
    {{18, 23, {15, 19, 21, 27}, {{17, 20}, {17, 23}, {16, 22}, {16, 20}, {16, 21}, {16, 21}, {16, 21}, {16, 22}, {17, 22}, {17, 20}, {17, 20}}}, {29, 23, {26, 19, 32, 27}, {{27, 20}, {27, 23}, {26, 22}, {27, 20}, {26, 21}, {27, 21}, {27, 21}, {27, 22}, {27, 22}, {27, 20}, {27, 20}}}},
    {{18, 23, {15, 19, 21, 27}, {{17, 20}, {17, 23}, {16, 22}, {16, 20}, {16, 21}, {16, 21}, {16, 21}, {16, 22}, {17, 22}, {17, 20}, {17, 20}}}, {29, 23, {26, 19, 32, 27}, {{27, 20}, {27, 23}, {26, 22}, {27, 20}, {26, 21}, {27, 21}, {27, 21}, {27, 22}, {27, 22}, {27, 20}, {27, 20}}}},
    {{18, 23, {15, 19, 21, 27}, {{17, 20}, {17, 23}, {16, 22}, {16, 20}, {16, 21}, {16, 21}, {16, 21}, {16, 22}, {17, 22}, {17, 20}, {17, 20}}}, {29, 23, {26, 19, 32, 27}, {{27, 20}, {27, 23}, {26, 22}, {27, 20}, {26, 21}, {27, 21}, {27, 21}, {27, 22}, {27, 22}, {27, 20}, {27, 20}}}},
    {{18, 23, {15, 19, 21, 27}, {{17, 21}, {17, 23}, {16, 22}, {16, 20}, {16, 22}, {16, 21}, {16, 21}, {16, 23}, {17, 22}, {17, 21}, {17, 21}}}, {29, 23, {26, 19, 32, 27}, {{27, 21}, {27, 23}, {26, 22}, {27, 20}, {26, 22}, {27, 21}, {27, 21}, {27, 23}, {27, 22}, {27, 21}, {27, 21}}}},
    {{18, 23, {15, 19, 21, 27}, {{17, 20}, {17, 23}, {16, 22}, {16, 20}, {16, 21}, {16, 21}, {16, 21}, {16, 22}, {17, 22}, {17, 20}, {17, 20}}}, {29, 23, {26, 19, 32, 27}, {{27, 20}, {27, 23}, {26, 22}, {27, 20}, {26, 21}, {27, 21}, {27, 21}, {27, 22}, {27, 22}, {27, 20}, {27, 20}}}},
    {{18, 23, {15, 19, 21, 27}, {{17, 20}, {17, 23}, {16, 22}, {16, 20}, {16, 21}, {16, 21}, {16, 21}, {16, 22}, {17, 22}, {17, 20}, {17, 20}}}, {29, 23, {26, 19, 32, 27}, {{27, 20}, {27, 23}, {26, 22}, {27, 20}, {26, 21}, {27, 21}, {27, 21}, {27, 22}, {27, 22}, {27, 20}, {27, 20}}}},
  },
  {  // drop
    {{18, 23, {15, 19, 21, 27}, {{17, 20}, {17, 23}, {16, 22}, {16, 20}, {16, 21}, {16, 21}, {16, 21}, {16, 22}, {17, 22}, {17, 20}, {17, 20}}}, {29, 23, {26, 19, 32, 27}, {{27, 20}, {27, 23}, {26, 22}, {27, 20}, {26, 21}, {27, 21}, {27, 21}, {27, 22}, {27, 22}, {27, 20}, {27, 20}}}},
    {{18, 23, {15, 19, 21, 27}, {{17, 20}, {17, 23}, {16, 22}, {16, 20}, {16, 21}, {16, 21}, {16, 21}, {16, 22}, {17, 22}, {17, 20}, {17, 20}}}, {29, 23, {26, 19, 32, 27}, {{27, 20}, {27, 23}, {26, 22}, {27, 20}, {26, 21}, {27, 21}, {27, 21}, {27, 22}, {27, 22}, {27, 20}, {27, 20}}}},
    {{18, 23, {15, 19, 21, 27}, {{17, 20}, {17, 23}, {16, 22}, {16, 20}, {16, 21}, {16, 21}, {16, 21}, {16, 22}, {17, 22}, {17, 20}, {17, 20}}}, {29, 23, {26, 19, 32, 27}, {{27, 20}, {27, 23}, {26, 22}, {27, 20}, {26, 21}, {27, 21}, {27, 21}, {27, 22}, {27, 22}, {27, 20}, {27, 20}}}},
    {{18, 23, {15, 19, 21, 27}, {{17, 20}, {17, 23}, {16, 22}, {16, 20}, {16, 21}, {16, 21}, {16, 21}, {16, 22}, {17, 22}, {17, 20}, {17, 20}}}, {29, 23, {26, 19, 32, 27}, {{27, 20}, {27, 23}, {26, 22}, {27, 20}, {26, 21}, {27, 21}, {27, 21}, {27, 22}, {27, 22}, {27, 20}, {27, 20}}}},
    {{18, 23, {15, 19, 21, 27}, {{17, 21}, {17, 23}, {16, 22}, {16, 20}, {16, 22}, {16, 21}, {16, 21}, {16, 23}, {17, 22}, {17, 21}, {17, 21}}}, {29, 23, {26, 19, 32, 27}, {{27, 21}, {27, 23}, {26, 22}, {27, 20}, {26, 22}, {27, 21}, {27, 21}, {27, 23}, {27, 22}, {27, 21}, {27, 21}}}},
    {{18, 23, {15, 19, 21, 27}, {{17, 20}, {17, 23}, {16, 22}, {16, 20}, {16, 21}, {16, 21}, {16, 21}, {16, 22}, {17, 22}, {17, 20}, {17, 20}}}, {29, 23, {26, 19, 32, 27}, {{27, 20}, {27, 23}, {26, 22}, {27, 20}, {26, 21}, {27, 21}, {27, 21}, {27, 22}, {27, 22}, {27, 20}, {27, 20}}}},
    {{18, 23, {15, 19, 21, 27}, {{17, 20}, {17, 23}, {16, 22}, {16, 20}, {16, 21}, {16, 21}, {16, 21}, {16, 22}, {17, 22}, {17, 20}, {17, 20}}}, {29, 23, {26, 19, 32, 27}, {{27, 20}, {27, 23}, {26, 22}, {27, 20}, {26, 21}, {27, 21}, {27, 21}, {27, 22}, {27, 22}, {27, 20}, {27, 20}}}},
  },
  {  // loop
    {{18, 35, {15, 31, 21, 39}, {{17, 32}, {17, 35}, {16, 34}, {16, 32}, {16, 33}, {16, 33}, {16, 33}, {16, 34}, {17, 34}, {17, 32}, {17, 32}}}, {29, 35, {26, 31, 32, 39}, {{27, 32}, {27, 35}, {26, 34}, {27, 32}, {26, 33}, {27, 33}, {27, 33}, {27, 34}, {27, 34}, {27, 32}, {27, 32}}}},
    {{18, 33, {15, 29, 21, 37}, {{17, 30}, {17, 33}, {16, 32}, {16, 30}, {16, 31}, {16, 31}, {16, 31}, {16, 32}, {17, 32}, {17, 30}, {17, 30}}}, {29, 33, {26, 29, 32, 37}, {{27, 30}, {27, 33}, {26, 32}, {27, 30}, {26, 31}, {27, 31}, {27, 31}, {27, 32}, {27, 32}, {27, 30}, {27, 30}}}},
    {{18, 36, {15, 32, 21, 40}, {{17, 33}, {17, 36}, {16, 35}, {16, 33}, {16, 34}, {16, 34}, {16, 34}, {16, 35}, {17, 35}, {17, 33}, {17, 33}}}, {29, 36, {26, 32, 32, 40}, {{27, 33}, {27, 36}, {26, 35}, {27, 33}, {26, 34}, {27, 34}, {27, 34}, {27, 35}, {27, 35}, {27, 33}, {27, 33}}}},
    {{18, 36, {15, 32, 21, 40}, {{17, 34}, {17, 36}, {16, 35}, {16, 33}, {16, 35}, {16, 34}, {16, 34}, {16, 36}, {17, 35}, {17, 34}, {17, 34}}}, {29, 36, {26, 32, 32, 40}, {{27, 34}, {27, 36}, {26, 35}, {27, 33}, {26, 35}, {27, 34}, {27, 34}, {27, 36}, {27, 35}, {27, 34}, {27, 34}}}},
    {{18, 31, {15, 27, 21, 35}, {{17, 28}, {17, 31}, {16, 30}, {16, 28}, {16, 29}, {16, 29}, {16, 29}, {16, 30}, {17, 30}, {17, 28}, {17, 28}}}, {29, 31, {26, 27, 32, 35}, {{27, 28}, {27, 31}, {26, 30}, {27, 28}, {26, 29}, {27, 29}, {27, 29}, {27, 30}, {27, 30}, {27, 28}, {27, 28}}}},
    {{18, 35, {15, 31, 21, 39}, {{17, 33}, {17, 35}, {16, 34}, {16, 32}, {16, 34}, {16, 33}, {16, 33}, {16, 35}, {17, 34}, {17, 33}, {17, 33}}}, {29, 35, {26, 31, 32, 39}, {{27, 33}, {27, 35}, {26, 34}, {27, 32}, {26, 34}, {27, 33}, {27, 33}, {27, 35}, {27, 34}, {27, 33}, {27, 33}}}},
    {{18, 34, {15, 30, 21, 38}, {{17, 32}, {17, 34}, {16, 33}, {16, 31}, {16, 33}, {16, 32}, {16, 32}, {16, 34}, {17, 33}, {17, 32}, {17, 32}}}, {29, 34, {26, 30, 32, 38}, {{27, 32}, {27, 34}, {26, 33}, {27, 31}, {26, 33}, {27, 32}, {27, 32}, {27, 34}, {27, 33}, {27, 32}, {27, 32}}}},
  },
  {  // fold
    {{18, 35, {15, 31, 21, 39}, {{17, 32}, {17, 35}, {16, 34}, {16, 32}, {16, 33}, {16, 33}, {16, 33}, {16, 34}, {17, 34}, {17, 32}, {17, 32}}}, {29, 35, {26, 31, 32, 39}, {{27, 32}, {27, 35}, {26, 34}, {27, 32}, {26, 33}, {27, 33}, {27, 33}, {27, 34}, {27, 34}, {27, 32}, {27, 32}}}},
    {{18, 33, {15, 29, 21, 37}, {{17, 30}, {17, 33}, {16, 32}, {16, 30}, {16, 31}, {16, 31}, {16, 31}, {16, 32}, {17, 32}, {17, 30}, {17, 30}}}, {29, 33, {26, 29, 32, 37}, {{27, 30}, {27, 33}, {26, 32}, {27, 30}, {26, 31}, {27, 31}, {27, 31}, {27, 32}, {27, 32}, {27, 30}, {27, 30}}}},
    {{18, 36, {15, 32, 21, 40}, {{17, 33}, {17, 36}, {16, 35}, {16, 33}, {16, 34}, {16, 34}, {16, 34}, {16, 35}, {17, 35}, {17, 33}, {17, 33}}}, {29, 36, {26, 32, 32, 40}, {{27, 33}, {27, 36}, {26, 35}, {27, 33}, {26, 34}, {27, 34}, {27, 34}, {27, 35}, {27, 35}, {27, 33}, {27, 33}}}},
    {{18, 36, {15, 32, 21, 40}, {{17, 34}, {17, 36}, {16, 35}, {16, 33}, {16, 35}, {16, 34}, {16, 34}, {16, 36}, {17, 35}, {17, 34}, {17, 34}}}, {29, 36, {26, 32, 32, 40}, {{27, 34}, {27, 36}, {26, 35}, {27, 33}, {26, 35}, {27, 34}, {27, 34}, {27, 36}, {27, 35}, {27, 34}, {27, 34}}}},
    {{18, 31, {15, 27, 21, 35}, {{17, 28}, {17, 31}, {16, 30}, {16, 28}, {16, 29}, {16, 29}, {16, 29}, {16, 30}, {17, 30}, {17, 28}, {17, 28}}}, {29, 31, {26, 27, 32, 35}, {{27, 28}, {27, 31}, {26, 30}, {27, 28}, {26, 29}, {27, 29}, {27, 29}, {27, 30}, {27, 30}, {27, 28}, {27, 28}}}},
    {{18, 35, {15, 31, 21, 39}, {{17, 33}, {17, 35}, {16, 34}, {16, 32}, {16, 34}, {16, 33}, {16, 33}, {16, 35}, {17, 34}, {17, 33}, {17, 33}}}, {29, 35, {26, 31, 32, 39}, {{27, 33}, {27, 35}, {26, 34}, {27, 32}, {26, 34}, {27, 33}, {27, 33}, {27, 35}, {27, 34}, {27, 33}, {27, 33}}}},
    {{18, 34, {15, 30, 21, 38}, {{17, 32}, {17, 34}, {16, 33}, {16, 31}, {16, 33}, {16, 32}, {16, 32}, {16, 34}, {17, 33}, {17, 32}, {17, 32}}}, {29, 34, {26, 30, 32, 38}, {{27, 32}, {27, 34}, {26, 33}, {27, 31}, {26, 33}, {27, 32}, {27, 32}, {27, 34}, {27, 33}, {27, 32}, {27, 32}}}},
  },
};

static const OledMouthSlot kOledMouthSlots[6][7] = {
  {{24, 30, {{22, 29}, {22, 28}, {21, 28}, {22, 30}, {22, 29}}}, {24, 30, {{22, 29}, {22, 28}, {21, 28}, {22, 30}, {22, 29}}}, {24, 30, {{22, 29}, {22, 28}, {21, 28}, {22, 30}, {22, 29}}}, {24, 30, {{22, 29}, {22, 28}, {21, 28}, {22, 30}, {22, 29}}}, {24, 30, {{22, 29}, {22, 29}, {21, 28}, {22, 30}, {22, 30}}}, {24, 30, {{22, 29}, {22, 28}, {21, 28}, {22, 30}, {22, 29}}}, {24, 30, {{22, 29}, {22, 28}, {21, 28}, {22, 30}, {22, 29}}}},  // pebble
  {{24, 30, {{22, 29}, {22, 28}, {21, 28}, {22, 30}, {22, 29}}}, {24, 30, {{22, 29}, {22, 28}, {21, 28}, {22, 30}, {22, 29}}}, {24, 30, {{22, 29}, {22, 28}, {21, 28}, {22, 30}, {22, 29}}}, {24, 30, {{22, 29}, {22, 28}, {21, 28}, {22, 30}, {22, 29}}}, {24, 30, {{22, 29}, {22, 29}, {21, 28}, {22, 30}, {22, 30}}}, {24, 30, {{22, 29}, {22, 28}, {21, 28}, {22, 30}, {22, 29}}}, {24, 30, {{22, 29}, {22, 28}, {21, 28}, {22, 30}, {22, 29}}}},  // cube
  {{24, 30, {{22, 29}, {22, 28}, {21, 28}, {22, 30}, {22, 29}}}, {24, 30, {{22, 29}, {22, 28}, {21, 28}, {22, 30}, {22, 29}}}, {24, 30, {{22, 29}, {22, 28}, {21, 28}, {22, 30}, {22, 29}}}, {24, 30, {{22, 29}, {22, 28}, {21, 28}, {22, 30}, {22, 29}}}, {24, 30, {{22, 29}, {22, 29}, {21, 28}, {22, 30}, {22, 30}}}, {24, 30, {{22, 29}, {22, 28}, {21, 28}, {22, 30}, {22, 29}}}, {24, 30, {{22, 29}, {22, 28}, {21, 28}, {22, 30}, {22, 29}}}},  // lens
  {{24, 30, {{22, 29}, {22, 28}, {21, 28}, {22, 30}, {22, 29}}}, {24, 30, {{22, 29}, {22, 28}, {21, 28}, {22, 30}, {22, 29}}}, {24, 30, {{22, 29}, {22, 28}, {21, 28}, {22, 30}, {22, 29}}}, {24, 30, {{22, 29}, {22, 28}, {21, 28}, {22, 30}, {22, 29}}}, {24, 30, {{22, 29}, {22, 29}, {21, 28}, {22, 30}, {22, 30}}}, {24, 30, {{22, 29}, {22, 28}, {21, 28}, {22, 30}, {22, 29}}}, {24, 30, {{22, 29}, {22, 28}, {21, 28}, {22, 30}, {22, 29}}}},  // drop
  {{24, 40, {{22, 39}, {22, 38}, {21, 38}, {22, 40}, {22, 39}}}, {24, 38, {{22, 37}, {22, 36}, {21, 36}, {22, 38}, {22, 37}}}, {24, 41, {{22, 40}, {22, 39}, {21, 39}, {22, 41}, {22, 40}}}, {24, 41, {{22, 40}, {22, 40}, {21, 39}, {22, 41}, {22, 41}}}, {24, 36, {{22, 35}, {22, 34}, {21, 34}, {22, 36}, {22, 35}}}, {24, 40, {{22, 39}, {22, 39}, {21, 38}, {22, 40}, {22, 40}}}, {24, 39, {{22, 38}, {22, 38}, {21, 37}, {22, 39}, {22, 39}}}},  // loop
  {{24, 40, {{22, 39}, {22, 38}, {21, 38}, {22, 40}, {22, 39}}}, {24, 38, {{22, 37}, {22, 36}, {21, 36}, {22, 38}, {22, 37}}}, {24, 41, {{22, 40}, {22, 39}, {21, 39}, {22, 41}, {22, 40}}}, {24, 41, {{22, 40}, {22, 40}, {21, 39}, {22, 41}, {22, 41}}}, {24, 36, {{22, 35}, {22, 34}, {21, 34}, {22, 36}, {22, 35}}}, {24, 40, {{22, 39}, {22, 39}, {21, 38}, {22, 40}, {22, 40}}}, {24, 39, {{22, 38}, {22, 38}, {21, 37}, {22, 39}, {22, 39}}}},  // fold
};

// Poses (index into kOledPoses):
static const uint8_t OLED_POSE_OPEN = 0;
static const uint8_t OLED_POSE_BLINK = 1;
static const uint8_t OLED_POSE_CLOSED = 2;
static const uint8_t OLED_POSE_WIDE = 3;
static const uint8_t OLED_POSE_HAPPY = 4;
static const uint8_t OLED_POSE_SQUINT = 5;
static const uint8_t OLED_POSE_FLAT = 6;
static const uint8_t OLED_POSE_LEFT = 7;
static const uint8_t OLED_POSE_RIGHT = 8;
static const uint8_t OLED_POSE_UP = 9;
static const uint8_t OLED_POSE_TILT = 10;
static const uint8_t OLED_POSE_HALF = 11;

static const OledPose kOledPoses[12] = {
  {{0, 0}, 0, 0},  // open
  {{1, 1}, 0, 0},  // blink
  {{2, 2}, 0, 0},  // closed
  {{3, 3}, 0, 0},  // wide
  {{4, 4}, 0, 0},  // happy
  {{5, 6}, 0, 0},  // squint
  {{7, 7}, 0, 0},  // flat
  {{0, 0}, -2, 0},  // left
  {{0, 0}, 2, 0},  // right
  {{0, 0}, 0, -2},  // up
  {{9, 10}, 0, 0},  // tilt
  {{8, 8}, 0, 0},  // half
};

static const OledPlacement kOledPlacements[201] = {
  {16, 0, 0, 0},
  {17, 6, 0, 0},
  {16, 0, 0, 0},
  {18, 44, 2, 0},
  {41, 18, 83, 3},
  {42, 24, 89, 3},
  {43, 28, 95, 3},
  {44, 31, 99, 3},
  {45, 28, 103, 3},
  {46, 24, 107, 3},
  {47, 17, 81, 3},
  {48, 22, 87, 3},
  {49, 27, 93, 3},
  {44, 31, 99, 3},
  {50, 27, 105, 3},
  {51, 22, 108, 3},
  {52, 15, 79, 3},
  {53, 20, 85, 3},
  {54, 25, 91, 3},
  {44, 31, 99, 3},
  {55, 25, 105, 3},
  {41, 18, 83, 3},
  {42, 24, 89, 3},
  {43, 28, 95, 3},
  {44, 31, 99, 3},
  {45, 28, 103, 3},
  {46, 24, 107, 3},
  {56, 23, 83, 3},
  {57, 27, 87, 3},
  {58, 10, 91, 3},
  {59, 2, 16, 1},
  {59, 56, 48, 1},
  {56, 23, 83, 3},
  {57, 27, 87, 3},
  {58, 13, 91, 3},
  {59, 57, 12, 1},
  {59, 3, 44, 1},
  {60, 52, 18, 1},
  {60, 52, 18, 1},
  {60, 52, 18, 1},
  {61, 18, 83, 3},
  {56, 23, 83, 3},
  {57, 27, 87, 3},
  {56, 23, 81, 3},
  {57, 27, 85, 3},
  {62, 22, 94, 3},
  {63, 32, 96, 3},
  {63, 40, 96, 3},
  {62, 30, 94, 3},
  {63, 24, 96, 3},
  {63, 40, 96, 3},
  {62, 38, 94, 3},
  {63, 24, 96, 3},
  {63, 32, 96, 3},
  {62, 22, 94, 3},
  {63, 32, 96, 3},
  {63, 40, 96, 3},
  {64, 53, 11, 1},
  {65, 47, 13, 1},
  {64, 53, 10, 1},
  {65, 47, 12, 1},
  {64, 53, 11, 1},
  {65, 47, 13, 1},
  {56, 23, 83, 3},
  {57, 27, 87, 3},
  {56, 23, 81, 3},
  {57, 27, 85, 3},
  {66, 31, 56, 1},
  {44, 35, 59, 1},
  {67, 37, 63, 1},
  {68, 23, 77, 1},
  {69, 29, 55, 1},
  {66, 31, 63, 1},
  {44, 37, 66, 1},
  {67, 39, 71, 1},
  {68, 27, 60, 1},
  {70, 27, 64, 1},
  {66, 31, 73, 1},
  {44, 39, 76, 1},
  {67, 35, 55, 1},
  {68, 25, 68, 1},
  {71, 25, 73, 1},
  {72, 30, 73, 1},
  {73, 20, 0, 1},
  {74, 32, 0, 1},
  {73, 44, 0, 1},
  {75, 20, 22, 1},
  {75, 44, 22, 1},
  {75, 32, 25, 1},
  {76, 4, 92, 1},
  {63, 6, 87, 1},
  {63, 58, 87, 1},
  {63, 3, 89, 1},
  {63, 61, 89, 1},
  {63, 5, 91, 1},
  {63, 59, 91, 1},
  {76, 4, 92, 1},
  {63, 3, 85, 1},
  {63, 61, 85, 1},
  {63, 0, 88, 1},
  {63, 64, 88, 1},
  {63, 2, 91, 1},
  {63, 62, 91, 1},
  {76, 4, 92, 1},
  {77, 30, 41, 1},
  {77, 12, 44, 1},
  {76, 4, 92, 1},
  {78, 40, 34, 1},
  {77, 12, 43, 1},
  {76, 4, 92, 1},
  {79, 51, 37, 5},
  {63, 51, 42, 5},
  {77, 30, 40, 1},
  {77, 48, 43, 1},
  {76, 4, 92, 1},
  {80, 22, 87, 3},
  {81, 54, 10, 1},
  {68, 54, 20, 1},
  {18, 44, 2, 0},
  {80, 22, 89, 3},
  {82, 54, 10, 1},
  {68, 54, 18, 1},
  {18, 44, 2, 0},
  {80, 22, 87, 3},
  {18, 44, 2, 0},
  {83, 12, 105, 3},
  {12, 18, 114, 3},
  {84, 17, 119, 3},
  {85, 42, 114, 11},
  {59, 2, 16, 1},
  {59, 56, 48, 1},
  {83, 12, 94, 3},
  {12, 18, 103, 3},
  {84, 17, 108, 3},
  {85, 42, 103, 11},
  {59, 57, 12, 1},
  {59, 3, 44, 1},
  {83, 12, 83, 3},
  {12, 18, 92, 3},
  {84, 17, 97, 3},
  {85, 42, 92, 11},
  {59, 2, 16, 1},
  {59, 56, 48, 1},
  {83, 12, 83, 3},
  {12, 18, 92, 3},
  {84, 17, 97, 3},
  {85, 42, 92, 11},
  {59, 57, 12, 1},
  {59, 3, 44, 1},
  {86, 38, 84, 3},
  {87, 27, 88, 3},
  {88, 25, 98, 3},
  {18, 44, 2, 0},
  {86, 38, 84, 3},
  {87, 27, 88, 3},
  {88, 25, 98, 3},
  {59, 57, 12, 1},
  {59, 3, 44, 1},
  {18, 44, 2, 0},
  {30, 27, 84, 3},
  {30, 27, 84, 3},
  {89, 19, 84, 3},
  {18, 44, 2, 0},
  {90, 23, 85, 3},
  {18, 44, 2, 0},
  {91, 14, 86, 3},
  {63, 43, 89, 3},
  {63, 40, 90, 3},
  {63, 46, 90, 3},
  {92, 40, 91, 3},
  {63, 38, 93, 3},
  {63, 48, 93, 3},
  {63, 40, 97, 3},
  {63, 46, 97, 3},
  {63, 43, 98, 3},
  {93, 18, 100, 3},
  {18, 44, 2, 0},
  {91, 14, 84, 3},
  {63, 43, 89, 3},
  {63, 40, 90, 3},
  {63, 46, 90, 3},
  {92, 40, 91, 3},
  {63, 38, 93, 3},
  {63, 48, 93, 3},
  {63, 40, 97, 3},
  {63, 46, 97, 3},
  {93, 18, 98, 3},
  {63, 43, 98, 3},
  {18, 44, 2, 0},
  {86, 39, 82, 3},
  {91, 24, 86, 3},
  {93, 28, 100, 3},
  {18, 44, 2, 0},
  {94, 23, 82, 3},
  {18, 44, 2, 0},
  {95, 23, 86, 3},
  {96, 27, 90, 3},
  {18, 44, 2, 0},
  {95, 25, 86, 3},
  {96, 29, 90, 3},
  {18, 44, 2, 0},
};

// Status row pieces: [0] link lost, [1] linked, [2] the unseen-notification
// dot (ScreenFrame::dot). {first, count}.
static const uint16_t kOledStatus[3][2] = {{0, 2}, {2, 1}, {3, 1}};

static const OledFrameDesc kOledFrames[57] = {
  {1000, 0, 0, 0, 0, 0, OLED_NO_WORD, 0, OLED_NO_NUMBER, 4, 0},
  {600, 0, 0, 0, 0, 0, OLED_NO_WORD, 0, OLED_NO_NUMBER, 4, 0},
  {120, 1, 0, 0, 0, 0, OLED_NO_WORD, 0, OLED_NO_NUMBER, 4, 0},
  {100, 2, 1, 0, 4, 0, OLED_NO_WORD, 0, OLED_NO_NUMBER, 4, 0},
  {125, 7, 0, 0, 0, 0, OLED_WORD_SEARCHING, 0, OLED_NO_NUMBER, 4, 6},
  {125, 7, 0, 0, 0, 0, OLED_WORD_SEARCHING, 0, OLED_NO_NUMBER, 10, 6},
  {125, 8, 0, 0, 0, 0, OLED_WORD_SEARCHING, 0, OLED_NO_NUMBER, 16, 5},
  {125, 8, 0, 0, 0, 0, OLED_WORD_SEARCHING, 0, OLED_NO_NUMBER, 21, 6},
  {400, 4, 0, 0, 0, 0, OLED_WORD_SEE_PHONE, 0, OLED_NO_NUMBER, 27, 5},
  {400, 4, 0, 0, 0, 0, OLED_WORD_SEE_PHONE, 0, OLED_NO_NUMBER, 32, 5},
  {90, 5, 0, -2, 0, 0, OLED_WORD_FAILED, 0, OLED_NO_NUMBER, 37, 1},
  {90, 5, 0, 2, 0, 0, OLED_WORD_FAILED, 0, OLED_NO_NUMBER, 38, 1},
  {800, 5, 0, 0, 0, 0, OLED_WORD_FAILED, 0, OLED_NO_NUMBER, 39, 1},
  {3000, 6, 0, 0, 0, 0, OLED_WORD_NO_LINK, 0, OLED_NO_NUMBER, 40, 1},
  {800, 0, 0, 0, 0, 0, OLED_WORD_OPEN_APP, 0, OLED_NO_NUMBER, 41, 2},
  {400, 9, 0, 0, 0, 0, OLED_WORD_OPEN_APP, 0, OLED_NO_NUMBER, 43, 2},
  {400, 0, 0, 0, 0, 0, OLED_WORD_WATCH, 0, OLED_NO_NUMBER, 45, 3},
  {400, 0, 0, 0, 1, 0, OLED_WORD_WATCH, 0, OLED_NO_NUMBER, 48, 3},
  {120, 1, 0, 0, 1, 0, OLED_WORD_WATCH, 0, OLED_NO_NUMBER, 51, 3},
  {400, 0, 0, 0, 0, 0, OLED_WORD_WATCH, 0, OLED_NO_NUMBER, 54, 3},
  {600, 2, 0, 0, 0, 0, OLED_WORD_PAUSED, 0, OLED_NO_NUMBER, 57, 2},
  {600, 2, 0, 0, 1, 0, OLED_WORD_PAUSED, 0, OLED_NO_NUMBER, 59, 2},
  {600, 2, 0, 0, 1, 0, OLED_WORD_PAUSED, 0, OLED_NO_NUMBER, 61, 2},
  {800, 0, 0, 0, 0, 0, OLED_WORD_OPEN_APP, 0, OLED_NO_NUMBER, 63, 2},
  {400, 9, 0, 0, 0, 0, OLED_WORD_OPEN_APP, 0, OLED_NO_NUMBER, 65, 2},
  {120, 0, 0, 0, 0, 1, OLED_WORD_SPEAKING, 0, OLED_NO_NUMBER, 67, 4},
  {120, 0, 0, 0, -1, 3, OLED_WORD_SPEAKING, 0, OLED_NO_NUMBER, 71, 4},
  {120, 0, 0, 0, 0, 2, OLED_WORD_SPEAKING, 0, OLED_NO_NUMBER, 75, 4},
  {120, 4, 0, 0, 0, 4, OLED_WORD_SPEAKING, 0, OLED_NO_NUMBER, 79, 4},
  {70, 3, 0, 0, -30, 0, OLED_NO_WORD, 1, OLED_NO_NUMBER, 83, 0},
  {70, 3, 2, 0, -4, 0, OLED_NO_WORD, 1, OLED_NO_NUMBER, 83, 3},
  {70, 3, 3, 0, 22, 0, OLED_NO_WORD, 0, OLED_NO_NUMBER, 86, 4},
  {110, 5, 4, 0, 44, 0, OLED_NO_WORD, 0, OLED_NO_NUMBER, 90, 7},
  {120, 5, 5, 0, 30, 0, OLED_NO_WORD, 0, OLED_NO_NUMBER, 97, 7},
  {140, 5, 6, 0, 39, 0, OLED_NO_WORD, 0, OLED_NO_NUMBER, 104, 3},
  {700, 5, 0, 0, 38, 0, OLED_WORD_OUCH, 0, OLED_NO_NUMBER, 107, 5},
  {1400, 11, 0, 0, 38, 5, OLED_WORD_HURT, 0, OLED_NO_NUMBER, 112, 3},
  {150, 3, 0, 0, -3, 0, OLED_WORD_FOUND_YOU, 0, OLED_NO_NUMBER, 115, 4},
  {150, 3, 0, 0, 0, 0, OLED_WORD_FOUND_YOU, 0, OLED_NO_NUMBER, 119, 4},
  {700, 4, 0, 0, 0, 0, OLED_WORD_FOUND_YOU, 0, OLED_NO_NUMBER, 123, 2},
  {110, 4, 0, 0, 0, 0, OLED_WORD_PEOPLE, 0, 0, 125, 6},
  {110, 4, 0, 0, 0, 0, OLED_WORD_PEOPLE, 0, 1, 131, 6},
  {110, 4, 0, 0, -2, 0, OLED_WORD_PEOPLE, 0, 2, 137, 6},
  {600, 4, 0, 0, 0, 0, OLED_WORD_PEOPLE, 0, 2, 143, 6},
  {800, 4, 0, 0, 0, 0, OLED_WORD_PEOPLE, 0, OLED_NO_NUMBER, 149, 4},
  {400, 4, 0, 0, -1, 0, OLED_WORD_PEOPLE, 0, OLED_NO_NUMBER, 153, 6},
  {700, 0, 0, 0, 0, 0, OLED_WORD_NOBODY, 0, OLED_NO_NUMBER, 159, 1},
  {500, 11, 0, 0, 0, 0, OLED_WORD_NOBODY, 0, OLED_NO_NUMBER, 160, 1},
  {800, 3, 0, 0, 0, 0, OLED_WORD_LOOKING, 0, 3, 161, 0},
  {800, 3, 0, 0, 0, 0, OLED_WORD_REQUEST, 0, OLED_NO_NUMBER, 161, 2},
  {800, 3, 0, 0, 0, 0, OLED_WORD_ACCEPTED, 0, OLED_NO_NUMBER, 163, 2},
  {500, 4, 0, 0, 0, 0, OLED_WORD_REPORT, 0, OLED_NO_NUMBER, 165, 12},
  {500, 4, 0, 0, 0, 0, OLED_WORD_REPORT, 0, OLED_NO_NUMBER, 177, 12},
  {800, 3, 0, 0, 0, 0, OLED_WORD_TALKS, 0, OLED_NO_NUMBER, 189, 4},
  {800, 3, 0, 0, 0, 0, OLED_WORD_DOOR, 0, OLED_NO_NUMBER, 193, 2},
  {400, 10, 0, 0, 0, 0, OLED_WORD_QUESTION, 0, OLED_NO_NUMBER, 195, 3},
  {400, 10, 0, 0, 0, 0, OLED_WORD_QUESTION, 0, OLED_NO_NUMBER, 198, 3},
};

static const OledNumberSlot kOledNumbers[4] = {
  {0, 29, 26, 126, 0},
  {0, 29, 26, 115, 0},
  {0, 29, 26, 104, 0},
  {1, 12, 5, 108, 1},
};

static const uint8_t kOledDigitAdvance[OLED_NUMBER_FONTS] = {10, 15};
static const OledDigitGlyph kOledDigitFonts[OLED_NUMBER_FONTS][11] = {
  {{19, 1, -16}, {20, 3, -16}, {21, 1, -16}, {22, 1, -16}, {23, 1, -16}, {24, 1, -16}, {25, 1, -16}, {26, 1, -16}, {27, 1, -16}, {28, 1, -16}, {29, 2, -9}},  // u8g2_font_logisoso16_tn, 0-9 and +
  {{30, 2, -24}, {31, 5, -24}, {32, 2, -24}, {33, 2, -24}, {34, 2, -24}, {35, 2, -24}, {36, 2, -24}, {37, 2, -24}, {38, 2, -24}, {39, 2, -24}, {40, 3, -14}},  // u8g2_font_logisoso24_tn, 0-9 and +
};

static const OledSceneDesc kOledScenes[OLED_SCENE_COUNT] = {
  {0, 1, 8},  // off
  {1, 2, 1},  // nothing_known
  {3, 1, 0},  // pressed
  {4, 4, 1},  // searching
  {8, 2, 1},  // result
  {10, 3, 0},  // error
  {13, 1, 2},  // no_link
  {14, 2, 5},  // set_me_up
  {16, 4, 1},  // watch
  {20, 3, 1},  // paused
  {23, 2, 1},  // needs_setup
  {25, 4, 1},  // speaking
  {29, 8, 16},  // fell
  {37, 3, 1},  // found_you
  {40, 4, 0},  // found
  {44, 2, 1},  // found_self
  {46, 2, 1},  // nobody
  {48, 1, 1},  // looking
  {49, 1, 0},  // request
  {50, 1, 0},  // accepted
  {51, 2, 1},  // report
  {53, 1, 0},  // talks
  {54, 1, 0},  // door
  {55, 2, 1},  // question
};

static const OledWordStrip kOledWords[OLED_WORD_COUNT][OLED_WORD_LOCALES] = {
  {{97, 8, 104}, {98, 8, 101}, {99, 2, 101}, {100, 2, 101}},  // watch
  {{101, 5, 104}, {102, 5, 101}, {103, 8, 101}, {104, 2, 101}},  // searching
  {{105, 2, 102}, {106, 2, 101}, {107, 8, 101}, {108, 11, 102}},  // see_phone
  {{109, 8, 104}, {110, 11, 101}, {111, 8, 101}, {112, 2, 101}},  // failed
  {{113, 5, 104}, {114, 11, 101}, {115, 8, 102}, {116, 11, 104}},  // no_link
  {{117, 2, 101}, {118, 11, 104}, {119, 15, 101}, {120, 17, 101}},  // open_app
  {{121, 8, 104}, {122, 14, 101}, {123, 8, 104}, {124, 11, 101}},  // paused
  {{125, 14, 104}, {126, 11, 101}, {127, 8, 101}, {128, 11, 101}},  // speaking
  {{129, 43, 37}, {130, 43, 39}, {131, 43, 39}, {132, 43, 37}},  // ouch
  {{133, 14, 101}, {134, 20, 101}, {135, 17, 104}, {136, 20, 102}},  // hurt
  {{137, 2, 101}, {138, 5, 101}, {139, 4, 104}, {140, 2, 101}},  // found_you
  {{141, 5, 104}, {142, 14, 101}, {143, 5, 101}, {144, 5, 102}},  // people
  {{145, 14, 104}, {146, 14, 101}, {147, 17, 101}, {148, 11, 101}},  // nobody
  {{149, 11, 104}, {150, 12, 101}, {151, 8, 102}, {152, 8, 101}},  // looking
  {{153, 14, 104}, {154, 11, 102}, {155, 5, 101}, {156, 14, 101}},  // request
  {{157, 14, 104}, {158, 8, 101}, {159, 8, 101}, {160, 14, 102}},  // accepted
  {{161, 17, 101}, {162, 14, 102}, {163, 12, 101}, {164, 5, 101}},  // report
  {{165, 2, 104}, {166, 17, 101}, {167, 4, 103}, {168, 2, 101}},  // talks
  {{169, 17, 104}, {170, 20, 101}, {171, 14, 102}, {172, 17, 102}},  // door
  {{173, 14, 104}, {174, 8, 102}, {175, 8, 102}, {176, 8, 102}},  // question
};

static const uint8_t kOledWordFlags[OLED_WORD_COUNT] = {0, 0, 0, 0, 0, 0, 0, 0, 1, 0, 0, 0, 0, 0, 0, 0, 0, 0, 0, 0};

// Mascot and glyph-zone offset per wake (spec §5: ±1-2 px against burn-in).
static const uint8_t OLED_WAKE_SHIFTS = 8;
static const int8_t kOledWakeShift[8][2] = {{1, 0}, {-1, 1}, {2, -1}, {-2, 2}, {0, -2}, {1, 2}, {-1, -1}, {2, 1}};
