ISO-10303-21;
HEADER;
FILE_DESCRIPTION(('Open CASCADE Model'),'2;1');
FILE_NAME('Open CASCADE Shape Model','2026-09-27T05:06:54',('Author'),(
    'Open CASCADE'),'Open CASCADE STEP processor 7.9','Open CASCADE 7.9'
  ,'Unknown');
FILE_SCHEMA(('AUTOMOTIVE_DESIGN { 1 0 10303 214 1 1 1 1 }'));
ENDSEC;
DATA;
#1 = APPLICATION_PROTOCOL_DEFINITION('international standard',
  'automotive_design',2000,#2);
#2 = APPLICATION_CONTEXT(
  'core data for automotive mechanical design processes');
#3 = SHAPE_DEFINITION_REPRESENTATION(#4,#10);
#4 = PRODUCT_DEFINITION_SHAPE('','',#5);
#5 = PRODUCT_DEFINITION('design','',#6,#9);
#6 = PRODUCT_DEFINITION_FORMATION('','',#7);
#7 = PRODUCT('Open CASCADE STEP translator 7.9 1',
  'Open CASCADE STEP translator 7.9 1','',(#8));
#8 = PRODUCT_CONTEXT('',#2,'mechanical');
#9 = PRODUCT_DEFINITION_CONTEXT('part definition',#2,'design');
#10 = ADVANCED_BREP_SHAPE_REPRESENTATION('',(#11,#15),#17516);
#11 = AXIS2_PLACEMENT_3D('',#12,#13,#14);
#12 = CARTESIAN_POINT('',(0.,0.,0.));
#13 = DIRECTION('',(0.,0.,1.));
#14 = DIRECTION('',(1.,0.,-0.));
#15 = MANIFOLD_SOLID_BREP('',#16);
#16 = CLOSED_SHELL('',(#17,#139,#3810,#3886,#4053,#4080,#4107,#4134,
    #4161,#4188,#4215,#4222,#4298,#4465,#4492,#4519,#4546,#4573,#4600,
    #4627,#4634,#4689,#4693,#4748,#4752,#4832,#7584,#7643,#7793,#7993,
    #8074,#8150,#8589,#8660,#8707,#8756,#8805,#8852,#8901,#8950,#8997,
    #9004,#9011,#9018,#9045,#9052,#9059,#9135,#9206,#9233,#9260,#9267,
    #9326,#9476,#9535,#9685,#9744,#9894,#9953,#10103,#10162,#10312,
    #10388,#10459,#10486,#10513,#10520,#10596,#10667,#10694,#10721,
    #10728,#10804,#10875,#10902,#10929,#10936,#11136,#11217,#11293,
    #11732,#11803,#11850,#11899,#11948,#11995,#12044,#12093,#12140,
    #12147,#12154,#12161,#12188,#12195,#12202,#12261,#12411,#12470,
    #12620,#12679,#12829,#12888,#13038,#13097,#13247,#13306,#13456,
    #13503,#13550,#13597,#13644,#13691,#13738,#13785,#13832,#13879,
    #13926,#13973,#14020,#14067,#14114,#14141,#14167,#14194,#14221,
    #14229,#14275,#14302,#14328,#14335,#14381,#14408,#14434,#14441,
    #14487,#14514,#14540,#14547,#14593,#14620,#14646,#14653,#14699,
    #14726,#14752,#14779,#14806,#14814,#14841,#14896,#14900,#14955,
    #14959,#14986,#15062,#15229,#15256,#15283,#15310,#15337,#15364,
    #15391,#15398,#15470,#15519,#15569,#15618,#15668,#15715,#15744,
    #15771,#15798,#15825,#15856,#15883,#15910,#15937,#15968,#15995,
    #16022,#16049,#16080,#16107,#16134,#16161,#16192,#16219,#16246,
    #16273,#16304,#16331,#16358,#16385,#16416,#16443,#16470,#16497,
    #16526,#16553,#16580,#16607,#16636,#16663,#16690,#16717,#16748,
    #16775,#16802,#16829,#16860,#16887,#16914,#16941,#16972,#16999,
    #17026,#17053,#17084,#17111,#17138,#17165,#17196,#17223,#17250,
    #17277,#17308,#17335,#17362,#17389,#17418,#17444,#17451,#17478,
    #17509));
#17 = ADVANCED_FACE('',(#18),#32,.F.);
#18 = FACE_BOUND('',#19,.F.);
#19 = EDGE_LOOP('',(#20,#55,#84,#112));
#20 = ORIENTED_EDGE('',*,*,#21,.T.);
#21 = EDGE_CURVE('',#22,#24,#26,.T.);
#22 = VERTEX_POINT('',#23);
#23 = CARTESIAN_POINT('',(4.299187619699,-0.249999985753,-11.61565875343
    ));
#24 = VERTEX_POINT('',#25);
#25 = CARTESIAN_POINT('',(4.299187619699,-0.24,-11.61565875343));
#26 = SURFACE_CURVE('',#27,(#31,#43),.PCURVE_S1.);
#27 = LINE('',#28,#29);
#28 = CARTESIAN_POINT('',(4.299187619699,-0.25,-11.61565875343));
#29 = VECTOR('',#30,1.);
#30 = DIRECTION('',(0.,1.,0.));
#31 = PCURVE('',#32,#37);
#32 = CYLINDRICAL_SURFACE('',#33,0.27305);
#33 = AXIS2_PLACEMENT_3D('',#34,#35,#36);
#34 = CARTESIAN_POINT('',(4.299187619699,-0.25,-11.34260875343));
#35 = DIRECTION('',(0.,1.,0.));
#36 = DIRECTION('',(1.,0.,-1.566168663669E-47));
#37 = DEFINITIONAL_REPRESENTATION('',(#38),#42);
#38 = LINE('',#39,#40);
#39 = CARTESIAN_POINT('',(1.570796326795,0.));
#40 = VECTOR('',#41,1.);
#41 = DIRECTION('',(0.,1.));
#42 = ( GEOMETRIC_REPRESENTATION_CONTEXT(2) 
PARAMETRIC_REPRESENTATION_CONTEXT() REPRESENTATION_CONTEXT('2D SPACE',''
  ) );
#43 = PCURVE('',#44,#49);
#44 = PLANE('',#45);
#45 = AXIS2_PLACEMENT_3D('',#46,#47,#48);
#46 = CARTESIAN_POINT('',(4.299187619699,-0.25,-11.61565875343));
#47 = DIRECTION('',(2.449856478406E-63,0.,-1.));
#48 = DIRECTION('',(-1.,3.08148791102E-33,-2.449856478406E-63));
#49 = DEFINITIONAL_REPRESENTATION('',(#50),#54);
#50 = LINE('',#51,#52);
#51 = CARTESIAN_POINT('',(0.,0.));
#52 = VECTOR('',#53,1.);
#53 = DIRECTION('',(3.08148791102E-33,1.));
#54 = ( GEOMETRIC_REPRESENTATION_CONTEXT(2) 
PARAMETRIC_REPRESENTATION_CONTEXT() REPRESENTATION_CONTEXT('2D SPACE',''
  ) );
#55 = ORIENTED_EDGE('',*,*,#56,.F.);
#56 = EDGE_CURVE('',#57,#24,#59,.T.);
#57 = VERTEX_POINT('',#58);
#58 = CARTESIAN_POINT('',(4.572237619699,-0.24,-11.34260875343));
#59 = SURFACE_CURVE('',#60,(#65,#72),.PCURVE_S1.);
#60 = CIRCLE('',#61,0.27305);
#61 = AXIS2_PLACEMENT_3D('',#62,#63,#64);
#62 = CARTESIAN_POINT('',(4.299187619699,-0.24,-11.34260875343));
#63 = DIRECTION('',(-2.927413515469E-31,1.,-5.551115123126E-17));
#64 = DIRECTION('',(1.,2.927413515469E-31,-1.642146637881E-47));
#65 = PCURVE('',#32,#66);
#66 = DEFINITIONAL_REPRESENTATION('',(#67),#71);
#67 = LINE('',#68,#69);
#68 = CARTESIAN_POINT('',(0.,1.E-02));
#69 = VECTOR('',#70,1.);
#70 = DIRECTION('',(1.,-1.766974823035E-17));
#71 = ( GEOMETRIC_REPRESENTATION_CONTEXT(2) 
PARAMETRIC_REPRESENTATION_CONTEXT() REPRESENTATION_CONTEXT('2D SPACE',''
  ) );
#72 = PCURVE('',#73,#78);
#73 = PLANE('',#74);
#74 = AXIS2_PLACEMENT_3D('',#75,#76,#77);
#75 = CARTESIAN_POINT('',(4.024867619699,-0.24,-10.56028875343));
#76 = DIRECTION('',(-2.927413515469E-31,1.,-5.551115123126E-17));
#77 = DIRECTION('',(1.,2.927413515469E-31,-1.642146637881E-47));
#78 = DEFINITIONAL_REPRESENTATION('',(#79),#83);
#79 = CIRCLE('',#80,0.27305);
#80 = AXIS2_PLACEMENT_2D('',#81,#82);
#81 = CARTESIAN_POINT('',(0.27432,0.78232));
#82 = DIRECTION('',(1.,5.347903754412E-62));
#83 = ( GEOMETRIC_REPRESENTATION_CONTEXT(2) 
PARAMETRIC_REPRESENTATION_CONTEXT() REPRESENTATION_CONTEXT('2D SPACE',''
  ) );
#84 = ORIENTED_EDGE('',*,*,#85,.F.);
#85 = EDGE_CURVE('',#86,#57,#88,.T.);
#86 = VERTEX_POINT('',#87);
#87 = CARTESIAN_POINT('',(4.572237619699,-0.249999985753,-11.34260875343
    ));
#88 = SURFACE_CURVE('',#89,(#93,#100),.PCURVE_S1.);
#89 = LINE('',#90,#91);
#90 = CARTESIAN_POINT('',(4.572237619699,-0.25,-11.34260875343));
#91 = VECTOR('',#92,1.);
#92 = DIRECTION('',(0.,1.,0.));
#93 = PCURVE('',#32,#94);
#94 = DEFINITIONAL_REPRESENTATION('',(#95),#99);
#95 = LINE('',#96,#97);
#96 = CARTESIAN_POINT('',(0.,0.));
#97 = VECTOR('',#98,1.);
#98 = DIRECTION('',(0.,1.));
#99 = ( GEOMETRIC_REPRESENTATION_CONTEXT(2) 
PARAMETRIC_REPRESENTATION_CONTEXT() REPRESENTATION_CONTEXT('2D SPACE',''
  ) );
#100 = PCURVE('',#101,#106);
#101 = PLANE('',#102);
#102 = AXIS2_PLACEMENT_3D('',#103,#104,#105);
#103 = CARTESIAN_POINT('',(4.572237619699,-0.25,-9.777968753436));
#104 = DIRECTION('',(1.,0.,-1.710569414459E-49));
#105 = DIRECTION('',(-1.710569414459E-49,-5.551115123126E-17,-1.));
#106 = DEFINITIONAL_REPRESENTATION('',(#107),#111);
#107 = LINE('',#108,#109);
#108 = CARTESIAN_POINT('',(1.56464,8.685496766247E-17));
#109 = VECTOR('',#110,1.);
#110 = DIRECTION('',(-5.551115123126E-17,1.));
#111 = ( GEOMETRIC_REPRESENTATION_CONTEXT(2) 
PARAMETRIC_REPRESENTATION_CONTEXT() REPRESENTATION_CONTEXT('2D SPACE',''
  ) );
#112 = ORIENTED_EDGE('',*,*,#113,.T.);
#113 = EDGE_CURVE('',#86,#22,#114,.T.);
#114 = SURFACE_CURVE('',#115,(#120,#127),.PCURVE_S1.);
#115 = CIRCLE('',#116,0.27305);
#116 = AXIS2_PLACEMENT_3D('',#117,#118,#119);
#117 = CARTESIAN_POINT('',(4.299187619699,-0.249999985099,
    -11.34260875343));
#118 = DIRECTION('',(6.310887241768E-30,1.,-9.011389889435E-24));
#119 = DIRECTION('',(1.,-6.310887241768E-30,-1.566162976682E-47));
#120 = PCURVE('',#32,#121);
#121 = DEFINITIONAL_REPRESENTATION('',(#122),#126);
#122 = LINE('',#123,#124);
#123 = CARTESIAN_POINT('',(0.,1.490116299796E-08));
#124 = VECTOR('',#125,1.);
#125 = DIRECTION('',(1.,0.));
#126 = ( GEOMETRIC_REPRESENTATION_CONTEXT(2) 
PARAMETRIC_REPRESENTATION_CONTEXT() REPRESENTATION_CONTEXT('2D SPACE',''
  ) );
#127 = PCURVE('',#128,#133);
#128 = PLANE('',#129);
#129 = AXIS2_PLACEMENT_3D('',#130,#131,#132);
#130 = CARTESIAN_POINT('',(1.804158685586,-0.249999985099,
    -6.111399955412));
#131 = DIRECTION('',(6.310887241768E-30,1.,-9.011389889435E-24));
#132 = DIRECTION('',(-2.22044604925E-16,-9.011389889435E-24,-1.));
#133 = DEFINITIONAL_REPRESENTATION('',(#134),#138);
#134 = CIRCLE('',#135,0.27305);
#135 = AXIS2_PLACEMENT_2D('',#136,#137);
#136 = CARTESIAN_POINT('',(5.231208798024,-2.495028934112));
#137 = DIRECTION('',(-2.22044604925E-16,-1.));
#138 = ( GEOMETRIC_REPRESENTATION_CONTEXT(2) 
PARAMETRIC_REPRESENTATION_CONTEXT() REPRESENTATION_CONTEXT('2D SPACE',''
  ) );
#139 = ADVANCED_FACE('',(#140,#1948,#2138,#2368,#2399,#2430,#2461,#2492,
    #2662,#2776,#2890,#3004,#3118,#3288,#3319,#3350,#3580),#128,.F.);
#140 = FACE_BOUND('',#141,.T.);
#141 = EDGE_LOOP('',(#142,#172,#200,#228,#256,#285,#313,#341,#369,#398,
    #426,#454,#482,#511,#539,#567,#595,#624,#652,#680,#708,#737,#765,
    #793,#821,#850,#878,#906,#934,#963,#991,#1019,#1047,#1075,#1103,
    #1131,#1159,#1188,#1216,#1244,#1272,#1301,#1329,#1357,#1385,#1414,
    #1442,#1470,#1498,#1527,#1555,#1583,#1611,#1640,#1668,#1696,#1724,
    #1753,#1781,#1809,#1837,#1866,#1894,#1922));
#142 = ORIENTED_EDGE('',*,*,#143,.T.);
#143 = EDGE_CURVE('',#144,#146,#148,.T.);
#144 = VERTEX_POINT('',#145);
#145 = CARTESIAN_POINT('',(12.281658685586,-0.249999985099,
    -13.09639995541));
#146 = VERTEX_POINT('',#147);
#147 = CARTESIAN_POINT('',(12.281658685586,-0.249999985099,
    0.873600044587));
#148 = SURFACE_CURVE('',#149,(#153,#160),.PCURVE_S1.);
#149 = LINE('',#150,#151);
#150 = CARTESIAN_POINT('',(12.281658685586,-0.249999985099,
    -13.09639995541));
#151 = VECTOR('',#152,1.);
#152 = DIRECTION('',(0.,0.,1.));
#153 = PCURVE('',#128,#154);
#154 = DEFINITIONAL_REPRESENTATION('',(#155),#159);
#155 = LINE('',#156,#157);
#156 = CARTESIAN_POINT('',(6.985,-10.4775));
#157 = VECTOR('',#158,1.);
#158 = DIRECTION('',(-1.,2.22044604925E-16));
#159 = ( GEOMETRIC_REPRESENTATION_CONTEXT(2) 
PARAMETRIC_REPRESENTATION_CONTEXT() REPRESENTATION_CONTEXT('2D SPACE',''
  ) );
#160 = PCURVE('',#161,#166);
#161 = PLANE('',#162);
#162 = AXIS2_PLACEMENT_3D('',#163,#164,#165);
#163 = CARTESIAN_POINT('',(12.281658685586,1.490116113834E-08,
    0.873600044587));
#164 = DIRECTION('',(1.,0.,-2.22044604925E-16));
#165 = DIRECTION('',(-2.22044604925E-16,0.,-1.));
#166 = DEFINITIONAL_REPRESENTATION('',(#167),#171);
#167 = LINE('',#168,#169);
#168 = CARTESIAN_POINT('',(13.97,-0.25));
#169 = VECTOR('',#170,1.);
#170 = DIRECTION('',(-1.,0.));
#171 = ( GEOMETRIC_REPRESENTATION_CONTEXT(2) 
PARAMETRIC_REPRESENTATION_CONTEXT() REPRESENTATION_CONTEXT('2D SPACE',''
  ) );
#172 = ORIENTED_EDGE('',*,*,#173,.F.);
#173 = EDGE_CURVE('',#174,#146,#176,.T.);
#174 = VERTEX_POINT('',#175);
#175 = CARTESIAN_POINT('',(10.376658685586,-0.249999985099,
    2.778600044588));
#176 = SURFACE_CURVE('',#177,(#182,#189),.PCURVE_S1.);
#177 = CIRCLE('',#178,1.905044107102);
#178 = AXIS2_PLACEMENT_3D('',#179,#180,#181);
#179 = CARTESIAN_POINT('',(10.376614578995,-0.249999985099,
    0.873555937996));
#180 = DIRECTION('',(6.310887241768E-30,1.,-9.011389889435E-24));
#181 = DIRECTION('',(2.315253009509E-05,9.011389886874E-24,
    0.999999999732));
#182 = PCURVE('',#128,#183);
#183 = DEFINITIONAL_REPRESENTATION('',(#184),#188);
#184 = CIRCLE('',#185,1.905044107102);
#185 = AXIS2_PLACEMENT_2D('',#186,#187);
#186 = CARTESIAN_POINT('',(-6.984955893409,-8.572455893409));
#187 = DIRECTION('',(-0.999999999732,-2.315253009487E-05));
#188 = ( GEOMETRIC_REPRESENTATION_CONTEXT(2) 
PARAMETRIC_REPRESENTATION_CONTEXT() REPRESENTATION_CONTEXT('2D SPACE',''
  ) );
#189 = PCURVE('',#190,#195);
#190 = CYLINDRICAL_SURFACE('',#191,1.905044107102);
#191 = AXIS2_PLACEMENT_3D('',#192,#193,#194);
#192 = CARTESIAN_POINT('',(10.376614578995,1.490116113834E-08,
    0.873555937996));
#193 = DIRECTION('',(0.,1.,0.));
#194 = DIRECTION('',(2.315253009509E-05,0.,0.999999999732));
#195 = DEFINITIONAL_REPRESENTATION('',(#196),#199);
#196 = B_SPLINE_CURVE_WITH_KNOTS('',1,(#197,#198),.UNSPECIFIED.,.F.,.F.,
  (2,2),(0.,1.570750021735),.PIECEWISE_BEZIER_KNOTS.);
#197 = CARTESIAN_POINT('',(0.,-0.25));
#198 = CARTESIAN_POINT('',(1.570750021735,-0.25));
#199 = ( GEOMETRIC_REPRESENTATION_CONTEXT(2) 
PARAMETRIC_REPRESENTATION_CONTEXT() REPRESENTATION_CONTEXT('2D SPACE',''
  ) );
#200 = ORIENTED_EDGE('',*,*,#201,.T.);
#201 = EDGE_CURVE('',#174,#202,#204,.T.);
#202 = VERTEX_POINT('',#203);
#203 = CARTESIAN_POINT('',(10.122658685586,-0.249999985099,
    2.778600044587));
#204 = SURFACE_CURVE('',#205,(#209,#216),.PCURVE_S1.);
#205 = LINE('',#206,#207);
#206 = CARTESIAN_POINT('',(10.376658685586,-0.249999985099,
    2.778600044588));
#207 = VECTOR('',#208,1.);
#208 = DIRECTION('',(-1.,0.,-1.748382715945E-15));
#209 = PCURVE('',#128,#210);
#210 = DEFINITIONAL_REPRESENTATION('',(#211),#215);
#211 = LINE('',#212,#213);
#212 = CARTESIAN_POINT('',(-8.89,-8.5725));
#213 = VECTOR('',#214,1.);
#214 = DIRECTION('',(1.97042732087E-15,1.));
#215 = ( GEOMETRIC_REPRESENTATION_CONTEXT(2) 
PARAMETRIC_REPRESENTATION_CONTEXT() REPRESENTATION_CONTEXT('2D SPACE',''
  ) );
#216 = PCURVE('',#217,#222);
#217 = PLANE('',#218);
#218 = AXIS2_PLACEMENT_3D('',#219,#220,#221);
#219 = CARTESIAN_POINT('',(-6.768341314414,1.490116113834E-08,
    2.778600044587));
#220 = DIRECTION('',(2.22044604925E-16,0.,1.));
#221 = DIRECTION('',(1.,0.,-2.22044604925E-16));
#222 = DEFINITIONAL_REPRESENTATION('',(#223),#227);
#223 = LINE('',#224,#225);
#224 = CARTESIAN_POINT('',(17.145,-0.25));
#225 = VECTOR('',#226,1.);
#226 = DIRECTION('',(-1.,0.));
#227 = ( GEOMETRIC_REPRESENTATION_CONTEXT(2) 
PARAMETRIC_REPRESENTATION_CONTEXT() REPRESENTATION_CONTEXT('2D SPACE',''
  ) );
#228 = ORIENTED_EDGE('',*,*,#229,.T.);
#229 = EDGE_CURVE('',#202,#230,#232,.T.);
#230 = VERTEX_POINT('',#231);
#231 = CARTESIAN_POINT('',(10.122658685586,-0.249999985099,
    1.445100044587));
#232 = SURFACE_CURVE('',#233,(#237,#244),.PCURVE_S1.);
#233 = LINE('',#234,#235);
#234 = CARTESIAN_POINT('',(10.122658685586,-0.249999985099,
    -1.666399955412));
#235 = VECTOR('',#236,1.);
#236 = DIRECTION('',(6.105185931441E-16,-9.011389889435E-24,-1.));
#237 = PCURVE('',#128,#238);
#238 = DEFINITIONAL_REPRESENTATION('',(#239),#243);
#239 = LINE('',#240,#241);
#240 = CARTESIAN_POINT('',(-4.445,-8.3185));
#241 = VECTOR('',#242,1.);
#242 = DIRECTION('',(1.,-8.325631980691E-16));
#243 = ( GEOMETRIC_REPRESENTATION_CONTEXT(2) 
PARAMETRIC_REPRESENTATION_CONTEXT() REPRESENTATION_CONTEXT('2D SPACE',''
  ) );
#244 = PCURVE('',#245,#250);
#245 = PLANE('',#246);
#246 = AXIS2_PLACEMENT_3D('',#247,#248,#249);
#247 = CARTESIAN_POINT('',(10.122658685586,-0.249999985099,
    2.778600044587));
#248 = DIRECTION('',(1.,-6.310887236266E-30,6.105185931441E-16));
#249 = DIRECTION('',(6.105185931441E-16,-9.011389889435E-24,-1.));
#250 = DEFINITIONAL_REPRESENTATION('',(#251),#255);
#251 = LINE('',#252,#253);
#252 = CARTESIAN_POINT('',(4.445,4.005562805854E-23));
#253 = VECTOR('',#254,1.);
#254 = DIRECTION('',(1.,0.));
#255 = ( GEOMETRIC_REPRESENTATION_CONTEXT(2) 
PARAMETRIC_REPRESENTATION_CONTEXT() REPRESENTATION_CONTEXT('2D SPACE',''
  ) );
#256 = ORIENTED_EDGE('',*,*,#257,.T.);
#257 = EDGE_CURVE('',#230,#258,#260,.T.);
#258 = VERTEX_POINT('',#259);
#259 = CARTESIAN_POINT('',(8.598658685586,-0.249999985099,1.445100044587
    ));
#260 = SURFACE_CURVE('',#261,(#266,#273),.PCURVE_S1.);
#261 = CIRCLE('',#262,0.764886363636);
#262 = AXIS2_PLACEMENT_3D('',#263,#264,#265);
#263 = CARTESIAN_POINT('',(9.360658685586,-0.249999985099,1.511486408224
    ));
#264 = DIRECTION('',(6.310887241768E-30,1.,-9.011389889435E-24));
#265 = DIRECTION('',(-2.22044604925E-16,-9.011389889435E-24,-1.));
#266 = PCURVE('',#128,#267);
#267 = DEFINITIONAL_REPRESENTATION('',(#268),#272);
#268 = CIRCLE('',#269,0.764886363636);
#269 = AXIS2_PLACEMENT_2D('',#270,#271);
#270 = CARTESIAN_POINT('',(-7.622886363636,-7.5565));
#271 = DIRECTION('',(1.,0.));
#272 = ( GEOMETRIC_REPRESENTATION_CONTEXT(2) 
PARAMETRIC_REPRESENTATION_CONTEXT() REPRESENTATION_CONTEXT('2D SPACE',''
  ) );
#273 = PCURVE('',#274,#279);
#274 = CYLINDRICAL_SURFACE('',#275,0.764886363636);
#275 = AXIS2_PLACEMENT_3D('',#276,#277,#278);
#276 = CARTESIAN_POINT('',(9.360658685586,-0.249999985099,1.511486408224
    ));
#277 = DIRECTION('',(6.310887241768E-30,1.,-9.011389889435E-24));
#278 = DIRECTION('',(-2.22044604925E-16,-9.011389889435E-24,-1.));
#279 = DEFINITIONAL_REPRESENTATION('',(#280),#284);
#280 = LINE('',#281,#282);
#281 = CARTESIAN_POINT('',(-6.28318530718,0.));
#282 = VECTOR('',#283,1.);
#283 = DIRECTION('',(1.,0.));
#284 = ( GEOMETRIC_REPRESENTATION_CONTEXT(2) 
PARAMETRIC_REPRESENTATION_CONTEXT() REPRESENTATION_CONTEXT('2D SPACE',''
  ) );
#285 = ORIENTED_EDGE('',*,*,#286,.T.);
#286 = EDGE_CURVE('',#258,#287,#289,.T.);
#287 = VERTEX_POINT('',#288);
#288 = CARTESIAN_POINT('',(8.598658685586,-0.249999985099,2.778600044587
    ));
#289 = SURFACE_CURVE('',#290,(#294,#301),.PCURVE_S1.);
#290 = LINE('',#291,#292);
#291 = CARTESIAN_POINT('',(8.598658685586,-0.249999985099,
    -2.333149955412));
#292 = VECTOR('',#293,1.);
#293 = DIRECTION('',(2.22044604925E-16,9.011389889435E-24,1.));
#294 = PCURVE('',#128,#295);
#295 = DEFINITIONAL_REPRESENTATION('',(#296),#300);
#296 = LINE('',#297,#298);
#297 = CARTESIAN_POINT('',(-3.77825,-6.7945));
#298 = VECTOR('',#299,1.);
#299 = DIRECTION('',(-1.,2.465190328816E-32));
#300 = ( GEOMETRIC_REPRESENTATION_CONTEXT(2) 
PARAMETRIC_REPRESENTATION_CONTEXT() REPRESENTATION_CONTEXT('2D SPACE',''
  ) );
#301 = PCURVE('',#302,#307);
#302 = PLANE('',#303);
#303 = AXIS2_PLACEMENT_3D('',#304,#305,#306);
#304 = CARTESIAN_POINT('',(8.598658685586,-0.249999985099,1.445100044587
    ));
#305 = DIRECTION('',(-1.,6.310887243769E-30,2.22044604925E-16));
#306 = DIRECTION('',(2.22044604925E-16,9.011389889435E-24,1.));
#307 = DEFINITIONAL_REPRESENTATION('',(#308),#312);
#308 = LINE('',#309,#310);
#309 = CARTESIAN_POINT('',(-3.77825,3.404728384976E-23));
#310 = VECTOR('',#311,1.);
#311 = DIRECTION('',(1.,0.));
#312 = ( GEOMETRIC_REPRESENTATION_CONTEXT(2) 
PARAMETRIC_REPRESENTATION_CONTEXT() REPRESENTATION_CONTEXT('2D SPACE',''
  ) );
#313 = ORIENTED_EDGE('',*,*,#314,.F.);
#314 = EDGE_CURVE('',#315,#287,#317,.T.);
#315 = VERTEX_POINT('',#316);
#316 = CARTESIAN_POINT('',(7.582658685586,-0.249999985099,2.778600044587
    ));
#317 = SURFACE_CURVE('',#318,(#322,#329),.PCURVE_S1.);
#318 = LINE('',#319,#320);
#319 = CARTESIAN_POINT('',(-6.768341314414,-0.249999985099,
    2.778600044587));
#320 = VECTOR('',#321,1.);
#321 = DIRECTION('',(1.,-6.310887243769E-30,-2.22044604925E-16));
#322 = PCURVE('',#128,#323);
#323 = DEFINITIONAL_REPRESENTATION('',(#324),#328);
#324 = LINE('',#325,#326);
#325 = CARTESIAN_POINT('',(-8.89,8.5725));
#326 = VECTOR('',#327,1.);
#327 = DIRECTION('',(-2.465190328816E-32,-1.));
#328 = ( GEOMETRIC_REPRESENTATION_CONTEXT(2) 
PARAMETRIC_REPRESENTATION_CONTEXT() REPRESENTATION_CONTEXT('2D SPACE',''
  ) );
#329 = PCURVE('',#330,#335);
#330 = PLANE('',#331);
#331 = AXIS2_PLACEMENT_3D('',#332,#333,#334);
#332 = CARTESIAN_POINT('',(-6.768341314414,1.490116113834E-08,
    2.778600044587));
#333 = DIRECTION('',(2.22044604925E-16,0.,1.));
#334 = DIRECTION('',(1.,0.,-2.22044604925E-16));
#335 = DEFINITIONAL_REPRESENTATION('',(#336),#340);
#336 = LINE('',#337,#338);
#337 = CARTESIAN_POINT('',(0.,-0.25));
#338 = VECTOR('',#339,1.);
#339 = DIRECTION('',(1.,-6.310887243769E-30));
#340 = ( GEOMETRIC_REPRESENTATION_CONTEXT(2) 
PARAMETRIC_REPRESENTATION_CONTEXT() REPRESENTATION_CONTEXT('2D SPACE',''
  ) );
#341 = ORIENTED_EDGE('',*,*,#342,.T.);
#342 = EDGE_CURVE('',#315,#343,#345,.T.);
#343 = VERTEX_POINT('',#344);
#344 = CARTESIAN_POINT('',(7.582658685586,-0.249999985099,1.445100044587
    ));
#345 = SURFACE_CURVE('',#346,(#350,#357),.PCURVE_S1.);
#346 = LINE('',#347,#348);
#347 = CARTESIAN_POINT('',(7.582658685586,-0.249999985099,
    -1.666399955412));
#348 = VECTOR('',#349,1.);
#349 = DIRECTION('',(-2.22044604925E-16,-9.011389889435E-24,-1.));
#350 = PCURVE('',#128,#351);
#351 = DEFINITIONAL_REPRESENTATION('',(#352),#356);
#352 = LINE('',#353,#354);
#353 = CARTESIAN_POINT('',(-4.445,-5.7785));
#354 = VECTOR('',#355,1.);
#355 = DIRECTION('',(1.,-2.465190328816E-32));
#356 = ( GEOMETRIC_REPRESENTATION_CONTEXT(2) 
PARAMETRIC_REPRESENTATION_CONTEXT() REPRESENTATION_CONTEXT('2D SPACE',''
  ) );
#357 = PCURVE('',#358,#363);
#358 = PLANE('',#359);
#359 = AXIS2_PLACEMENT_3D('',#360,#361,#362);
#360 = CARTESIAN_POINT('',(7.582658685586,-0.249999985099,2.778600044587
    ));
#361 = DIRECTION('',(1.,-6.310887243769E-30,-2.22044604925E-16));
#362 = DIRECTION('',(-2.22044604925E-16,-9.011389889435E-24,-1.));
#363 = DEFINITIONAL_REPRESENTATION('',(#364),#368);
#364 = LINE('',#365,#366);
#365 = CARTESIAN_POINT('',(4.445,4.005562805854E-23));
#366 = VECTOR('',#367,1.);
#367 = DIRECTION('',(1.,0.));
#368 = ( GEOMETRIC_REPRESENTATION_CONTEXT(2) 
PARAMETRIC_REPRESENTATION_CONTEXT() REPRESENTATION_CONTEXT('2D SPACE',''
  ) );
#369 = ORIENTED_EDGE('',*,*,#370,.T.);
#370 = EDGE_CURVE('',#343,#371,#373,.T.);
#371 = VERTEX_POINT('',#372);
#372 = CARTESIAN_POINT('',(6.058658685586,-0.249999985099,1.445100044587
    ));
#373 = SURFACE_CURVE('',#374,(#379,#386),.PCURVE_S1.);
#374 = CIRCLE('',#375,0.764886363636);
#375 = AXIS2_PLACEMENT_3D('',#376,#377,#378);
#376 = CARTESIAN_POINT('',(6.820658685586,-0.249999985099,1.511486408224
    ));
#377 = DIRECTION('',(6.310887241768E-30,1.,-9.011389889435E-24));
#378 = DIRECTION('',(-2.22044604925E-16,-9.011389889435E-24,-1.));
#379 = PCURVE('',#128,#380);
#380 = DEFINITIONAL_REPRESENTATION('',(#381),#385);
#381 = CIRCLE('',#382,0.764886363636);
#382 = AXIS2_PLACEMENT_2D('',#383,#384);
#383 = CARTESIAN_POINT('',(-7.622886363636,-5.0165));
#384 = DIRECTION('',(1.,0.));
#385 = ( GEOMETRIC_REPRESENTATION_CONTEXT(2) 
PARAMETRIC_REPRESENTATION_CONTEXT() REPRESENTATION_CONTEXT('2D SPACE',''
  ) );
#386 = PCURVE('',#387,#392);
#387 = CYLINDRICAL_SURFACE('',#388,0.764886363636);
#388 = AXIS2_PLACEMENT_3D('',#389,#390,#391);
#389 = CARTESIAN_POINT('',(6.820658685586,-0.249999985099,1.511486408224
    ));
#390 = DIRECTION('',(6.310887241768E-30,1.,-9.011389889435E-24));
#391 = DIRECTION('',(-2.22044604925E-16,-9.011389889435E-24,-1.));
#392 = DEFINITIONAL_REPRESENTATION('',(#393),#397);
#393 = LINE('',#394,#395);
#394 = CARTESIAN_POINT('',(-6.28318530718,0.));
#395 = VECTOR('',#396,1.);
#396 = DIRECTION('',(1.,0.));
#397 = ( GEOMETRIC_REPRESENTATION_CONTEXT(2) 
PARAMETRIC_REPRESENTATION_CONTEXT() REPRESENTATION_CONTEXT('2D SPACE',''
  ) );
#398 = ORIENTED_EDGE('',*,*,#399,.T.);
#399 = EDGE_CURVE('',#371,#400,#402,.T.);
#400 = VERTEX_POINT('',#401);
#401 = CARTESIAN_POINT('',(6.058658685586,-0.249999985099,2.778600044587
    ));
#402 = SURFACE_CURVE('',#403,(#407,#414),.PCURVE_S1.);
#403 = LINE('',#404,#405);
#404 = CARTESIAN_POINT('',(6.058658685586,-0.249999985099,
    -2.333149955412));
#405 = VECTOR('',#406,1.);
#406 = DIRECTION('',(-1.942369941095E-16,9.011389889435E-24,1.));
#407 = PCURVE('',#128,#408);
#408 = DEFINITIONAL_REPRESENTATION('',(#409),#413);
#409 = LINE('',#410,#411);
#410 = CARTESIAN_POINT('',(-3.77825,-4.2545));
#411 = VECTOR('',#412,1.);
#412 = DIRECTION('',(-1.,4.162815990346E-16));
#413 = ( GEOMETRIC_REPRESENTATION_CONTEXT(2) 
PARAMETRIC_REPRESENTATION_CONTEXT() REPRESENTATION_CONTEXT('2D SPACE',''
  ) );
#414 = PCURVE('',#415,#420);
#415 = PLANE('',#416);
#416 = AXIS2_PLACEMENT_3D('',#417,#418,#419);
#417 = CARTESIAN_POINT('',(6.058658685586,-0.249999985099,1.445100044587
    ));
#418 = DIRECTION('',(-1.,6.310887240018E-30,-1.942369941095E-16));
#419 = DIRECTION('',(-1.942369941095E-16,9.011389889435E-24,1.));
#420 = DEFINITIONAL_REPRESENTATION('',(#421),#425);
#421 = LINE('',#422,#423);
#422 = CARTESIAN_POINT('',(-3.77825,3.404728384976E-23));
#423 = VECTOR('',#424,1.);
#424 = DIRECTION('',(1.,0.));
#425 = ( GEOMETRIC_REPRESENTATION_CONTEXT(2) 
PARAMETRIC_REPRESENTATION_CONTEXT() REPRESENTATION_CONTEXT('2D SPACE',''
  ) );
#426 = ORIENTED_EDGE('',*,*,#427,.F.);
#427 = EDGE_CURVE('',#428,#400,#430,.T.);
#428 = VERTEX_POINT('',#429);
#429 = CARTESIAN_POINT('',(5.042658685586,-0.249999985099,2.778600044587
    ));
#430 = SURFACE_CURVE('',#431,(#435,#442),.PCURVE_S1.);
#431 = LINE('',#432,#433);
#432 = CARTESIAN_POINT('',(-6.768341314414,-0.249999985099,
    2.778600044587));
#433 = VECTOR('',#434,1.);
#434 = DIRECTION('',(1.,-6.310887243769E-30,-2.22044604925E-16));
#435 = PCURVE('',#128,#436);
#436 = DEFINITIONAL_REPRESENTATION('',(#437),#441);
#437 = LINE('',#438,#439);
#438 = CARTESIAN_POINT('',(-8.89,8.5725));
#439 = VECTOR('',#440,1.);
#440 = DIRECTION('',(-2.465190328816E-32,-1.));
#441 = ( GEOMETRIC_REPRESENTATION_CONTEXT(2) 
PARAMETRIC_REPRESENTATION_CONTEXT() REPRESENTATION_CONTEXT('2D SPACE',''
  ) );
#442 = PCURVE('',#443,#448);
#443 = PLANE('',#444);
#444 = AXIS2_PLACEMENT_3D('',#445,#446,#447);
#445 = CARTESIAN_POINT('',(-6.768341314414,1.490116113834E-08,
    2.778600044587));
#446 = DIRECTION('',(2.22044604925E-16,0.,1.));
#447 = DIRECTION('',(1.,0.,-2.22044604925E-16));
#448 = DEFINITIONAL_REPRESENTATION('',(#449),#453);
#449 = LINE('',#450,#451);
#450 = CARTESIAN_POINT('',(0.,-0.25));
#451 = VECTOR('',#452,1.);
#452 = DIRECTION('',(1.,-6.310887243769E-30));
#453 = ( GEOMETRIC_REPRESENTATION_CONTEXT(2) 
PARAMETRIC_REPRESENTATION_CONTEXT() REPRESENTATION_CONTEXT('2D SPACE',''
  ) );
#454 = ORIENTED_EDGE('',*,*,#455,.T.);
#455 = EDGE_CURVE('',#428,#456,#458,.T.);
#456 = VERTEX_POINT('',#457);
#457 = CARTESIAN_POINT('',(5.042658685586,-0.249999985099,1.445100044587
    ));
#458 = SURFACE_CURVE('',#459,(#463,#470),.PCURVE_S1.);
#459 = LINE('',#460,#461);
#460 = CARTESIAN_POINT('',(5.042658685586,-0.249999985099,
    -1.666399955412));
#461 = VECTOR('',#462,1.);
#462 = DIRECTION('',(-2.22044604925E-16,-9.011389889435E-24,-1.));
#463 = PCURVE('',#128,#464);
#464 = DEFINITIONAL_REPRESENTATION('',(#465),#469);
#465 = LINE('',#466,#467);
#466 = CARTESIAN_POINT('',(-4.445,-3.2385));
#467 = VECTOR('',#468,1.);
#468 = DIRECTION('',(1.,-2.465190328816E-32));
#469 = ( GEOMETRIC_REPRESENTATION_CONTEXT(2) 
PARAMETRIC_REPRESENTATION_CONTEXT() REPRESENTATION_CONTEXT('2D SPACE',''
  ) );
#470 = PCURVE('',#471,#476);
#471 = PLANE('',#472);
#472 = AXIS2_PLACEMENT_3D('',#473,#474,#475);
#473 = CARTESIAN_POINT('',(5.042658685586,-0.249999985099,2.778600044587
    ));
#474 = DIRECTION('',(1.,-6.310887243769E-30,-2.22044604925E-16));
#475 = DIRECTION('',(-2.22044604925E-16,-9.011389889435E-24,-1.));
#476 = DEFINITIONAL_REPRESENTATION('',(#477),#481);
#477 = LINE('',#478,#479);
#478 = CARTESIAN_POINT('',(4.445,4.005562805854E-23));
#479 = VECTOR('',#480,1.);
#480 = DIRECTION('',(1.,0.));
#481 = ( GEOMETRIC_REPRESENTATION_CONTEXT(2) 
PARAMETRIC_REPRESENTATION_CONTEXT() REPRESENTATION_CONTEXT('2D SPACE',''
  ) );
#482 = ORIENTED_EDGE('',*,*,#483,.T.);
#483 = EDGE_CURVE('',#456,#484,#486,.T.);
#484 = VERTEX_POINT('',#485);
#485 = CARTESIAN_POINT('',(3.518658685586,-0.249999985099,1.445100044587
    ));
#486 = SURFACE_CURVE('',#487,(#492,#499),.PCURVE_S1.);
#487 = CIRCLE('',#488,0.764886363636);
#488 = AXIS2_PLACEMENT_3D('',#489,#490,#491);
#489 = CARTESIAN_POINT('',(4.280658685586,-0.249999985099,1.511486408224
    ));
#490 = DIRECTION('',(6.310887241768E-30,1.,-9.011389889435E-24));
#491 = DIRECTION('',(-2.22044604925E-16,-9.011389889435E-24,-1.));
#492 = PCURVE('',#128,#493);
#493 = DEFINITIONAL_REPRESENTATION('',(#494),#498);
#494 = CIRCLE('',#495,0.764886363636);
#495 = AXIS2_PLACEMENT_2D('',#496,#497);
#496 = CARTESIAN_POINT('',(-7.622886363636,-2.4765));
#497 = DIRECTION('',(1.,0.));
#498 = ( GEOMETRIC_REPRESENTATION_CONTEXT(2) 
PARAMETRIC_REPRESENTATION_CONTEXT() REPRESENTATION_CONTEXT('2D SPACE',''
  ) );
#499 = PCURVE('',#500,#505);
#500 = CYLINDRICAL_SURFACE('',#501,0.764886363636);
#501 = AXIS2_PLACEMENT_3D('',#502,#503,#504);
#502 = CARTESIAN_POINT('',(4.280658685586,-0.249999985099,1.511486408224
    ));
#503 = DIRECTION('',(6.310887241768E-30,1.,-9.011389889435E-24));
#504 = DIRECTION('',(-2.22044604925E-16,-9.011389889435E-24,-1.));
#505 = DEFINITIONAL_REPRESENTATION('',(#506),#510);
#506 = LINE('',#507,#508);
#507 = CARTESIAN_POINT('',(-6.28318530718,0.));
#508 = VECTOR('',#509,1.);
#509 = DIRECTION('',(1.,0.));
#510 = ( GEOMETRIC_REPRESENTATION_CONTEXT(2) 
PARAMETRIC_REPRESENTATION_CONTEXT() REPRESENTATION_CONTEXT('2D SPACE',''
  ) );
#511 = ORIENTED_EDGE('',*,*,#512,.T.);
#512 = EDGE_CURVE('',#484,#513,#515,.T.);
#513 = VERTEX_POINT('',#514);
#514 = CARTESIAN_POINT('',(3.518658685586,-0.249999985099,2.778600044587
    ));
#515 = SURFACE_CURVE('',#516,(#520,#527),.PCURVE_S1.);
#516 = LINE('',#517,#518);
#517 = CARTESIAN_POINT('',(3.518658685586,-0.249999985099,
    -2.333149955412));
#518 = VECTOR('',#519,1.);
#519 = DIRECTION('',(2.22044604925E-16,9.011389889435E-24,1.));
#520 = PCURVE('',#128,#521);
#521 = DEFINITIONAL_REPRESENTATION('',(#522),#526);
#522 = LINE('',#523,#524);
#523 = CARTESIAN_POINT('',(-3.77825,-1.7145));
#524 = VECTOR('',#525,1.);
#525 = DIRECTION('',(-1.,2.465190328816E-32));
#526 = ( GEOMETRIC_REPRESENTATION_CONTEXT(2) 
PARAMETRIC_REPRESENTATION_CONTEXT() REPRESENTATION_CONTEXT('2D SPACE',''
  ) );
#527 = PCURVE('',#528,#533);
#528 = PLANE('',#529);
#529 = AXIS2_PLACEMENT_3D('',#530,#531,#532);
#530 = CARTESIAN_POINT('',(3.518658685586,-0.249999985099,1.445100044587
    ));
#531 = DIRECTION('',(-1.,6.310887243769E-30,2.22044604925E-16));
#532 = DIRECTION('',(2.22044604925E-16,9.011389889435E-24,1.));
#533 = DEFINITIONAL_REPRESENTATION('',(#534),#538);
#534 = LINE('',#535,#536);
#535 = CARTESIAN_POINT('',(-3.77825,3.404728384976E-23));
#536 = VECTOR('',#537,1.);
#537 = DIRECTION('',(1.,0.));
#538 = ( GEOMETRIC_REPRESENTATION_CONTEXT(2) 
PARAMETRIC_REPRESENTATION_CONTEXT() REPRESENTATION_CONTEXT('2D SPACE',''
  ) );
#539 = ORIENTED_EDGE('',*,*,#540,.F.);
#540 = EDGE_CURVE('',#541,#513,#543,.T.);
#541 = VERTEX_POINT('',#542);
#542 = CARTESIAN_POINT('',(2.502658685586,-0.249999985099,2.778600044587
    ));
#543 = SURFACE_CURVE('',#544,(#548,#555),.PCURVE_S1.);
#544 = LINE('',#545,#546);
#545 = CARTESIAN_POINT('',(-6.768341314414,-0.249999985099,
    2.778600044587));
#546 = VECTOR('',#547,1.);
#547 = DIRECTION('',(1.,-6.310887243769E-30,-2.22044604925E-16));
#548 = PCURVE('',#128,#549);
#549 = DEFINITIONAL_REPRESENTATION('',(#550),#554);
#550 = LINE('',#551,#552);
#551 = CARTESIAN_POINT('',(-8.89,8.5725));
#552 = VECTOR('',#553,1.);
#553 = DIRECTION('',(-2.465190328816E-32,-1.));
#554 = ( GEOMETRIC_REPRESENTATION_CONTEXT(2) 
PARAMETRIC_REPRESENTATION_CONTEXT() REPRESENTATION_CONTEXT('2D SPACE',''
  ) );
#555 = PCURVE('',#556,#561);
#556 = PLANE('',#557);
#557 = AXIS2_PLACEMENT_3D('',#558,#559,#560);
#558 = CARTESIAN_POINT('',(-6.768341314414,1.490116113834E-08,
    2.778600044587));
#559 = DIRECTION('',(2.22044604925E-16,0.,1.));
#560 = DIRECTION('',(1.,0.,-2.22044604925E-16));
#561 = DEFINITIONAL_REPRESENTATION('',(#562),#566);
#562 = LINE('',#563,#564);
#563 = CARTESIAN_POINT('',(0.,-0.25));
#564 = VECTOR('',#565,1.);
#565 = DIRECTION('',(1.,-6.310887243769E-30));
#566 = ( GEOMETRIC_REPRESENTATION_CONTEXT(2) 
PARAMETRIC_REPRESENTATION_CONTEXT() REPRESENTATION_CONTEXT('2D SPACE',''
  ) );
#567 = ORIENTED_EDGE('',*,*,#568,.T.);
#568 = EDGE_CURVE('',#541,#569,#571,.T.);
#569 = VERTEX_POINT('',#570);
#570 = CARTESIAN_POINT('',(2.502658685586,-0.249999985099,1.445100044587
    ));
#571 = SURFACE_CURVE('',#572,(#576,#583),.PCURVE_S1.);
#572 = LINE('',#573,#574);
#573 = CARTESIAN_POINT('',(2.502658685586,-0.249999985099,
    -1.666399955412));
#574 = VECTOR('',#575,1.);
#575 = DIRECTION('',(-2.480622048647E-16,-9.011389889435E-24,-1.));
#576 = PCURVE('',#128,#577);
#577 = DEFINITIONAL_REPRESENTATION('',(#578),#582);
#578 = LINE('',#579,#580);
#579 = CARTESIAN_POINT('',(-4.445,-0.6985));
#580 = VECTOR('',#581,1.);
#581 = DIRECTION('',(1.,2.601759993966E-17));
#582 = ( GEOMETRIC_REPRESENTATION_CONTEXT(2) 
PARAMETRIC_REPRESENTATION_CONTEXT() REPRESENTATION_CONTEXT('2D SPACE',''
  ) );
#583 = PCURVE('',#584,#589);
#584 = PLANE('',#585);
#585 = AXIS2_PLACEMENT_3D('',#586,#587,#588);
#586 = CARTESIAN_POINT('',(2.502658685586,-0.249999985099,2.778600044587
    ));
#587 = DIRECTION('',(1.,-6.310887244003E-30,-2.480622048647E-16));
#588 = DIRECTION('',(-2.480622048647E-16,-9.011389889435E-24,-1.));
#589 = DEFINITIONAL_REPRESENTATION('',(#590),#594);
#590 = LINE('',#591,#592);
#591 = CARTESIAN_POINT('',(4.445,4.005562805854E-23));
#592 = VECTOR('',#593,1.);
#593 = DIRECTION('',(1.,0.));
#594 = ( GEOMETRIC_REPRESENTATION_CONTEXT(2) 
PARAMETRIC_REPRESENTATION_CONTEXT() REPRESENTATION_CONTEXT('2D SPACE',''
  ) );
#595 = ORIENTED_EDGE('',*,*,#596,.T.);
#596 = EDGE_CURVE('',#569,#597,#599,.T.);
#597 = VERTEX_POINT('',#598);
#598 = CARTESIAN_POINT('',(0.978658685586,-0.249999985099,1.445100044587
    ));
#599 = SURFACE_CURVE('',#600,(#605,#612),.PCURVE_S1.);
#600 = CIRCLE('',#601,0.764886363636);
#601 = AXIS2_PLACEMENT_3D('',#602,#603,#604);
#602 = CARTESIAN_POINT('',(1.740658685586,-0.249999985099,1.511486408224
    ));
#603 = DIRECTION('',(6.310887241768E-30,1.,-9.011389889435E-24));
#604 = DIRECTION('',(-2.22044604925E-16,-9.011389889435E-24,-1.));
#605 = PCURVE('',#128,#606);
#606 = DEFINITIONAL_REPRESENTATION('',(#607),#611);
#607 = CIRCLE('',#608,0.764886363636);
#608 = AXIS2_PLACEMENT_2D('',#609,#610);
#609 = CARTESIAN_POINT('',(-7.622886363636,6.35E-02));
#610 = DIRECTION('',(1.,0.));
#611 = ( GEOMETRIC_REPRESENTATION_CONTEXT(2) 
PARAMETRIC_REPRESENTATION_CONTEXT() REPRESENTATION_CONTEXT('2D SPACE',''
  ) );
#612 = PCURVE('',#613,#618);
#613 = CYLINDRICAL_SURFACE('',#614,0.764886363636);
#614 = AXIS2_PLACEMENT_3D('',#615,#616,#617);
#615 = CARTESIAN_POINT('',(1.740658685586,-0.249999985099,1.511486408224
    ));
#616 = DIRECTION('',(6.310887241768E-30,1.,-9.011389889435E-24));
#617 = DIRECTION('',(-2.22044604925E-16,-9.011389889435E-24,-1.));
#618 = DEFINITIONAL_REPRESENTATION('',(#619),#623);
#619 = LINE('',#620,#621);
#620 = CARTESIAN_POINT('',(0.,0.));
#621 = VECTOR('',#622,1.);
#622 = DIRECTION('',(1.,0.));
#623 = ( GEOMETRIC_REPRESENTATION_CONTEXT(2) 
PARAMETRIC_REPRESENTATION_CONTEXT() REPRESENTATION_CONTEXT('2D SPACE',''
  ) );
#624 = ORIENTED_EDGE('',*,*,#625,.T.);
#625 = EDGE_CURVE('',#597,#626,#628,.T.);
#626 = VERTEX_POINT('',#627);
#627 = CARTESIAN_POINT('',(0.978658685586,-0.249999985099,2.778600044587
    ));
#628 = SURFACE_CURVE('',#629,(#633,#640),.PCURVE_S1.);
#629 = LINE('',#630,#631);
#630 = CARTESIAN_POINT('',(0.978658685586,-0.249999985099,
    -2.333149955412));
#631 = VECTOR('',#632,1.);
#632 = DIRECTION('',(2.22044604925E-16,9.011389889435E-24,1.));
#633 = PCURVE('',#128,#634);
#634 = DEFINITIONAL_REPRESENTATION('',(#635),#639);
#635 = LINE('',#636,#637);
#636 = CARTESIAN_POINT('',(-3.77825,0.8255));
#637 = VECTOR('',#638,1.);
#638 = DIRECTION('',(-1.,2.465190328816E-32));
#639 = ( GEOMETRIC_REPRESENTATION_CONTEXT(2) 
PARAMETRIC_REPRESENTATION_CONTEXT() REPRESENTATION_CONTEXT('2D SPACE',''
  ) );
#640 = PCURVE('',#641,#646);
#641 = PLANE('',#642);
#642 = AXIS2_PLACEMENT_3D('',#643,#644,#645);
#643 = CARTESIAN_POINT('',(0.978658685586,-0.249999985099,1.445100044587
    ));
#644 = DIRECTION('',(-1.,6.310887243769E-30,2.22044604925E-16));
#645 = DIRECTION('',(2.22044604925E-16,9.011389889435E-24,1.));
#646 = DEFINITIONAL_REPRESENTATION('',(#647),#651);
#647 = LINE('',#648,#649);
#648 = CARTESIAN_POINT('',(-3.77825,3.404728384976E-23));
#649 = VECTOR('',#650,1.);
#650 = DIRECTION('',(1.,0.));
#651 = ( GEOMETRIC_REPRESENTATION_CONTEXT(2) 
PARAMETRIC_REPRESENTATION_CONTEXT() REPRESENTATION_CONTEXT('2D SPACE',''
  ) );
#652 = ORIENTED_EDGE('',*,*,#653,.F.);
#653 = EDGE_CURVE('',#654,#626,#656,.T.);
#654 = VERTEX_POINT('',#655);
#655 = CARTESIAN_POINT('',(-3.734131441357E-02,-0.249999985099,
    2.778600044587));
#656 = SURFACE_CURVE('',#657,(#661,#668),.PCURVE_S1.);
#657 = LINE('',#658,#659);
#658 = CARTESIAN_POINT('',(-6.768341314414,-0.249999985099,
    2.778600044587));
#659 = VECTOR('',#660,1.);
#660 = DIRECTION('',(1.,-6.310887243769E-30,-2.22044604925E-16));
#661 = PCURVE('',#128,#662);
#662 = DEFINITIONAL_REPRESENTATION('',(#663),#667);
#663 = LINE('',#664,#665);
#664 = CARTESIAN_POINT('',(-8.89,8.5725));
#665 = VECTOR('',#666,1.);
#666 = DIRECTION('',(-2.465190328816E-32,-1.));
#667 = ( GEOMETRIC_REPRESENTATION_CONTEXT(2) 
PARAMETRIC_REPRESENTATION_CONTEXT() REPRESENTATION_CONTEXT('2D SPACE',''
  ) );
#668 = PCURVE('',#669,#674);
#669 = PLANE('',#670);
#670 = AXIS2_PLACEMENT_3D('',#671,#672,#673);
#671 = CARTESIAN_POINT('',(-6.768341314414,1.490116113834E-08,
    2.778600044587));
#672 = DIRECTION('',(2.22044604925E-16,0.,1.));
#673 = DIRECTION('',(1.,0.,-2.22044604925E-16));
#674 = DEFINITIONAL_REPRESENTATION('',(#675),#679);
#675 = LINE('',#676,#677);
#676 = CARTESIAN_POINT('',(0.,-0.25));
#677 = VECTOR('',#678,1.);
#678 = DIRECTION('',(1.,-6.310887243769E-30));
#679 = ( GEOMETRIC_REPRESENTATION_CONTEXT(2) 
PARAMETRIC_REPRESENTATION_CONTEXT() REPRESENTATION_CONTEXT('2D SPACE',''
  ) );
#680 = ORIENTED_EDGE('',*,*,#681,.T.);
#681 = EDGE_CURVE('',#654,#682,#684,.T.);
#682 = VERTEX_POINT('',#683);
#683 = CARTESIAN_POINT('',(-3.734131441357E-02,-0.249999985099,
    1.445100044587));
#684 = SURFACE_CURVE('',#685,(#689,#696),.PCURVE_S1.);
#685 = LINE('',#686,#687);
#686 = CARTESIAN_POINT('',(-3.734131441357E-02,-0.249999985099,
    -1.666399955412));
#687 = VECTOR('',#688,1.);
#688 = DIRECTION('',(-2.22044604925E-16,-9.011389889435E-24,-1.));
#689 = PCURVE('',#128,#690);
#690 = DEFINITIONAL_REPRESENTATION('',(#691),#695);
#691 = LINE('',#692,#693);
#692 = CARTESIAN_POINT('',(-4.445,1.8415));
#693 = VECTOR('',#694,1.);
#694 = DIRECTION('',(1.,-2.465190328816E-32));
#695 = ( GEOMETRIC_REPRESENTATION_CONTEXT(2) 
PARAMETRIC_REPRESENTATION_CONTEXT() REPRESENTATION_CONTEXT('2D SPACE',''
  ) );
#696 = PCURVE('',#697,#702);
#697 = PLANE('',#698);
#698 = AXIS2_PLACEMENT_3D('',#699,#700,#701);
#699 = CARTESIAN_POINT('',(-3.734131441357E-02,-0.249999985099,
    2.778600044587));
#700 = DIRECTION('',(1.,-6.310887243769E-30,-2.22044604925E-16));
#701 = DIRECTION('',(-2.22044604925E-16,-9.011389889435E-24,-1.));
#702 = DEFINITIONAL_REPRESENTATION('',(#703),#707);
#703 = LINE('',#704,#705);
#704 = CARTESIAN_POINT('',(4.445,4.005562805854E-23));
#705 = VECTOR('',#706,1.);
#706 = DIRECTION('',(1.,0.));
#707 = ( GEOMETRIC_REPRESENTATION_CONTEXT(2) 
PARAMETRIC_REPRESENTATION_CONTEXT() REPRESENTATION_CONTEXT('2D SPACE',''
  ) );
#708 = ORIENTED_EDGE('',*,*,#709,.T.);
#709 = EDGE_CURVE('',#682,#710,#712,.T.);
#710 = VERTEX_POINT('',#711);
#711 = CARTESIAN_POINT('',(-1.561341314414,-0.249999985099,
    1.445100044587));
#712 = SURFACE_CURVE('',#713,(#718,#725),.PCURVE_S1.);
#713 = CIRCLE('',#714,0.764886363636);
#714 = AXIS2_PLACEMENT_3D('',#715,#716,#717);
#715 = CARTESIAN_POINT('',(-0.799341314414,-0.249999985099,
    1.511486408224));
#716 = DIRECTION('',(6.310887241768E-30,1.,-9.011389889435E-24));
#717 = DIRECTION('',(-2.22044604925E-16,-9.011389889435E-24,-1.));
#718 = PCURVE('',#128,#719);
#719 = DEFINITIONAL_REPRESENTATION('',(#720),#724);
#720 = CIRCLE('',#721,0.764886363636);
#721 = AXIS2_PLACEMENT_2D('',#722,#723);
#722 = CARTESIAN_POINT('',(-7.622886363636,2.6035));
#723 = DIRECTION('',(1.,0.));
#724 = ( GEOMETRIC_REPRESENTATION_CONTEXT(2) 
PARAMETRIC_REPRESENTATION_CONTEXT() REPRESENTATION_CONTEXT('2D SPACE',''
  ) );
#725 = PCURVE('',#726,#731);
#726 = CYLINDRICAL_SURFACE('',#727,0.764886363636);
#727 = AXIS2_PLACEMENT_3D('',#728,#729,#730);
#728 = CARTESIAN_POINT('',(-0.799341314414,-0.249999985099,
    1.511486408224));
#729 = DIRECTION('',(6.310887241768E-30,1.,-9.011389889435E-24));
#730 = DIRECTION('',(-2.22044604925E-16,-9.011389889435E-24,-1.));
#731 = DEFINITIONAL_REPRESENTATION('',(#732),#736);
#732 = LINE('',#733,#734);
#733 = CARTESIAN_POINT('',(0.,0.));
#734 = VECTOR('',#735,1.);
#735 = DIRECTION('',(1.,0.));
#736 = ( GEOMETRIC_REPRESENTATION_CONTEXT(2) 
PARAMETRIC_REPRESENTATION_CONTEXT() REPRESENTATION_CONTEXT('2D SPACE',''
  ) );
#737 = ORIENTED_EDGE('',*,*,#738,.T.);
#738 = EDGE_CURVE('',#710,#739,#741,.T.);
#739 = VERTEX_POINT('',#740);
#740 = CARTESIAN_POINT('',(-1.561341314414,-0.249999985099,
    2.778600044587));
#741 = SURFACE_CURVE('',#742,(#746,#753),.PCURVE_S1.);
#742 = LINE('',#743,#744);
#743 = CARTESIAN_POINT('',(-1.561341314414,-0.249999985099,
    -2.333149955412));
#744 = VECTOR('',#745,1.);
#745 = DIRECTION('',(2.22044604925E-16,9.011389889435E-24,1.));
#746 = PCURVE('',#128,#747);
#747 = DEFINITIONAL_REPRESENTATION('',(#748),#752);
#748 = LINE('',#749,#750);
#749 = CARTESIAN_POINT('',(-3.77825,3.3655));
#750 = VECTOR('',#751,1.);
#751 = DIRECTION('',(-1.,2.465190328816E-32));
#752 = ( GEOMETRIC_REPRESENTATION_CONTEXT(2) 
PARAMETRIC_REPRESENTATION_CONTEXT() REPRESENTATION_CONTEXT('2D SPACE',''
  ) );
#753 = PCURVE('',#754,#759);
#754 = PLANE('',#755);
#755 = AXIS2_PLACEMENT_3D('',#756,#757,#758);
#756 = CARTESIAN_POINT('',(-1.561341314414,-0.249999985099,
    1.445100044587));
#757 = DIRECTION('',(-1.,6.310887243769E-30,2.22044604925E-16));
#758 = DIRECTION('',(2.22044604925E-16,9.011389889435E-24,1.));
#759 = DEFINITIONAL_REPRESENTATION('',(#760),#764);
#760 = LINE('',#761,#762);
#761 = CARTESIAN_POINT('',(-3.77825,3.404728384976E-23));
#762 = VECTOR('',#763,1.);
#763 = DIRECTION('',(1.,0.));
#764 = ( GEOMETRIC_REPRESENTATION_CONTEXT(2) 
PARAMETRIC_REPRESENTATION_CONTEXT() REPRESENTATION_CONTEXT('2D SPACE',''
  ) );
#765 = ORIENTED_EDGE('',*,*,#766,.F.);
#766 = EDGE_CURVE('',#767,#739,#769,.T.);
#767 = VERTEX_POINT('',#768);
#768 = CARTESIAN_POINT('',(-2.577341314414,-0.249999985099,
    2.778600044587));
#769 = SURFACE_CURVE('',#770,(#774,#781),.PCURVE_S1.);
#770 = LINE('',#771,#772);
#771 = CARTESIAN_POINT('',(-6.768341314414,-0.249999985099,
    2.778600044587));
#772 = VECTOR('',#773,1.);
#773 = DIRECTION('',(1.,-6.310887243769E-30,-2.22044604925E-16));
#774 = PCURVE('',#128,#775);
#775 = DEFINITIONAL_REPRESENTATION('',(#776),#780);
#776 = LINE('',#777,#778);
#777 = CARTESIAN_POINT('',(-8.89,8.5725));
#778 = VECTOR('',#779,1.);
#779 = DIRECTION('',(-2.465190328816E-32,-1.));
#780 = ( GEOMETRIC_REPRESENTATION_CONTEXT(2) 
PARAMETRIC_REPRESENTATION_CONTEXT() REPRESENTATION_CONTEXT('2D SPACE',''
  ) );
#781 = PCURVE('',#782,#787);
#782 = PLANE('',#783);
#783 = AXIS2_PLACEMENT_3D('',#784,#785,#786);
#784 = CARTESIAN_POINT('',(-6.768341314414,1.490116113834E-08,
    2.778600044587));
#785 = DIRECTION('',(2.22044604925E-16,0.,1.));
#786 = DIRECTION('',(1.,0.,-2.22044604925E-16));
#787 = DEFINITIONAL_REPRESENTATION('',(#788),#792);
#788 = LINE('',#789,#790);
#789 = CARTESIAN_POINT('',(0.,-0.25));
#790 = VECTOR('',#791,1.);
#791 = DIRECTION('',(1.,-6.310887243769E-30));
#792 = ( GEOMETRIC_REPRESENTATION_CONTEXT(2) 
PARAMETRIC_REPRESENTATION_CONTEXT() REPRESENTATION_CONTEXT('2D SPACE',''
  ) );
#793 = ORIENTED_EDGE('',*,*,#794,.T.);
#794 = EDGE_CURVE('',#767,#795,#797,.T.);
#795 = VERTEX_POINT('',#796);
#796 = CARTESIAN_POINT('',(-2.577341314414,-0.249999985099,
    1.445100044587));
#797 = SURFACE_CURVE('',#798,(#802,#809),.PCURVE_S1.);
#798 = LINE('',#799,#800);
#799 = CARTESIAN_POINT('',(-2.577341314414,-0.249999985099,
    -1.666399955412));
#800 = VECTOR('',#801,1.);
#801 = DIRECTION('',(1.942369941095E-16,-9.011389889435E-24,-1.));
#802 = PCURVE('',#128,#803);
#803 = DEFINITIONAL_REPRESENTATION('',(#804),#808);
#804 = LINE('',#805,#806);
#805 = CARTESIAN_POINT('',(-4.445,4.3815));
#806 = VECTOR('',#807,1.);
#807 = DIRECTION('',(1.,-4.162815990346E-16));
#808 = ( GEOMETRIC_REPRESENTATION_CONTEXT(2) 
PARAMETRIC_REPRESENTATION_CONTEXT() REPRESENTATION_CONTEXT('2D SPACE',''
  ) );
#809 = PCURVE('',#810,#815);
#810 = PLANE('',#811);
#811 = AXIS2_PLACEMENT_3D('',#812,#813,#814);
#812 = CARTESIAN_POINT('',(-2.577341314414,-0.249999985099,
    2.778600044587));
#813 = DIRECTION('',(1.,-6.310887240018E-30,1.942369941095E-16));
#814 = DIRECTION('',(1.942369941095E-16,-9.011389889435E-24,-1.));
#815 = DEFINITIONAL_REPRESENTATION('',(#816),#820);
#816 = LINE('',#817,#818);
#817 = CARTESIAN_POINT('',(4.445,4.005562805854E-23));
#818 = VECTOR('',#819,1.);
#819 = DIRECTION('',(1.,0.));
#820 = ( GEOMETRIC_REPRESENTATION_CONTEXT(2) 
PARAMETRIC_REPRESENTATION_CONTEXT() REPRESENTATION_CONTEXT('2D SPACE',''
  ) );
#821 = ORIENTED_EDGE('',*,*,#822,.T.);
#822 = EDGE_CURVE('',#795,#823,#825,.T.);
#823 = VERTEX_POINT('',#824);
#824 = CARTESIAN_POINT('',(-4.101341314414,-0.249999985099,
    1.445100044587));
#825 = SURFACE_CURVE('',#826,(#831,#838),.PCURVE_S1.);
#826 = CIRCLE('',#827,0.764886363636);
#827 = AXIS2_PLACEMENT_3D('',#828,#829,#830);
#828 = CARTESIAN_POINT('',(-3.339341314414,-0.249999985099,
    1.511486408224));
#829 = DIRECTION('',(6.310887241768E-30,1.,-9.011389889435E-24));
#830 = DIRECTION('',(-2.22044604925E-16,-9.011389889435E-24,-1.));
#831 = PCURVE('',#128,#832);
#832 = DEFINITIONAL_REPRESENTATION('',(#833),#837);
#833 = CIRCLE('',#834,0.764886363636);
#834 = AXIS2_PLACEMENT_2D('',#835,#836);
#835 = CARTESIAN_POINT('',(-7.622886363636,5.1435));
#836 = DIRECTION('',(1.,0.));
#837 = ( GEOMETRIC_REPRESENTATION_CONTEXT(2) 
PARAMETRIC_REPRESENTATION_CONTEXT() REPRESENTATION_CONTEXT('2D SPACE',''
  ) );
#838 = PCURVE('',#839,#844);
#839 = CYLINDRICAL_SURFACE('',#840,0.764886363636);
#840 = AXIS2_PLACEMENT_3D('',#841,#842,#843);
#841 = CARTESIAN_POINT('',(-3.339341314414,-0.249999985099,
    1.511486408224));
#842 = DIRECTION('',(6.310887241768E-30,1.,-9.011389889435E-24));
#843 = DIRECTION('',(-2.22044604925E-16,-9.011389889435E-24,-1.));
#844 = DEFINITIONAL_REPRESENTATION('',(#845),#849);
#845 = LINE('',#846,#847);
#846 = CARTESIAN_POINT('',(-6.28318530718,0.));
#847 = VECTOR('',#848,1.);
#848 = DIRECTION('',(1.,0.));
#849 = ( GEOMETRIC_REPRESENTATION_CONTEXT(2) 
PARAMETRIC_REPRESENTATION_CONTEXT() REPRESENTATION_CONTEXT('2D SPACE',''
  ) );
#850 = ORIENTED_EDGE('',*,*,#851,.T.);
#851 = EDGE_CURVE('',#823,#852,#854,.T.);
#852 = VERTEX_POINT('',#853);
#853 = CARTESIAN_POINT('',(-4.101341314414,-0.249999985099,
    2.778600044587));
#854 = SURFACE_CURVE('',#855,(#859,#866),.PCURVE_S1.);
#855 = LINE('',#856,#857);
#856 = CARTESIAN_POINT('',(-4.101341314414,-0.249999985099,
    -2.333149955412));
#857 = VECTOR('',#858,1.);
#858 = DIRECTION('',(2.22044604925E-16,9.011389889435E-24,1.));
#859 = PCURVE('',#128,#860);
#860 = DEFINITIONAL_REPRESENTATION('',(#861),#865);
#861 = LINE('',#862,#863);
#862 = CARTESIAN_POINT('',(-3.77825,5.9055));
#863 = VECTOR('',#864,1.);
#864 = DIRECTION('',(-1.,2.465190328816E-32));
#865 = ( GEOMETRIC_REPRESENTATION_CONTEXT(2) 
PARAMETRIC_REPRESENTATION_CONTEXT() REPRESENTATION_CONTEXT('2D SPACE',''
  ) );
#866 = PCURVE('',#867,#872);
#867 = PLANE('',#868);
#868 = AXIS2_PLACEMENT_3D('',#869,#870,#871);
#869 = CARTESIAN_POINT('',(-4.101341314414,-0.249999985099,
    1.445100044587));
#870 = DIRECTION('',(-1.,6.310887243769E-30,2.22044604925E-16));
#871 = DIRECTION('',(2.22044604925E-16,9.011389889435E-24,1.));
#872 = DEFINITIONAL_REPRESENTATION('',(#873),#877);
#873 = LINE('',#874,#875);
#874 = CARTESIAN_POINT('',(-3.77825,3.404728384976E-23));
#875 = VECTOR('',#876,1.);
#876 = DIRECTION('',(1.,0.));
#877 = ( GEOMETRIC_REPRESENTATION_CONTEXT(2) 
PARAMETRIC_REPRESENTATION_CONTEXT() REPRESENTATION_CONTEXT('2D SPACE',''
  ) );
#878 = ORIENTED_EDGE('',*,*,#879,.F.);
#879 = EDGE_CURVE('',#880,#852,#882,.T.);
#880 = VERTEX_POINT('',#881);
#881 = CARTESIAN_POINT('',(-5.117341314414,-0.249999985099,
    2.778600044587));
#882 = SURFACE_CURVE('',#883,(#887,#894),.PCURVE_S1.);
#883 = LINE('',#884,#885);
#884 = CARTESIAN_POINT('',(-6.768341314414,-0.249999985099,
    2.778600044587));
#885 = VECTOR('',#886,1.);
#886 = DIRECTION('',(1.,-6.310887243769E-30,-2.22044604925E-16));
#887 = PCURVE('',#128,#888);
#888 = DEFINITIONAL_REPRESENTATION('',(#889),#893);
#889 = LINE('',#890,#891);
#890 = CARTESIAN_POINT('',(-8.89,8.5725));
#891 = VECTOR('',#892,1.);
#892 = DIRECTION('',(-2.465190328816E-32,-1.));
#893 = ( GEOMETRIC_REPRESENTATION_CONTEXT(2) 
PARAMETRIC_REPRESENTATION_CONTEXT() REPRESENTATION_CONTEXT('2D SPACE',''
  ) );
#894 = PCURVE('',#895,#900);
#895 = PLANE('',#896);
#896 = AXIS2_PLACEMENT_3D('',#897,#898,#899);
#897 = CARTESIAN_POINT('',(-6.768341314414,1.490116113834E-08,
    2.778600044587));
#898 = DIRECTION('',(2.22044604925E-16,0.,1.));
#899 = DIRECTION('',(1.,0.,-2.22044604925E-16));
#900 = DEFINITIONAL_REPRESENTATION('',(#901),#905);
#901 = LINE('',#902,#903);
#902 = CARTESIAN_POINT('',(0.,-0.25));
#903 = VECTOR('',#904,1.);
#904 = DIRECTION('',(1.,-6.310887243769E-30));
#905 = ( GEOMETRIC_REPRESENTATION_CONTEXT(2) 
PARAMETRIC_REPRESENTATION_CONTEXT() REPRESENTATION_CONTEXT('2D SPACE',''
  ) );
#906 = ORIENTED_EDGE('',*,*,#907,.T.);
#907 = EDGE_CURVE('',#880,#908,#910,.T.);
#908 = VERTEX_POINT('',#909);
#909 = CARTESIAN_POINT('',(-5.117341314414,-0.249999985099,
    1.445100044587));
#910 = SURFACE_CURVE('',#911,(#915,#922),.PCURVE_S1.);
#911 = LINE('',#912,#913);
#912 = CARTESIAN_POINT('',(-5.117341314414,-0.249999985099,
    -1.666399955412));
#913 = VECTOR('',#914,1.);
#914 = DIRECTION('',(-2.22044604925E-16,-9.011389889435E-24,-1.));
#915 = PCURVE('',#128,#916);
#916 = DEFINITIONAL_REPRESENTATION('',(#917),#921);
#917 = LINE('',#918,#919);
#918 = CARTESIAN_POINT('',(-4.445,6.9215));
#919 = VECTOR('',#920,1.);
#920 = DIRECTION('',(1.,-2.465190328816E-32));
#921 = ( GEOMETRIC_REPRESENTATION_CONTEXT(2) 
PARAMETRIC_REPRESENTATION_CONTEXT() REPRESENTATION_CONTEXT('2D SPACE',''
  ) );
#922 = PCURVE('',#923,#928);
#923 = PLANE('',#924);
#924 = AXIS2_PLACEMENT_3D('',#925,#926,#927);
#925 = CARTESIAN_POINT('',(-5.117341314414,-0.249999985099,
    2.778600044587));
#926 = DIRECTION('',(1.,-6.310887243769E-30,-2.22044604925E-16));
#927 = DIRECTION('',(-2.22044604925E-16,-9.011389889435E-24,-1.));
#928 = DEFINITIONAL_REPRESENTATION('',(#929),#933);
#929 = LINE('',#930,#931);
#930 = CARTESIAN_POINT('',(4.445,4.005562805854E-23));
#931 = VECTOR('',#932,1.);
#932 = DIRECTION('',(1.,0.));
#933 = ( GEOMETRIC_REPRESENTATION_CONTEXT(2) 
PARAMETRIC_REPRESENTATION_CONTEXT() REPRESENTATION_CONTEXT('2D SPACE',''
  ) );
#934 = ORIENTED_EDGE('',*,*,#935,.T.);
#935 = EDGE_CURVE('',#908,#936,#938,.T.);
#936 = VERTEX_POINT('',#937);
#937 = CARTESIAN_POINT('',(-6.641341314414,-0.249999985099,
    1.445100044587));
#938 = SURFACE_CURVE('',#939,(#944,#951),.PCURVE_S1.);
#939 = CIRCLE('',#940,0.764886363636);
#940 = AXIS2_PLACEMENT_3D('',#941,#942,#943);
#941 = CARTESIAN_POINT('',(-5.879341314414,-0.249999985099,
    1.511486408224));
#942 = DIRECTION('',(6.310887241768E-30,1.,-9.011389889435E-24));
#943 = DIRECTION('',(-2.22044604925E-16,-9.011389889435E-24,-1.));
#944 = PCURVE('',#128,#945);
#945 = DEFINITIONAL_REPRESENTATION('',(#946),#950);
#946 = CIRCLE('',#947,0.764886363636);
#947 = AXIS2_PLACEMENT_2D('',#948,#949);
#948 = CARTESIAN_POINT('',(-7.622886363636,7.6835));
#949 = DIRECTION('',(1.,0.));
#950 = ( GEOMETRIC_REPRESENTATION_CONTEXT(2) 
PARAMETRIC_REPRESENTATION_CONTEXT() REPRESENTATION_CONTEXT('2D SPACE',''
  ) );
#951 = PCURVE('',#952,#957);
#952 = CYLINDRICAL_SURFACE('',#953,0.764886363636);
#953 = AXIS2_PLACEMENT_3D('',#954,#955,#956);
#954 = CARTESIAN_POINT('',(-5.879341314414,-0.249999985099,
    1.511486408224));
#955 = DIRECTION('',(6.310887241768E-30,1.,-9.011389889435E-24));
#956 = DIRECTION('',(-2.22044604925E-16,-9.011389889435E-24,-1.));
#957 = DEFINITIONAL_REPRESENTATION('',(#958),#962);
#958 = LINE('',#959,#960);
#959 = CARTESIAN_POINT('',(-8.881784197001E-16,0.));
#960 = VECTOR('',#961,1.);
#961 = DIRECTION('',(1.,0.));
#962 = ( GEOMETRIC_REPRESENTATION_CONTEXT(2) 
PARAMETRIC_REPRESENTATION_CONTEXT() REPRESENTATION_CONTEXT('2D SPACE',''
  ) );
#963 = ORIENTED_EDGE('',*,*,#964,.T.);
#964 = EDGE_CURVE('',#936,#965,#967,.T.);
#965 = VERTEX_POINT('',#966);
#966 = CARTESIAN_POINT('',(-6.641341314414,-0.249999985099,
    2.778600044587));
#967 = SURFACE_CURVE('',#968,(#972,#979),.PCURVE_S1.);
#968 = LINE('',#969,#970);
#969 = CARTESIAN_POINT('',(-6.641341314414,-0.249999985099,
    -2.333149955412));
#970 = VECTOR('',#971,1.);
#971 = DIRECTION('',(2.22044604925E-16,9.011389889435E-24,1.));
#972 = PCURVE('',#128,#973);
#973 = DEFINITIONAL_REPRESENTATION('',(#974),#978);
#974 = LINE('',#975,#976);
#975 = CARTESIAN_POINT('',(-3.77825,8.4455));
#976 = VECTOR('',#977,1.);
#977 = DIRECTION('',(-1.,2.465190328816E-32));
#978 = ( GEOMETRIC_REPRESENTATION_CONTEXT(2) 
PARAMETRIC_REPRESENTATION_CONTEXT() REPRESENTATION_CONTEXT('2D SPACE',''
  ) );
#979 = PCURVE('',#980,#985);
#980 = PLANE('',#981);
#981 = AXIS2_PLACEMENT_3D('',#982,#983,#984);
#982 = CARTESIAN_POINT('',(-6.641341314414,-0.249999985099,
    1.445100044587));
#983 = DIRECTION('',(-1.,6.310887243769E-30,2.22044604925E-16));
#984 = DIRECTION('',(2.22044604925E-16,9.011389889435E-24,1.));
#985 = DEFINITIONAL_REPRESENTATION('',(#986),#990);
#986 = LINE('',#987,#988);
#987 = CARTESIAN_POINT('',(-3.77825,3.404728384976E-23));
#988 = VECTOR('',#989,1.);
#989 = DIRECTION('',(1.,0.));
#990 = ( GEOMETRIC_REPRESENTATION_CONTEXT(2) 
PARAMETRIC_REPRESENTATION_CONTEXT() REPRESENTATION_CONTEXT('2D SPACE',''
  ) );
#991 = ORIENTED_EDGE('',*,*,#992,.T.);
#992 = EDGE_CURVE('',#965,#993,#995,.T.);
#993 = VERTEX_POINT('',#994);
#994 = CARTESIAN_POINT('',(-6.768341314414,-0.249999985099,
    2.778600044588));
#995 = SURFACE_CURVE('',#996,(#1000,#1007),.PCURVE_S1.);
#996 = LINE('',#997,#998);
#997 = CARTESIAN_POINT('',(-6.641341314414,-0.249999985099,
    2.778600044587));
#998 = VECTOR('',#999,1.);
#999 = DIRECTION('',(-1.,0.,3.49676543189E-15));
#1000 = PCURVE('',#128,#1001);
#1001 = DEFINITIONAL_REPRESENTATION('',(#1002),#1006);
#1002 = LINE('',#1003,#1004);
#1003 = CARTESIAN_POINT('',(-8.89,8.4455));
#1004 = VECTOR('',#1005,1.);
#1005 = DIRECTION('',(-3.274720826965E-15,1.));
#1006 = ( GEOMETRIC_REPRESENTATION_CONTEXT(2) 
PARAMETRIC_REPRESENTATION_CONTEXT() REPRESENTATION_CONTEXT('2D SPACE',''
  ) );
#1007 = PCURVE('',#1008,#1013);
#1008 = PLANE('',#1009);
#1009 = AXIS2_PLACEMENT_3D('',#1010,#1011,#1012);
#1010 = CARTESIAN_POINT('',(-6.768341314414,1.490116113834E-08,
    2.778600044587));
#1011 = DIRECTION('',(2.22044604925E-16,0.,1.));
#1012 = DIRECTION('',(1.,0.,-2.22044604925E-16));
#1013 = DEFINITIONAL_REPRESENTATION('',(#1014),#1018);
#1014 = LINE('',#1015,#1016);
#1015 = CARTESIAN_POINT('',(0.127,-0.25));
#1016 = VECTOR('',#1017,1.);
#1017 = DIRECTION('',(-1.,0.));
#1018 = ( GEOMETRIC_REPRESENTATION_CONTEXT(2) 
PARAMETRIC_REPRESENTATION_CONTEXT() REPRESENTATION_CONTEXT('2D SPACE',''
  ) );
#1019 = ORIENTED_EDGE('',*,*,#1020,.F.);
#1020 = EDGE_CURVE('',#1021,#993,#1023,.T.);
#1021 = VERTEX_POINT('',#1022);
#1022 = CARTESIAN_POINT('',(-8.673341314414,-0.249999985099,
    0.873600044588));
#1023 = SURFACE_CURVE('',#1024,(#1029,#1036),.PCURVE_S1.);
#1024 = CIRCLE('',#1025,1.905044107102);
#1025 = AXIS2_PLACEMENT_3D('',#1026,#1027,#1028);
#1026 = CARTESIAN_POINT('',(-6.768297207823,-0.249999985099,
    0.873555937996));
#1027 = DIRECTION('',(6.310887241768E-30,1.,-9.011389889435E-24));
#1028 = DIRECTION('',(-0.999999999732,2.149473628486E-28,
    2.315253009451E-05));
#1029 = PCURVE('',#128,#1030);
#1030 = DEFINITIONAL_REPRESENTATION('',(#1031),#1035);
#1031 = CIRCLE('',#1032,1.905044107102);
#1032 = AXIS2_PLACEMENT_2D('',#1033,#1034);
#1033 = CARTESIAN_POINT('',(-6.984955893409,8.572455893409));
#1034 = DIRECTION('',(-2.315253009428E-05,0.999999999732));
#1035 = ( GEOMETRIC_REPRESENTATION_CONTEXT(2) 
PARAMETRIC_REPRESENTATION_CONTEXT() REPRESENTATION_CONTEXT('2D SPACE',''
  ) );
#1036 = PCURVE('',#1037,#1042);
#1037 = CYLINDRICAL_SURFACE('',#1038,1.905044107102);
#1038 = AXIS2_PLACEMENT_3D('',#1039,#1040,#1041);
#1039 = CARTESIAN_POINT('',(-6.768297207823,1.490116113834E-08,
    0.873555937996));
#1040 = DIRECTION('',(0.,1.,0.));
#1041 = DIRECTION('',(-0.999999999732,0.,2.315253009451E-05));
#1042 = DEFINITIONAL_REPRESENTATION('',(#1043),#1046);
#1043 = B_SPLINE_CURVE_WITH_KNOTS('',1,(#1044,#1045),.UNSPECIFIED.,.F.,
  .F.,(2,2),(0.,1.570750021735),.PIECEWISE_BEZIER_KNOTS.);
#1044 = CARTESIAN_POINT('',(8.799712800602E-22,-0.25));
#1045 = CARTESIAN_POINT('',(1.570750021735,-0.25));
#1046 = ( GEOMETRIC_REPRESENTATION_CONTEXT(2) 
PARAMETRIC_REPRESENTATION_CONTEXT() REPRESENTATION_CONTEXT('2D SPACE',''
  ) );
#1047 = ORIENTED_EDGE('',*,*,#1048,.T.);
#1048 = EDGE_CURVE('',#1021,#1049,#1051,.T.);
#1049 = VERTEX_POINT('',#1050);
#1050 = CARTESIAN_POINT('',(-8.673341314414,-0.249999985099,
    -13.09639995541));
#1051 = SURFACE_CURVE('',#1052,(#1056,#1063),.PCURVE_S1.);
#1052 = LINE('',#1053,#1054);
#1053 = CARTESIAN_POINT('',(-8.673341314414,-0.249999985099,
    0.873600044588));
#1054 = VECTOR('',#1055,1.);
#1055 = DIRECTION('',(0.,0.,-1.));
#1056 = PCURVE('',#128,#1057);
#1057 = DEFINITIONAL_REPRESENTATION('',(#1058),#1062);
#1058 = LINE('',#1059,#1060);
#1059 = CARTESIAN_POINT('',(-6.985,10.4775));
#1060 = VECTOR('',#1061,1.);
#1061 = DIRECTION('',(1.,-2.22044604925E-16));
#1062 = ( GEOMETRIC_REPRESENTATION_CONTEXT(2) 
PARAMETRIC_REPRESENTATION_CONTEXT() REPRESENTATION_CONTEXT('2D SPACE',''
  ) );
#1063 = PCURVE('',#1064,#1069);
#1064 = PLANE('',#1065);
#1065 = AXIS2_PLACEMENT_3D('',#1066,#1067,#1068);
#1066 = CARTESIAN_POINT('',(-8.673341314414,1.490116113834E-08,
    -13.09639995541));
#1067 = DIRECTION('',(-1.,0.,6.310072165729E-17));
#1068 = DIRECTION('',(6.310072165729E-17,0.,1.));
#1069 = DEFINITIONAL_REPRESENTATION('',(#1070),#1074);
#1070 = LINE('',#1071,#1072);
#1071 = CARTESIAN_POINT('',(13.97,-0.25));
#1072 = VECTOR('',#1073,1.);
#1073 = DIRECTION('',(-1.,0.));
#1074 = ( GEOMETRIC_REPRESENTATION_CONTEXT(2) 
PARAMETRIC_REPRESENTATION_CONTEXT() REPRESENTATION_CONTEXT('2D SPACE',''
  ) );
#1075 = ORIENTED_EDGE('',*,*,#1076,.F.);
#1076 = EDGE_CURVE('',#1077,#1049,#1079,.T.);
#1077 = VERTEX_POINT('',#1078);
#1078 = CARTESIAN_POINT('',(-6.768341314414,-0.249999985099,
    -15.00139995541));
#1079 = SURFACE_CURVE('',#1080,(#1085,#1092),.PCURVE_S1.);
#1080 = CIRCLE('',#1081,1.905044107102);
#1081 = AXIS2_PLACEMENT_3D('',#1082,#1083,#1084);
#1082 = CARTESIAN_POINT('',(-6.768297207823,-0.249999985099,
    -13.09635584882));
#1083 = DIRECTION('',(6.310887241768E-30,1.,-9.011389889435E-24));
#1084 = DIRECTION('',(-2.315253009334E-05,-9.011389886874E-24,
    -0.999999999732));
#1085 = PCURVE('',#128,#1086);
#1086 = DEFINITIONAL_REPRESENTATION('',(#1087),#1091);
#1087 = CIRCLE('',#1088,1.905044107102);
#1088 = AXIS2_PLACEMENT_2D('',#1089,#1090);
#1089 = CARTESIAN_POINT('',(6.984955893409,8.572455893409));
#1090 = DIRECTION('',(0.999999999732,2.315253009312E-05));
#1091 = ( GEOMETRIC_REPRESENTATION_CONTEXT(2) 
PARAMETRIC_REPRESENTATION_CONTEXT() REPRESENTATION_CONTEXT('2D SPACE',''
  ) );
#1092 = PCURVE('',#1093,#1098);
#1093 = CYLINDRICAL_SURFACE('',#1094,1.905044107102);
#1094 = AXIS2_PLACEMENT_3D('',#1095,#1096,#1097);
#1095 = CARTESIAN_POINT('',(-6.768297207823,1.490116113834E-08,
    -13.09635584882));
#1096 = DIRECTION('',(0.,1.,0.));
#1097 = DIRECTION('',(-2.315253009334E-05,0.,-0.999999999732));
#1098 = DEFINITIONAL_REPRESENTATION('',(#1099),#1102);
#1099 = B_SPLINE_CURVE_WITH_KNOTS('',1,(#1100,#1101),.UNSPECIFIED.,.F.,
  .F.,(2,2),(0.,1.570750021735),.PIECEWISE_BEZIER_KNOTS.);
#1100 = CARTESIAN_POINT('',(0.,-0.25));
#1101 = CARTESIAN_POINT('',(1.570750021735,-0.25));
#1102 = ( GEOMETRIC_REPRESENTATION_CONTEXT(2) 
PARAMETRIC_REPRESENTATION_CONTEXT() REPRESENTATION_CONTEXT('2D SPACE',''
  ) );
#1103 = ORIENTED_EDGE('',*,*,#1104,.T.);
#1104 = EDGE_CURVE('',#1077,#1105,#1107,.T.);
#1105 = VERTEX_POINT('',#1106);
#1106 = CARTESIAN_POINT('',(-6.641341314414,-0.249999985099,
    -15.00139995541));
#1107 = SURFACE_CURVE('',#1108,(#1112,#1119),.PCURVE_S1.);
#1108 = LINE('',#1109,#1110);
#1109 = CARTESIAN_POINT('',(-6.768341314414,-0.249999985099,
    -15.00139995541));
#1110 = VECTOR('',#1111,1.);
#1111 = DIRECTION('',(1.,0.,0.));
#1112 = PCURVE('',#128,#1113);
#1113 = DEFINITIONAL_REPRESENTATION('',(#1114),#1118);
#1114 = LINE('',#1115,#1116);
#1115 = CARTESIAN_POINT('',(8.89,8.5725));
#1116 = VECTOR('',#1117,1.);
#1117 = DIRECTION('',(-2.22044604925E-16,-1.));
#1118 = ( GEOMETRIC_REPRESENTATION_CONTEXT(2) 
PARAMETRIC_REPRESENTATION_CONTEXT() REPRESENTATION_CONTEXT('2D SPACE',''
  ) );
#1119 = PCURVE('',#1120,#1125);
#1120 = PLANE('',#1121);
#1121 = AXIS2_PLACEMENT_3D('',#1122,#1123,#1124);
#1122 = CARTESIAN_POINT('',(10.376658685586,1.490116113834E-08,
    -15.00139995541));
#1123 = DIRECTION('',(-2.22044604925E-16,0.,-1.));
#1124 = DIRECTION('',(-1.,0.,2.22044604925E-16));
#1125 = DEFINITIONAL_REPRESENTATION('',(#1126),#1130);
#1126 = LINE('',#1127,#1128);
#1127 = CARTESIAN_POINT('',(17.145,-0.25));
#1128 = VECTOR('',#1129,1.);
#1129 = DIRECTION('',(-1.,0.));
#1130 = ( GEOMETRIC_REPRESENTATION_CONTEXT(2) 
PARAMETRIC_REPRESENTATION_CONTEXT() REPRESENTATION_CONTEXT('2D SPACE',''
  ) );
#1131 = ORIENTED_EDGE('',*,*,#1132,.T.);
#1132 = EDGE_CURVE('',#1105,#1133,#1135,.T.);
#1133 = VERTEX_POINT('',#1134);
#1134 = CARTESIAN_POINT('',(-6.641341314414,-0.249999985099,
    -13.66789995541));
#1135 = SURFACE_CURVE('',#1136,(#1140,#1147),.PCURVE_S1.);
#1136 = LINE('',#1137,#1138);
#1137 = CARTESIAN_POINT('',(-6.641341314414,-0.249999985099,
    -10.55639995541));
#1138 = VECTOR('',#1139,1.);
#1139 = DIRECTION('',(1.054607802994E-15,9.011389889435E-24,1.));
#1140 = PCURVE('',#128,#1141);
#1141 = DEFINITIONAL_REPRESENTATION('',(#1142),#1146);
#1142 = LINE('',#1143,#1144);
#1143 = CARTESIAN_POINT('',(4.445,8.4455));
#1144 = VECTOR('',#1145,1.);
#1145 = DIRECTION('',(-1.,-8.325631980691E-16));
#1146 = ( GEOMETRIC_REPRESENTATION_CONTEXT(2) 
PARAMETRIC_REPRESENTATION_CONTEXT() REPRESENTATION_CONTEXT('2D SPACE',''
  ) );
#1147 = PCURVE('',#1148,#1153);
#1148 = PLANE('',#1149);
#1149 = AXIS2_PLACEMENT_3D('',#1150,#1151,#1152);
#1150 = CARTESIAN_POINT('',(-6.641341314414,-0.249999985099,
    -15.00139995541));
#1151 = DIRECTION('',(-1.,6.310887251272E-30,1.054607802994E-15));
#1152 = DIRECTION('',(1.054607802994E-15,9.011389889435E-24,1.));
#1153 = DEFINITIONAL_REPRESENTATION('',(#1154),#1158);
#1154 = LINE('',#1155,#1156);
#1155 = CARTESIAN_POINT('',(4.445,-4.005562805854E-23));
#1156 = VECTOR('',#1157,1.);
#1157 = DIRECTION('',(1.,0.));
#1158 = ( GEOMETRIC_REPRESENTATION_CONTEXT(2) 
PARAMETRIC_REPRESENTATION_CONTEXT() REPRESENTATION_CONTEXT('2D SPACE',''
  ) );
#1159 = ORIENTED_EDGE('',*,*,#1160,.T.);
#1160 = EDGE_CURVE('',#1133,#1161,#1163,.T.);
#1161 = VERTEX_POINT('',#1162);
#1162 = CARTESIAN_POINT('',(-5.117341314414,-0.249999985099,
    -13.66789995541));
#1163 = SURFACE_CURVE('',#1164,(#1169,#1176),.PCURVE_S1.);
#1164 = CIRCLE('',#1165,0.764886363636);
#1165 = AXIS2_PLACEMENT_3D('',#1166,#1167,#1168);
#1166 = CARTESIAN_POINT('',(-5.879341314414,-0.249999985099,
    -13.73428631904));
#1167 = DIRECTION('',(6.310887241768E-30,1.,-9.011389889435E-24));
#1168 = DIRECTION('',(-2.22044604925E-16,-9.011389889435E-24,-1.));
#1169 = PCURVE('',#128,#1170);
#1170 = DEFINITIONAL_REPRESENTATION('',(#1171),#1175);
#1171 = CIRCLE('',#1172,0.764886363636);
#1172 = AXIS2_PLACEMENT_2D('',#1173,#1174);
#1173 = CARTESIAN_POINT('',(7.622886363636,7.6835));
#1174 = DIRECTION('',(1.,0.));
#1175 = ( GEOMETRIC_REPRESENTATION_CONTEXT(2) 
PARAMETRIC_REPRESENTATION_CONTEXT() REPRESENTATION_CONTEXT('2D SPACE',''
  ) );
#1176 = PCURVE('',#1177,#1182);
#1177 = CYLINDRICAL_SURFACE('',#1178,0.764886363636);
#1178 = AXIS2_PLACEMENT_3D('',#1179,#1180,#1181);
#1179 = CARTESIAN_POINT('',(-5.879341314414,-0.249999985099,
    -13.73428631904));
#1180 = DIRECTION('',(6.310887241768E-30,1.,-9.011389889435E-24));
#1181 = DIRECTION('',(-1.67677691439E-15,9.011389889435E-24,1.));
#1182 = DEFINITIONAL_REPRESENTATION('',(#1183),#1187);
#1183 = LINE('',#1184,#1185);
#1184 = CARTESIAN_POINT('',(-3.14159265359,0.));
#1185 = VECTOR('',#1186,1.);
#1186 = DIRECTION('',(1.,0.));
#1187 = ( GEOMETRIC_REPRESENTATION_CONTEXT(2) 
PARAMETRIC_REPRESENTATION_CONTEXT() REPRESENTATION_CONTEXT('2D SPACE',''
  ) );
#1188 = ORIENTED_EDGE('',*,*,#1189,.T.);
#1189 = EDGE_CURVE('',#1161,#1190,#1192,.T.);
#1190 = VERTEX_POINT('',#1191);
#1191 = CARTESIAN_POINT('',(-5.117341314414,-0.249999985099,
    -15.00139995541));
#1192 = SURFACE_CURVE('',#1193,(#1197,#1204),.PCURVE_S1.);
#1193 = LINE('',#1194,#1195);
#1194 = CARTESIAN_POINT('',(-5.117341314414,-0.249999985099,
    -9.889649955412));
#1195 = VECTOR('',#1196,1.);
#1196 = DIRECTION('',(-2.22044604925E-16,-9.011389889435E-24,-1.));
#1197 = PCURVE('',#128,#1198);
#1198 = DEFINITIONAL_REPRESENTATION('',(#1199),#1203);
#1199 = LINE('',#1200,#1201);
#1200 = CARTESIAN_POINT('',(3.77825,6.9215));
#1201 = VECTOR('',#1202,1.);
#1202 = DIRECTION('',(1.,-2.465190328816E-32));
#1203 = ( GEOMETRIC_REPRESENTATION_CONTEXT(2) 
PARAMETRIC_REPRESENTATION_CONTEXT() REPRESENTATION_CONTEXT('2D SPACE',''
  ) );
#1204 = PCURVE('',#1205,#1210);
#1205 = PLANE('',#1206);
#1206 = AXIS2_PLACEMENT_3D('',#1207,#1208,#1209);
#1207 = CARTESIAN_POINT('',(-5.117341314414,-0.249999985099,
    -13.66789995541));
#1208 = DIRECTION('',(1.,-6.310887243769E-30,-2.22044604925E-16));
#1209 = DIRECTION('',(-2.22044604925E-16,-9.011389889435E-24,-1.));
#1210 = DEFINITIONAL_REPRESENTATION('',(#1211),#1215);
#1211 = LINE('',#1212,#1213);
#1212 = CARTESIAN_POINT('',(-3.77825,-3.404728384976E-23));
#1213 = VECTOR('',#1214,1.);
#1214 = DIRECTION('',(1.,0.));
#1215 = ( GEOMETRIC_REPRESENTATION_CONTEXT(2) 
PARAMETRIC_REPRESENTATION_CONTEXT() REPRESENTATION_CONTEXT('2D SPACE',''
  ) );
#1216 = ORIENTED_EDGE('',*,*,#1217,.T.);
#1217 = EDGE_CURVE('',#1190,#1218,#1220,.T.);
#1218 = VERTEX_POINT('',#1219);
#1219 = CARTESIAN_POINT('',(-4.101341314414,-0.249999985099,
    -15.00139995541));
#1220 = SURFACE_CURVE('',#1221,(#1225,#1232),.PCURVE_S1.);
#1221 = LINE('',#1222,#1223);
#1222 = CARTESIAN_POINT('',(-6.768341314414,-0.249999985099,
    -15.00139995541));
#1223 = VECTOR('',#1224,1.);
#1224 = DIRECTION('',(1.,-6.310887243769E-30,-2.22044604925E-16));
#1225 = PCURVE('',#128,#1226);
#1226 = DEFINITIONAL_REPRESENTATION('',(#1227),#1231);
#1227 = LINE('',#1228,#1229);
#1228 = CARTESIAN_POINT('',(8.89,8.5725));
#1229 = VECTOR('',#1230,1.);
#1230 = DIRECTION('',(-2.465190328816E-32,-1.));
#1231 = ( GEOMETRIC_REPRESENTATION_CONTEXT(2) 
PARAMETRIC_REPRESENTATION_CONTEXT() REPRESENTATION_CONTEXT('2D SPACE',''
  ) );
#1232 = PCURVE('',#1233,#1238);
#1233 = PLANE('',#1234);
#1234 = AXIS2_PLACEMENT_3D('',#1235,#1236,#1237);
#1235 = CARTESIAN_POINT('',(10.376658685586,1.490116113834E-08,
    -15.00139995541));
#1236 = DIRECTION('',(-2.22044604925E-16,0.,-1.));
#1237 = DIRECTION('',(-1.,0.,2.22044604925E-16));
#1238 = DEFINITIONAL_REPRESENTATION('',(#1239),#1243);
#1239 = LINE('',#1240,#1241);
#1240 = CARTESIAN_POINT('',(17.145,-0.25));
#1241 = VECTOR('',#1242,1.);
#1242 = DIRECTION('',(-1.,-6.310887243769E-30));
#1243 = ( GEOMETRIC_REPRESENTATION_CONTEXT(2) 
PARAMETRIC_REPRESENTATION_CONTEXT() REPRESENTATION_CONTEXT('2D SPACE',''
  ) );
#1244 = ORIENTED_EDGE('',*,*,#1245,.T.);
#1245 = EDGE_CURVE('',#1218,#1246,#1248,.T.);
#1246 = VERTEX_POINT('',#1247);
#1247 = CARTESIAN_POINT('',(-4.101341314414,-0.249999985099,
    -13.66789995541));
#1248 = SURFACE_CURVE('',#1249,(#1253,#1260),.PCURVE_S1.);
#1249 = LINE('',#1250,#1251);
#1250 = CARTESIAN_POINT('',(-4.101341314414,-0.249999985099,
    -10.55639995541));
#1251 = VECTOR('',#1252,1.);
#1252 = DIRECTION('',(2.22044604925E-16,9.011389889435E-24,1.));
#1253 = PCURVE('',#128,#1254);
#1254 = DEFINITIONAL_REPRESENTATION('',(#1255),#1259);
#1255 = LINE('',#1256,#1257);
#1256 = CARTESIAN_POINT('',(4.445,5.9055));
#1257 = VECTOR('',#1258,1.);
#1258 = DIRECTION('',(-1.,2.465190328816E-32));
#1259 = ( GEOMETRIC_REPRESENTATION_CONTEXT(2) 
PARAMETRIC_REPRESENTATION_CONTEXT() REPRESENTATION_CONTEXT('2D SPACE',''
  ) );
#1260 = PCURVE('',#1261,#1266);
#1261 = PLANE('',#1262);
#1262 = AXIS2_PLACEMENT_3D('',#1263,#1264,#1265);
#1263 = CARTESIAN_POINT('',(-4.101341314414,-0.249999985099,
    -15.00139995541));
#1264 = DIRECTION('',(-1.,6.310887243769E-30,2.22044604925E-16));
#1265 = DIRECTION('',(2.22044604925E-16,9.011389889435E-24,1.));
#1266 = DEFINITIONAL_REPRESENTATION('',(#1267),#1271);
#1267 = LINE('',#1268,#1269);
#1268 = CARTESIAN_POINT('',(4.445,-4.005562805854E-23));
#1269 = VECTOR('',#1270,1.);
#1270 = DIRECTION('',(1.,0.));
#1271 = ( GEOMETRIC_REPRESENTATION_CONTEXT(2) 
PARAMETRIC_REPRESENTATION_CONTEXT() REPRESENTATION_CONTEXT('2D SPACE',''
  ) );
#1272 = ORIENTED_EDGE('',*,*,#1273,.T.);
#1273 = EDGE_CURVE('',#1246,#1274,#1276,.T.);
#1274 = VERTEX_POINT('',#1275);
#1275 = CARTESIAN_POINT('',(-2.577341314414,-0.249999985099,
    -13.66789995541));
#1276 = SURFACE_CURVE('',#1277,(#1282,#1289),.PCURVE_S1.);
#1277 = CIRCLE('',#1278,0.764886363636);
#1278 = AXIS2_PLACEMENT_3D('',#1279,#1280,#1281);
#1279 = CARTESIAN_POINT('',(-3.339341314414,-0.249999985099,
    -13.73428631904));
#1280 = DIRECTION('',(6.310887241768E-30,1.,-9.011389889435E-24));
#1281 = DIRECTION('',(-2.22044604925E-16,-9.011389889435E-24,-1.));
#1282 = PCURVE('',#128,#1283);
#1283 = DEFINITIONAL_REPRESENTATION('',(#1284),#1288);
#1284 = CIRCLE('',#1285,0.764886363636);
#1285 = AXIS2_PLACEMENT_2D('',#1286,#1287);
#1286 = CARTESIAN_POINT('',(7.622886363636,5.1435));
#1287 = DIRECTION('',(1.,0.));
#1288 = ( GEOMETRIC_REPRESENTATION_CONTEXT(2) 
PARAMETRIC_REPRESENTATION_CONTEXT() REPRESENTATION_CONTEXT('2D SPACE',''
  ) );
#1289 = PCURVE('',#1290,#1295);
#1290 = CYLINDRICAL_SURFACE('',#1291,0.764886363636);
#1291 = AXIS2_PLACEMENT_3D('',#1292,#1293,#1294);
#1292 = CARTESIAN_POINT('',(-3.339341314414,-0.249999985099,
    -13.73428631904));
#1293 = DIRECTION('',(6.310887241768E-30,1.,-9.011389889435E-24));
#1294 = DIRECTION('',(-1.67677691439E-15,9.011389889435E-24,1.));
#1295 = DEFINITIONAL_REPRESENTATION('',(#1296),#1300);
#1296 = LINE('',#1297,#1298);
#1297 = CARTESIAN_POINT('',(-3.14159265359,0.));
#1298 = VECTOR('',#1299,1.);
#1299 = DIRECTION('',(1.,0.));
#1300 = ( GEOMETRIC_REPRESENTATION_CONTEXT(2) 
PARAMETRIC_REPRESENTATION_CONTEXT() REPRESENTATION_CONTEXT('2D SPACE',''
  ) );
#1301 = ORIENTED_EDGE('',*,*,#1302,.T.);
#1302 = EDGE_CURVE('',#1274,#1303,#1305,.T.);
#1303 = VERTEX_POINT('',#1304);
#1304 = CARTESIAN_POINT('',(-2.577341314414,-0.249999985099,
    -15.00139995541));
#1305 = SURFACE_CURVE('',#1306,(#1310,#1317),.PCURVE_S1.);
#1306 = LINE('',#1307,#1308);
#1307 = CARTESIAN_POINT('',(-2.577341314414,-0.249999985099,
    -9.889649955413));
#1308 = VECTOR('',#1309,1.);
#1309 = DIRECTION('',(1.443081791213E-15,-9.011389889435E-24,-1.));
#1310 = PCURVE('',#128,#1311);
#1311 = DEFINITIONAL_REPRESENTATION('',(#1312),#1316);
#1312 = LINE('',#1313,#1314);
#1313 = CARTESIAN_POINT('',(3.77825,4.3815));
#1314 = VECTOR('',#1315,1.);
#1315 = DIRECTION('',(1.,-1.665126396138E-15));
#1316 = ( GEOMETRIC_REPRESENTATION_CONTEXT(2) 
PARAMETRIC_REPRESENTATION_CONTEXT() REPRESENTATION_CONTEXT('2D SPACE',''
  ) );
#1317 = PCURVE('',#1318,#1323);
#1318 = PLANE('',#1319);
#1319 = AXIS2_PLACEMENT_3D('',#1320,#1321,#1322);
#1320 = CARTESIAN_POINT('',(-2.577341314414,-0.249999985099,
    -13.66789995541));
#1321 = DIRECTION('',(1.,-6.310887228764E-30,1.443081791213E-15));
#1322 = DIRECTION('',(1.443081791213E-15,-9.011389889435E-24,-1.));
#1323 = DEFINITIONAL_REPRESENTATION('',(#1324),#1328);
#1324 = LINE('',#1325,#1326);
#1325 = CARTESIAN_POINT('',(-3.77825,-3.404728384976E-23));
#1326 = VECTOR('',#1327,1.);
#1327 = DIRECTION('',(1.,0.));
#1328 = ( GEOMETRIC_REPRESENTATION_CONTEXT(2) 
PARAMETRIC_REPRESENTATION_CONTEXT() REPRESENTATION_CONTEXT('2D SPACE',''
  ) );
#1329 = ORIENTED_EDGE('',*,*,#1330,.T.);
#1330 = EDGE_CURVE('',#1303,#1331,#1333,.T.);
#1331 = VERTEX_POINT('',#1332);
#1332 = CARTESIAN_POINT('',(-1.561341314414,-0.249999985099,
    -15.00139995541));
#1333 = SURFACE_CURVE('',#1334,(#1338,#1345),.PCURVE_S1.);
#1334 = LINE('',#1335,#1336);
#1335 = CARTESIAN_POINT('',(-6.768341314414,-0.249999985099,
    -15.00139995541));
#1336 = VECTOR('',#1337,1.);
#1337 = DIRECTION('',(1.,-6.310887243769E-30,-2.22044604925E-16));
#1338 = PCURVE('',#128,#1339);
#1339 = DEFINITIONAL_REPRESENTATION('',(#1340),#1344);
#1340 = LINE('',#1341,#1342);
#1341 = CARTESIAN_POINT('',(8.89,8.5725));
#1342 = VECTOR('',#1343,1.);
#1343 = DIRECTION('',(-2.465190328816E-32,-1.));
#1344 = ( GEOMETRIC_REPRESENTATION_CONTEXT(2) 
PARAMETRIC_REPRESENTATION_CONTEXT() REPRESENTATION_CONTEXT('2D SPACE',''
  ) );
#1345 = PCURVE('',#1346,#1351);
#1346 = PLANE('',#1347);
#1347 = AXIS2_PLACEMENT_3D('',#1348,#1349,#1350);
#1348 = CARTESIAN_POINT('',(10.376658685586,1.490116113834E-08,
    -15.00139995541));
#1349 = DIRECTION('',(-2.22044604925E-16,0.,-1.));
#1350 = DIRECTION('',(-1.,0.,2.22044604925E-16));
#1351 = DEFINITIONAL_REPRESENTATION('',(#1352),#1356);
#1352 = LINE('',#1353,#1354);
#1353 = CARTESIAN_POINT('',(17.145,-0.25));
#1354 = VECTOR('',#1355,1.);
#1355 = DIRECTION('',(-1.,-6.310887243769E-30));
#1356 = ( GEOMETRIC_REPRESENTATION_CONTEXT(2) 
PARAMETRIC_REPRESENTATION_CONTEXT() REPRESENTATION_CONTEXT('2D SPACE',''
  ) );
#1357 = ORIENTED_EDGE('',*,*,#1358,.T.);
#1358 = EDGE_CURVE('',#1331,#1359,#1361,.T.);
#1359 = VERTEX_POINT('',#1360);
#1360 = CARTESIAN_POINT('',(-1.561341314414,-0.249999985099,
    -13.66789995541));
#1361 = SURFACE_CURVE('',#1362,(#1366,#1373),.PCURVE_S1.);
#1362 = LINE('',#1363,#1364);
#1363 = CARTESIAN_POINT('',(-1.561341314414,-0.249999985099,
    -10.55639995541));
#1364 = VECTOR('',#1365,1.);
#1365 = DIRECTION('',(2.22044604925E-16,9.011389889435E-24,1.));
#1366 = PCURVE('',#128,#1367);
#1367 = DEFINITIONAL_REPRESENTATION('',(#1368),#1372);
#1368 = LINE('',#1369,#1370);
#1369 = CARTESIAN_POINT('',(4.445,3.3655));
#1370 = VECTOR('',#1371,1.);
#1371 = DIRECTION('',(-1.,2.465190328816E-32));
#1372 = ( GEOMETRIC_REPRESENTATION_CONTEXT(2) 
PARAMETRIC_REPRESENTATION_CONTEXT() REPRESENTATION_CONTEXT('2D SPACE',''
  ) );
#1373 = PCURVE('',#1374,#1379);
#1374 = PLANE('',#1375);
#1375 = AXIS2_PLACEMENT_3D('',#1376,#1377,#1378);
#1376 = CARTESIAN_POINT('',(-1.561341314414,-0.249999985099,
    -15.00139995541));
#1377 = DIRECTION('',(-1.,6.310887243769E-30,2.22044604925E-16));
#1378 = DIRECTION('',(2.22044604925E-16,9.011389889435E-24,1.));
#1379 = DEFINITIONAL_REPRESENTATION('',(#1380),#1384);
#1380 = LINE('',#1381,#1382);
#1381 = CARTESIAN_POINT('',(4.445,-4.005562805854E-23));
#1382 = VECTOR('',#1383,1.);
#1383 = DIRECTION('',(1.,0.));
#1384 = ( GEOMETRIC_REPRESENTATION_CONTEXT(2) 
PARAMETRIC_REPRESENTATION_CONTEXT() REPRESENTATION_CONTEXT('2D SPACE',''
  ) );
#1385 = ORIENTED_EDGE('',*,*,#1386,.T.);
#1386 = EDGE_CURVE('',#1359,#1387,#1389,.T.);
#1387 = VERTEX_POINT('',#1388);
#1388 = CARTESIAN_POINT('',(-3.734131441357E-02,-0.249999985099,
    -13.66789995541));
#1389 = SURFACE_CURVE('',#1390,(#1395,#1402),.PCURVE_S1.);
#1390 = CIRCLE('',#1391,0.764886363636);
#1391 = AXIS2_PLACEMENT_3D('',#1392,#1393,#1394);
#1392 = CARTESIAN_POINT('',(-0.799341314414,-0.249999985099,
    -13.73428631904));
#1393 = DIRECTION('',(6.310887241768E-30,1.,-9.011389889435E-24));
#1394 = DIRECTION('',(-2.22044604925E-16,-9.011389889435E-24,-1.));
#1395 = PCURVE('',#128,#1396);
#1396 = DEFINITIONAL_REPRESENTATION('',(#1397),#1401);
#1397 = CIRCLE('',#1398,0.764886363636);
#1398 = AXIS2_PLACEMENT_2D('',#1399,#1400);
#1399 = CARTESIAN_POINT('',(7.622886363636,2.6035));
#1400 = DIRECTION('',(1.,0.));
#1401 = ( GEOMETRIC_REPRESENTATION_CONTEXT(2) 
PARAMETRIC_REPRESENTATION_CONTEXT() REPRESENTATION_CONTEXT('2D SPACE',''
  ) );
#1402 = PCURVE('',#1403,#1408);
#1403 = CYLINDRICAL_SURFACE('',#1404,0.764886363636);
#1404 = AXIS2_PLACEMENT_3D('',#1405,#1406,#1407);
#1405 = CARTESIAN_POINT('',(-0.799341314414,-0.249999985099,
    -13.73428631904));
#1406 = DIRECTION('',(6.310887241768E-30,1.,-9.011389889435E-24));
#1407 = DIRECTION('',(9.877583447104E-16,9.011389889435E-24,1.));
#1408 = DEFINITIONAL_REPRESENTATION('',(#1409),#1413);
#1409 = LINE('',#1410,#1411);
#1410 = CARTESIAN_POINT('',(3.14159265359,0.));
#1411 = VECTOR('',#1412,1.);
#1412 = DIRECTION('',(1.,0.));
#1413 = ( GEOMETRIC_REPRESENTATION_CONTEXT(2) 
PARAMETRIC_REPRESENTATION_CONTEXT() REPRESENTATION_CONTEXT('2D SPACE',''
  ) );
#1414 = ORIENTED_EDGE('',*,*,#1415,.T.);
#1415 = EDGE_CURVE('',#1387,#1416,#1418,.T.);
#1416 = VERTEX_POINT('',#1417);
#1417 = CARTESIAN_POINT('',(-3.734131441357E-02,-0.249999985099,
    -15.00139995541));
#1418 = SURFACE_CURVE('',#1419,(#1423,#1430),.PCURVE_S1.);
#1419 = LINE('',#1420,#1421);
#1420 = CARTESIAN_POINT('',(-3.734131441358E-02,-0.249999985099,
    -9.889649955412));
#1421 = VECTOR('',#1422,1.);
#1422 = DIRECTION('',(1.026800192179E-15,-9.011389889435E-24,-1.));
#1423 = PCURVE('',#128,#1424);
#1424 = DEFINITIONAL_REPRESENTATION('',(#1425),#1429);
#1425 = LINE('',#1426,#1427);
#1426 = CARTESIAN_POINT('',(3.77825,1.8415));
#1427 = VECTOR('',#1428,1.);
#1428 = DIRECTION('',(1.,-1.248844797104E-15));
#1429 = ( GEOMETRIC_REPRESENTATION_CONTEXT(2) 
PARAMETRIC_REPRESENTATION_CONTEXT() REPRESENTATION_CONTEXT('2D SPACE',''
  ) );
#1430 = PCURVE('',#1431,#1436);
#1431 = PLANE('',#1432);
#1432 = AXIS2_PLACEMENT_3D('',#1433,#1434,#1435);
#1433 = CARTESIAN_POINT('',(-3.734131441357E-02,-0.249999985099,
    -13.66789995541));
#1434 = DIRECTION('',(1.,-6.310887232515E-30,1.026800192179E-15));
#1435 = DIRECTION('',(1.026800192179E-15,-9.011389889435E-24,-1.));
#1436 = DEFINITIONAL_REPRESENTATION('',(#1437),#1441);
#1437 = LINE('',#1438,#1439);
#1438 = CARTESIAN_POINT('',(-3.77825,-3.404728384976E-23));
#1439 = VECTOR('',#1440,1.);
#1440 = DIRECTION('',(1.,0.));
#1441 = ( GEOMETRIC_REPRESENTATION_CONTEXT(2) 
PARAMETRIC_REPRESENTATION_CONTEXT() REPRESENTATION_CONTEXT('2D SPACE',''
  ) );
#1442 = ORIENTED_EDGE('',*,*,#1443,.T.);
#1443 = EDGE_CURVE('',#1416,#1444,#1446,.T.);
#1444 = VERTEX_POINT('',#1445);
#1445 = CARTESIAN_POINT('',(0.978658685586,-0.249999985099,
    -15.00139995541));
#1446 = SURFACE_CURVE('',#1447,(#1451,#1458),.PCURVE_S1.);
#1447 = LINE('',#1448,#1449);
#1448 = CARTESIAN_POINT('',(-6.768341314414,-0.249999985099,
    -15.00139995541));
#1449 = VECTOR('',#1450,1.);
#1450 = DIRECTION('',(1.,-6.310887243769E-30,-2.22044604925E-16));
#1451 = PCURVE('',#128,#1452);
#1452 = DEFINITIONAL_REPRESENTATION('',(#1453),#1457);
#1453 = LINE('',#1454,#1455);
#1454 = CARTESIAN_POINT('',(8.89,8.5725));
#1455 = VECTOR('',#1456,1.);
#1456 = DIRECTION('',(-2.465190328816E-32,-1.));
#1457 = ( GEOMETRIC_REPRESENTATION_CONTEXT(2) 
PARAMETRIC_REPRESENTATION_CONTEXT() REPRESENTATION_CONTEXT('2D SPACE',''
  ) );
#1458 = PCURVE('',#1459,#1464);
#1459 = PLANE('',#1460);
#1460 = AXIS2_PLACEMENT_3D('',#1461,#1462,#1463);
#1461 = CARTESIAN_POINT('',(10.376658685586,1.490116113834E-08,
    -15.00139995541));
#1462 = DIRECTION('',(-2.22044604925E-16,0.,-1.));
#1463 = DIRECTION('',(-1.,0.,2.22044604925E-16));
#1464 = DEFINITIONAL_REPRESENTATION('',(#1465),#1469);
#1465 = LINE('',#1466,#1467);
#1466 = CARTESIAN_POINT('',(17.145,-0.25));
#1467 = VECTOR('',#1468,1.);
#1468 = DIRECTION('',(-1.,-6.310887243769E-30));
#1469 = ( GEOMETRIC_REPRESENTATION_CONTEXT(2) 
PARAMETRIC_REPRESENTATION_CONTEXT() REPRESENTATION_CONTEXT('2D SPACE',''
  ) );
#1470 = ORIENTED_EDGE('',*,*,#1471,.T.);
#1471 = EDGE_CURVE('',#1444,#1472,#1474,.T.);
#1472 = VERTEX_POINT('',#1473);
#1473 = CARTESIAN_POINT('',(0.978658685586,-0.249999985099,
    -13.66789995541));
#1474 = SURFACE_CURVE('',#1475,(#1479,#1486),.PCURVE_S1.);
#1475 = LINE('',#1476,#1477);
#1476 = CARTESIAN_POINT('',(0.978658685586,-0.249999985099,
    -10.55639995541));
#1477 = VECTOR('',#1478,1.);
#1478 = DIRECTION('',(-1.942369941095E-16,9.011389889435E-24,1.));
#1479 = PCURVE('',#128,#1480);
#1480 = DEFINITIONAL_REPRESENTATION('',(#1481),#1485);
#1481 = LINE('',#1482,#1483);
#1482 = CARTESIAN_POINT('',(4.445,0.8255));
#1483 = VECTOR('',#1484,1.);
#1484 = DIRECTION('',(-1.,4.162815990346E-16));
#1485 = ( GEOMETRIC_REPRESENTATION_CONTEXT(2) 
PARAMETRIC_REPRESENTATION_CONTEXT() REPRESENTATION_CONTEXT('2D SPACE',''
  ) );
#1486 = PCURVE('',#1487,#1492);
#1487 = PLANE('',#1488);
#1488 = AXIS2_PLACEMENT_3D('',#1489,#1490,#1491);
#1489 = CARTESIAN_POINT('',(0.978658685586,-0.249999985099,
    -15.00139995541));
#1490 = DIRECTION('',(-1.,6.310887240018E-30,-1.942369941095E-16));
#1491 = DIRECTION('',(-1.942369941095E-16,9.011389889435E-24,1.));
#1492 = DEFINITIONAL_REPRESENTATION('',(#1493),#1497);
#1493 = LINE('',#1494,#1495);
#1494 = CARTESIAN_POINT('',(4.445,-4.005562805854E-23));
#1495 = VECTOR('',#1496,1.);
#1496 = DIRECTION('',(1.,0.));
#1497 = ( GEOMETRIC_REPRESENTATION_CONTEXT(2) 
PARAMETRIC_REPRESENTATION_CONTEXT() REPRESENTATION_CONTEXT('2D SPACE',''
  ) );
#1498 = ORIENTED_EDGE('',*,*,#1499,.T.);
#1499 = EDGE_CURVE('',#1472,#1500,#1502,.T.);
#1500 = VERTEX_POINT('',#1501);
#1501 = CARTESIAN_POINT('',(2.502658685586,-0.249999985099,
    -13.66789995541));
#1502 = SURFACE_CURVE('',#1503,(#1508,#1515),.PCURVE_S1.);
#1503 = CIRCLE('',#1504,0.764886363636);
#1504 = AXIS2_PLACEMENT_3D('',#1505,#1506,#1507);
#1505 = CARTESIAN_POINT('',(1.740658685586,-0.249999985099,
    -13.73428631904));
#1506 = DIRECTION('',(6.310887241768E-30,1.,-9.011389889435E-24));
#1507 = DIRECTION('',(-2.22044604925E-16,-9.011389889435E-24,-1.));
#1508 = PCURVE('',#128,#1509);
#1509 = DEFINITIONAL_REPRESENTATION('',(#1510),#1514);
#1510 = CIRCLE('',#1511,0.764886363636);
#1511 = AXIS2_PLACEMENT_2D('',#1512,#1513);
#1512 = CARTESIAN_POINT('',(7.622886363636,6.35E-02));
#1513 = DIRECTION('',(1.,0.));
#1514 = ( GEOMETRIC_REPRESENTATION_CONTEXT(2) 
PARAMETRIC_REPRESENTATION_CONTEXT() REPRESENTATION_CONTEXT('2D SPACE',''
  ) );
#1515 = PCURVE('',#1516,#1521);
#1516 = CYLINDRICAL_SURFACE('',#1517,0.764886363636);
#1517 = AXIS2_PLACEMENT_3D('',#1518,#1519,#1520);
#1518 = CARTESIAN_POINT('',(1.740658685586,-0.249999985099,
    -13.73428631904));
#1519 = DIRECTION('',(6.310887241768E-30,1.,-9.011389889435E-24));
#1520 = DIRECTION('',(-3.445092848398E-16,9.011389889435E-24,1.));
#1521 = DEFINITIONAL_REPRESENTATION('',(#1522),#1526);
#1522 = LINE('',#1523,#1524);
#1523 = CARTESIAN_POINT('',(-3.14159265359,0.));
#1524 = VECTOR('',#1525,1.);
#1525 = DIRECTION('',(1.,0.));
#1526 = ( GEOMETRIC_REPRESENTATION_CONTEXT(2) 
PARAMETRIC_REPRESENTATION_CONTEXT() REPRESENTATION_CONTEXT('2D SPACE',''
  ) );
#1527 = ORIENTED_EDGE('',*,*,#1528,.T.);
#1528 = EDGE_CURVE('',#1500,#1529,#1531,.T.);
#1529 = VERTEX_POINT('',#1530);
#1530 = CARTESIAN_POINT('',(2.502658685586,-0.249999985099,
    -15.00139995541));
#1531 = SURFACE_CURVE('',#1532,(#1536,#1543),.PCURVE_S1.);
#1532 = LINE('',#1533,#1534);
#1533 = CARTESIAN_POINT('',(2.502658685586,-0.249999985099,
    -9.889649955412));
#1534 = VECTOR('',#1535,1.);
#1535 = DIRECTION('',(1.052817792118E-15,-9.011389889435E-24,-1.));
#1536 = PCURVE('',#128,#1537);
#1537 = DEFINITIONAL_REPRESENTATION('',(#1538),#1542);
#1538 = LINE('',#1539,#1540);
#1539 = CARTESIAN_POINT('',(3.77825,-0.6985));
#1540 = VECTOR('',#1541,1.);
#1541 = DIRECTION('',(1.,-1.274862397043E-15));
#1542 = ( GEOMETRIC_REPRESENTATION_CONTEXT(2) 
PARAMETRIC_REPRESENTATION_CONTEXT() REPRESENTATION_CONTEXT('2D SPACE',''
  ) );
#1543 = PCURVE('',#1544,#1549);
#1544 = PLANE('',#1545);
#1545 = AXIS2_PLACEMENT_3D('',#1546,#1547,#1548);
#1546 = CARTESIAN_POINT('',(2.502658685586,-0.249999985099,
    -13.66789995541));
#1547 = DIRECTION('',(1.,-6.310887232281E-30,1.052817792118E-15));
#1548 = DIRECTION('',(1.052817792118E-15,-9.011389889435E-24,-1.));
#1549 = DEFINITIONAL_REPRESENTATION('',(#1550),#1554);
#1550 = LINE('',#1551,#1552);
#1551 = CARTESIAN_POINT('',(-3.77825,-3.404728384976E-23));
#1552 = VECTOR('',#1553,1.);
#1553 = DIRECTION('',(1.,0.));
#1554 = ( GEOMETRIC_REPRESENTATION_CONTEXT(2) 
PARAMETRIC_REPRESENTATION_CONTEXT() REPRESENTATION_CONTEXT('2D SPACE',''
  ) );
#1555 = ORIENTED_EDGE('',*,*,#1556,.T.);
#1556 = EDGE_CURVE('',#1529,#1557,#1559,.T.);
#1557 = VERTEX_POINT('',#1558);
#1558 = CARTESIAN_POINT('',(3.518658685586,-0.249999985099,
    -15.00139995541));
#1559 = SURFACE_CURVE('',#1560,(#1564,#1571),.PCURVE_S1.);
#1560 = LINE('',#1561,#1562);
#1561 = CARTESIAN_POINT('',(-6.768341314414,-0.249999985099,
    -15.00139995541));
#1562 = VECTOR('',#1563,1.);
#1563 = DIRECTION('',(1.,-6.310887243769E-30,-2.22044604925E-16));
#1564 = PCURVE('',#128,#1565);
#1565 = DEFINITIONAL_REPRESENTATION('',(#1566),#1570);
#1566 = LINE('',#1567,#1568);
#1567 = CARTESIAN_POINT('',(8.89,8.5725));
#1568 = VECTOR('',#1569,1.);
#1569 = DIRECTION('',(-2.465190328816E-32,-1.));
#1570 = ( GEOMETRIC_REPRESENTATION_CONTEXT(2) 
PARAMETRIC_REPRESENTATION_CONTEXT() REPRESENTATION_CONTEXT('2D SPACE',''
  ) );
#1571 = PCURVE('',#1572,#1577);
#1572 = PLANE('',#1573);
#1573 = AXIS2_PLACEMENT_3D('',#1574,#1575,#1576);
#1574 = CARTESIAN_POINT('',(10.376658685586,1.490116113834E-08,
    -15.00139995541));
#1575 = DIRECTION('',(-2.22044604925E-16,0.,-1.));
#1576 = DIRECTION('',(-1.,0.,2.22044604925E-16));
#1577 = DEFINITIONAL_REPRESENTATION('',(#1578),#1582);
#1578 = LINE('',#1579,#1580);
#1579 = CARTESIAN_POINT('',(17.145,-0.25));
#1580 = VECTOR('',#1581,1.);
#1581 = DIRECTION('',(-1.,-6.310887243769E-30));
#1582 = ( GEOMETRIC_REPRESENTATION_CONTEXT(2) 
PARAMETRIC_REPRESENTATION_CONTEXT() REPRESENTATION_CONTEXT('2D SPACE',''
  ) );
#1583 = ORIENTED_EDGE('',*,*,#1584,.T.);
#1584 = EDGE_CURVE('',#1557,#1585,#1587,.T.);
#1585 = VERTEX_POINT('',#1586);
#1586 = CARTESIAN_POINT('',(3.518658685586,-0.249999985099,
    -13.66789995541));
#1587 = SURFACE_CURVE('',#1588,(#1592,#1599),.PCURVE_S1.);
#1588 = LINE('',#1589,#1590);
#1589 = CARTESIAN_POINT('',(3.518658685586,-0.249999985099,
    -10.55639995541));
#1590 = VECTOR('',#1591,1.);
#1591 = DIRECTION('',(2.22044604925E-16,9.011389889435E-24,1.));
#1592 = PCURVE('',#128,#1593);
#1593 = DEFINITIONAL_REPRESENTATION('',(#1594),#1598);
#1594 = LINE('',#1595,#1596);
#1595 = CARTESIAN_POINT('',(4.445,-1.7145));
#1596 = VECTOR('',#1597,1.);
#1597 = DIRECTION('',(-1.,2.465190328816E-32));
#1598 = ( GEOMETRIC_REPRESENTATION_CONTEXT(2) 
PARAMETRIC_REPRESENTATION_CONTEXT() REPRESENTATION_CONTEXT('2D SPACE',''
  ) );
#1599 = PCURVE('',#1600,#1605);
#1600 = PLANE('',#1601);
#1601 = AXIS2_PLACEMENT_3D('',#1602,#1603,#1604);
#1602 = CARTESIAN_POINT('',(3.518658685586,-0.249999985099,
    -15.00139995541));
#1603 = DIRECTION('',(-1.,6.310887243769E-30,2.22044604925E-16));
#1604 = DIRECTION('',(2.22044604925E-16,9.011389889435E-24,1.));
#1605 = DEFINITIONAL_REPRESENTATION('',(#1606),#1610);
#1606 = LINE('',#1607,#1608);
#1607 = CARTESIAN_POINT('',(4.445,-4.005562805854E-23));
#1608 = VECTOR('',#1609,1.);
#1609 = DIRECTION('',(1.,0.));
#1610 = ( GEOMETRIC_REPRESENTATION_CONTEXT(2) 
PARAMETRIC_REPRESENTATION_CONTEXT() REPRESENTATION_CONTEXT('2D SPACE',''
  ) );
#1611 = ORIENTED_EDGE('',*,*,#1612,.T.);
#1612 = EDGE_CURVE('',#1585,#1613,#1615,.T.);
#1613 = VERTEX_POINT('',#1614);
#1614 = CARTESIAN_POINT('',(5.042658685586,-0.249999985099,
    -13.66789995541));
#1615 = SURFACE_CURVE('',#1616,(#1621,#1628),.PCURVE_S1.);
#1616 = CIRCLE('',#1617,0.764886363636);
#1617 = AXIS2_PLACEMENT_3D('',#1618,#1619,#1620);
#1618 = CARTESIAN_POINT('',(4.280658685586,-0.249999985099,
    -13.73428631904));
#1619 = DIRECTION('',(6.310887241768E-30,1.,-9.011389889435E-24));
#1620 = DIRECTION('',(-2.22044604925E-16,-9.011389889435E-24,-1.));
#1621 = PCURVE('',#128,#1622);
#1622 = DEFINITIONAL_REPRESENTATION('',(#1623),#1627);
#1623 = CIRCLE('',#1624,0.764886363636);
#1624 = AXIS2_PLACEMENT_2D('',#1625,#1626);
#1625 = CARTESIAN_POINT('',(7.622886363636,-2.4765));
#1626 = DIRECTION('',(1.,0.));
#1627 = ( GEOMETRIC_REPRESENTATION_CONTEXT(2) 
PARAMETRIC_REPRESENTATION_CONTEXT() REPRESENTATION_CONTEXT('2D SPACE',''
  ) );
#1628 = PCURVE('',#1629,#1634);
#1629 = CYLINDRICAL_SURFACE('',#1630,0.764886363636);
#1630 = AXIS2_PLACEMENT_3D('',#1631,#1632,#1633);
#1631 = CARTESIAN_POINT('',(4.280658685586,-0.249999985099,
    -13.73428631904));
#1632 = DIRECTION('',(6.310887241768E-30,1.,-9.011389889435E-24));
#1633 = DIRECTION('',(-3.445092848398E-16,9.011389889435E-24,1.));
#1634 = DEFINITIONAL_REPRESENTATION('',(#1635),#1639);
#1635 = LINE('',#1636,#1637);
#1636 = CARTESIAN_POINT('',(-3.14159265359,0.));
#1637 = VECTOR('',#1638,1.);
#1638 = DIRECTION('',(1.,0.));
#1639 = ( GEOMETRIC_REPRESENTATION_CONTEXT(2) 
PARAMETRIC_REPRESENTATION_CONTEXT() REPRESENTATION_CONTEXT('2D SPACE',''
  ) );
#1640 = ORIENTED_EDGE('',*,*,#1641,.T.);
#1641 = EDGE_CURVE('',#1613,#1642,#1644,.T.);
#1642 = VERTEX_POINT('',#1643);
#1643 = CARTESIAN_POINT('',(5.042658685586,-0.249999985099,
    -15.00139995541));
#1644 = SURFACE_CURVE('',#1645,(#1649,#1656),.PCURVE_S1.);
#1645 = LINE('',#1646,#1647);
#1646 = CARTESIAN_POINT('',(5.042658685586,-0.249999985099,
    -9.889649955412));
#1647 = VECTOR('',#1648,1.);
#1648 = DIRECTION('',(-2.22044604925E-16,-9.011389889435E-24,-1.));
#1649 = PCURVE('',#128,#1650);
#1650 = DEFINITIONAL_REPRESENTATION('',(#1651),#1655);
#1651 = LINE('',#1652,#1653);
#1652 = CARTESIAN_POINT('',(3.77825,-3.2385));
#1653 = VECTOR('',#1654,1.);
#1654 = DIRECTION('',(1.,-2.465190328816E-32));
#1655 = ( GEOMETRIC_REPRESENTATION_CONTEXT(2) 
PARAMETRIC_REPRESENTATION_CONTEXT() REPRESENTATION_CONTEXT('2D SPACE',''
  ) );
#1656 = PCURVE('',#1657,#1662);
#1657 = PLANE('',#1658);
#1658 = AXIS2_PLACEMENT_3D('',#1659,#1660,#1661);
#1659 = CARTESIAN_POINT('',(5.042658685586,-0.249999985099,
    -13.66789995541));
#1660 = DIRECTION('',(1.,-6.310887243769E-30,-2.22044604925E-16));
#1661 = DIRECTION('',(-2.22044604925E-16,-9.011389889435E-24,-1.));
#1662 = DEFINITIONAL_REPRESENTATION('',(#1663),#1667);
#1663 = LINE('',#1664,#1665);
#1664 = CARTESIAN_POINT('',(-3.77825,-3.404728384976E-23));
#1665 = VECTOR('',#1666,1.);
#1666 = DIRECTION('',(1.,0.));
#1667 = ( GEOMETRIC_REPRESENTATION_CONTEXT(2) 
PARAMETRIC_REPRESENTATION_CONTEXT() REPRESENTATION_CONTEXT('2D SPACE',''
  ) );
#1668 = ORIENTED_EDGE('',*,*,#1669,.T.);
#1669 = EDGE_CURVE('',#1642,#1670,#1672,.T.);
#1670 = VERTEX_POINT('',#1671);
#1671 = CARTESIAN_POINT('',(6.058658685586,-0.249999985099,
    -15.00139995541));
#1672 = SURFACE_CURVE('',#1673,(#1677,#1684),.PCURVE_S1.);
#1673 = LINE('',#1674,#1675);
#1674 = CARTESIAN_POINT('',(-6.768341314414,-0.249999985099,
    -15.00139995541));
#1675 = VECTOR('',#1676,1.);
#1676 = DIRECTION('',(1.,-6.310887243769E-30,-2.22044604925E-16));
#1677 = PCURVE('',#128,#1678);
#1678 = DEFINITIONAL_REPRESENTATION('',(#1679),#1683);
#1679 = LINE('',#1680,#1681);
#1680 = CARTESIAN_POINT('',(8.89,8.5725));
#1681 = VECTOR('',#1682,1.);
#1682 = DIRECTION('',(-2.465190328816E-32,-1.));
#1683 = ( GEOMETRIC_REPRESENTATION_CONTEXT(2) 
PARAMETRIC_REPRESENTATION_CONTEXT() REPRESENTATION_CONTEXT('2D SPACE',''
  ) );
#1684 = PCURVE('',#1685,#1690);
#1685 = PLANE('',#1686);
#1686 = AXIS2_PLACEMENT_3D('',#1687,#1688,#1689);
#1687 = CARTESIAN_POINT('',(10.376658685586,1.490116113834E-08,
    -15.00139995541));
#1688 = DIRECTION('',(-2.22044604925E-16,0.,-1.));
#1689 = DIRECTION('',(-1.,0.,2.22044604925E-16));
#1690 = DEFINITIONAL_REPRESENTATION('',(#1691),#1695);
#1691 = LINE('',#1692,#1693);
#1692 = CARTESIAN_POINT('',(17.145,-0.25));
#1693 = VECTOR('',#1694,1.);
#1694 = DIRECTION('',(-1.,-6.310887243769E-30));
#1695 = ( GEOMETRIC_REPRESENTATION_CONTEXT(2) 
PARAMETRIC_REPRESENTATION_CONTEXT() REPRESENTATION_CONTEXT('2D SPACE',''
  ) );
#1696 = ORIENTED_EDGE('',*,*,#1697,.T.);
#1697 = EDGE_CURVE('',#1670,#1698,#1700,.T.);
#1698 = VERTEX_POINT('',#1699);
#1699 = CARTESIAN_POINT('',(6.058658685586,-0.249999985099,
    -13.66789995541));
#1700 = SURFACE_CURVE('',#1701,(#1705,#1712),.PCURVE_S1.);
#1701 = LINE('',#1702,#1703);
#1702 = CARTESIAN_POINT('',(6.058658685586,-0.249999985099,
    -10.55639995541));
#1703 = VECTOR('',#1704,1.);
#1704 = DIRECTION('',(2.22044604925E-16,9.011389889435E-24,1.));
#1705 = PCURVE('',#128,#1706);
#1706 = DEFINITIONAL_REPRESENTATION('',(#1707),#1711);
#1707 = LINE('',#1708,#1709);
#1708 = CARTESIAN_POINT('',(4.445,-4.2545));
#1709 = VECTOR('',#1710,1.);
#1710 = DIRECTION('',(-1.,2.465190328816E-32));
#1711 = ( GEOMETRIC_REPRESENTATION_CONTEXT(2) 
PARAMETRIC_REPRESENTATION_CONTEXT() REPRESENTATION_CONTEXT('2D SPACE',''
  ) );
#1712 = PCURVE('',#1713,#1718);
#1713 = PLANE('',#1714);
#1714 = AXIS2_PLACEMENT_3D('',#1715,#1716,#1717);
#1715 = CARTESIAN_POINT('',(6.058658685586,-0.249999985099,
    -15.00139995541));
#1716 = DIRECTION('',(-1.,6.310887243769E-30,2.22044604925E-16));
#1717 = DIRECTION('',(2.22044604925E-16,9.011389889435E-24,1.));
#1718 = DEFINITIONAL_REPRESENTATION('',(#1719),#1723);
#1719 = LINE('',#1720,#1721);
#1720 = CARTESIAN_POINT('',(4.445,-4.005562805854E-23));
#1721 = VECTOR('',#1722,1.);
#1722 = DIRECTION('',(1.,0.));
#1723 = ( GEOMETRIC_REPRESENTATION_CONTEXT(2) 
PARAMETRIC_REPRESENTATION_CONTEXT() REPRESENTATION_CONTEXT('2D SPACE',''
  ) );
#1724 = ORIENTED_EDGE('',*,*,#1725,.T.);
#1725 = EDGE_CURVE('',#1698,#1726,#1728,.T.);
#1726 = VERTEX_POINT('',#1727);
#1727 = CARTESIAN_POINT('',(7.582658685586,-0.249999985099,
    -13.66789995541));
#1728 = SURFACE_CURVE('',#1729,(#1734,#1741),.PCURVE_S1.);
#1729 = CIRCLE('',#1730,0.764886363636);
#1730 = AXIS2_PLACEMENT_3D('',#1731,#1732,#1733);
#1731 = CARTESIAN_POINT('',(6.820658685586,-0.249999985099,
    -13.73428631904));
#1732 = DIRECTION('',(6.310887241768E-30,1.,-9.011389889435E-24));
#1733 = DIRECTION('',(-2.22044604925E-16,-9.011389889435E-24,-1.));
#1734 = PCURVE('',#128,#1735);
#1735 = DEFINITIONAL_REPRESENTATION('',(#1736),#1740);
#1736 = CIRCLE('',#1737,0.764886363636);
#1737 = AXIS2_PLACEMENT_2D('',#1738,#1739);
#1738 = CARTESIAN_POINT('',(7.622886363636,-5.0165));
#1739 = DIRECTION('',(1.,0.));
#1740 = ( GEOMETRIC_REPRESENTATION_CONTEXT(2) 
PARAMETRIC_REPRESENTATION_CONTEXT() REPRESENTATION_CONTEXT('2D SPACE',''
  ) );
#1741 = PCURVE('',#1742,#1747);
#1742 = CYLINDRICAL_SURFACE('',#1743,0.764886363636);
#1743 = AXIS2_PLACEMENT_3D('',#1744,#1745,#1746);
#1744 = CARTESIAN_POINT('',(6.820658685586,-0.249999985099,
    -13.73428631904));
#1745 = DIRECTION('',(6.310887241768E-30,1.,-9.011389889435E-24));
#1746 = DIRECTION('',(-3.445092848398E-16,9.011389889435E-24,1.));
#1747 = DEFINITIONAL_REPRESENTATION('',(#1748),#1752);
#1748 = LINE('',#1749,#1750);
#1749 = CARTESIAN_POINT('',(-3.14159265359,0.));
#1750 = VECTOR('',#1751,1.);
#1751 = DIRECTION('',(1.,0.));
#1752 = ( GEOMETRIC_REPRESENTATION_CONTEXT(2) 
PARAMETRIC_REPRESENTATION_CONTEXT() REPRESENTATION_CONTEXT('2D SPACE',''
  ) );
#1753 = ORIENTED_EDGE('',*,*,#1754,.T.);
#1754 = EDGE_CURVE('',#1726,#1755,#1757,.T.);
#1755 = VERTEX_POINT('',#1756);
#1756 = CARTESIAN_POINT('',(7.582658685586,-0.249999985099,
    -15.00139995541));
#1757 = SURFACE_CURVE('',#1758,(#1762,#1769),.PCURVE_S1.);
#1758 = LINE('',#1759,#1760);
#1759 = CARTESIAN_POINT('',(7.582658685586,-0.249999985099,
    -9.889649955412));
#1760 = VECTOR('',#1761,1.);
#1761 = DIRECTION('',(-2.22044604925E-16,-9.011389889435E-24,-1.));
#1762 = PCURVE('',#128,#1763);
#1763 = DEFINITIONAL_REPRESENTATION('',(#1764),#1768);
#1764 = LINE('',#1765,#1766);
#1765 = CARTESIAN_POINT('',(3.77825,-5.7785));
#1766 = VECTOR('',#1767,1.);
#1767 = DIRECTION('',(1.,-2.465190328816E-32));
#1768 = ( GEOMETRIC_REPRESENTATION_CONTEXT(2) 
PARAMETRIC_REPRESENTATION_CONTEXT() REPRESENTATION_CONTEXT('2D SPACE',''
  ) );
#1769 = PCURVE('',#1770,#1775);
#1770 = PLANE('',#1771);
#1771 = AXIS2_PLACEMENT_3D('',#1772,#1773,#1774);
#1772 = CARTESIAN_POINT('',(7.582658685586,-0.249999985099,
    -13.66789995541));
#1773 = DIRECTION('',(1.,-6.310887243769E-30,-2.22044604925E-16));
#1774 = DIRECTION('',(-2.22044604925E-16,-9.011389889435E-24,-1.));
#1775 = DEFINITIONAL_REPRESENTATION('',(#1776),#1780);
#1776 = LINE('',#1777,#1778);
#1777 = CARTESIAN_POINT('',(-3.77825,-3.404728384976E-23));
#1778 = VECTOR('',#1779,1.);
#1779 = DIRECTION('',(1.,0.));
#1780 = ( GEOMETRIC_REPRESENTATION_CONTEXT(2) 
PARAMETRIC_REPRESENTATION_CONTEXT() REPRESENTATION_CONTEXT('2D SPACE',''
  ) );
#1781 = ORIENTED_EDGE('',*,*,#1782,.T.);
#1782 = EDGE_CURVE('',#1755,#1783,#1785,.T.);
#1783 = VERTEX_POINT('',#1784);
#1784 = CARTESIAN_POINT('',(8.598658685586,-0.249999985099,
    -15.00139995541));
#1785 = SURFACE_CURVE('',#1786,(#1790,#1797),.PCURVE_S1.);
#1786 = LINE('',#1787,#1788);
#1787 = CARTESIAN_POINT('',(-6.768341314414,-0.249999985099,
    -15.00139995541));
#1788 = VECTOR('',#1789,1.);
#1789 = DIRECTION('',(1.,-6.310887243769E-30,-2.22044604925E-16));
#1790 = PCURVE('',#128,#1791);
#1791 = DEFINITIONAL_REPRESENTATION('',(#1792),#1796);
#1792 = LINE('',#1793,#1794);
#1793 = CARTESIAN_POINT('',(8.89,8.5725));
#1794 = VECTOR('',#1795,1.);
#1795 = DIRECTION('',(-2.465190328816E-32,-1.));
#1796 = ( GEOMETRIC_REPRESENTATION_CONTEXT(2) 
PARAMETRIC_REPRESENTATION_CONTEXT() REPRESENTATION_CONTEXT('2D SPACE',''
  ) );
#1797 = PCURVE('',#1798,#1803);
#1798 = PLANE('',#1799);
#1799 = AXIS2_PLACEMENT_3D('',#1800,#1801,#1802);
#1800 = CARTESIAN_POINT('',(10.376658685586,1.490116113834E-08,
    -15.00139995541));
#1801 = DIRECTION('',(-2.22044604925E-16,0.,-1.));
#1802 = DIRECTION('',(-1.,0.,2.22044604925E-16));
#1803 = DEFINITIONAL_REPRESENTATION('',(#1804),#1808);
#1804 = LINE('',#1805,#1806);
#1805 = CARTESIAN_POINT('',(17.145,-0.25));
#1806 = VECTOR('',#1807,1.);
#1807 = DIRECTION('',(-1.,-6.310887243769E-30));
#1808 = ( GEOMETRIC_REPRESENTATION_CONTEXT(2) 
PARAMETRIC_REPRESENTATION_CONTEXT() REPRESENTATION_CONTEXT('2D SPACE',''
  ) );
#1809 = ORIENTED_EDGE('',*,*,#1810,.T.);
#1810 = EDGE_CURVE('',#1783,#1811,#1813,.T.);
#1811 = VERTEX_POINT('',#1812);
#1812 = CARTESIAN_POINT('',(8.598658685586,-0.249999985099,
    -13.66789995541));
#1813 = SURFACE_CURVE('',#1814,(#1818,#1825),.PCURVE_S1.);
#1814 = LINE('',#1815,#1816);
#1815 = CARTESIAN_POINT('',(8.598658685586,-0.249999985099,
    -10.55639995541));
#1816 = VECTOR('',#1817,1.);
#1817 = DIRECTION('',(2.22044604925E-16,9.011389889435E-24,1.));
#1818 = PCURVE('',#128,#1819);
#1819 = DEFINITIONAL_REPRESENTATION('',(#1820),#1824);
#1820 = LINE('',#1821,#1822);
#1821 = CARTESIAN_POINT('',(4.445,-6.7945));
#1822 = VECTOR('',#1823,1.);
#1823 = DIRECTION('',(-1.,2.465190328816E-32));
#1824 = ( GEOMETRIC_REPRESENTATION_CONTEXT(2) 
PARAMETRIC_REPRESENTATION_CONTEXT() REPRESENTATION_CONTEXT('2D SPACE',''
  ) );
#1825 = PCURVE('',#1826,#1831);
#1826 = PLANE('',#1827);
#1827 = AXIS2_PLACEMENT_3D('',#1828,#1829,#1830);
#1828 = CARTESIAN_POINT('',(8.598658685586,-0.249999985099,
    -15.00139995541));
#1829 = DIRECTION('',(-1.,6.310887243769E-30,2.22044604925E-16));
#1830 = DIRECTION('',(2.22044604925E-16,9.011389889435E-24,1.));
#1831 = DEFINITIONAL_REPRESENTATION('',(#1832),#1836);
#1832 = LINE('',#1833,#1834);
#1833 = CARTESIAN_POINT('',(4.445,-4.005562805854E-23));
#1834 = VECTOR('',#1835,1.);
#1835 = DIRECTION('',(1.,0.));
#1836 = ( GEOMETRIC_REPRESENTATION_CONTEXT(2) 
PARAMETRIC_REPRESENTATION_CONTEXT() REPRESENTATION_CONTEXT('2D SPACE',''
  ) );
#1837 = ORIENTED_EDGE('',*,*,#1838,.T.);
#1838 = EDGE_CURVE('',#1811,#1839,#1841,.T.);
#1839 = VERTEX_POINT('',#1840);
#1840 = CARTESIAN_POINT('',(10.122658685586,-0.249999985099,
    -13.66789995541));
#1841 = SURFACE_CURVE('',#1842,(#1847,#1854),.PCURVE_S1.);
#1842 = CIRCLE('',#1843,0.764886363636);
#1843 = AXIS2_PLACEMENT_3D('',#1844,#1845,#1846);
#1844 = CARTESIAN_POINT('',(9.360658685586,-0.249999985099,
    -13.73428631904));
#1845 = DIRECTION('',(6.310887241768E-30,1.,-9.011389889435E-24));
#1846 = DIRECTION('',(-2.22044604925E-16,-9.011389889435E-24,-1.));
#1847 = PCURVE('',#128,#1848);
#1848 = DEFINITIONAL_REPRESENTATION('',(#1849),#1853);
#1849 = CIRCLE('',#1850,0.764886363636);
#1850 = AXIS2_PLACEMENT_2D('',#1851,#1852);
#1851 = CARTESIAN_POINT('',(7.622886363636,-7.5565));
#1852 = DIRECTION('',(1.,0.));
#1853 = ( GEOMETRIC_REPRESENTATION_CONTEXT(2) 
PARAMETRIC_REPRESENTATION_CONTEXT() REPRESENTATION_CONTEXT('2D SPACE',''
  ) );
#1854 = PCURVE('',#1855,#1860);
#1855 = CYLINDRICAL_SURFACE('',#1856,0.764886363636);
#1856 = AXIS2_PLACEMENT_3D('',#1857,#1858,#1859);
#1857 = CARTESIAN_POINT('',(9.360658685586,-0.249999985099,
    -13.73428631904));
#1858 = DIRECTION('',(6.310887241768E-30,1.,-9.011389889435E-24));
#1859 = DIRECTION('',(-3.445092848398E-16,9.011389889435E-24,1.));
#1860 = DEFINITIONAL_REPRESENTATION('',(#1861),#1865);
#1861 = LINE('',#1862,#1863);
#1862 = CARTESIAN_POINT('',(3.14159265359,0.));
#1863 = VECTOR('',#1864,1.);
#1864 = DIRECTION('',(1.,0.));
#1865 = ( GEOMETRIC_REPRESENTATION_CONTEXT(2) 
PARAMETRIC_REPRESENTATION_CONTEXT() REPRESENTATION_CONTEXT('2D SPACE',''
  ) );
#1866 = ORIENTED_EDGE('',*,*,#1867,.T.);
#1867 = EDGE_CURVE('',#1839,#1868,#1870,.T.);
#1868 = VERTEX_POINT('',#1869);
#1869 = CARTESIAN_POINT('',(10.122658685586,-0.249999985099,
    -15.00139995541));
#1870 = SURFACE_CURVE('',#1871,(#1875,#1882),.PCURVE_S1.);
#1871 = LINE('',#1872,#1873);
#1872 = CARTESIAN_POINT('',(10.122658685586,-0.249999985099,
    -9.889649955413));
#1873 = VECTOR('',#1874,1.);
#1874 = DIRECTION('',(-1.054607802994E-15,-9.011389889435E-24,-1.));
#1875 = PCURVE('',#128,#1876);
#1876 = DEFINITIONAL_REPRESENTATION('',(#1877),#1881);
#1877 = LINE('',#1878,#1879);
#1878 = CARTESIAN_POINT('',(3.77825,-8.3185));
#1879 = VECTOR('',#1880,1.);
#1880 = DIRECTION('',(1.,8.325631980691E-16));
#1881 = ( GEOMETRIC_REPRESENTATION_CONTEXT(2) 
PARAMETRIC_REPRESENTATION_CONTEXT() REPRESENTATION_CONTEXT('2D SPACE',''
  ) );
#1882 = PCURVE('',#1883,#1888);
#1883 = PLANE('',#1884);
#1884 = AXIS2_PLACEMENT_3D('',#1885,#1886,#1887);
#1885 = CARTESIAN_POINT('',(10.122658685586,-0.249999985099,
    -13.66789995541));
#1886 = DIRECTION('',(1.,-6.310887251272E-30,-1.054607802994E-15));
#1887 = DIRECTION('',(-1.054607802994E-15,-9.011389889435E-24,-1.));
#1888 = DEFINITIONAL_REPRESENTATION('',(#1889),#1893);
#1889 = LINE('',#1890,#1891);
#1890 = CARTESIAN_POINT('',(-3.77825,-3.404728384976E-23));
#1891 = VECTOR('',#1892,1.);
#1892 = DIRECTION('',(1.,0.));
#1893 = ( GEOMETRIC_REPRESENTATION_CONTEXT(2) 
PARAMETRIC_REPRESENTATION_CONTEXT() REPRESENTATION_CONTEXT('2D SPACE',''
  ) );
#1894 = ORIENTED_EDGE('',*,*,#1895,.T.);
#1895 = EDGE_CURVE('',#1868,#1896,#1898,.T.);
#1896 = VERTEX_POINT('',#1897);
#1897 = CARTESIAN_POINT('',(10.376658685586,-0.249999985099,
    -15.00139995541));
#1898 = SURFACE_CURVE('',#1899,(#1903,#1910),.PCURVE_S1.);
#1899 = LINE('',#1900,#1901);
#1900 = CARTESIAN_POINT('',(10.122658685586,-0.249999985099,
    -15.00139995541));
#1901 = VECTOR('',#1902,1.);
#1902 = DIRECTION('',(1.,0.,0.));
#1903 = PCURVE('',#128,#1904);
#1904 = DEFINITIONAL_REPRESENTATION('',(#1905),#1909);
#1905 = LINE('',#1906,#1907);
#1906 = CARTESIAN_POINT('',(8.89,-8.3185));
#1907 = VECTOR('',#1908,1.);
#1908 = DIRECTION('',(-2.22044604925E-16,-1.));
#1909 = ( GEOMETRIC_REPRESENTATION_CONTEXT(2) 
PARAMETRIC_REPRESENTATION_CONTEXT() REPRESENTATION_CONTEXT('2D SPACE',''
  ) );
#1910 = PCURVE('',#1911,#1916);
#1911 = PLANE('',#1912);
#1912 = AXIS2_PLACEMENT_3D('',#1913,#1914,#1915);
#1913 = CARTESIAN_POINT('',(10.376658685586,1.490116113834E-08,
    -15.00139995541));
#1914 = DIRECTION('',(-2.22044604925E-16,0.,-1.));
#1915 = DIRECTION('',(-1.,0.,2.22044604925E-16));
#1916 = DEFINITIONAL_REPRESENTATION('',(#1917),#1921);
#1917 = LINE('',#1918,#1919);
#1918 = CARTESIAN_POINT('',(0.254,-0.25));
#1919 = VECTOR('',#1920,1.);
#1920 = DIRECTION('',(-1.,0.));
#1921 = ( GEOMETRIC_REPRESENTATION_CONTEXT(2) 
PARAMETRIC_REPRESENTATION_CONTEXT() REPRESENTATION_CONTEXT('2D SPACE',''
  ) );
#1922 = ORIENTED_EDGE('',*,*,#1923,.F.);
#1923 = EDGE_CURVE('',#144,#1896,#1924,.T.);
#1924 = SURFACE_CURVE('',#1925,(#1930,#1937),.PCURVE_S1.);
#1925 = CIRCLE('',#1926,1.905044107102);
#1926 = AXIS2_PLACEMENT_3D('',#1927,#1928,#1929);
#1927 = CARTESIAN_POINT('',(10.376614578995,-0.249999985099,
    -13.09635584882));
#1928 = DIRECTION('',(6.310887241768E-30,1.,-9.011389889435E-24));
#1929 = DIRECTION('',(0.999999999732,-2.149473628328E-28,
    -2.315253009276E-05));
#1930 = PCURVE('',#128,#1931);
#1931 = DEFINITIONAL_REPRESENTATION('',(#1932),#1936);
#1932 = CIRCLE('',#1933,1.905044107102);
#1933 = AXIS2_PLACEMENT_2D('',#1934,#1935);
#1934 = CARTESIAN_POINT('',(6.984955893409,-8.572455893409));
#1935 = DIRECTION('',(2.315253009254E-05,-0.999999999732));
#1936 = ( GEOMETRIC_REPRESENTATION_CONTEXT(2) 
PARAMETRIC_REPRESENTATION_CONTEXT() REPRESENTATION_CONTEXT('2D SPACE',''
  ) );
#1937 = PCURVE('',#1938,#1943);
#1938 = CYLINDRICAL_SURFACE('',#1939,1.905044107102);
#1939 = AXIS2_PLACEMENT_3D('',#1940,#1941,#1942);
#1940 = CARTESIAN_POINT('',(10.376614578995,1.490116113834E-08,
    -13.09635584882));
#1941 = DIRECTION('',(0.,1.,0.));
#1942 = DIRECTION('',(0.999999999732,0.,-2.315253009276E-05));
#1943 = DEFINITIONAL_REPRESENTATION('',(#1944),#1947);
#1944 = B_SPLINE_CURVE_WITH_KNOTS('',1,(#1945,#1946),.UNSPECIFIED.,.F.,
  .F.,(2,2),(0.,1.570750021735),.PIECEWISE_BEZIER_KNOTS.);
#1945 = CARTESIAN_POINT('',(8.795027010689E-22,-0.25));
#1946 = CARTESIAN_POINT('',(1.570750021735,-0.25));
#1947 = ( GEOMETRIC_REPRESENTATION_CONTEXT(2) 
PARAMETRIC_REPRESENTATION_CONTEXT() REPRESENTATION_CONTEXT('2D SPACE',''
  ) );
#1948 = FACE_BOUND('',#1949,.T.);
#1949 = EDGE_LOOP('',(#1950,#1951,#1974,#2003,#2031,#2060,#2088,#2117));
#1950 = ORIENTED_EDGE('',*,*,#113,.T.);
#1951 = ORIENTED_EDGE('',*,*,#1952,.T.);
#1952 = EDGE_CURVE('',#22,#1953,#1955,.T.);
#1953 = VERTEX_POINT('',#1954);
#1954 = CARTESIAN_POINT('',(3.750547619698,-0.249999985753,
    -11.61565875343));
#1955 = SURFACE_CURVE('',#1956,(#1960,#1967),.PCURVE_S1.);
#1956 = LINE('',#1957,#1958);
#1957 = CARTESIAN_POINT('',(3.051673152643,-0.249999985099,
    -11.61565875343));
#1958 = VECTOR('',#1959,1.);
#1959 = DIRECTION('',(-1.,6.310887241768E-30,-2.449856478406E-63));
#1960 = PCURVE('',#128,#1961);
#1961 = DEFINITIONAL_REPRESENTATION('',(#1962),#1966);
#1962 = LINE('',#1963,#1964);
#1963 = CARTESIAN_POINT('',(5.504258798024,-1.247514467056));
#1964 = VECTOR('',#1965,1.);
#1965 = DIRECTION('',(2.22044604925E-16,1.));
#1966 = ( GEOMETRIC_REPRESENTATION_CONTEXT(2) 
PARAMETRIC_REPRESENTATION_CONTEXT() REPRESENTATION_CONTEXT('2D SPACE',''
  ) );
#1967 = PCURVE('',#44,#1968);
#1968 = DEFINITIONAL_REPRESENTATION('',(#1969),#1973);
#1969 = LINE('',#1970,#1971);
#1970 = CARTESIAN_POINT('',(1.247514467056,1.490116299796E-08));
#1971 = VECTOR('',#1972,1.);
#1972 = DIRECTION('',(1.,6.307805753857E-30));
#1973 = ( GEOMETRIC_REPRESENTATION_CONTEXT(2) 
PARAMETRIC_REPRESENTATION_CONTEXT() REPRESENTATION_CONTEXT('2D SPACE',''
  ) );
#1974 = ORIENTED_EDGE('',*,*,#1975,.T.);
#1975 = EDGE_CURVE('',#1953,#1976,#1978,.T.);
#1976 = VERTEX_POINT('',#1977);
#1977 = CARTESIAN_POINT('',(3.477497619699,-0.249999985753,
    -11.34260875343));
#1978 = SURFACE_CURVE('',#1979,(#1984,#1991),.PCURVE_S1.);
#1979 = CIRCLE('',#1980,0.27305);
#1980 = AXIS2_PLACEMENT_3D('',#1981,#1982,#1983);
#1981 = CARTESIAN_POINT('',(3.750547619699,-0.249999985099,
    -11.34260875343));
#1982 = DIRECTION('',(6.310887241768E-30,1.,-9.011389889435E-24));
#1983 = DIRECTION('',(1.,-6.310887241768E-30,-1.566162976682E-47));
#1984 = PCURVE('',#128,#1985);
#1985 = DEFINITIONAL_REPRESENTATION('',(#1986),#1990);
#1986 = CIRCLE('',#1987,0.27305);
#1987 = AXIS2_PLACEMENT_2D('',#1988,#1989);
#1988 = CARTESIAN_POINT('',(5.231208798024,-1.946388934112));
#1989 = DIRECTION('',(-2.22044604925E-16,-1.));
#1990 = ( GEOMETRIC_REPRESENTATION_CONTEXT(2) 
PARAMETRIC_REPRESENTATION_CONTEXT() REPRESENTATION_CONTEXT('2D SPACE',''
  ) );
#1991 = PCURVE('',#1992,#1997);
#1992 = CYLINDRICAL_SURFACE('',#1993,0.27305);
#1993 = AXIS2_PLACEMENT_3D('',#1994,#1995,#1996);
#1994 = CARTESIAN_POINT('',(3.750547619699,-0.25,-11.34260875343));
#1995 = DIRECTION('',(0.,1.,0.));
#1996 = DIRECTION('',(1.,0.,-1.566168663669E-47));
#1997 = DEFINITIONAL_REPRESENTATION('',(#1998),#2002);
#1998 = LINE('',#1999,#2000);
#1999 = CARTESIAN_POINT('',(2.22044604925E-16,1.490116299796E-08));
#2000 = VECTOR('',#2001,1.);
#2001 = DIRECTION('',(1.,0.));
#2002 = ( GEOMETRIC_REPRESENTATION_CONTEXT(2) 
PARAMETRIC_REPRESENTATION_CONTEXT() REPRESENTATION_CONTEXT('2D SPACE',''
  ) );
#2003 = ORIENTED_EDGE('',*,*,#2004,.T.);
#2004 = EDGE_CURVE('',#1976,#2005,#2007,.T.);
#2005 = VERTEX_POINT('',#2006);
#2006 = CARTESIAN_POINT('',(3.477497619699,-0.249999985753,
    -9.777968753436));
#2007 = SURFACE_CURVE('',#2008,(#2012,#2019),.PCURVE_S1.);
#2008 = LINE('',#2009,#2010);
#2009 = CARTESIAN_POINT('',(3.477497619699,-0.249999985099,
    -8.727004354424));
#2010 = VECTOR('',#2011,1.);
#2011 = DIRECTION('',(1.710569414459E-49,9.011389889435E-24,1.));
#2012 = PCURVE('',#128,#2013);
#2013 = DEFINITIONAL_REPRESENTATION('',(#2014),#2018);
#2014 = LINE('',#2015,#2016);
#2015 = CARTESIAN_POINT('',(2.615604399012,-1.673338934112));
#2016 = VECTOR('',#2017,1.);
#2017 = DIRECTION('',(-1.,2.22044604925E-16));
#2018 = ( GEOMETRIC_REPRESENTATION_CONTEXT(2) 
PARAMETRIC_REPRESENTATION_CONTEXT() REPRESENTATION_CONTEXT('2D SPACE',''
  ) );
#2019 = PCURVE('',#2020,#2025);
#2020 = PLANE('',#2021);
#2021 = AXIS2_PLACEMENT_3D('',#2022,#2023,#2024);
#2022 = CARTESIAN_POINT('',(3.477497619699,-0.25,-11.34260875343));
#2023 = DIRECTION('',(-1.,0.,1.710569414459E-49));
#2024 = DIRECTION('',(1.710569414459E-49,5.551115123126E-17,1.));
#2025 = DEFINITIONAL_REPRESENTATION('',(#2026),#2030);
#2026 = LINE('',#2027,#2028);
#2027 = CARTESIAN_POINT('',(2.615604399012,1.490116285276E-08));
#2028 = VECTOR('',#2029,1.);
#2029 = DIRECTION('',(1.,-5.551114221987E-17));
#2030 = ( GEOMETRIC_REPRESENTATION_CONTEXT(2) 
PARAMETRIC_REPRESENTATION_CONTEXT() REPRESENTATION_CONTEXT('2D SPACE',''
  ) );
#2031 = ORIENTED_EDGE('',*,*,#2032,.T.);
#2032 = EDGE_CURVE('',#2005,#2033,#2035,.T.);
#2033 = VERTEX_POINT('',#2034);
#2034 = CARTESIAN_POINT('',(3.750547619699,-0.249999985753,
    -9.504918753436));
#2035 = SURFACE_CURVE('',#2036,(#2041,#2048),.PCURVE_S1.);
#2036 = CIRCLE('',#2037,0.27305);
#2037 = AXIS2_PLACEMENT_3D('',#2038,#2039,#2040);
#2038 = CARTESIAN_POINT('',(3.750547619699,-0.249999985099,
    -9.777968753436));
#2039 = DIRECTION('',(6.310887241768E-30,1.,-9.011389889435E-24));
#2040 = DIRECTION('',(1.,-6.310887241768E-30,-1.644471409866E-47));
#2041 = PCURVE('',#128,#2042);
#2042 = DEFINITIONAL_REPRESENTATION('',(#2043),#2047);
#2043 = CIRCLE('',#2044,0.27305);
#2044 = AXIS2_PLACEMENT_2D('',#2045,#2046);
#2045 = CARTESIAN_POINT('',(3.666568798024,-1.946388934112));
#2046 = DIRECTION('',(-2.22044604925E-16,-1.));
#2047 = ( GEOMETRIC_REPRESENTATION_CONTEXT(2) 
PARAMETRIC_REPRESENTATION_CONTEXT() REPRESENTATION_CONTEXT('2D SPACE',''
  ) );
#2048 = PCURVE('',#2049,#2054);
#2049 = CYLINDRICAL_SURFACE('',#2050,0.27305);
#2050 = AXIS2_PLACEMENT_3D('',#2051,#2052,#2053);
#2051 = CARTESIAN_POINT('',(3.750547619699,-0.25,-9.777968753436));
#2052 = DIRECTION('',(0.,1.,0.));
#2053 = DIRECTION('',(1.,0.,-1.644477096852E-47));
#2054 = DEFINITIONAL_REPRESENTATION('',(#2055),#2059);
#2055 = LINE('',#2056,#2057);
#2056 = CARTESIAN_POINT('',(0.,1.490116299796E-08));
#2057 = VECTOR('',#2058,1.);
#2058 = DIRECTION('',(1.,0.));
#2059 = ( GEOMETRIC_REPRESENTATION_CONTEXT(2) 
PARAMETRIC_REPRESENTATION_CONTEXT() REPRESENTATION_CONTEXT('2D SPACE',''
  ) );
#2060 = ORIENTED_EDGE('',*,*,#2061,.T.);
#2061 = EDGE_CURVE('',#2033,#2062,#2064,.T.);
#2062 = VERTEX_POINT('',#2063);
#2063 = CARTESIAN_POINT('',(4.299187619699,-0.249999985753,
    -9.504918753436));
#2064 = SURFACE_CURVE('',#2065,(#2069,#2076),.PCURVE_S1.);
#2065 = LINE('',#2066,#2067);
#2066 = CARTESIAN_POINT('',(2.777353152642,-0.249999985099,
    -9.504918753436));
#2067 = VECTOR('',#2068,1.);
#2068 = DIRECTION('',(1.,-6.310888408832E-30,-1.295098308108E-13));
#2069 = PCURVE('',#128,#2070);
#2070 = DEFINITIONAL_REPRESENTATION('',(#2071),#2075);
#2071 = LINE('',#2072,#2073);
#2072 = CARTESIAN_POINT('',(3.393518798024,-0.973194467056));
#2073 = VECTOR('',#2074,1.);
#2074 = DIRECTION('',(1.292877862058E-13,-1.));
#2075 = ( GEOMETRIC_REPRESENTATION_CONTEXT(2) 
PARAMETRIC_REPRESENTATION_CONTEXT() REPRESENTATION_CONTEXT('2D SPACE',''
  ) );
#2076 = PCURVE('',#2077,#2082);
#2077 = PLANE('',#2078);
#2078 = AXIS2_PLACEMENT_3D('',#2079,#2080,#2081);
#2079 = CARTESIAN_POINT('',(3.750547619699,-0.25,-9.504918753436));
#2080 = DIRECTION('',(1.295098308108E-13,0.,1.));
#2081 = DIRECTION('',(1.,6.323722207555E-17,-1.295098308108E-13));
#2082 = DEFINITIONAL_REPRESENTATION('',(#2083),#2087);
#2083 = LINE('',#2084,#2085);
#2084 = CARTESIAN_POINT('',(-0.973194467056,1.49011630595E-08));
#2085 = VECTOR('',#2086,1.);
#2086 = DIRECTION('',(1.,-6.323722207556E-17));
#2087 = ( GEOMETRIC_REPRESENTATION_CONTEXT(2) 
PARAMETRIC_REPRESENTATION_CONTEXT() REPRESENTATION_CONTEXT('2D SPACE',''
  ) );
#2088 = ORIENTED_EDGE('',*,*,#2089,.T.);
#2089 = EDGE_CURVE('',#2062,#2090,#2092,.T.);
#2090 = VERTEX_POINT('',#2091);
#2091 = CARTESIAN_POINT('',(4.572237619699,-0.249999985753,
    -9.777968753436));
#2092 = SURFACE_CURVE('',#2093,(#2098,#2105),.PCURVE_S1.);
#2093 = CIRCLE('',#2094,0.27305);
#2094 = AXIS2_PLACEMENT_3D('',#2095,#2096,#2097);
#2095 = CARTESIAN_POINT('',(4.299187619699,-0.249999985099,
    -9.777968753436));
#2096 = DIRECTION('',(6.310887241768E-30,1.,-9.011389889435E-24));
#2097 = DIRECTION('',(1.,-6.310887241768E-30,-1.644471409866E-47));
#2098 = PCURVE('',#128,#2099);
#2099 = DEFINITIONAL_REPRESENTATION('',(#2100),#2104);
#2100 = CIRCLE('',#2101,0.27305);
#2101 = AXIS2_PLACEMENT_2D('',#2102,#2103);
#2102 = CARTESIAN_POINT('',(3.666568798024,-2.495028934112));
#2103 = DIRECTION('',(-2.22044604925E-16,-1.));
#2104 = ( GEOMETRIC_REPRESENTATION_CONTEXT(2) 
PARAMETRIC_REPRESENTATION_CONTEXT() REPRESENTATION_CONTEXT('2D SPACE',''
  ) );
#2105 = PCURVE('',#2106,#2111);
#2106 = CYLINDRICAL_SURFACE('',#2107,0.27305);
#2107 = AXIS2_PLACEMENT_3D('',#2108,#2109,#2110);
#2108 = CARTESIAN_POINT('',(4.299187619699,-0.25,-9.777968753436));
#2109 = DIRECTION('',(0.,1.,0.));
#2110 = DIRECTION('',(1.,0.,-1.644477096852E-47));
#2111 = DEFINITIONAL_REPRESENTATION('',(#2112),#2116);
#2112 = LINE('',#2113,#2114);
#2113 = CARTESIAN_POINT('',(0.,1.490116299796E-08));
#2114 = VECTOR('',#2115,1.);
#2115 = DIRECTION('',(1.,0.));
#2116 = ( GEOMETRIC_REPRESENTATION_CONTEXT(2) 
PARAMETRIC_REPRESENTATION_CONTEXT() REPRESENTATION_CONTEXT('2D SPACE',''
  ) );
#2117 = ORIENTED_EDGE('',*,*,#2118,.T.);
#2118 = EDGE_CURVE('',#2090,#86,#2119,.T.);
#2119 = SURFACE_CURVE('',#2120,(#2124,#2131),.PCURVE_S1.);
#2120 = LINE('',#2121,#2122);
#2121 = CARTESIAN_POINT('',(4.572237619699,-0.249999985099,
    -7.944684354424));
#2122 = VECTOR('',#2123,1.);
#2123 = DIRECTION('',(-1.710569414459E-49,-9.011389889435E-24,-1.));
#2124 = PCURVE('',#128,#2125);
#2125 = DEFINITIONAL_REPRESENTATION('',(#2126),#2130);
#2126 = LINE('',#2127,#2128);
#2127 = CARTESIAN_POINT('',(1.833284399012,-2.768078934112));
#2128 = VECTOR('',#2129,1.);
#2129 = DIRECTION('',(1.,-2.22044604925E-16));
#2130 = ( GEOMETRIC_REPRESENTATION_CONTEXT(2) 
PARAMETRIC_REPRESENTATION_CONTEXT() REPRESENTATION_CONTEXT('2D SPACE',''
  ) );
#2131 = PCURVE('',#101,#2132);
#2132 = DEFINITIONAL_REPRESENTATION('',(#2133),#2137);
#2133 = LINE('',#2134,#2135);
#2134 = CARTESIAN_POINT('',(-1.833284399012,1.490116289619E-08));
#2135 = VECTOR('',#2136,1.);
#2136 = DIRECTION('',(1.,5.551114221987E-17));
#2137 = ( GEOMETRIC_REPRESENTATION_CONTEXT(2) 
PARAMETRIC_REPRESENTATION_CONTEXT() REPRESENTATION_CONTEXT('2D SPACE',''
  ) );
#2138 = FACE_BOUND('',#2139,.T.);
#2139 = EDGE_LOOP('',(#2140,#2171,#2199,#2228,#2256,#2285,#2313,#2342));
#2140 = ORIENTED_EDGE('',*,*,#2141,.T.);
#2141 = EDGE_CURVE('',#2142,#2144,#2146,.T.);
#2142 = VERTEX_POINT('',#2143);
#2143 = CARTESIAN_POINT('',(2.394187619699,-0.249999985753,
    -9.504918753436));
#2144 = VERTEX_POINT('',#2145);
#2145 = CARTESIAN_POINT('',(2.667237619699,-0.249999985753,
    -9.777968753436));
#2146 = SURFACE_CURVE('',#2147,(#2152,#2159),.PCURVE_S1.);
#2147 = CIRCLE('',#2148,0.27305);
#2148 = AXIS2_PLACEMENT_3D('',#2149,#2150,#2151);
#2149 = CARTESIAN_POINT('',(2.394187619699,-0.249999985099,
    -9.777968753436));
#2150 = DIRECTION('',(6.310887241768E-30,1.,-9.011389889435E-24));
#2151 = DIRECTION('',(1.,-6.310887241768E-30,-1.644471409866E-47));
#2152 = PCURVE('',#128,#2153);
#2153 = DEFINITIONAL_REPRESENTATION('',(#2154),#2158);
#2154 = CIRCLE('',#2155,0.27305);
#2155 = AXIS2_PLACEMENT_2D('',#2156,#2157);
#2156 = CARTESIAN_POINT('',(3.666568798024,-0.590028934112));
#2157 = DIRECTION('',(-2.22044604925E-16,-1.));
#2158 = ( GEOMETRIC_REPRESENTATION_CONTEXT(2) 
PARAMETRIC_REPRESENTATION_CONTEXT() REPRESENTATION_CONTEXT('2D SPACE',''
  ) );
#2159 = PCURVE('',#2160,#2165);
#2160 = CYLINDRICAL_SURFACE('',#2161,0.27305);
#2161 = AXIS2_PLACEMENT_3D('',#2162,#2163,#2164);
#2162 = CARTESIAN_POINT('',(2.394187619699,-0.25,-9.777968753436));
#2163 = DIRECTION('',(0.,1.,0.));
#2164 = DIRECTION('',(1.,0.,-1.644477096852E-47));
#2165 = DEFINITIONAL_REPRESENTATION('',(#2166),#2170);
#2166 = LINE('',#2167,#2168);
#2167 = CARTESIAN_POINT('',(0.,1.490116299796E-08));
#2168 = VECTOR('',#2169,1.);
#2169 = DIRECTION('',(1.,0.));
#2170 = ( GEOMETRIC_REPRESENTATION_CONTEXT(2) 
PARAMETRIC_REPRESENTATION_CONTEXT() REPRESENTATION_CONTEXT('2D SPACE',''
  ) );
#2171 = ORIENTED_EDGE('',*,*,#2172,.T.);
#2172 = EDGE_CURVE('',#2144,#2173,#2175,.T.);
#2173 = VERTEX_POINT('',#2174);
#2174 = CARTESIAN_POINT('',(2.667237619699,-0.249999985753,
    -11.34260875343));
#2175 = SURFACE_CURVE('',#2176,(#2180,#2187),.PCURVE_S1.);
#2176 = LINE('',#2177,#2178);
#2177 = CARTESIAN_POINT('',(2.667237619699,-0.249999985099,
    -7.944684354424));
#2178 = VECTOR('',#2179,1.);
#2179 = DIRECTION('',(-2.393861343616E-49,-9.011389889435E-24,-1.));
#2180 = PCURVE('',#128,#2181);
#2181 = DEFINITIONAL_REPRESENTATION('',(#2182),#2186);
#2182 = LINE('',#2183,#2184);
#2183 = CARTESIAN_POINT('',(1.833284399012,-0.863078934112));
#2184 = VECTOR('',#2185,1.);
#2185 = DIRECTION('',(1.,-2.22044604925E-16));
#2186 = ( GEOMETRIC_REPRESENTATION_CONTEXT(2) 
PARAMETRIC_REPRESENTATION_CONTEXT() REPRESENTATION_CONTEXT('2D SPACE',''
  ) );
#2187 = PCURVE('',#2188,#2193);
#2188 = PLANE('',#2189);
#2189 = AXIS2_PLACEMENT_3D('',#2190,#2191,#2192);
#2190 = CARTESIAN_POINT('',(2.667237619699,-0.25,-9.777968753436));
#2191 = DIRECTION('',(1.,0.,-2.393861343616E-49));
#2192 = DIRECTION('',(-2.393861343616E-49,-7.768524208892E-17,-1.));
#2193 = DEFINITIONAL_REPRESENTATION('',(#2194),#2198);
#2194 = LINE('',#2195,#2196);
#2195 = CARTESIAN_POINT('',(-1.833284399012,1.490116285554E-08));
#2196 = VECTOR('',#2197,1.);
#2197 = DIRECTION('',(1.,7.768523307753E-17));
#2198 = ( GEOMETRIC_REPRESENTATION_CONTEXT(2) 
PARAMETRIC_REPRESENTATION_CONTEXT() REPRESENTATION_CONTEXT('2D SPACE',''
  ) );
#2199 = ORIENTED_EDGE('',*,*,#2200,.T.);
#2200 = EDGE_CURVE('',#2173,#2201,#2203,.T.);
#2201 = VERTEX_POINT('',#2202);
#2202 = CARTESIAN_POINT('',(2.394187619699,-0.249999985753,
    -11.61565875343));
#2203 = SURFACE_CURVE('',#2204,(#2209,#2216),.PCURVE_S1.);
#2204 = CIRCLE('',#2205,0.27305);
#2205 = AXIS2_PLACEMENT_3D('',#2206,#2207,#2208);
#2206 = CARTESIAN_POINT('',(2.394187619699,-0.249999985099,
    -11.34260875343));
#2207 = DIRECTION('',(6.310887241768E-30,1.,-9.011389889435E-24));
#2208 = DIRECTION('',(1.,-6.310887241768E-30,-1.566162976682E-47));
#2209 = PCURVE('',#128,#2210);
#2210 = DEFINITIONAL_REPRESENTATION('',(#2211),#2215);
#2211 = CIRCLE('',#2212,0.27305);
#2212 = AXIS2_PLACEMENT_2D('',#2213,#2214);
#2213 = CARTESIAN_POINT('',(5.231208798024,-0.590028934112));
#2214 = DIRECTION('',(-2.22044604925E-16,-1.));
#2215 = ( GEOMETRIC_REPRESENTATION_CONTEXT(2) 
PARAMETRIC_REPRESENTATION_CONTEXT() REPRESENTATION_CONTEXT('2D SPACE',''
  ) );
#2216 = PCURVE('',#2217,#2222);
#2217 = CYLINDRICAL_SURFACE('',#2218,0.27305);
#2218 = AXIS2_PLACEMENT_3D('',#2219,#2220,#2221);
#2219 = CARTESIAN_POINT('',(2.394187619699,-0.25,-11.34260875343));
#2220 = DIRECTION('',(0.,1.,0.));
#2221 = DIRECTION('',(1.,0.,-1.566168663669E-47));
#2222 = DEFINITIONAL_REPRESENTATION('',(#2223),#2227);
#2223 = LINE('',#2224,#2225);
#2224 = CARTESIAN_POINT('',(0.,1.490116299796E-08));
#2225 = VECTOR('',#2226,1.);
#2226 = DIRECTION('',(1.,0.));
#2227 = ( GEOMETRIC_REPRESENTATION_CONTEXT(2) 
PARAMETRIC_REPRESENTATION_CONTEXT() REPRESENTATION_CONTEXT('2D SPACE',''
  ) );
#2228 = ORIENTED_EDGE('',*,*,#2229,.T.);
#2229 = EDGE_CURVE('',#2201,#2230,#2232,.T.);
#2230 = VERTEX_POINT('',#2231);
#2231 = CARTESIAN_POINT('',(1.845547619699,-0.249999985753,
    -11.61565875343));
#2232 = SURFACE_CURVE('',#2233,(#2237,#2244),.PCURVE_S1.);
#2233 = LINE('',#2234,#2235);
#2234 = CARTESIAN_POINT('',(2.099173152643,-0.249999985099,
    -11.61565875343));
#2235 = VECTOR('',#2236,1.);
#2236 = DIRECTION('',(-1.,6.310887241768E-30,-2.449856478406E-63));
#2237 = PCURVE('',#128,#2238);
#2238 = DEFINITIONAL_REPRESENTATION('',(#2239),#2243);
#2239 = LINE('',#2240,#2241);
#2240 = CARTESIAN_POINT('',(5.504258798024,-0.295014467056));
#2241 = VECTOR('',#2242,1.);
#2242 = DIRECTION('',(2.22044604925E-16,1.));
#2243 = ( GEOMETRIC_REPRESENTATION_CONTEXT(2) 
PARAMETRIC_REPRESENTATION_CONTEXT() REPRESENTATION_CONTEXT('2D SPACE',''
  ) );
#2244 = PCURVE('',#2245,#2250);
#2245 = PLANE('',#2246);
#2246 = AXIS2_PLACEMENT_3D('',#2247,#2248,#2249);
#2247 = CARTESIAN_POINT('',(2.394187619699,-0.25,-11.61565875343));
#2248 = DIRECTION('',(2.449856478406E-63,0.,-1.));
#2249 = DIRECTION('',(-1.,3.08148791102E-33,-2.449856478406E-63));
#2250 = DEFINITIONAL_REPRESENTATION('',(#2251),#2255);
#2251 = LINE('',#2252,#2253);
#2252 = CARTESIAN_POINT('',(0.295014467056,1.490116299796E-08));
#2253 = VECTOR('',#2254,1.);
#2254 = DIRECTION('',(1.,6.307805753857E-30));
#2255 = ( GEOMETRIC_REPRESENTATION_CONTEXT(2) 
PARAMETRIC_REPRESENTATION_CONTEXT() REPRESENTATION_CONTEXT('2D SPACE',''
  ) );
#2256 = ORIENTED_EDGE('',*,*,#2257,.T.);
#2257 = EDGE_CURVE('',#2230,#2258,#2260,.T.);
#2258 = VERTEX_POINT('',#2259);
#2259 = CARTESIAN_POINT('',(1.572497619699,-0.249999985753,
    -11.34260875343));
#2260 = SURFACE_CURVE('',#2261,(#2266,#2273),.PCURVE_S1.);
#2261 = CIRCLE('',#2262,0.27305);
#2262 = AXIS2_PLACEMENT_3D('',#2263,#2264,#2265);
#2263 = CARTESIAN_POINT('',(1.845547619699,-0.249999985099,
    -11.34260875343));
#2264 = DIRECTION('',(6.310887241768E-30,1.,-9.011389889435E-24));
#2265 = DIRECTION('',(1.,-6.310887241768E-30,-1.566162976682E-47));
#2266 = PCURVE('',#128,#2267);
#2267 = DEFINITIONAL_REPRESENTATION('',(#2268),#2272);
#2268 = CIRCLE('',#2269,0.27305);
#2269 = AXIS2_PLACEMENT_2D('',#2270,#2271);
#2270 = CARTESIAN_POINT('',(5.231208798024,-4.138893411221E-02));
#2271 = DIRECTION('',(-2.22044604925E-16,-1.));
#2272 = ( GEOMETRIC_REPRESENTATION_CONTEXT(2) 
PARAMETRIC_REPRESENTATION_CONTEXT() REPRESENTATION_CONTEXT('2D SPACE',''
  ) );
#2273 = PCURVE('',#2274,#2279);
#2274 = CYLINDRICAL_SURFACE('',#2275,0.27305);
#2275 = AXIS2_PLACEMENT_3D('',#2276,#2277,#2278);
#2276 = CARTESIAN_POINT('',(1.845547619699,-0.25,-11.34260875343));
#2277 = DIRECTION('',(0.,1.,0.));
#2278 = DIRECTION('',(1.,0.,-1.566168663669E-47));
#2279 = DEFINITIONAL_REPRESENTATION('',(#2280),#2284);
#2280 = LINE('',#2281,#2282);
#2281 = CARTESIAN_POINT('',(0.,1.490116299796E-08));
#2282 = VECTOR('',#2283,1.);
#2283 = DIRECTION('',(1.,0.));
#2284 = ( GEOMETRIC_REPRESENTATION_CONTEXT(2) 
PARAMETRIC_REPRESENTATION_CONTEXT() REPRESENTATION_CONTEXT('2D SPACE',''
  ) );
#2285 = ORIENTED_EDGE('',*,*,#2286,.T.);
#2286 = EDGE_CURVE('',#2258,#2287,#2289,.T.);
#2287 = VERTEX_POINT('',#2288);
#2288 = CARTESIAN_POINT('',(1.572497619699,-0.249999985753,
    -9.777968753436));
#2289 = SURFACE_CURVE('',#2290,(#2294,#2301),.PCURVE_S1.);
#2290 = LINE('',#2291,#2292);
#2291 = CARTESIAN_POINT('',(1.572497619699,-0.249999985099,
    -8.727004354424));
#2292 = VECTOR('',#2293,1.);
#2293 = DIRECTION('',(-1.135313451912E-14,9.011389889435E-24,1.));
#2294 = PCURVE('',#128,#2295);
#2295 = DEFINITIONAL_REPRESENTATION('',(#2296),#2300);
#2296 = LINE('',#2297,#2298);
#2297 = CARTESIAN_POINT('',(2.615604399012,0.231661065888));
#2298 = VECTOR('',#2299,1.);
#2299 = DIRECTION('',(-1.,1.157517912405E-14));
#2300 = ( GEOMETRIC_REPRESENTATION_CONTEXT(2) 
PARAMETRIC_REPRESENTATION_CONTEXT() REPRESENTATION_CONTEXT('2D SPACE',''
  ) );
#2301 = PCURVE('',#2302,#2307);
#2302 = PLANE('',#2303);
#2303 = AXIS2_PLACEMENT_3D('',#2304,#2305,#2306);
#2304 = CARTESIAN_POINT('',(1.572497619699,-0.25,-11.34260875343));
#2305 = DIRECTION('',(-1.,0.,-1.135313451912E-14));
#2306 = DIRECTION('',(-1.135313451912E-14,9.985933294659E-17,1.));
#2307 = DEFINITIONAL_REPRESENTATION('',(#2308),#2312);
#2308 = LINE('',#2309,#2310);
#2309 = CARTESIAN_POINT('',(2.615604399012,1.490116273677E-08));
#2310 = VECTOR('',#2311,1.);
#2311 = DIRECTION('',(1.,-9.98593239352E-17));
#2312 = ( GEOMETRIC_REPRESENTATION_CONTEXT(2) 
PARAMETRIC_REPRESENTATION_CONTEXT() REPRESENTATION_CONTEXT('2D SPACE',''
  ) );
#2313 = ORIENTED_EDGE('',*,*,#2314,.T.);
#2314 = EDGE_CURVE('',#2287,#2315,#2317,.T.);
#2315 = VERTEX_POINT('',#2316);
#2316 = CARTESIAN_POINT('',(1.845547619699,-0.249999985753,
    -9.504918753436));
#2317 = SURFACE_CURVE('',#2318,(#2323,#2330),.PCURVE_S1.);
#2318 = CIRCLE('',#2319,0.27305);
#2319 = AXIS2_PLACEMENT_3D('',#2320,#2321,#2322);
#2320 = CARTESIAN_POINT('',(1.845547619699,-0.249999985099,
    -9.777968753436));
#2321 = DIRECTION('',(6.310887241768E-30,1.,-9.011389889435E-24));
#2322 = DIRECTION('',(1.,-6.310887241768E-30,-1.644471409866E-47));
#2323 = PCURVE('',#128,#2324);
#2324 = DEFINITIONAL_REPRESENTATION('',(#2325),#2329);
#2325 = CIRCLE('',#2326,0.27305);
#2326 = AXIS2_PLACEMENT_2D('',#2327,#2328);
#2327 = CARTESIAN_POINT('',(3.666568798024,-4.138893411221E-02));
#2328 = DIRECTION('',(-2.22044604925E-16,-1.));
#2329 = ( GEOMETRIC_REPRESENTATION_CONTEXT(2) 
PARAMETRIC_REPRESENTATION_CONTEXT() REPRESENTATION_CONTEXT('2D SPACE',''
  ) );
#2330 = PCURVE('',#2331,#2336);
#2331 = CYLINDRICAL_SURFACE('',#2332,0.27305);
#2332 = AXIS2_PLACEMENT_3D('',#2333,#2334,#2335);
#2333 = CARTESIAN_POINT('',(1.845547619699,-0.25,-9.777968753436));
#2334 = DIRECTION('',(0.,1.,0.));
#2335 = DIRECTION('',(1.,0.,-1.644477096852E-47));
#2336 = DEFINITIONAL_REPRESENTATION('',(#2337),#2341);
#2337 = LINE('',#2338,#2339);
#2338 = CARTESIAN_POINT('',(0.,1.490116299796E-08));
#2339 = VECTOR('',#2340,1.);
#2340 = DIRECTION('',(1.,0.));
#2341 = ( GEOMETRIC_REPRESENTATION_CONTEXT(2) 
PARAMETRIC_REPRESENTATION_CONTEXT() REPRESENTATION_CONTEXT('2D SPACE',''
  ) );
#2342 = ORIENTED_EDGE('',*,*,#2343,.T.);
#2343 = EDGE_CURVE('',#2315,#2142,#2344,.T.);
#2344 = SURFACE_CURVE('',#2345,(#2349,#2356),.PCURVE_S1.);
#2345 = LINE('',#2346,#2347);
#2346 = CARTESIAN_POINT('',(1.824853152642,-0.249999985099,
    -9.504918753436));
#2347 = VECTOR('',#2348,1.);
#2348 = DIRECTION('',(1.,-6.310888408832E-30,-1.295098308108E-13));
#2349 = PCURVE('',#128,#2350);
#2350 = DEFINITIONAL_REPRESENTATION('',(#2351),#2355);
#2351 = LINE('',#2352,#2353);
#2352 = CARTESIAN_POINT('',(3.393518798024,-2.069446705586E-02));
#2353 = VECTOR('',#2354,1.);
#2354 = DIRECTION('',(1.292877862058E-13,-1.));
#2355 = ( GEOMETRIC_REPRESENTATION_CONTEXT(2) 
PARAMETRIC_REPRESENTATION_CONTEXT() REPRESENTATION_CONTEXT('2D SPACE',''
  ) );
#2356 = PCURVE('',#2357,#2362);
#2357 = PLANE('',#2358);
#2358 = AXIS2_PLACEMENT_3D('',#2359,#2360,#2361);
#2359 = CARTESIAN_POINT('',(1.845547619699,-0.25,-9.504918753436));
#2360 = DIRECTION('',(1.295098308108E-13,0.,1.));
#2361 = DIRECTION('',(1.,6.323722207556E-17,-1.295098308108E-13));
#2362 = DEFINITIONAL_REPRESENTATION('',(#2363),#2367);
#2363 = LINE('',#2364,#2365);
#2364 = CARTESIAN_POINT('',(-2.06944670563E-02,1.490116299927E-08));
#2365 = VECTOR('',#2366,1.);
#2366 = DIRECTION('',(1.,-6.323722207556E-17));
#2367 = ( GEOMETRIC_REPRESENTATION_CONTEXT(2) 
PARAMETRIC_REPRESENTATION_CONTEXT() REPRESENTATION_CONTEXT('2D SPACE',''
  ) );
#2368 = FACE_BOUND('',#2369,.T.);
#2369 = EDGE_LOOP('',(#2370));
#2370 = ORIENTED_EDGE('',*,*,#2371,.T.);
#2371 = EDGE_CURVE('',#2372,#2372,#2374,.T.);
#2372 = VERTEX_POINT('',#2373);
#2373 = CARTESIAN_POINT('',(7.539658685586,-0.249999985099,
    -3.521399955412));
#2374 = SURFACE_CURVE('',#2375,(#2380,#2387),.PCURVE_S1.);
#2375 = CIRCLE('',#2376,0.3);
#2376 = AXIS2_PLACEMENT_3D('',#2377,#2378,#2379);
#2377 = CARTESIAN_POINT('',(7.539658685586,-0.249999985099,
    -3.221399955413));
#2378 = DIRECTION('',(0.,1.,0.));
#2379 = DIRECTION('',(1.480297366167E-14,-0.,-1.));
#2380 = PCURVE('',#128,#2381);
#2381 = DEFINITIONAL_REPRESENTATION('',(#2382),#2386);
#2382 = CIRCLE('',#2383,0.3);
#2383 = AXIS2_PLACEMENT_2D('',#2384,#2385);
#2384 = CARTESIAN_POINT('',(-2.89,-5.7355));
#2385 = DIRECTION('',(1.,-1.502501826659E-14));
#2386 = ( GEOMETRIC_REPRESENTATION_CONTEXT(2) 
PARAMETRIC_REPRESENTATION_CONTEXT() REPRESENTATION_CONTEXT('2D SPACE',''
  ) );
#2387 = PCURVE('',#2388,#2393);
#2388 = CYLINDRICAL_SURFACE('',#2389,0.3);
#2389 = AXIS2_PLACEMENT_3D('',#2390,#2391,#2392);
#2390 = CARTESIAN_POINT('',(7.539658685586,1.490116113834E-08,
    -3.221399955413));
#2391 = DIRECTION('',(0.,1.,0.));
#2392 = DIRECTION('',(-2.22044604925E-16,0.,-1.));
#2393 = DEFINITIONAL_REPRESENTATION('',(#2394),#2398);
#2394 = LINE('',#2395,#2396);
#2395 = CARTESIAN_POINT('',(-1.50990331349E-14,-0.25));
#2396 = VECTOR('',#2397,1.);
#2397 = DIRECTION('',(1.,0.));
#2398 = ( GEOMETRIC_REPRESENTATION_CONTEXT(2) 
PARAMETRIC_REPRESENTATION_CONTEXT() REPRESENTATION_CONTEXT('2D SPACE',''
  ) );
#2399 = FACE_BOUND('',#2400,.T.);
#2400 = EDGE_LOOP('',(#2401));
#2401 = ORIENTED_EDGE('',*,*,#2402,.T.);
#2402 = EDGE_CURVE('',#2403,#2403,#2405,.T.);
#2403 = VERTEX_POINT('',#2404);
#2404 = CARTESIAN_POINT('',(7.836658685586,-0.249999985099,
    -8.143399955412));
#2405 = SURFACE_CURVE('',#2406,(#2411,#2418),.PCURVE_S1.);
#2406 = CIRCLE('',#2407,0.762);
#2407 = AXIS2_PLACEMENT_3D('',#2408,#2409,#2410);
#2408 = CARTESIAN_POINT('',(7.836658685586,-0.249999985099,
    -7.381399955413));
#2409 = DIRECTION('',(6.310887241768E-30,1.,-9.011389889435E-24));
#2410 = DIRECTION('',(4.593001394788E-15,9.011389889435E-24,1.));
#2411 = PCURVE('',#128,#2412);
#2412 = DEFINITIONAL_REPRESENTATION('',(#2413),#2417);
#2413 = CIRCLE('',#2414,0.762);
#2414 = AXIS2_PLACEMENT_2D('',#2415,#2416);
#2415 = CARTESIAN_POINT('',(1.27,-6.0325));
#2416 = DIRECTION('',(-1.,-4.370956789863E-15));
#2417 = ( GEOMETRIC_REPRESENTATION_CONTEXT(2) 
PARAMETRIC_REPRESENTATION_CONTEXT() REPRESENTATION_CONTEXT('2D SPACE',''
  ) );
#2418 = PCURVE('',#2419,#2424);
#2419 = CYLINDRICAL_SURFACE('',#2420,0.762);
#2420 = AXIS2_PLACEMENT_3D('',#2421,#2422,#2423);
#2421 = CARTESIAN_POINT('',(7.836658685586,-0.249999985099,
    -7.381399955413));
#2422 = DIRECTION('',(6.310887241768E-30,1.,-9.011389889435E-24));
#2423 = DIRECTION('',(4.593001394788E-15,9.011389889435E-24,1.));
#2424 = DEFINITIONAL_REPRESENTATION('',(#2425),#2429);
#2425 = LINE('',#2426,#2427);
#2426 = CARTESIAN_POINT('',(0.,0.));
#2427 = VECTOR('',#2428,1.);
#2428 = DIRECTION('',(1.,0.));
#2429 = ( GEOMETRIC_REPRESENTATION_CONTEXT(2) 
PARAMETRIC_REPRESENTATION_CONTEXT() REPRESENTATION_CONTEXT('2D SPACE',''
  ) );
#2430 = FACE_BOUND('',#2431,.T.);
#2431 = EDGE_LOOP('',(#2432));
#2432 = ORIENTED_EDGE('',*,*,#2433,.T.);
#2433 = EDGE_CURVE('',#2434,#2434,#2436,.T.);
#2434 = VERTEX_POINT('',#2435);
#2435 = CARTESIAN_POINT('',(10.376658685586,-0.249999985099,
    -6.619399955412));
#2436 = SURFACE_CURVE('',#2437,(#2442,#2449),.PCURVE_S1.);
#2437 = CIRCLE('',#2438,0.762);
#2438 = AXIS2_PLACEMENT_3D('',#2439,#2440,#2441);
#2439 = CARTESIAN_POINT('',(10.376658685586,-0.249999985099,
    -7.381399955413));
#2440 = DIRECTION('',(6.310887241768E-30,1.,-9.011389889435E-24));
#2441 = DIRECTION('',(-3.136015798167E-15,-9.011389889435E-24,-1.));
#2442 = PCURVE('',#128,#2443);
#2443 = DEFINITIONAL_REPRESENTATION('',(#2444),#2448);
#2444 = CIRCLE('',#2445,0.762);
#2445 = AXIS2_PLACEMENT_2D('',#2446,#2447);
#2446 = CARTESIAN_POINT('',(1.27,-8.5725));
#2447 = DIRECTION('',(1.,2.913971193242E-15));
#2448 = ( GEOMETRIC_REPRESENTATION_CONTEXT(2) 
PARAMETRIC_REPRESENTATION_CONTEXT() REPRESENTATION_CONTEXT('2D SPACE',''
  ) );
#2449 = PCURVE('',#2450,#2455);
#2450 = CYLINDRICAL_SURFACE('',#2451,0.762);
#2451 = AXIS2_PLACEMENT_3D('',#2452,#2453,#2454);
#2452 = CARTESIAN_POINT('',(10.376658685586,-0.249999985099,
    -7.381399955413));
#2453 = DIRECTION('',(6.310887241768E-30,1.,-9.011389889435E-24));
#2454 = DIRECTION('',(-3.136015798167E-15,-9.011389889435E-24,-1.));
#2455 = DEFINITIONAL_REPRESENTATION('',(#2456),#2460);
#2456 = LINE('',#2457,#2458);
#2457 = CARTESIAN_POINT('',(0.,0.));
#2458 = VECTOR('',#2459,1.);
#2459 = DIRECTION('',(1.,0.));
#2460 = ( GEOMETRIC_REPRESENTATION_CONTEXT(2) 
PARAMETRIC_REPRESENTATION_CONTEXT() REPRESENTATION_CONTEXT('2D SPACE',''
  ) );
#2461 = FACE_BOUND('',#2462,.T.);
#2462 = EDGE_LOOP('',(#2463));
#2463 = ORIENTED_EDGE('',*,*,#2464,.T.);
#2464 = EDGE_CURVE('',#2465,#2465,#2467,.T.);
#2465 = VERTEX_POINT('',#2466);
#2466 = CARTESIAN_POINT('',(7.539658685586,-0.249999985099,
    -9.301399955413));
#2467 = SURFACE_CURVE('',#2468,(#2473,#2480),.PCURVE_S1.);
#2468 = CIRCLE('',#2469,0.3);
#2469 = AXIS2_PLACEMENT_3D('',#2470,#2471,#2472);
#2470 = CARTESIAN_POINT('',(7.539658685586,-0.249999985099,
    -9.001399955413));
#2471 = DIRECTION('',(0.,1.,0.));
#2472 = DIRECTION('',(1.184237892933E-14,-0.,-1.));
#2473 = PCURVE('',#128,#2474);
#2474 = DEFINITIONAL_REPRESENTATION('',(#2475),#2479);
#2475 = CIRCLE('',#2476,0.3);
#2476 = AXIS2_PLACEMENT_2D('',#2477,#2478);
#2477 = CARTESIAN_POINT('',(2.89,-5.7355));
#2478 = DIRECTION('',(1.,-1.206442353426E-14));
#2479 = ( GEOMETRIC_REPRESENTATION_CONTEXT(2) 
PARAMETRIC_REPRESENTATION_CONTEXT() REPRESENTATION_CONTEXT('2D SPACE',''
  ) );
#2480 = PCURVE('',#2481,#2486);
#2481 = CYLINDRICAL_SURFACE('',#2482,0.3);
#2482 = AXIS2_PLACEMENT_3D('',#2483,#2484,#2485);
#2483 = CARTESIAN_POINT('',(7.539658685586,1.490116113834E-08,
    -9.001399955413));
#2484 = DIRECTION('',(0.,1.,0.));
#2485 = DIRECTION('',(-2.22044604925E-16,0.,-1.));
#2486 = DEFINITIONAL_REPRESENTATION('',(#2487),#2491);
#2487 = LINE('',#2488,#2489);
#2488 = CARTESIAN_POINT('',(-1.50990331349E-14,-0.25));
#2489 = VECTOR('',#2490,1.);
#2490 = DIRECTION('',(1.,0.));
#2491 = ( GEOMETRIC_REPRESENTATION_CONTEXT(2) 
PARAMETRIC_REPRESENTATION_CONTEXT() REPRESENTATION_CONTEXT('2D SPACE',''
  ) );
#2492 = FACE_BOUND('',#2493,.T.);
#2493 = EDGE_LOOP('',(#2494,#2524,#2552,#2580,#2608,#2636));
#2494 = ORIENTED_EDGE('',*,*,#2495,.T.);
#2495 = EDGE_CURVE('',#2496,#2498,#2500,.T.);
#2496 = VERTEX_POINT('',#2497);
#2497 = CARTESIAN_POINT('',(-3.974341314414,-0.249999985099,
    0.365600044588));
#2498 = VERTEX_POINT('',#2499);
#2499 = CARTESIAN_POINT('',(-3.212341314414,-0.249999985099,
    0.365600044588));
#2500 = SURFACE_CURVE('',#2501,(#2505,#2512),.PCURVE_S1.);
#2501 = LINE('',#2502,#2503);
#2502 = CARTESIAN_POINT('',(-3.974341314414,-0.249999985099,
    0.365600044588));
#2503 = VECTOR('',#2504,1.);
#2504 = DIRECTION('',(1.,0.,0.));
#2505 = PCURVE('',#128,#2506);
#2506 = DEFINITIONAL_REPRESENTATION('',(#2507),#2511);
#2507 = LINE('',#2508,#2509);
#2508 = CARTESIAN_POINT('',(-6.477,5.7785));
#2509 = VECTOR('',#2510,1.);
#2510 = DIRECTION('',(-2.22044604925E-16,-1.));
#2511 = ( GEOMETRIC_REPRESENTATION_CONTEXT(2) 
PARAMETRIC_REPRESENTATION_CONTEXT() REPRESENTATION_CONTEXT('2D SPACE',''
  ) );
#2512 = PCURVE('',#2513,#2518);
#2513 = PLANE('',#2514);
#2514 = AXIS2_PLACEMENT_3D('',#2515,#2516,#2517);
#2515 = CARTESIAN_POINT('',(-3.212341314414,1.490116113834E-08,
    0.365600044588));
#2516 = DIRECTION('',(-2.22044604925E-16,0.,-1.));
#2517 = DIRECTION('',(-1.,0.,2.22044604925E-16));
#2518 = DEFINITIONAL_REPRESENTATION('',(#2519),#2523);
#2519 = LINE('',#2520,#2521);
#2520 = CARTESIAN_POINT('',(0.762,-0.25));
#2521 = VECTOR('',#2522,1.);
#2522 = DIRECTION('',(-1.,0.));
#2523 = ( GEOMETRIC_REPRESENTATION_CONTEXT(2) 
PARAMETRIC_REPRESENTATION_CONTEXT() REPRESENTATION_CONTEXT('2D SPACE',''
  ) );
#2524 = ORIENTED_EDGE('',*,*,#2525,.T.);
#2525 = EDGE_CURVE('',#2498,#2526,#2528,.T.);
#2526 = VERTEX_POINT('',#2527);
#2527 = CARTESIAN_POINT('',(-2.958341314414,-0.249999985099,
    0.111600044588));
#2528 = SURFACE_CURVE('',#2529,(#2534,#2541),.PCURVE_S1.);
#2529 = CIRCLE('',#2530,0.254005880947);
#2530 = AXIS2_PLACEMENT_3D('',#2531,#2532,#2533);
#2531 = CARTESIAN_POINT('',(-3.212347195292,-0.249999985099,
    0.111594163709));
#2532 = DIRECTION('',(6.310887241768E-30,1.,-9.011389889435E-24));
#2533 = DIRECTION('',(2.31525300948E-05,9.011389886874E-24,
    0.999999999732));
#2534 = PCURVE('',#128,#2535);
#2535 = DEFINITIONAL_REPRESENTATION('',(#2536),#2540);
#2536 = CIRCLE('',#2537,0.254005880947);
#2537 = AXIS2_PLACEMENT_2D('',#2538,#2539);
#2538 = CARTESIAN_POINT('',(-6.222994119121,5.016505880879));
#2539 = DIRECTION('',(-0.999999999732,-2.315253009458E-05));
#2540 = ( GEOMETRIC_REPRESENTATION_CONTEXT(2) 
PARAMETRIC_REPRESENTATION_CONTEXT() REPRESENTATION_CONTEXT('2D SPACE',''
  ) );
#2541 = PCURVE('',#2542,#2547);
#2542 = CYLINDRICAL_SURFACE('',#2543,0.254005880947);
#2543 = AXIS2_PLACEMENT_3D('',#2544,#2545,#2546);
#2544 = CARTESIAN_POINT('',(-3.212347195292,1.490116113834E-08,
    0.111594163709));
#2545 = DIRECTION('',(0.,1.,0.));
#2546 = DIRECTION('',(2.31525300948E-05,0.,0.999999999732));
#2547 = DEFINITIONAL_REPRESENTATION('',(#2548),#2551);
#2548 = B_SPLINE_CURVE_WITH_KNOTS('',1,(#2549,#2550),.UNSPECIFIED.,.F.,
  .F.,(2,2),(0.,1.570750021735),.PIECEWISE_BEZIER_KNOTS.);
#2549 = CARTESIAN_POINT('',(0.,-0.25));
#2550 = CARTESIAN_POINT('',(1.570750021735,-0.25));
#2551 = ( GEOMETRIC_REPRESENTATION_CONTEXT(2) 
PARAMETRIC_REPRESENTATION_CONTEXT() REPRESENTATION_CONTEXT('2D SPACE',''
  ) );
#2552 = ORIENTED_EDGE('',*,*,#2553,.T.);
#2553 = EDGE_CURVE('',#2526,#2554,#2556,.T.);
#2554 = VERTEX_POINT('',#2555);
#2555 = CARTESIAN_POINT('',(-3.212341314414,-0.249999985099,
    -0.142399955413));
#2556 = SURFACE_CURVE('',#2557,(#2562,#2569),.PCURVE_S1.);
#2557 = CIRCLE('',#2558,0.254005880947);
#2558 = AXIS2_PLACEMENT_3D('',#2559,#2560,#2561);
#2559 = CARTESIAN_POINT('',(-3.212347195292,-0.249999985099,
    0.111605925466));
#2560 = DIRECTION('',(6.310887241768E-30,1.,-9.011389889435E-24));
#2561 = DIRECTION('',(0.999999999732,-2.149473628118E-28,
    -2.315253009043E-05));
#2562 = PCURVE('',#128,#2563);
#2563 = DEFINITIONAL_REPRESENTATION('',(#2564),#2568);
#2564 = CIRCLE('',#2565,0.254005880947);
#2565 = AXIS2_PLACEMENT_2D('',#2566,#2567);
#2566 = CARTESIAN_POINT('',(-6.223005880879,5.016505880879));
#2567 = DIRECTION('',(2.315253009021E-05,-0.999999999732));
#2568 = ( GEOMETRIC_REPRESENTATION_CONTEXT(2) 
PARAMETRIC_REPRESENTATION_CONTEXT() REPRESENTATION_CONTEXT('2D SPACE',''
  ) );
#2569 = PCURVE('',#2570,#2575);
#2570 = CYLINDRICAL_SURFACE('',#2571,0.254005880947);
#2571 = AXIS2_PLACEMENT_3D('',#2572,#2573,#2574);
#2572 = CARTESIAN_POINT('',(-3.212347195292,1.490116113834E-08,
    0.111605925466));
#2573 = DIRECTION('',(0.,1.,0.));
#2574 = DIRECTION('',(0.999999999732,0.,-2.315253009043E-05));
#2575 = DEFINITIONAL_REPRESENTATION('',(#2576),#2579);
#2576 = B_SPLINE_CURVE_WITH_KNOTS('',1,(#2577,#2578),.UNSPECIFIED.,.F.,
  .F.,(2,2),(0.,1.570750021735),.PIECEWISE_BEZIER_KNOTS.);
#2577 = CARTESIAN_POINT('',(8.78877946637E-22,-0.25));
#2578 = CARTESIAN_POINT('',(1.570750021735,-0.25));
#2579 = ( GEOMETRIC_REPRESENTATION_CONTEXT(2) 
PARAMETRIC_REPRESENTATION_CONTEXT() REPRESENTATION_CONTEXT('2D SPACE',''
  ) );
#2580 = ORIENTED_EDGE('',*,*,#2581,.T.);
#2581 = EDGE_CURVE('',#2554,#2582,#2584,.T.);
#2582 = VERTEX_POINT('',#2583);
#2583 = CARTESIAN_POINT('',(-3.974341314414,-0.249999985099,
    -0.142399955413));
#2584 = SURFACE_CURVE('',#2585,(#2589,#2596),.PCURVE_S1.);
#2585 = LINE('',#2586,#2587);
#2586 = CARTESIAN_POINT('',(-3.212341314414,-0.249999985099,
    -0.142399955413));
#2587 = VECTOR('',#2588,1.);
#2588 = DIRECTION('',(-1.,0.,0.));
#2589 = PCURVE('',#128,#2590);
#2590 = DEFINITIONAL_REPRESENTATION('',(#2591),#2595);
#2591 = LINE('',#2592,#2593);
#2592 = CARTESIAN_POINT('',(-5.969,5.0165));
#2593 = VECTOR('',#2594,1.);
#2594 = DIRECTION('',(2.22044604925E-16,1.));
#2595 = ( GEOMETRIC_REPRESENTATION_CONTEXT(2) 
PARAMETRIC_REPRESENTATION_CONTEXT() REPRESENTATION_CONTEXT('2D SPACE',''
  ) );
#2596 = PCURVE('',#2597,#2602);
#2597 = PLANE('',#2598);
#2598 = AXIS2_PLACEMENT_3D('',#2599,#2600,#2601);
#2599 = CARTESIAN_POINT('',(-3.974341314414,1.490116113834E-08,
    -0.142399955413));
#2600 = DIRECTION('',(2.22044604925E-16,0.,1.));
#2601 = DIRECTION('',(1.,0.,-2.22044604925E-16));
#2602 = DEFINITIONAL_REPRESENTATION('',(#2603),#2607);
#2603 = LINE('',#2604,#2605);
#2604 = CARTESIAN_POINT('',(0.762,-0.25));
#2605 = VECTOR('',#2606,1.);
#2606 = DIRECTION('',(-1.,0.));
#2607 = ( GEOMETRIC_REPRESENTATION_CONTEXT(2) 
PARAMETRIC_REPRESENTATION_CONTEXT() REPRESENTATION_CONTEXT('2D SPACE',''
  ) );
#2608 = ORIENTED_EDGE('',*,*,#2609,.T.);
#2609 = EDGE_CURVE('',#2582,#2610,#2612,.T.);
#2610 = VERTEX_POINT('',#2611);
#2611 = CARTESIAN_POINT('',(-4.228341314414,-0.249999985099,
    0.111600044588));
#2612 = SURFACE_CURVE('',#2613,(#2618,#2625),.PCURVE_S1.);
#2613 = CIRCLE('',#2614,0.254005880947);
#2614 = AXIS2_PLACEMENT_3D('',#2615,#2616,#2617);
#2615 = CARTESIAN_POINT('',(-3.974335433535,-0.249999985099,
    0.111605925466));
#2616 = DIRECTION('',(6.310887241768E-30,1.,-9.011389889435E-24));
#2617 = DIRECTION('',(-2.315253009043E-05,-9.011389886874E-24,
    -0.999999999732));
#2618 = PCURVE('',#128,#2619);
#2619 = DEFINITIONAL_REPRESENTATION('',(#2620),#2624);
#2620 = CIRCLE('',#2621,0.254005880947);
#2621 = AXIS2_PLACEMENT_2D('',#2622,#2623);
#2622 = CARTESIAN_POINT('',(-6.223005880879,5.778494119121));
#2623 = DIRECTION('',(0.999999999732,2.315253009021E-05));
#2624 = ( GEOMETRIC_REPRESENTATION_CONTEXT(2) 
PARAMETRIC_REPRESENTATION_CONTEXT() REPRESENTATION_CONTEXT('2D SPACE',''
  ) );
#2625 = PCURVE('',#2626,#2631);
#2626 = CYLINDRICAL_SURFACE('',#2627,0.254005880947);
#2627 = AXIS2_PLACEMENT_3D('',#2628,#2629,#2630);
#2628 = CARTESIAN_POINT('',(-3.974335433535,1.490116113834E-08,
    0.111605925466));
#2629 = DIRECTION('',(0.,1.,0.));
#2630 = DIRECTION('',(-2.315253009043E-05,0.,-0.999999999732));
#2631 = DEFINITIONAL_REPRESENTATION('',(#2632),#2635);
#2632 = B_SPLINE_CURVE_WITH_KNOTS('',1,(#2633,#2634),.UNSPECIFIED.,.F.,
  .F.,(2,2),(0.,1.570750021735),.PIECEWISE_BEZIER_KNOTS.);
#2633 = CARTESIAN_POINT('',(0.,-0.25));
#2634 = CARTESIAN_POINT('',(1.570750021735,-0.25));
#2635 = ( GEOMETRIC_REPRESENTATION_CONTEXT(2) 
PARAMETRIC_REPRESENTATION_CONTEXT() REPRESENTATION_CONTEXT('2D SPACE',''
  ) );
#2636 = ORIENTED_EDGE('',*,*,#2637,.T.);
#2637 = EDGE_CURVE('',#2610,#2496,#2638,.T.);
#2638 = SURFACE_CURVE('',#2639,(#2644,#2651),.PCURVE_S1.);
#2639 = CIRCLE('',#2640,0.254005880947);
#2640 = AXIS2_PLACEMENT_3D('',#2641,#2642,#2643);
#2641 = CARTESIAN_POINT('',(-3.974335433535,-0.249999985099,
    0.111594163709));
#2642 = DIRECTION('',(6.310887241768E-30,1.,-9.011389889435E-24));
#2643 = DIRECTION('',(-0.999999999732,2.149473627724E-28,
    2.315253008606E-05));
#2644 = PCURVE('',#128,#2645);
#2645 = DEFINITIONAL_REPRESENTATION('',(#2646),#2650);
#2646 = CIRCLE('',#2647,0.254005880947);
#2647 = AXIS2_PLACEMENT_2D('',#2648,#2649);
#2648 = CARTESIAN_POINT('',(-6.222994119121,5.778494119121));
#2649 = DIRECTION('',(-2.315253008583E-05,0.999999999732));
#2650 = ( GEOMETRIC_REPRESENTATION_CONTEXT(2) 
PARAMETRIC_REPRESENTATION_CONTEXT() REPRESENTATION_CONTEXT('2D SPACE',''
  ) );
#2651 = PCURVE('',#2652,#2657);
#2652 = CYLINDRICAL_SURFACE('',#2653,0.254005880947);
#2653 = AXIS2_PLACEMENT_3D('',#2654,#2655,#2656);
#2654 = CARTESIAN_POINT('',(-3.974335433535,1.490116113834E-08,
    0.111594163709));
#2655 = DIRECTION('',(0.,1.,0.));
#2656 = DIRECTION('',(-0.999999999732,0.,2.315253008606E-05));
#2657 = DEFINITIONAL_REPRESENTATION('',(#2658),#2661);
#2658 = B_SPLINE_CURVE_WITH_KNOTS('',1,(#2659,#2660),.UNSPECIFIED.,.F.,
  .F.,(2,2),(0.,1.570750021735),.PIECEWISE_BEZIER_KNOTS.);
#2659 = CARTESIAN_POINT('',(8.777065123261E-22,-0.25));
#2660 = CARTESIAN_POINT('',(1.570750021735,-0.25));
#2661 = ( GEOMETRIC_REPRESENTATION_CONTEXT(2) 
PARAMETRIC_REPRESENTATION_CONTEXT() REPRESENTATION_CONTEXT('2D SPACE',''
  ) );
#2662 = FACE_BOUND('',#2663,.T.);
#2663 = EDGE_LOOP('',(#2664,#2694,#2722,#2750));
#2664 = ORIENTED_EDGE('',*,*,#2665,.T.);
#2665 = EDGE_CURVE('',#2666,#2668,#2670,.T.);
#2666 = VERTEX_POINT('',#2667);
#2667 = CARTESIAN_POINT('',(10.757658685586,-0.249999985099,
    -10.65164995541));
#2668 = VERTEX_POINT('',#2669);
#2669 = CARTESIAN_POINT('',(10.757658685586,-0.249999985099,
    -10.20714995541));
#2670 = SURFACE_CURVE('',#2671,(#2676,#2683),.PCURVE_S1.);
#2671 = CIRCLE('',#2672,0.22225);
#2672 = AXIS2_PLACEMENT_3D('',#2673,#2674,#2675);
#2673 = CARTESIAN_POINT('',(10.757658685586,-0.249999985099,
    -10.42939995541));
#2674 = DIRECTION('',(6.310887241768E-30,1.,-9.011389889435E-24));
#2675 = DIRECTION('',(-2.22044604925E-16,-9.011389889435E-24,-1.));
#2676 = PCURVE('',#128,#2677);
#2677 = DEFINITIONAL_REPRESENTATION('',(#2678),#2682);
#2678 = CIRCLE('',#2679,0.22225);
#2679 = AXIS2_PLACEMENT_2D('',#2680,#2681);
#2680 = CARTESIAN_POINT('',(4.318,-8.9535));
#2681 = DIRECTION('',(1.,0.));
#2682 = ( GEOMETRIC_REPRESENTATION_CONTEXT(2) 
PARAMETRIC_REPRESENTATION_CONTEXT() REPRESENTATION_CONTEXT('2D SPACE',''
  ) );
#2683 = PCURVE('',#2684,#2689);
#2684 = CYLINDRICAL_SURFACE('',#2685,0.22225);
#2685 = AXIS2_PLACEMENT_3D('',#2686,#2687,#2688);
#2686 = CARTESIAN_POINT('',(10.757658685586,1.490116113834E-08,
    -10.42939995541));
#2687 = DIRECTION('',(0.,1.,0.));
#2688 = DIRECTION('',(-2.22044604925E-16,0.,-1.));
#2689 = DEFINITIONAL_REPRESENTATION('',(#2690),#2693);
#2690 = B_SPLINE_CURVE_WITH_KNOTS('',1,(#2691,#2692),.UNSPECIFIED.,.F.,
  .F.,(2,2),(0.,3.14159265359),.PIECEWISE_BEZIER_KNOTS.);
#2691 = CARTESIAN_POINT('',(9.011389889435E-24,-0.25));
#2692 = CARTESIAN_POINT('',(3.14159265359,-0.25));
#2693 = ( GEOMETRIC_REPRESENTATION_CONTEXT(2) 
PARAMETRIC_REPRESENTATION_CONTEXT() REPRESENTATION_CONTEXT('2D SPACE',''
  ) );
#2694 = ORIENTED_EDGE('',*,*,#2695,.T.);
#2695 = EDGE_CURVE('',#2668,#2696,#2698,.T.);
#2696 = VERTEX_POINT('',#2697);
#2697 = CARTESIAN_POINT('',(11.646658685586,-0.249999985099,
    -10.20714995541));
#2698 = SURFACE_CURVE('',#2699,(#2703,#2710),.PCURVE_S1.);
#2699 = LINE('',#2700,#2701);
#2700 = CARTESIAN_POINT('',(6.280908685586,-0.249999985099,
    -10.20714995541));
#2701 = VECTOR('',#2702,1.);
#2702 = DIRECTION('',(1.,-6.310887243769E-30,-2.22044604925E-16));
#2703 = PCURVE('',#128,#2704);
#2704 = DEFINITIONAL_REPRESENTATION('',(#2705),#2709);
#2705 = LINE('',#2706,#2707);
#2706 = CARTESIAN_POINT('',(4.09575,-4.47675));
#2707 = VECTOR('',#2708,1.);
#2708 = DIRECTION('',(-2.465190328816E-32,-1.));
#2709 = ( GEOMETRIC_REPRESENTATION_CONTEXT(2) 
PARAMETRIC_REPRESENTATION_CONTEXT() REPRESENTATION_CONTEXT('2D SPACE',''
  ) );
#2710 = PCURVE('',#2711,#2716);
#2711 = PLANE('',#2712);
#2712 = AXIS2_PLACEMENT_3D('',#2713,#2714,#2715);
#2713 = CARTESIAN_POINT('',(6.566658685586,1.490116113834E-08,
    -10.20714995541));
#2714 = DIRECTION('',(2.22044604925E-16,0.,1.));
#2715 = DIRECTION('',(1.,0.,-2.22044604925E-16));
#2716 = DEFINITIONAL_REPRESENTATION('',(#2717),#2721);
#2717 = LINE('',#2718,#2719);
#2718 = CARTESIAN_POINT('',(-0.28575,-0.25));
#2719 = VECTOR('',#2720,1.);
#2720 = DIRECTION('',(1.,-6.310887243769E-30));
#2721 = ( GEOMETRIC_REPRESENTATION_CONTEXT(2) 
PARAMETRIC_REPRESENTATION_CONTEXT() REPRESENTATION_CONTEXT('2D SPACE',''
  ) );
#2722 = ORIENTED_EDGE('',*,*,#2723,.T.);
#2723 = EDGE_CURVE('',#2696,#2724,#2726,.T.);
#2724 = VERTEX_POINT('',#2725);
#2725 = CARTESIAN_POINT('',(11.646658685586,-0.249999985099,
    -10.65164995541));
#2726 = SURFACE_CURVE('',#2727,(#2732,#2739),.PCURVE_S1.);
#2727 = CIRCLE('',#2728,0.22225);
#2728 = AXIS2_PLACEMENT_3D('',#2729,#2730,#2731);
#2729 = CARTESIAN_POINT('',(11.646658685586,-0.249999985099,
    -10.42939995541));
#2730 = DIRECTION('',(6.310887241768E-30,1.,-9.011389889435E-24));
#2731 = DIRECTION('',(2.22044604925E-16,9.011389889435E-24,1.));
#2732 = PCURVE('',#128,#2733);
#2733 = DEFINITIONAL_REPRESENTATION('',(#2734),#2738);
#2734 = CIRCLE('',#2735,0.22225);
#2735 = AXIS2_PLACEMENT_2D('',#2736,#2737);
#2736 = CARTESIAN_POINT('',(4.318,-9.8425));
#2737 = DIRECTION('',(-1.,0.));
#2738 = ( GEOMETRIC_REPRESENTATION_CONTEXT(2) 
PARAMETRIC_REPRESENTATION_CONTEXT() REPRESENTATION_CONTEXT('2D SPACE',''
  ) );
#2739 = PCURVE('',#2740,#2745);
#2740 = CYLINDRICAL_SURFACE('',#2741,0.22225);
#2741 = AXIS2_PLACEMENT_3D('',#2742,#2743,#2744);
#2742 = CARTESIAN_POINT('',(11.646658685586,1.490116113834E-08,
    -10.42939995541));
#2743 = DIRECTION('',(0.,1.,0.));
#2744 = DIRECTION('',(2.22044604925E-16,0.,1.));
#2745 = DEFINITIONAL_REPRESENTATION('',(#2746),#2749);
#2746 = B_SPLINE_CURVE_WITH_KNOTS('',1,(#2747,#2748),.UNSPECIFIED.,.F.,
  .F.,(2,2),(0.,3.14159265359),.PIECEWISE_BEZIER_KNOTS.);
#2747 = CARTESIAN_POINT('',(9.011389889435E-24,-0.25));
#2748 = CARTESIAN_POINT('',(3.14159265359,-0.25));
#2749 = ( GEOMETRIC_REPRESENTATION_CONTEXT(2) 
PARAMETRIC_REPRESENTATION_CONTEXT() REPRESENTATION_CONTEXT('2D SPACE',''
  ) );
#2750 = ORIENTED_EDGE('',*,*,#2751,.T.);
#2751 = EDGE_CURVE('',#2724,#2666,#2752,.T.);
#2752 = SURFACE_CURVE('',#2753,(#2757,#2764),.PCURVE_S1.);
#2753 = LINE('',#2754,#2755);
#2754 = CARTESIAN_POINT('',(6.725408685586,-0.249999985099,
    -10.65164995541));
#2755 = VECTOR('',#2756,1.);
#2756 = DIRECTION('',(-1.,6.310887243769E-30,2.22044604925E-16));
#2757 = PCURVE('',#128,#2758);
#2758 = DEFINITIONAL_REPRESENTATION('',(#2759),#2763);
#2759 = LINE('',#2760,#2761);
#2760 = CARTESIAN_POINT('',(4.54025,-4.92125));
#2761 = VECTOR('',#2762,1.);
#2762 = DIRECTION('',(2.465190328816E-32,1.));
#2763 = ( GEOMETRIC_REPRESENTATION_CONTEXT(2) 
PARAMETRIC_REPRESENTATION_CONTEXT() REPRESENTATION_CONTEXT('2D SPACE',''
  ) );
#2764 = PCURVE('',#2765,#2770);
#2765 = PLANE('',#2766);
#2766 = AXIS2_PLACEMENT_3D('',#2767,#2768,#2769);
#2767 = CARTESIAN_POINT('',(7.455658685586,1.490116113834E-08,
    -10.65164995541));
#2768 = DIRECTION('',(-2.22044604925E-16,0.,-1.));
#2769 = DIRECTION('',(-1.,0.,2.22044604925E-16));
#2770 = DEFINITIONAL_REPRESENTATION('',(#2771),#2775);
#2771 = LINE('',#2772,#2773);
#2772 = CARTESIAN_POINT('',(0.73025,-0.25));
#2773 = VECTOR('',#2774,1.);
#2774 = DIRECTION('',(1.,6.310887243769E-30));
#2775 = ( GEOMETRIC_REPRESENTATION_CONTEXT(2) 
PARAMETRIC_REPRESENTATION_CONTEXT() REPRESENTATION_CONTEXT('2D SPACE',''
  ) );
#2776 = FACE_BOUND('',#2777,.T.);
#2777 = EDGE_LOOP('',(#2778,#2808,#2836,#2864));
#2778 = ORIENTED_EDGE('',*,*,#2779,.T.);
#2779 = EDGE_CURVE('',#2780,#2782,#2784,.T.);
#2780 = VERTEX_POINT('',#2781);
#2781 = CARTESIAN_POINT('',(6.566658685586,-0.249999985099,
    -2.015649955413));
#2782 = VERTEX_POINT('',#2783);
#2783 = CARTESIAN_POINT('',(6.566658685586,-0.249999985099,
    -1.571149955413));
#2784 = SURFACE_CURVE('',#2785,(#2790,#2797),.PCURVE_S1.);
#2785 = CIRCLE('',#2786,0.22225);
#2786 = AXIS2_PLACEMENT_3D('',#2787,#2788,#2789);
#2787 = CARTESIAN_POINT('',(6.566658685586,-0.249999985099,
    -1.793399955412));
#2788 = DIRECTION('',(6.310887241768E-30,1.,-9.011389889435E-24));
#2789 = DIRECTION('',(-2.22044604925E-16,-9.011389889435E-24,-1.));
#2790 = PCURVE('',#128,#2791);
#2791 = DEFINITIONAL_REPRESENTATION('',(#2792),#2796);
#2792 = CIRCLE('',#2793,0.22225);
#2793 = AXIS2_PLACEMENT_2D('',#2794,#2795);
#2794 = CARTESIAN_POINT('',(-4.318,-4.7625));
#2795 = DIRECTION('',(1.,0.));
#2796 = ( GEOMETRIC_REPRESENTATION_CONTEXT(2) 
PARAMETRIC_REPRESENTATION_CONTEXT() REPRESENTATION_CONTEXT('2D SPACE',''
  ) );
#2797 = PCURVE('',#2798,#2803);
#2798 = CYLINDRICAL_SURFACE('',#2799,0.22225);
#2799 = AXIS2_PLACEMENT_3D('',#2800,#2801,#2802);
#2800 = CARTESIAN_POINT('',(6.566658685586,1.490116113834E-08,
    -1.793399955412));
#2801 = DIRECTION('',(0.,1.,0.));
#2802 = DIRECTION('',(-2.22044604925E-16,0.,-1.));
#2803 = DEFINITIONAL_REPRESENTATION('',(#2804),#2807);
#2804 = B_SPLINE_CURVE_WITH_KNOTS('',1,(#2805,#2806),.UNSPECIFIED.,.F.,
  .F.,(2,2),(0.,3.14159265359),.PIECEWISE_BEZIER_KNOTS.);
#2805 = CARTESIAN_POINT('',(9.011389889435E-24,-0.25));
#2806 = CARTESIAN_POINT('',(3.14159265359,-0.25));
#2807 = ( GEOMETRIC_REPRESENTATION_CONTEXT(2) 
PARAMETRIC_REPRESENTATION_CONTEXT() REPRESENTATION_CONTEXT('2D SPACE',''
  ) );
#2808 = ORIENTED_EDGE('',*,*,#2809,.T.);
#2809 = EDGE_CURVE('',#2782,#2810,#2812,.T.);
#2810 = VERTEX_POINT('',#2811);
#2811 = CARTESIAN_POINT('',(7.455658685586,-0.249999985099,
    -1.571149955413));
#2812 = SURFACE_CURVE('',#2813,(#2817,#2824),.PCURVE_S1.);
#2813 = LINE('',#2814,#2815);
#2814 = CARTESIAN_POINT('',(4.185408685586,-0.249999985099,
    -1.571149955412));
#2815 = VECTOR('',#2816,1.);
#2816 = DIRECTION('',(1.,-6.310887243769E-30,-2.22044604925E-16));
#2817 = PCURVE('',#128,#2818);
#2818 = DEFINITIONAL_REPRESENTATION('',(#2819),#2823);
#2819 = LINE('',#2820,#2821);
#2820 = CARTESIAN_POINT('',(-4.54025,-2.38125));
#2821 = VECTOR('',#2822,1.);
#2822 = DIRECTION('',(-2.465190328816E-32,-1.));
#2823 = ( GEOMETRIC_REPRESENTATION_CONTEXT(2) 
PARAMETRIC_REPRESENTATION_CONTEXT() REPRESENTATION_CONTEXT('2D SPACE',''
  ) );
#2824 = PCURVE('',#2825,#2830);
#2825 = PLANE('',#2826);
#2826 = AXIS2_PLACEMENT_3D('',#2827,#2828,#2829);
#2827 = CARTESIAN_POINT('',(10.757658685586,1.490116113834E-08,
    -1.571149955412));
#2828 = DIRECTION('',(2.22044604925E-16,0.,1.));
#2829 = DIRECTION('',(1.,0.,-2.22044604925E-16));
#2830 = DEFINITIONAL_REPRESENTATION('',(#2831),#2835);
#2831 = LINE('',#2832,#2833);
#2832 = CARTESIAN_POINT('',(-6.57225,-0.25));
#2833 = VECTOR('',#2834,1.);
#2834 = DIRECTION('',(1.,-6.310887243769E-30));
#2835 = ( GEOMETRIC_REPRESENTATION_CONTEXT(2) 
PARAMETRIC_REPRESENTATION_CONTEXT() REPRESENTATION_CONTEXT('2D SPACE',''
  ) );
#2836 = ORIENTED_EDGE('',*,*,#2837,.T.);
#2837 = EDGE_CURVE('',#2810,#2838,#2840,.T.);
#2838 = VERTEX_POINT('',#2839);
#2839 = CARTESIAN_POINT('',(7.455658685586,-0.249999985099,
    -2.015649955413));
#2840 = SURFACE_CURVE('',#2841,(#2846,#2853),.PCURVE_S1.);
#2841 = CIRCLE('',#2842,0.22225);
#2842 = AXIS2_PLACEMENT_3D('',#2843,#2844,#2845);
#2843 = CARTESIAN_POINT('',(7.455658685586,-0.249999985099,
    -1.793399955412));
#2844 = DIRECTION('',(6.310887241768E-30,1.,-9.011389889435E-24));
#2845 = DIRECTION('',(2.22044604925E-16,9.011389889435E-24,1.));
#2846 = PCURVE('',#128,#2847);
#2847 = DEFINITIONAL_REPRESENTATION('',(#2848),#2852);
#2848 = CIRCLE('',#2849,0.22225);
#2849 = AXIS2_PLACEMENT_2D('',#2850,#2851);
#2850 = CARTESIAN_POINT('',(-4.318,-5.6515));
#2851 = DIRECTION('',(-1.,0.));
#2852 = ( GEOMETRIC_REPRESENTATION_CONTEXT(2) 
PARAMETRIC_REPRESENTATION_CONTEXT() REPRESENTATION_CONTEXT('2D SPACE',''
  ) );
#2853 = PCURVE('',#2854,#2859);
#2854 = CYLINDRICAL_SURFACE('',#2855,0.22225);
#2855 = AXIS2_PLACEMENT_3D('',#2856,#2857,#2858);
#2856 = CARTESIAN_POINT('',(7.455658685586,1.490116113834E-08,
    -1.793399955412));
#2857 = DIRECTION('',(0.,1.,0.));
#2858 = DIRECTION('',(2.22044604925E-16,0.,1.));
#2859 = DEFINITIONAL_REPRESENTATION('',(#2860),#2863);
#2860 = B_SPLINE_CURVE_WITH_KNOTS('',1,(#2861,#2862),.UNSPECIFIED.,.F.,
  .F.,(2,2),(0.,3.14159265359),.PIECEWISE_BEZIER_KNOTS.);
#2861 = CARTESIAN_POINT('',(9.011389889435E-24,-0.25));
#2862 = CARTESIAN_POINT('',(3.14159265359,-0.25));
#2863 = ( GEOMETRIC_REPRESENTATION_CONTEXT(2) 
PARAMETRIC_REPRESENTATION_CONTEXT() REPRESENTATION_CONTEXT('2D SPACE',''
  ) );
#2864 = ORIENTED_EDGE('',*,*,#2865,.T.);
#2865 = EDGE_CURVE('',#2838,#2780,#2866,.T.);
#2866 = SURFACE_CURVE('',#2867,(#2871,#2878),.PCURVE_S1.);
#2867 = LINE('',#2868,#2869);
#2868 = CARTESIAN_POINT('',(4.629908685586,-0.249999985099,
    -2.015649955413));
#2869 = VECTOR('',#2870,1.);
#2870 = DIRECTION('',(-1.,6.310887243769E-30,2.22044604925E-16));
#2871 = PCURVE('',#128,#2872);
#2872 = DEFINITIONAL_REPRESENTATION('',(#2873),#2877);
#2873 = LINE('',#2874,#2875);
#2874 = CARTESIAN_POINT('',(-4.09575,-2.82575));
#2875 = VECTOR('',#2876,1.);
#2876 = DIRECTION('',(2.465190328816E-32,1.));
#2877 = ( GEOMETRIC_REPRESENTATION_CONTEXT(2) 
PARAMETRIC_REPRESENTATION_CONTEXT() REPRESENTATION_CONTEXT('2D SPACE',''
  ) );
#2878 = PCURVE('',#2879,#2884);
#2879 = PLANE('',#2880);
#2880 = AXIS2_PLACEMENT_3D('',#2881,#2882,#2883);
#2881 = CARTESIAN_POINT('',(11.646658685586,1.490116113834E-08,
    -2.015649955413));
#2882 = DIRECTION('',(-2.22044604925E-16,0.,-1.));
#2883 = DIRECTION('',(-1.,0.,2.22044604925E-16));
#2884 = DEFINITIONAL_REPRESENTATION('',(#2885),#2889);
#2885 = LINE('',#2886,#2887);
#2886 = CARTESIAN_POINT('',(7.01675,-0.25));
#2887 = VECTOR('',#2888,1.);
#2888 = DIRECTION('',(1.,6.310887243769E-30));
#2889 = ( GEOMETRIC_REPRESENTATION_CONTEXT(2) 
PARAMETRIC_REPRESENTATION_CONTEXT() REPRESENTATION_CONTEXT('2D SPACE',''
  ) );
#2890 = FACE_BOUND('',#2891,.T.);
#2891 = EDGE_LOOP('',(#2892,#2922,#2950,#2978));
#2892 = ORIENTED_EDGE('',*,*,#2893,.T.);
#2893 = EDGE_CURVE('',#2894,#2896,#2898,.T.);
#2894 = VERTEX_POINT('',#2895);
#2895 = CARTESIAN_POINT('',(6.566658685586,-0.249999985099,
    -10.65164995541));
#2896 = VERTEX_POINT('',#2897);
#2897 = CARTESIAN_POINT('',(6.566658685586,-0.249999985099,
    -10.20714995541));
#2898 = SURFACE_CURVE('',#2899,(#2904,#2911),.PCURVE_S1.);
#2899 = CIRCLE('',#2900,0.22225);
#2900 = AXIS2_PLACEMENT_3D('',#2901,#2902,#2903);
#2901 = CARTESIAN_POINT('',(6.566658685586,-0.249999985099,
    -10.42939995541));
#2902 = DIRECTION('',(6.310887241768E-30,1.,-9.011389889435E-24));
#2903 = DIRECTION('',(-2.22044604925E-16,-9.011389889435E-24,-1.));
#2904 = PCURVE('',#128,#2905);
#2905 = DEFINITIONAL_REPRESENTATION('',(#2906),#2910);
#2906 = CIRCLE('',#2907,0.22225);
#2907 = AXIS2_PLACEMENT_2D('',#2908,#2909);
#2908 = CARTESIAN_POINT('',(4.318,-4.7625));
#2909 = DIRECTION('',(1.,0.));
#2910 = ( GEOMETRIC_REPRESENTATION_CONTEXT(2) 
PARAMETRIC_REPRESENTATION_CONTEXT() REPRESENTATION_CONTEXT('2D SPACE',''
  ) );
#2911 = PCURVE('',#2912,#2917);
#2912 = CYLINDRICAL_SURFACE('',#2913,0.22225);
#2913 = AXIS2_PLACEMENT_3D('',#2914,#2915,#2916);
#2914 = CARTESIAN_POINT('',(6.566658685586,1.490116113834E-08,
    -10.42939995541));
#2915 = DIRECTION('',(0.,1.,0.));
#2916 = DIRECTION('',(-2.22044604925E-16,0.,-1.));
#2917 = DEFINITIONAL_REPRESENTATION('',(#2918),#2921);
#2918 = B_SPLINE_CURVE_WITH_KNOTS('',1,(#2919,#2920),.UNSPECIFIED.,.F.,
  .F.,(2,2),(0.,3.14159265359),.PIECEWISE_BEZIER_KNOTS.);
#2919 = CARTESIAN_POINT('',(9.011389889435E-24,-0.25));
#2920 = CARTESIAN_POINT('',(3.14159265359,-0.25));
#2921 = ( GEOMETRIC_REPRESENTATION_CONTEXT(2) 
PARAMETRIC_REPRESENTATION_CONTEXT() REPRESENTATION_CONTEXT('2D SPACE',''
  ) );
#2922 = ORIENTED_EDGE('',*,*,#2923,.T.);
#2923 = EDGE_CURVE('',#2896,#2924,#2926,.T.);
#2924 = VERTEX_POINT('',#2925);
#2925 = CARTESIAN_POINT('',(7.455658685586,-0.249999985099,
    -10.20714995541));
#2926 = SURFACE_CURVE('',#2927,(#2931,#2938),.PCURVE_S1.);
#2927 = LINE('',#2928,#2929);
#2928 = CARTESIAN_POINT('',(4.185408685586,-0.249999985099,
    -10.20714995541));
#2929 = VECTOR('',#2930,1.);
#2930 = DIRECTION('',(1.,-6.310887243769E-30,-2.22044604925E-16));
#2931 = PCURVE('',#128,#2932);
#2932 = DEFINITIONAL_REPRESENTATION('',(#2933),#2937);
#2933 = LINE('',#2934,#2935);
#2934 = CARTESIAN_POINT('',(4.09575,-2.38125));
#2935 = VECTOR('',#2936,1.);
#2936 = DIRECTION('',(-2.465190328816E-32,-1.));
#2937 = ( GEOMETRIC_REPRESENTATION_CONTEXT(2) 
PARAMETRIC_REPRESENTATION_CONTEXT() REPRESENTATION_CONTEXT('2D SPACE',''
  ) );
#2938 = PCURVE('',#2939,#2944);
#2939 = PLANE('',#2940);
#2940 = AXIS2_PLACEMENT_3D('',#2941,#2942,#2943);
#2941 = CARTESIAN_POINT('',(6.566658685586,1.490116113834E-08,
    -10.20714995541));
#2942 = DIRECTION('',(2.22044604925E-16,0.,1.));
#2943 = DIRECTION('',(1.,0.,-2.22044604925E-16));
#2944 = DEFINITIONAL_REPRESENTATION('',(#2945),#2949);
#2945 = LINE('',#2946,#2947);
#2946 = CARTESIAN_POINT('',(-2.38125,-0.25));
#2947 = VECTOR('',#2948,1.);
#2948 = DIRECTION('',(1.,-6.310887243769E-30));
#2949 = ( GEOMETRIC_REPRESENTATION_CONTEXT(2) 
PARAMETRIC_REPRESENTATION_CONTEXT() REPRESENTATION_CONTEXT('2D SPACE',''
  ) );
#2950 = ORIENTED_EDGE('',*,*,#2951,.T.);
#2951 = EDGE_CURVE('',#2924,#2952,#2954,.T.);
#2952 = VERTEX_POINT('',#2953);
#2953 = CARTESIAN_POINT('',(7.455658685586,-0.249999985099,
    -10.65164995541));
#2954 = SURFACE_CURVE('',#2955,(#2960,#2967),.PCURVE_S1.);
#2955 = CIRCLE('',#2956,0.22225);
#2956 = AXIS2_PLACEMENT_3D('',#2957,#2958,#2959);
#2957 = CARTESIAN_POINT('',(7.455658685586,-0.249999985099,
    -10.42939995541));
#2958 = DIRECTION('',(6.310887241768E-30,1.,-9.011389889435E-24));
#2959 = DIRECTION('',(2.22044604925E-16,9.011389889435E-24,1.));
#2960 = PCURVE('',#128,#2961);
#2961 = DEFINITIONAL_REPRESENTATION('',(#2962),#2966);
#2962 = CIRCLE('',#2963,0.22225);
#2963 = AXIS2_PLACEMENT_2D('',#2964,#2965);
#2964 = CARTESIAN_POINT('',(4.318,-5.6515));
#2965 = DIRECTION('',(-1.,0.));
#2966 = ( GEOMETRIC_REPRESENTATION_CONTEXT(2) 
PARAMETRIC_REPRESENTATION_CONTEXT() REPRESENTATION_CONTEXT('2D SPACE',''
  ) );
#2967 = PCURVE('',#2968,#2973);
#2968 = CYLINDRICAL_SURFACE('',#2969,0.22225);
#2969 = AXIS2_PLACEMENT_3D('',#2970,#2971,#2972);
#2970 = CARTESIAN_POINT('',(7.455658685586,1.490116113834E-08,
    -10.42939995541));
#2971 = DIRECTION('',(0.,1.,0.));
#2972 = DIRECTION('',(2.22044604925E-16,0.,1.));
#2973 = DEFINITIONAL_REPRESENTATION('',(#2974),#2977);
#2974 = B_SPLINE_CURVE_WITH_KNOTS('',1,(#2975,#2976),.UNSPECIFIED.,.F.,
  .F.,(2,2),(0.,3.14159265359),.PIECEWISE_BEZIER_KNOTS.);
#2975 = CARTESIAN_POINT('',(9.011389889435E-24,-0.25));
#2976 = CARTESIAN_POINT('',(3.14159265359,-0.25));
#2977 = ( GEOMETRIC_REPRESENTATION_CONTEXT(2) 
PARAMETRIC_REPRESENTATION_CONTEXT() REPRESENTATION_CONTEXT('2D SPACE',''
  ) );
#2978 = ORIENTED_EDGE('',*,*,#2979,.T.);
#2979 = EDGE_CURVE('',#2952,#2894,#2980,.T.);
#2980 = SURFACE_CURVE('',#2981,(#2985,#2992),.PCURVE_S1.);
#2981 = LINE('',#2982,#2983);
#2982 = CARTESIAN_POINT('',(4.629908685586,-0.249999985099,
    -10.65164995541));
#2983 = VECTOR('',#2984,1.);
#2984 = DIRECTION('',(-1.,6.310887243769E-30,2.22044604925E-16));
#2985 = PCURVE('',#128,#2986);
#2986 = DEFINITIONAL_REPRESENTATION('',(#2987),#2991);
#2987 = LINE('',#2988,#2989);
#2988 = CARTESIAN_POINT('',(4.54025,-2.82575));
#2989 = VECTOR('',#2990,1.);
#2990 = DIRECTION('',(2.465190328816E-32,1.));
#2991 = ( GEOMETRIC_REPRESENTATION_CONTEXT(2) 
PARAMETRIC_REPRESENTATION_CONTEXT() REPRESENTATION_CONTEXT('2D SPACE',''
  ) );
#2992 = PCURVE('',#2993,#2998);
#2993 = PLANE('',#2994);
#2994 = AXIS2_PLACEMENT_3D('',#2995,#2996,#2997);
#2995 = CARTESIAN_POINT('',(7.455658685586,1.490116113834E-08,
    -10.65164995541));
#2996 = DIRECTION('',(-2.22044604925E-16,0.,-1.));
#2997 = DIRECTION('',(-1.,0.,2.22044604925E-16));
#2998 = DEFINITIONAL_REPRESENTATION('',(#2999),#3003);
#2999 = LINE('',#3000,#3001);
#3000 = CARTESIAN_POINT('',(2.82575,-0.25));
#3001 = VECTOR('',#3002,1.);
#3002 = DIRECTION('',(1.,6.310887243769E-30));
#3003 = ( GEOMETRIC_REPRESENTATION_CONTEXT(2) 
PARAMETRIC_REPRESENTATION_CONTEXT() REPRESENTATION_CONTEXT('2D SPACE',''
  ) );
#3004 = FACE_BOUND('',#3005,.T.);
#3005 = EDGE_LOOP('',(#3006,#3036,#3064,#3092));
#3006 = ORIENTED_EDGE('',*,*,#3007,.T.);
#3007 = EDGE_CURVE('',#3008,#3010,#3012,.T.);
#3008 = VERTEX_POINT('',#3009);
#3009 = CARTESIAN_POINT('',(10.757658685586,-0.249999985099,
    -2.015649955413));
#3010 = VERTEX_POINT('',#3011);
#3011 = CARTESIAN_POINT('',(10.757658685586,-0.249999985099,
    -1.571149955413));
#3012 = SURFACE_CURVE('',#3013,(#3018,#3025),.PCURVE_S1.);
#3013 = CIRCLE('',#3014,0.22225);
#3014 = AXIS2_PLACEMENT_3D('',#3015,#3016,#3017);
#3015 = CARTESIAN_POINT('',(10.757658685586,-0.249999985099,
    -1.793399955412));
#3016 = DIRECTION('',(6.310887241768E-30,1.,-9.011389889435E-24));
#3017 = DIRECTION('',(-2.22044604925E-16,-9.011389889435E-24,-1.));
#3018 = PCURVE('',#128,#3019);
#3019 = DEFINITIONAL_REPRESENTATION('',(#3020),#3024);
#3020 = CIRCLE('',#3021,0.22225);
#3021 = AXIS2_PLACEMENT_2D('',#3022,#3023);
#3022 = CARTESIAN_POINT('',(-4.318,-8.9535));
#3023 = DIRECTION('',(1.,0.));
#3024 = ( GEOMETRIC_REPRESENTATION_CONTEXT(2) 
PARAMETRIC_REPRESENTATION_CONTEXT() REPRESENTATION_CONTEXT('2D SPACE',''
  ) );
#3025 = PCURVE('',#3026,#3031);
#3026 = CYLINDRICAL_SURFACE('',#3027,0.22225);
#3027 = AXIS2_PLACEMENT_3D('',#3028,#3029,#3030);
#3028 = CARTESIAN_POINT('',(10.757658685586,1.490116113834E-08,
    -1.793399955412));
#3029 = DIRECTION('',(0.,1.,0.));
#3030 = DIRECTION('',(-2.22044604925E-16,0.,-1.));
#3031 = DEFINITIONAL_REPRESENTATION('',(#3032),#3035);
#3032 = B_SPLINE_CURVE_WITH_KNOTS('',1,(#3033,#3034),.UNSPECIFIED.,.F.,
  .F.,(2,2),(0.,3.14159265359),.PIECEWISE_BEZIER_KNOTS.);
#3033 = CARTESIAN_POINT('',(9.011389889435E-24,-0.25));
#3034 = CARTESIAN_POINT('',(3.14159265359,-0.25));
#3035 = ( GEOMETRIC_REPRESENTATION_CONTEXT(2) 
PARAMETRIC_REPRESENTATION_CONTEXT() REPRESENTATION_CONTEXT('2D SPACE',''
  ) );
#3036 = ORIENTED_EDGE('',*,*,#3037,.T.);
#3037 = EDGE_CURVE('',#3010,#3038,#3040,.T.);
#3038 = VERTEX_POINT('',#3039);
#3039 = CARTESIAN_POINT('',(11.646658685586,-0.249999985099,
    -1.571149955413));
#3040 = SURFACE_CURVE('',#3041,(#3045,#3052),.PCURVE_S1.);
#3041 = LINE('',#3042,#3043);
#3042 = CARTESIAN_POINT('',(6.280908685586,-0.249999985099,
    -1.571149955412));
#3043 = VECTOR('',#3044,1.);
#3044 = DIRECTION('',(1.,-6.310887243769E-30,-2.22044604925E-16));
#3045 = PCURVE('',#128,#3046);
#3046 = DEFINITIONAL_REPRESENTATION('',(#3047),#3051);
#3047 = LINE('',#3048,#3049);
#3048 = CARTESIAN_POINT('',(-4.54025,-4.47675));
#3049 = VECTOR('',#3050,1.);
#3050 = DIRECTION('',(-2.465190328816E-32,-1.));
#3051 = ( GEOMETRIC_REPRESENTATION_CONTEXT(2) 
PARAMETRIC_REPRESENTATION_CONTEXT() REPRESENTATION_CONTEXT('2D SPACE',''
  ) );
#3052 = PCURVE('',#3053,#3058);
#3053 = PLANE('',#3054);
#3054 = AXIS2_PLACEMENT_3D('',#3055,#3056,#3057);
#3055 = CARTESIAN_POINT('',(10.757658685586,1.490116113834E-08,
    -1.571149955412));
#3056 = DIRECTION('',(2.22044604925E-16,0.,1.));
#3057 = DIRECTION('',(1.,0.,-2.22044604925E-16));
#3058 = DEFINITIONAL_REPRESENTATION('',(#3059),#3063);
#3059 = LINE('',#3060,#3061);
#3060 = CARTESIAN_POINT('',(-4.47675,-0.25));
#3061 = VECTOR('',#3062,1.);
#3062 = DIRECTION('',(1.,-6.310887243769E-30));
#3063 = ( GEOMETRIC_REPRESENTATION_CONTEXT(2) 
PARAMETRIC_REPRESENTATION_CONTEXT() REPRESENTATION_CONTEXT('2D SPACE',''
  ) );
#3064 = ORIENTED_EDGE('',*,*,#3065,.T.);
#3065 = EDGE_CURVE('',#3038,#3066,#3068,.T.);
#3066 = VERTEX_POINT('',#3067);
#3067 = CARTESIAN_POINT('',(11.646658685586,-0.249999985099,
    -2.015649955413));
#3068 = SURFACE_CURVE('',#3069,(#3074,#3081),.PCURVE_S1.);
#3069 = CIRCLE('',#3070,0.22225);
#3070 = AXIS2_PLACEMENT_3D('',#3071,#3072,#3073);
#3071 = CARTESIAN_POINT('',(11.646658685586,-0.249999985099,
    -1.793399955412));
#3072 = DIRECTION('',(6.310887241768E-30,1.,-9.011389889435E-24));
#3073 = DIRECTION('',(2.22044604925E-16,9.011389889435E-24,1.));
#3074 = PCURVE('',#128,#3075);
#3075 = DEFINITIONAL_REPRESENTATION('',(#3076),#3080);
#3076 = CIRCLE('',#3077,0.22225);
#3077 = AXIS2_PLACEMENT_2D('',#3078,#3079);
#3078 = CARTESIAN_POINT('',(-4.318,-9.8425));
#3079 = DIRECTION('',(-1.,0.));
#3080 = ( GEOMETRIC_REPRESENTATION_CONTEXT(2) 
PARAMETRIC_REPRESENTATION_CONTEXT() REPRESENTATION_CONTEXT('2D SPACE',''
  ) );
#3081 = PCURVE('',#3082,#3087);
#3082 = CYLINDRICAL_SURFACE('',#3083,0.22225);
#3083 = AXIS2_PLACEMENT_3D('',#3084,#3085,#3086);
#3084 = CARTESIAN_POINT('',(11.646658685586,1.490116113834E-08,
    -1.793399955412));
#3085 = DIRECTION('',(0.,1.,0.));
#3086 = DIRECTION('',(2.22044604925E-16,0.,1.));
#3087 = DEFINITIONAL_REPRESENTATION('',(#3088),#3091);
#3088 = B_SPLINE_CURVE_WITH_KNOTS('',1,(#3089,#3090),.UNSPECIFIED.,.F.,
  .F.,(2,2),(0.,3.14159265359),.PIECEWISE_BEZIER_KNOTS.);
#3089 = CARTESIAN_POINT('',(9.011389889435E-24,-0.25));
#3090 = CARTESIAN_POINT('',(3.14159265359,-0.25));
#3091 = ( GEOMETRIC_REPRESENTATION_CONTEXT(2) 
PARAMETRIC_REPRESENTATION_CONTEXT() REPRESENTATION_CONTEXT('2D SPACE',''
  ) );
#3092 = ORIENTED_EDGE('',*,*,#3093,.T.);
#3093 = EDGE_CURVE('',#3066,#3008,#3094,.T.);
#3094 = SURFACE_CURVE('',#3095,(#3099,#3106),.PCURVE_S1.);
#3095 = LINE('',#3096,#3097);
#3096 = CARTESIAN_POINT('',(6.725408685586,-0.249999985099,
    -2.015649955413));
#3097 = VECTOR('',#3098,1.);
#3098 = DIRECTION('',(-1.,6.310887243769E-30,2.22044604925E-16));
#3099 = PCURVE('',#128,#3100);
#3100 = DEFINITIONAL_REPRESENTATION('',(#3101),#3105);
#3101 = LINE('',#3102,#3103);
#3102 = CARTESIAN_POINT('',(-4.09575,-4.92125));
#3103 = VECTOR('',#3104,1.);
#3104 = DIRECTION('',(2.465190328816E-32,1.));
#3105 = ( GEOMETRIC_REPRESENTATION_CONTEXT(2) 
PARAMETRIC_REPRESENTATION_CONTEXT() REPRESENTATION_CONTEXT('2D SPACE',''
  ) );
#3106 = PCURVE('',#3107,#3112);
#3107 = PLANE('',#3108);
#3108 = AXIS2_PLACEMENT_3D('',#3109,#3110,#3111);
#3109 = CARTESIAN_POINT('',(11.646658685586,1.490116113834E-08,
    -2.015649955413));
#3110 = DIRECTION('',(-2.22044604925E-16,0.,-1.));
#3111 = DIRECTION('',(-1.,0.,2.22044604925E-16));
#3112 = DEFINITIONAL_REPRESENTATION('',(#3113),#3117);
#3113 = LINE('',#3114,#3115);
#3114 = CARTESIAN_POINT('',(4.92125,-0.25));
#3115 = VECTOR('',#3116,1.);
#3116 = DIRECTION('',(1.,6.310887243769E-30));
#3117 = ( GEOMETRIC_REPRESENTATION_CONTEXT(2) 
PARAMETRIC_REPRESENTATION_CONTEXT() REPRESENTATION_CONTEXT('2D SPACE',''
  ) );
#3118 = FACE_BOUND('',#3119,.T.);
#3119 = EDGE_LOOP('',(#3120,#3150,#3178,#3206,#3234,#3262));
#3120 = ORIENTED_EDGE('',*,*,#3121,.T.);
#3121 = EDGE_CURVE('',#3122,#3124,#3126,.T.);
#3122 = VERTEX_POINT('',#3123);
#3123 = CARTESIAN_POINT('',(-3.974341314414,-0.249999985099,
    -12.08039995541));
#3124 = VERTEX_POINT('',#3125);
#3125 = CARTESIAN_POINT('',(-3.212341314414,-0.249999985099,
    -12.08039995541));
#3126 = SURFACE_CURVE('',#3127,(#3131,#3138),.PCURVE_S1.);
#3127 = LINE('',#3128,#3129);
#3128 = CARTESIAN_POINT('',(-3.974341314414,-0.249999985099,
    -12.08039995541));
#3129 = VECTOR('',#3130,1.);
#3130 = DIRECTION('',(1.,0.,0.));
#3131 = PCURVE('',#128,#3132);
#3132 = DEFINITIONAL_REPRESENTATION('',(#3133),#3137);
#3133 = LINE('',#3134,#3135);
#3134 = CARTESIAN_POINT('',(5.969,5.7785));
#3135 = VECTOR('',#3136,1.);
#3136 = DIRECTION('',(-2.22044604925E-16,-1.));
#3137 = ( GEOMETRIC_REPRESENTATION_CONTEXT(2) 
PARAMETRIC_REPRESENTATION_CONTEXT() REPRESENTATION_CONTEXT('2D SPACE',''
  ) );
#3138 = PCURVE('',#3139,#3144);
#3139 = PLANE('',#3140);
#3140 = AXIS2_PLACEMENT_3D('',#3141,#3142,#3143);
#3141 = CARTESIAN_POINT('',(-3.212341314414,1.490116113834E-08,
    -12.08039995541));
#3142 = DIRECTION('',(-2.22044604925E-16,0.,-1.));
#3143 = DIRECTION('',(-1.,0.,2.22044604925E-16));
#3144 = DEFINITIONAL_REPRESENTATION('',(#3145),#3149);
#3145 = LINE('',#3146,#3147);
#3146 = CARTESIAN_POINT('',(0.762,-0.25));
#3147 = VECTOR('',#3148,1.);
#3148 = DIRECTION('',(-1.,0.));
#3149 = ( GEOMETRIC_REPRESENTATION_CONTEXT(2) 
PARAMETRIC_REPRESENTATION_CONTEXT() REPRESENTATION_CONTEXT('2D SPACE',''
  ) );
#3150 = ORIENTED_EDGE('',*,*,#3151,.T.);
#3151 = EDGE_CURVE('',#3124,#3152,#3154,.T.);
#3152 = VERTEX_POINT('',#3153);
#3153 = CARTESIAN_POINT('',(-2.958341314414,-0.249999985099,
    -12.33439995541));
#3154 = SURFACE_CURVE('',#3155,(#3160,#3167),.PCURVE_S1.);
#3155 = CIRCLE('',#3156,0.254005880947);
#3156 = AXIS2_PLACEMENT_3D('',#3157,#3158,#3159);
#3157 = CARTESIAN_POINT('',(-3.212347195292,-0.249999985099,
    -12.33440583629));
#3158 = DIRECTION('',(6.310887241768E-30,1.,-9.011389889435E-24));
#3159 = DIRECTION('',(2.315253008169E-05,9.011389886874E-24,
    0.999999999732));
#3160 = PCURVE('',#128,#3161);
#3161 = DEFINITIONAL_REPRESENTATION('',(#3162),#3166);
#3162 = CIRCLE('',#3163,0.254005880947);
#3163 = AXIS2_PLACEMENT_2D('',#3164,#3165);
#3164 = CARTESIAN_POINT('',(6.223005880879,5.016505880879));
#3165 = DIRECTION('',(-0.999999999732,-2.315253008146E-05));
#3166 = ( GEOMETRIC_REPRESENTATION_CONTEXT(2) 
PARAMETRIC_REPRESENTATION_CONTEXT() REPRESENTATION_CONTEXT('2D SPACE',''
  ) );
#3167 = PCURVE('',#3168,#3173);
#3168 = CYLINDRICAL_SURFACE('',#3169,0.254005880947);
#3169 = AXIS2_PLACEMENT_3D('',#3170,#3171,#3172);
#3170 = CARTESIAN_POINT('',(-3.212347195292,1.490116113834E-08,
    -12.33440583629));
#3171 = DIRECTION('',(0.,1.,0.));
#3172 = DIRECTION('',(2.315253008169E-05,0.,0.999999999732));
#3173 = DEFINITIONAL_REPRESENTATION('',(#3174),#3177);
#3174 = B_SPLINE_CURVE_WITH_KNOTS('',1,(#3175,#3176),.UNSPECIFIED.,.F.,
  .F.,(2,2),(0.,1.570750021735),.PIECEWISE_BEZIER_KNOTS.);
#3175 = CARTESIAN_POINT('',(0.,-0.25));
#3176 = CARTESIAN_POINT('',(1.570750021735,-0.25));
#3177 = ( GEOMETRIC_REPRESENTATION_CONTEXT(2) 
PARAMETRIC_REPRESENTATION_CONTEXT() REPRESENTATION_CONTEXT('2D SPACE',''
  ) );
#3178 = ORIENTED_EDGE('',*,*,#3179,.T.);
#3179 = EDGE_CURVE('',#3152,#3180,#3182,.T.);
#3180 = VERTEX_POINT('',#3181);
#3181 = CARTESIAN_POINT('',(-3.212341314414,-0.249999985099,
    -12.58839995541));
#3182 = SURFACE_CURVE('',#3183,(#3188,#3195),.PCURVE_S1.);
#3183 = CIRCLE('',#3184,0.254005880947);
#3184 = AXIS2_PLACEMENT_3D('',#3185,#3186,#3187);
#3185 = CARTESIAN_POINT('',(-3.212347195292,-0.249999985099,
    -12.33439407453));
#3186 = DIRECTION('',(6.310887241768E-30,1.,-9.011389889435E-24));
#3187 = DIRECTION('',(0.999999999732,-2.149473626936E-28,
    -2.315253007732E-05));
#3188 = PCURVE('',#128,#3189);
#3189 = DEFINITIONAL_REPRESENTATION('',(#3190),#3194);
#3190 = CIRCLE('',#3191,0.254005880947);
#3191 = AXIS2_PLACEMENT_2D('',#3192,#3193);
#3192 = CARTESIAN_POINT('',(6.222994119121,5.016505880879));
#3193 = DIRECTION('',(2.315253007709E-05,-0.999999999732));
#3194 = ( GEOMETRIC_REPRESENTATION_CONTEXT(2) 
PARAMETRIC_REPRESENTATION_CONTEXT() REPRESENTATION_CONTEXT('2D SPACE',''
  ) );
#3195 = PCURVE('',#3196,#3201);
#3196 = CYLINDRICAL_SURFACE('',#3197,0.254005880947);
#3197 = AXIS2_PLACEMENT_3D('',#3198,#3199,#3200);
#3198 = CARTESIAN_POINT('',(-3.212347195292,1.490116113834E-08,
    -12.33439407453));
#3199 = DIRECTION('',(0.,1.,0.));
#3200 = DIRECTION('',(0.999999999732,0.,-2.315253007732E-05));
#3201 = DEFINITIONAL_REPRESENTATION('',(#3202),#3205);
#3202 = B_SPLINE_CURVE_WITH_KNOTS('',1,(#3203,#3204),.UNSPECIFIED.,.F.,
  .F.,(2,2),(0.,1.570750021735),.PIECEWISE_BEZIER_KNOTS.);
#3203 = CARTESIAN_POINT('',(8.753635901274E-22,-0.25));
#3204 = CARTESIAN_POINT('',(1.570750021735,-0.25));
#3205 = ( GEOMETRIC_REPRESENTATION_CONTEXT(2) 
PARAMETRIC_REPRESENTATION_CONTEXT() REPRESENTATION_CONTEXT('2D SPACE',''
  ) );
#3206 = ORIENTED_EDGE('',*,*,#3207,.T.);
#3207 = EDGE_CURVE('',#3180,#3208,#3210,.T.);
#3208 = VERTEX_POINT('',#3209);
#3209 = CARTESIAN_POINT('',(-3.974341314414,-0.249999985099,
    -12.58839995541));
#3210 = SURFACE_CURVE('',#3211,(#3215,#3222),.PCURVE_S1.);
#3211 = LINE('',#3212,#3213);
#3212 = CARTESIAN_POINT('',(-3.212341314414,-0.249999985099,
    -12.58839995541));
#3213 = VECTOR('',#3214,1.);
#3214 = DIRECTION('',(-1.,0.,0.));
#3215 = PCURVE('',#128,#3216);
#3216 = DEFINITIONAL_REPRESENTATION('',(#3217),#3221);
#3217 = LINE('',#3218,#3219);
#3218 = CARTESIAN_POINT('',(6.477,5.0165));
#3219 = VECTOR('',#3220,1.);
#3220 = DIRECTION('',(2.22044604925E-16,1.));
#3221 = ( GEOMETRIC_REPRESENTATION_CONTEXT(2) 
PARAMETRIC_REPRESENTATION_CONTEXT() REPRESENTATION_CONTEXT('2D SPACE',''
  ) );
#3222 = PCURVE('',#3223,#3228);
#3223 = PLANE('',#3224);
#3224 = AXIS2_PLACEMENT_3D('',#3225,#3226,#3227);
#3225 = CARTESIAN_POINT('',(-3.974341314414,1.490116113834E-08,
    -12.58839995541));
#3226 = DIRECTION('',(2.22044604925E-16,0.,1.));
#3227 = DIRECTION('',(1.,0.,-2.22044604925E-16));
#3228 = DEFINITIONAL_REPRESENTATION('',(#3229),#3233);
#3229 = LINE('',#3230,#3231);
#3230 = CARTESIAN_POINT('',(0.762,-0.25));
#3231 = VECTOR('',#3232,1.);
#3232 = DIRECTION('',(-1.,0.));
#3233 = ( GEOMETRIC_REPRESENTATION_CONTEXT(2) 
PARAMETRIC_REPRESENTATION_CONTEXT() REPRESENTATION_CONTEXT('2D SPACE',''
  ) );
#3234 = ORIENTED_EDGE('',*,*,#3235,.T.);
#3235 = EDGE_CURVE('',#3208,#3236,#3238,.T.);
#3236 = VERTEX_POINT('',#3237);
#3237 = CARTESIAN_POINT('',(-4.228341314414,-0.249999985099,
    -12.33439995541));
#3238 = SURFACE_CURVE('',#3239,(#3244,#3251),.PCURVE_S1.);
#3239 = CIRCLE('',#3240,0.254005880947);
#3240 = AXIS2_PLACEMENT_3D('',#3241,#3242,#3243);
#3241 = CARTESIAN_POINT('',(-3.974335433535,-0.249999985099,
    -12.33439407453));
#3242 = DIRECTION('',(6.310887241768E-30,1.,-9.011389889435E-24));
#3243 = DIRECTION('',(-2.31525300948E-05,-9.011389886874E-24,
    -0.999999999732));
#3244 = PCURVE('',#128,#3245);
#3245 = DEFINITIONAL_REPRESENTATION('',(#3246),#3250);
#3246 = CIRCLE('',#3247,0.254005880947);
#3247 = AXIS2_PLACEMENT_2D('',#3248,#3249);
#3248 = CARTESIAN_POINT('',(6.222994119121,5.778494119121));
#3249 = DIRECTION('',(0.999999999732,2.315253009458E-05));
#3250 = ( GEOMETRIC_REPRESENTATION_CONTEXT(2) 
PARAMETRIC_REPRESENTATION_CONTEXT() REPRESENTATION_CONTEXT('2D SPACE',''
  ) );
#3251 = PCURVE('',#3252,#3257);
#3252 = CYLINDRICAL_SURFACE('',#3253,0.254005880947);
#3253 = AXIS2_PLACEMENT_3D('',#3254,#3255,#3256);
#3254 = CARTESIAN_POINT('',(-3.974335433535,1.490116113834E-08,
    -12.33439407453));
#3255 = DIRECTION('',(0.,1.,0.));
#3256 = DIRECTION('',(-2.31525300948E-05,0.,-0.999999999732));
#3257 = DEFINITIONAL_REPRESENTATION('',(#3258),#3261);
#3258 = B_SPLINE_CURVE_WITH_KNOTS('',1,(#3259,#3260),.UNSPECIFIED.,.F.,
  .F.,(2,2),(0.,1.570750021735),.PIECEWISE_BEZIER_KNOTS.);
#3259 = CARTESIAN_POINT('',(0.,-0.25));
#3260 = CARTESIAN_POINT('',(1.570750021735,-0.25));
#3261 = ( GEOMETRIC_REPRESENTATION_CONTEXT(2) 
PARAMETRIC_REPRESENTATION_CONTEXT() REPRESENTATION_CONTEXT('2D SPACE',''
  ) );
#3262 = ORIENTED_EDGE('',*,*,#3263,.T.);
#3263 = EDGE_CURVE('',#3236,#3122,#3264,.T.);
#3264 = SURFACE_CURVE('',#3265,(#3270,#3277),.PCURVE_S1.);
#3265 = CIRCLE('',#3266,0.254005880947);
#3266 = AXIS2_PLACEMENT_3D('',#3267,#3268,#3269);
#3267 = CARTESIAN_POINT('',(-3.974335433535,-0.249999985099,
    -12.33440583629));
#3268 = DIRECTION('',(6.310887241768E-30,1.,-9.011389889435E-24));
#3269 = DIRECTION('',(-0.999999999732,2.149473627724E-28,
    2.315253008606E-05));
#3270 = PCURVE('',#128,#3271);
#3271 = DEFINITIONAL_REPRESENTATION('',(#3272),#3276);
#3272 = CIRCLE('',#3273,0.254005880947);
#3273 = AXIS2_PLACEMENT_2D('',#3274,#3275);
#3274 = CARTESIAN_POINT('',(6.223005880879,5.778494119121));
#3275 = DIRECTION('',(-2.315253008583E-05,0.999999999732));
#3276 = ( GEOMETRIC_REPRESENTATION_CONTEXT(2) 
PARAMETRIC_REPRESENTATION_CONTEXT() REPRESENTATION_CONTEXT('2D SPACE',''
  ) );
#3277 = PCURVE('',#3278,#3283);
#3278 = CYLINDRICAL_SURFACE('',#3279,0.254005880947);
#3279 = AXIS2_PLACEMENT_3D('',#3280,#3281,#3282);
#3280 = CARTESIAN_POINT('',(-3.974335433535,1.490116113834E-08,
    -12.33440583629));
#3281 = DIRECTION('',(0.,1.,0.));
#3282 = DIRECTION('',(-0.999999999732,0.,2.315253008606E-05));
#3283 = DEFINITIONAL_REPRESENTATION('',(#3284),#3287);
#3284 = B_SPLINE_CURVE_WITH_KNOTS('',1,(#3285,#3286),.UNSPECIFIED.,.F.,
  .F.,(2,2),(0.,1.570750021735),.PIECEWISE_BEZIER_KNOTS.);
#3285 = CARTESIAN_POINT('',(8.777064850835E-22,-0.25));
#3286 = CARTESIAN_POINT('',(1.570750021735,-0.25));
#3287 = ( GEOMETRIC_REPRESENTATION_CONTEXT(2) 
PARAMETRIC_REPRESENTATION_CONTEXT() REPRESENTATION_CONTEXT('2D SPACE',''
  ) );
#3288 = FACE_BOUND('',#3289,.T.);
#3289 = EDGE_LOOP('',(#3290));
#3290 = ORIENTED_EDGE('',*,*,#3291,.T.);
#3291 = EDGE_CURVE('',#3292,#3292,#3294,.T.);
#3292 = VERTEX_POINT('',#3293);
#3293 = CARTESIAN_POINT('',(7.836658685586,-0.249999985099,
    -4.079399955412));
#3294 = SURFACE_CURVE('',#3295,(#3300,#3307),.PCURVE_S1.);
#3295 = CIRCLE('',#3296,0.762);
#3296 = AXIS2_PLACEMENT_3D('',#3297,#3298,#3299);
#3297 = CARTESIAN_POINT('',(7.836658685586,-0.249999985099,
    -4.841399955413));
#3298 = DIRECTION('',(6.310887241768E-30,1.,-9.011389889435E-24));
#3299 = DIRECTION('',(-2.22044604925E-16,-9.011389889435E-24,-1.));
#3300 = PCURVE('',#128,#3301);
#3301 = DEFINITIONAL_REPRESENTATION('',(#3302),#3306);
#3302 = CIRCLE('',#3303,0.762);
#3303 = AXIS2_PLACEMENT_2D('',#3304,#3305);
#3304 = CARTESIAN_POINT('',(-1.27,-6.0325));
#3305 = DIRECTION('',(1.,0.));
#3306 = ( GEOMETRIC_REPRESENTATION_CONTEXT(2) 
PARAMETRIC_REPRESENTATION_CONTEXT() REPRESENTATION_CONTEXT('2D SPACE',''
  ) );
#3307 = PCURVE('',#3308,#3313);
#3308 = CYLINDRICAL_SURFACE('',#3309,0.762);
#3309 = AXIS2_PLACEMENT_3D('',#3310,#3311,#3312);
#3310 = CARTESIAN_POINT('',(7.836658685586,-0.249999985099,
    -4.841399955413));
#3311 = DIRECTION('',(6.310887241768E-30,1.,-9.011389889435E-24));
#3312 = DIRECTION('',(-2.22044604925E-16,-9.011389889435E-24,-1.));
#3313 = DEFINITIONAL_REPRESENTATION('',(#3314),#3318);
#3314 = LINE('',#3315,#3316);
#3315 = CARTESIAN_POINT('',(0.,0.));
#3316 = VECTOR('',#3317,1.);
#3317 = DIRECTION('',(1.,0.));
#3318 = ( GEOMETRIC_REPRESENTATION_CONTEXT(2) 
PARAMETRIC_REPRESENTATION_CONTEXT() REPRESENTATION_CONTEXT('2D SPACE',''
  ) );
#3319 = FACE_BOUND('',#3320,.T.);
#3320 = EDGE_LOOP('',(#3321));
#3321 = ORIENTED_EDGE('',*,*,#3322,.T.);
#3322 = EDGE_CURVE('',#3323,#3323,#3325,.T.);
#3323 = VERTEX_POINT('',#3324);
#3324 = CARTESIAN_POINT('',(10.376658685586,-0.249999985099,
    -5.603399955412));
#3325 = SURFACE_CURVE('',#3326,(#3331,#3338),.PCURVE_S1.);
#3326 = CIRCLE('',#3327,0.762);
#3327 = AXIS2_PLACEMENT_3D('',#3328,#3329,#3330);
#3328 = CARTESIAN_POINT('',(10.376658685586,-0.249999985099,
    -4.841399955413));
#3329 = DIRECTION('',(6.310887241768E-30,1.,-9.011389889435E-24));
#3330 = DIRECTION('',(2.22044604925E-16,9.011389889435E-24,1.));
#3331 = PCURVE('',#128,#3332);
#3332 = DEFINITIONAL_REPRESENTATION('',(#3333),#3337);
#3333 = CIRCLE('',#3334,0.762);
#3334 = AXIS2_PLACEMENT_2D('',#3335,#3336);
#3335 = CARTESIAN_POINT('',(-1.27,-8.5725));
#3336 = DIRECTION('',(-1.,0.));
#3337 = ( GEOMETRIC_REPRESENTATION_CONTEXT(2) 
PARAMETRIC_REPRESENTATION_CONTEXT() REPRESENTATION_CONTEXT('2D SPACE',''
  ) );
#3338 = PCURVE('',#3339,#3344);
#3339 = CYLINDRICAL_SURFACE('',#3340,0.762);
#3340 = AXIS2_PLACEMENT_3D('',#3341,#3342,#3343);
#3341 = CARTESIAN_POINT('',(10.376658685586,-0.249999985099,
    -4.841399955413));
#3342 = DIRECTION('',(6.310887241768E-30,1.,-9.011389889435E-24));
#3343 = DIRECTION('',(2.22044604925E-16,9.011389889435E-24,1.));
#3344 = DEFINITIONAL_REPRESENTATION('',(#3345),#3349);
#3345 = LINE('',#3346,#3347);
#3346 = CARTESIAN_POINT('',(0.,0.));
#3347 = VECTOR('',#3348,1.);
#3348 = DIRECTION('',(1.,0.));
#3349 = ( GEOMETRIC_REPRESENTATION_CONTEXT(2) 
PARAMETRIC_REPRESENTATION_CONTEXT() REPRESENTATION_CONTEXT('2D SPACE',''
  ) );
#3350 = FACE_BOUND('',#3351,.T.);
#3351 = EDGE_LOOP('',(#3352,#3383,#3411,#3440,#3468,#3497,#3525,#3554));
#3352 = ORIENTED_EDGE('',*,*,#3353,.T.);
#3353 = EDGE_CURVE('',#3354,#3356,#3358,.T.);
#3354 = VERTEX_POINT('',#3355);
#3355 = CARTESIAN_POINT('',(-6.349809640205,-0.249999985753,
    -2.579608753436));
#3356 = VERTEX_POINT('',#3357);
#3357 = CARTESIAN_POINT('',(-6.622812380301,-0.249999985753,
    -2.847578753436));
#3358 = SURFACE_CURVE('',#3359,(#3364,#3371),.PCURVE_S1.);
#3359 = CIRCLE('',#3360,0.27305);
#3360 = AXIS2_PLACEMENT_3D('',#3361,#3362,#3363);
#3361 = CARTESIAN_POINT('',(-6.622812380301,-0.249999985099,
    -2.574528753436));
#3362 = DIRECTION('',(6.310887241768E-30,1.,-9.011389889435E-24));
#3363 = DIRECTION('',(1.,-6.310887241768E-30,-1.566162976682E-47));
#3364 = PCURVE('',#128,#3365);
#3365 = DEFINITIONAL_REPRESENTATION('',(#3366),#3370);
#3366 = CIRCLE('',#3367,0.27305);
#3367 = AXIS2_PLACEMENT_2D('',#3368,#3369);
#3368 = CARTESIAN_POINT('',(-3.536871201976,8.426971065888));
#3369 = DIRECTION('',(-2.22044604925E-16,-1.));
#3370 = ( GEOMETRIC_REPRESENTATION_CONTEXT(2) 
PARAMETRIC_REPRESENTATION_CONTEXT() REPRESENTATION_CONTEXT('2D SPACE',''
  ) );
#3371 = PCURVE('',#3372,#3377);
#3372 = CYLINDRICAL_SURFACE('',#3373,0.27305);
#3373 = AXIS2_PLACEMENT_3D('',#3374,#3375,#3376);
#3374 = CARTESIAN_POINT('',(-6.622812380301,-0.25,-2.574528753436));
#3375 = DIRECTION('',(0.,1.,0.));
#3376 = DIRECTION('',(1.,0.,-1.566168663669E-47));
#3377 = DEFINITIONAL_REPRESENTATION('',(#3378),#3382);
#3378 = LINE('',#3379,#3380);
#3379 = CARTESIAN_POINT('',(-6.00214322688E-16,1.490116299796E-08));
#3380 = VECTOR('',#3381,1.);
#3381 = DIRECTION('',(1.,0.));
#3382 = ( GEOMETRIC_REPRESENTATION_CONTEXT(2) 
PARAMETRIC_REPRESENTATION_CONTEXT() REPRESENTATION_CONTEXT('2D SPACE',''
  ) );
#3383 = ORIENTED_EDGE('',*,*,#3384,.T.);
#3384 = EDGE_CURVE('',#3356,#3385,#3387,.T.);
#3385 = VERTEX_POINT('',#3386);
#3386 = CARTESIAN_POINT('',(-8.187452380301,-0.249999985753,
    -2.847578753436));
#3387 = SURFACE_CURVE('',#3388,(#3392,#3399),.PCURVE_S1.);
#3388 = LINE('',#3389,#3390);
#3389 = CARTESIAN_POINT('',(-2.409326847357,-0.249999985099,
    -2.847578753436));
#3390 = VECTOR('',#3391,1.);
#3391 = DIRECTION('',(-1.,6.310887241768E-30,-2.449856478406E-63));
#3392 = PCURVE('',#128,#3393);
#3393 = DEFINITIONAL_REPRESENTATION('',(#3394),#3398);
#3394 = LINE('',#3395,#3396);
#3395 = CARTESIAN_POINT('',(-3.263821201976,4.213485532944));
#3396 = VECTOR('',#3397,1.);
#3397 = DIRECTION('',(2.22044604925E-16,1.));
#3398 = ( GEOMETRIC_REPRESENTATION_CONTEXT(2) 
PARAMETRIC_REPRESENTATION_CONTEXT() REPRESENTATION_CONTEXT('2D SPACE',''
  ) );
#3399 = PCURVE('',#3400,#3405);
#3400 = PLANE('',#3401);
#3401 = AXIS2_PLACEMENT_3D('',#3402,#3403,#3404);
#3402 = CARTESIAN_POINT('',(-6.622812380301,-0.25,-2.847578753436));
#3403 = DIRECTION('',(2.449856478406E-63,0.,-1.));
#3404 = DIRECTION('',(-1.,3.08148791102E-33,-2.449856478406E-63));
#3405 = DEFINITIONAL_REPRESENTATION('',(#3406),#3410);
#3406 = LINE('',#3407,#3408);
#3407 = CARTESIAN_POINT('',(-4.213485532944,1.490116299796E-08));
#3408 = VECTOR('',#3409,1.);
#3409 = DIRECTION('',(1.,6.307805753857E-30));
#3410 = ( GEOMETRIC_REPRESENTATION_CONTEXT(2) 
PARAMETRIC_REPRESENTATION_CONTEXT() REPRESENTATION_CONTEXT('2D SPACE',''
  ) );
#3411 = ORIENTED_EDGE('',*,*,#3412,.T.);
#3412 = EDGE_CURVE('',#3385,#3413,#3415,.T.);
#3413 = VERTEX_POINT('',#3414);
#3414 = CARTESIAN_POINT('',(-8.460502380301,-0.249999985753,
    -2.574528753436));
#3415 = SURFACE_CURVE('',#3416,(#3421,#3428),.PCURVE_S1.);
#3416 = CIRCLE('',#3417,0.27305);
#3417 = AXIS2_PLACEMENT_3D('',#3418,#3419,#3420);
#3418 = CARTESIAN_POINT('',(-8.187452380301,-0.249999985099,
    -2.574528753436));
#3419 = DIRECTION('',(6.310887241768E-30,1.,-9.011389889435E-24));
#3420 = DIRECTION('',(1.,-6.310887241768E-30,-1.566162976682E-47));
#3421 = PCURVE('',#128,#3422);
#3422 = DEFINITIONAL_REPRESENTATION('',(#3423),#3427);
#3423 = CIRCLE('',#3424,0.27305);
#3424 = AXIS2_PLACEMENT_2D('',#3425,#3426);
#3425 = CARTESIAN_POINT('',(-3.536871201976,9.991611065888));
#3426 = DIRECTION('',(-2.22044604925E-16,-1.));
#3427 = ( GEOMETRIC_REPRESENTATION_CONTEXT(2) 
PARAMETRIC_REPRESENTATION_CONTEXT() REPRESENTATION_CONTEXT('2D SPACE',''
  ) );
#3428 = PCURVE('',#3429,#3434);
#3429 = CYLINDRICAL_SURFACE('',#3430,0.27305);
#3430 = AXIS2_PLACEMENT_3D('',#3431,#3432,#3433);
#3431 = CARTESIAN_POINT('',(-8.187452380301,-0.25,-2.574528753436));
#3432 = DIRECTION('',(0.,1.,0.));
#3433 = DIRECTION('',(1.,0.,-1.566168663669E-47));
#3434 = DEFINITIONAL_REPRESENTATION('',(#3435),#3439);
#3435 = LINE('',#3436,#3437);
#3436 = CARTESIAN_POINT('',(0.,1.490116299796E-08));
#3437 = VECTOR('',#3438,1.);
#3438 = DIRECTION('',(1.,0.));
#3439 = ( GEOMETRIC_REPRESENTATION_CONTEXT(2) 
PARAMETRIC_REPRESENTATION_CONTEXT() REPRESENTATION_CONTEXT('2D SPACE',''
  ) );
#3440 = ORIENTED_EDGE('',*,*,#3441,.T.);
#3441 = EDGE_CURVE('',#3413,#3442,#3444,.T.);
#3442 = VERTEX_POINT('',#3443);
#3443 = CARTESIAN_POINT('',(-8.460502380301,-0.249999985753,
    -2.030968753436));
#3444 = SURFACE_CURVE('',#3445,(#3449,#3456),.PCURVE_S1.);
#3445 = LINE('',#3446,#3447);
#3446 = CARTESIAN_POINT('',(-8.460502380301,-0.249999985099,
    -4.342964354425));
#3447 = VECTOR('',#3448,1.);
#3448 = DIRECTION('',(-3.268005076533E-14,9.011389889435E-24,1.));
#3449 = PCURVE('',#128,#3450);
#3450 = DEFINITIONAL_REPRESENTATION('',(#3451),#3455);
#3451 = LINE('',#3452,#3453);
#3452 = CARTESIAN_POINT('',(-1.768435600988,10.264661065888));
#3453 = VECTOR('',#3454,1.);
#3454 = DIRECTION('',(-1.,3.290209537026E-14));
#3455 = ( GEOMETRIC_REPRESENTATION_CONTEXT(2) 
PARAMETRIC_REPRESENTATION_CONTEXT() REPRESENTATION_CONTEXT('2D SPACE',''
  ) );
#3456 = PCURVE('',#3457,#3462);
#3457 = PLANE('',#3458);
#3458 = AXIS2_PLACEMENT_3D('',#3459,#3460,#3461);
#3459 = CARTESIAN_POINT('',(-8.460502380301,-0.25,-2.574528753436));
#3460 = DIRECTION('',(-1.,0.,-3.268005076533E-14));
#3461 = DIRECTION('',(-3.268005076533E-14,1.831675995333E-16,1.));
#3462 = DEFINITIONAL_REPRESENTATION('',(#3463),#3467);
#3463 = LINE('',#3464,#3465);
#3464 = CARTESIAN_POINT('',(-1.768435600988,1.490116332188E-08));
#3465 = VECTOR('',#3466,1.);
#3466 = DIRECTION('',(1.,-1.83167590522E-16));
#3467 = ( GEOMETRIC_REPRESENTATION_CONTEXT(2) 
PARAMETRIC_REPRESENTATION_CONTEXT() REPRESENTATION_CONTEXT('2D SPACE',''
  ) );
#3468 = ORIENTED_EDGE('',*,*,#3469,.T.);
#3469 = EDGE_CURVE('',#3442,#3470,#3472,.T.);
#3470 = VERTEX_POINT('',#3471);
#3471 = CARTESIAN_POINT('',(-8.187452380301,-0.249999985753,
    -1.757918753436));
#3472 = SURFACE_CURVE('',#3473,(#3478,#3485),.PCURVE_S1.);
#3473 = CIRCLE('',#3474,0.27305);
#3474 = AXIS2_PLACEMENT_3D('',#3475,#3476,#3477);
#3475 = CARTESIAN_POINT('',(-8.187452380301,-0.249999985099,
    -2.030968753436));
#3476 = DIRECTION('',(6.310887241768E-30,1.,-9.011389889435E-24));
#3477 = DIRECTION('',(1.,-6.310887241768E-30,-1.566162976682E-47));
#3478 = PCURVE('',#128,#3479);
#3479 = DEFINITIONAL_REPRESENTATION('',(#3480),#3484);
#3480 = CIRCLE('',#3481,0.27305);
#3481 = AXIS2_PLACEMENT_2D('',#3482,#3483);
#3482 = CARTESIAN_POINT('',(-4.080431201976,9.991611065888));
#3483 = DIRECTION('',(-2.22044604925E-16,-1.));
#3484 = ( GEOMETRIC_REPRESENTATION_CONTEXT(2) 
PARAMETRIC_REPRESENTATION_CONTEXT() REPRESENTATION_CONTEXT('2D SPACE',''
  ) );
#3485 = PCURVE('',#3486,#3491);
#3486 = CYLINDRICAL_SURFACE('',#3487,0.27305);
#3487 = AXIS2_PLACEMENT_3D('',#3488,#3489,#3490);
#3488 = CARTESIAN_POINT('',(-8.187452380301,-0.25,-2.030968753436));
#3489 = DIRECTION('',(0.,1.,0.));
#3490 = DIRECTION('',(1.,0.,-1.566168663669E-47));
#3491 = DEFINITIONAL_REPRESENTATION('',(#3492),#3496);
#3492 = LINE('',#3493,#3494);
#3493 = CARTESIAN_POINT('',(0.,1.490116299796E-08));
#3494 = VECTOR('',#3495,1.);
#3495 = DIRECTION('',(1.,0.));
#3496 = ( GEOMETRIC_REPRESENTATION_CONTEXT(2) 
PARAMETRIC_REPRESENTATION_CONTEXT() REPRESENTATION_CONTEXT('2D SPACE',''
  ) );
#3497 = ORIENTED_EDGE('',*,*,#3498,.T.);
#3498 = EDGE_CURVE('',#3470,#3499,#3501,.T.);
#3499 = VERTEX_POINT('',#3500);
#3500 = CARTESIAN_POINT('',(-6.622812380301,-0.249999985753,
    -1.757918753436));
#3501 = SURFACE_CURVE('',#3502,(#3506,#3513),.PCURVE_S1.);
#3502 = LINE('',#3503,#3504);
#3503 = CARTESIAN_POINT('',(-3.191646847357,-0.249999985099,
    -1.757918753436));
#3504 = VECTOR('',#3505,1.);
#3505 = DIRECTION('',(1.,-6.310887599844E-30,-3.973597081694E-14));
#3506 = PCURVE('',#128,#3507);
#3507 = DEFINITIONAL_REPRESENTATION('',(#3508),#3512);
#3508 = LINE('',#3509,#3510);
#3509 = CARTESIAN_POINT('',(-4.353481201976,4.995805532944));
#3510 = VECTOR('',#3511,1.);
#3511 = DIRECTION('',(3.951392621201E-14,-1.));
#3512 = ( GEOMETRIC_REPRESENTATION_CONTEXT(2) 
PARAMETRIC_REPRESENTATION_CONTEXT() REPRESENTATION_CONTEXT('2D SPACE',''
  ) );
#3513 = PCURVE('',#3514,#3519);
#3514 = PLANE('',#3515);
#3515 = AXIS2_PLACEMENT_3D('',#3516,#3517,#3518);
#3516 = CARTESIAN_POINT('',(-8.187452380301,-0.25,-1.757918753436));
#3517 = DIRECTION('',(3.973597081694E-14,0.,1.));
#3518 = DIRECTION('',(1.,4.434818171533E-17,-3.973597081694E-14));
#3519 = DEFINITIONAL_REPRESENTATION('',(#3520),#3524);
#3520 = LINE('',#3521,#3522);
#3521 = CARTESIAN_POINT('',(4.995805532944,1.490116277641E-08));
#3522 = VECTOR('',#3523,1.);
#3523 = DIRECTION('',(1.,-4.434818171533E-17));
#3524 = ( GEOMETRIC_REPRESENTATION_CONTEXT(2) 
PARAMETRIC_REPRESENTATION_CONTEXT() REPRESENTATION_CONTEXT('2D SPACE',''
  ) );
#3525 = ORIENTED_EDGE('',*,*,#3526,.T.);
#3526 = EDGE_CURVE('',#3499,#3527,#3529,.T.);
#3527 = VERTEX_POINT('',#3528);
#3528 = CARTESIAN_POINT('',(-6.349762381314,-0.249999985753,
    -2.030992274494));
#3529 = SURFACE_CURVE('',#3530,(#3535,#3542),.PCURVE_S1.);
#3530 = CIRCLE('',#3531,0.27305);
#3531 = AXIS2_PLACEMENT_3D('',#3532,#3533,#3534);
#3532 = CARTESIAN_POINT('',(-6.622812380301,-0.249999985099,
    -2.030968753436));
#3533 = DIRECTION('',(6.310887241768E-30,1.,-9.011389889435E-24));
#3534 = DIRECTION('',(1.,-6.310887241768E-30,-1.566162976682E-47));
#3535 = PCURVE('',#128,#3536);
#3536 = DEFINITIONAL_REPRESENTATION('',(#3537),#3541);
#3537 = CIRCLE('',#3538,0.27305);
#3538 = AXIS2_PLACEMENT_2D('',#3539,#3540);
#3539 = CARTESIAN_POINT('',(-4.080431201976,8.426971065888));
#3540 = DIRECTION('',(-2.22044604925E-16,-1.));
#3541 = ( GEOMETRIC_REPRESENTATION_CONTEXT(2) 
PARAMETRIC_REPRESENTATION_CONTEXT() REPRESENTATION_CONTEXT('2D SPACE',''
  ) );
#3542 = PCURVE('',#3543,#3548);
#3543 = CYLINDRICAL_SURFACE('',#3544,0.27305);
#3544 = AXIS2_PLACEMENT_3D('',#3545,#3546,#3547);
#3545 = CARTESIAN_POINT('',(-6.622812380301,-0.25,-2.030968753436));
#3546 = DIRECTION('',(0.,1.,0.));
#3547 = DIRECTION('',(1.,0.,-1.566168663669E-47));
#3548 = DEFINITIONAL_REPRESENTATION('',(#3549),#3553);
#3549 = LINE('',#3550,#3551);
#3550 = CARTESIAN_POINT('',(0.,1.490116299796E-08));
#3551 = VECTOR('',#3552,1.);
#3552 = DIRECTION('',(1.,0.));
#3553 = ( GEOMETRIC_REPRESENTATION_CONTEXT(2) 
PARAMETRIC_REPRESENTATION_CONTEXT() REPRESENTATION_CONTEXT('2D SPACE',''
  ) );
#3554 = ORIENTED_EDGE('',*,*,#3555,.T.);
#3555 = EDGE_CURVE('',#3527,#3354,#3556,.T.);
#3556 = SURFACE_CURVE('',#3557,(#3561,#3568),.PCURVE_S1.);
#3557 = LINE('',#3558,#3559);
#3558 = CARTESIAN_POINT('',(-6.349938098188,-0.249999985099,
    -4.070844902505));
#3559 = VECTOR('',#3560,1.);
#3560 = DIRECTION('',(-8.614194511177E-05,-9.011389855457E-24,
    -0.99999999629));
#3561 = PCURVE('',#128,#3562);
#3562 = DEFINITIONAL_REPRESENTATION('',(#3563),#3567);
#3563 = LINE('',#3564,#3565);
#3564 = CARTESIAN_POINT('',(-2.040555052908,8.154096783775));
#3565 = VECTOR('',#3566,1.);
#3566 = DIRECTION('',(0.99999999629,8.614194511155E-05));
#3567 = ( GEOMETRIC_REPRESENTATION_CONTEXT(2) 
PARAMETRIC_REPRESENTATION_CONTEXT() REPRESENTATION_CONTEXT('2D SPACE',''
  ) );
#3568 = PCURVE('',#3569,#3574);
#3569 = PLANE('',#3570);
#3570 = AXIS2_PLACEMENT_3D('',#3571,#3572,#3573);
#3571 = CARTESIAN_POINT('',(-6.349762381314,-0.25,-2.030992274494));
#3572 = DIRECTION('',(0.99999999629,0.,-8.614194511177E-05));
#3573 = DIRECTION('',(-8.614194511177E-05,-5.55111510253E-17,
    -0.99999999629));
#3574 = DEFINITIONAL_REPRESENTATION('',(#3575),#3579);
#3575 = LINE('',#3576,#3577);
#3576 = CARTESIAN_POINT('',(2.039852635579,1.490116311119E-08));
#3577 = VECTOR('',#3578,1.);
#3578 = DIRECTION('',(1.,5.551114201391E-17));
#3579 = ( GEOMETRIC_REPRESENTATION_CONTEXT(2) 
PARAMETRIC_REPRESENTATION_CONTEXT() REPRESENTATION_CONTEXT('2D SPACE',''
  ) );
#3580 = FACE_BOUND('',#3581,.T.);
#3581 = EDGE_LOOP('',(#3582,#3613,#3641,#3670,#3698,#3727,#3755,#3784));
#3582 = ORIENTED_EDGE('',*,*,#3583,.T.);
#3583 = EDGE_CURVE('',#3584,#3586,#3588,.T.);
#3584 = VERTEX_POINT('',#3585);
#3585 = CARTESIAN_POINT('',(-6.349762380301,-0.249999985753,
    -0.674608753436));
#3586 = VERTEX_POINT('',#3587);
#3587 = CARTESIAN_POINT('',(-6.623698901603,-0.249999985753,
    -0.947657314282));
#3588 = SURFACE_CURVE('',#3589,(#3594,#3601),.PCURVE_S1.);
#3589 = CIRCLE('',#3590,0.27305);
#3590 = AXIS2_PLACEMENT_3D('',#3591,#3592,#3593);
#3591 = CARTESIAN_POINT('',(-6.622812380301,-0.249999985099,
    -0.674608753436));
#3592 = DIRECTION('',(6.310887241768E-30,1.,-9.011389889435E-24));
#3593 = DIRECTION('',(1.,-6.310887241768E-30,-1.644471409866E-47));
#3594 = PCURVE('',#128,#3595);
#3595 = DEFINITIONAL_REPRESENTATION('',(#3596),#3600);
#3596 = CIRCLE('',#3597,0.27305);
#3597 = AXIS2_PLACEMENT_2D('',#3598,#3599);
#3598 = CARTESIAN_POINT('',(-5.436791201976,8.426971065888));
#3599 = DIRECTION('',(-2.22044604925E-16,-1.));
#3600 = ( GEOMETRIC_REPRESENTATION_CONTEXT(2) 
PARAMETRIC_REPRESENTATION_CONTEXT() REPRESENTATION_CONTEXT('2D SPACE',''
  ) );
#3601 = PCURVE('',#3602,#3607);
#3602 = CYLINDRICAL_SURFACE('',#3603,0.27305);
#3603 = AXIS2_PLACEMENT_3D('',#3604,#3605,#3606);
#3604 = CARTESIAN_POINT('',(-6.622812380301,-0.25,-0.674608753436));
#3605 = DIRECTION('',(0.,1.,0.));
#3606 = DIRECTION('',(1.,0.,-1.644477096852E-47));
#3607 = DEFINITIONAL_REPRESENTATION('',(#3608),#3612);
#3608 = LINE('',#3609,#3610);
#3609 = CARTESIAN_POINT('',(0.,1.490116299796E-08));
#3610 = VECTOR('',#3611,1.);
#3611 = DIRECTION('',(1.,0.));
#3612 = ( GEOMETRIC_REPRESENTATION_CONTEXT(2) 
PARAMETRIC_REPRESENTATION_CONTEXT() REPRESENTATION_CONTEXT('2D SPACE',''
  ) );
#3613 = ORIENTED_EDGE('',*,*,#3614,.T.);
#3614 = EDGE_CURVE('',#3586,#3615,#3617,.T.);
#3615 = VERTEX_POINT('',#3616);
#3616 = CARTESIAN_POINT('',(-8.188338901603,-0.249999985753,
    -0.942577314282));
#3617 = SURFACE_CURVE('',#3618,(#3622,#3629),.PCURVE_S1.);
#3618 = LINE('',#3619,#3620);
#3619 = CARTESIAN_POINT('',(-2.401431917549,-0.249999985099,
    -0.961365973321));
#3620 = VECTOR('',#3621,1.);
#3621 = DIRECTION('',(-0.999994729338,2.926391602748E-26,
    3.246736134212E-03));
#3622 = PCURVE('',#128,#3623);
#3623 = DEFINITIONAL_REPRESENTATION('',(#3624),#3628);
#3624 = LINE('',#3625,#3626);
#3625 = CARTESIAN_POINT('',(-5.150033982091,4.205590603135));
#3626 = VECTOR('',#3627,1.);
#3627 = DIRECTION('',(-3.246736134212E-03,0.999994729338));
#3628 = ( GEOMETRIC_REPRESENTATION_CONTEXT(2) 
PARAMETRIC_REPRESENTATION_CONTEXT() REPRESENTATION_CONTEXT('2D SPACE',''
  ) );
#3629 = PCURVE('',#3630,#3635);
#3630 = PLANE('',#3631);
#3631 = AXIS2_PLACEMENT_3D('',#3632,#3633,#3634);
#3632 = CARTESIAN_POINT('',(-6.623698901603,-0.25,-0.947657314282));
#3633 = DIRECTION('',(-3.246736134212E-03,0.,-0.999994729338));
#3634 = DIRECTION('',(-0.999994729338,1.802300605543E-19,
    3.246736134212E-03));
#3635 = DEFINITIONAL_REPRESENTATION('',(#3636),#3640);
#3636 = LINE('',#3637,#3638);
#3637 = CARTESIAN_POINT('',(-4.222289238312,1.490116299872E-08));
#3638 = VECTOR('',#3639,1.);
#3639 = DIRECTION('',(1.,-1.802300312903E-19));
#3640 = ( GEOMETRIC_REPRESENTATION_CONTEXT(2) 
PARAMETRIC_REPRESENTATION_CONTEXT() REPRESENTATION_CONTEXT('2D SPACE',''
  ) );
#3641 = ORIENTED_EDGE('',*,*,#3642,.T.);
#3642 = EDGE_CURVE('',#3615,#3643,#3645,.T.);
#3643 = VERTEX_POINT('',#3644);
#3644 = CARTESIAN_POINT('',(-8.460502380301,-0.249999985753,
    -0.669528753436));
#3645 = SURFACE_CURVE('',#3646,(#3651,#3658),.PCURVE_S1.);
#3646 = CIRCLE('',#3647,0.27305);
#3647 = AXIS2_PLACEMENT_3D('',#3648,#3649,#3650);
#3648 = CARTESIAN_POINT('',(-8.187452380301,-0.249999985099,
    -0.669528753436));
#3649 = DIRECTION('',(6.310887241768E-30,1.,-9.011389889435E-24));
#3650 = DIRECTION('',(1.,-6.310887241768E-30,-1.644471409866E-47));
#3651 = PCURVE('',#128,#3652);
#3652 = DEFINITIONAL_REPRESENTATION('',(#3653),#3657);
#3653 = CIRCLE('',#3654,0.27305);
#3654 = AXIS2_PLACEMENT_2D('',#3655,#3656);
#3655 = CARTESIAN_POINT('',(-5.441871201976,9.991611065888));
#3656 = DIRECTION('',(-2.22044604925E-16,-1.));
#3657 = ( GEOMETRIC_REPRESENTATION_CONTEXT(2) 
PARAMETRIC_REPRESENTATION_CONTEXT() REPRESENTATION_CONTEXT('2D SPACE',''
  ) );
#3658 = PCURVE('',#3659,#3664);
#3659 = CYLINDRICAL_SURFACE('',#3660,0.27305);
#3660 = AXIS2_PLACEMENT_3D('',#3661,#3662,#3663);
#3661 = CARTESIAN_POINT('',(-8.187452380301,-0.25,-0.669528753436));
#3662 = DIRECTION('',(0.,1.,0.));
#3663 = DIRECTION('',(1.,0.,-1.644477096852E-47));
#3664 = DEFINITIONAL_REPRESENTATION('',(#3665),#3669);
#3665 = LINE('',#3666,#3667);
#3666 = CARTESIAN_POINT('',(0.,1.490116299796E-08));
#3667 = VECTOR('',#3668,1.);
#3668 = DIRECTION('',(1.,0.));
#3669 = ( GEOMETRIC_REPRESENTATION_CONTEXT(2) 
PARAMETRIC_REPRESENTATION_CONTEXT() REPRESENTATION_CONTEXT('2D SPACE',''
  ) );
#3670 = ORIENTED_EDGE('',*,*,#3671,.T.);
#3671 = EDGE_CURVE('',#3643,#3672,#3674,.T.);
#3672 = VERTEX_POINT('',#3673);
#3673 = CARTESIAN_POINT('',(-8.460502380301,-0.249999985753,
    -0.125968753436));
#3674 = SURFACE_CURVE('',#3675,(#3679,#3686),.PCURVE_S1.);
#3675 = LINE('',#3676,#3677);
#3676 = CARTESIAN_POINT('',(-8.460502380301,-0.249999985099,
    -3.390464354424));
#3677 = VECTOR('',#3678,1.);
#3678 = DIRECTION('',(3.677428425492E-49,9.011389889435E-24,1.));
#3679 = PCURVE('',#128,#3680);
#3680 = DEFINITIONAL_REPRESENTATION('',(#3681),#3685);
#3681 = LINE('',#3682,#3683);
#3682 = CARTESIAN_POINT('',(-2.720935600988,10.264661065888));
#3683 = VECTOR('',#3684,1.);
#3684 = DIRECTION('',(-1.,2.22044604925E-16));
#3685 = ( GEOMETRIC_REPRESENTATION_CONTEXT(2) 
PARAMETRIC_REPRESENTATION_CONTEXT() REPRESENTATION_CONTEXT('2D SPACE',''
  ) );
#3686 = PCURVE('',#3687,#3692);
#3687 = PLANE('',#3688);
#3688 = AXIS2_PLACEMENT_3D('',#3689,#3690,#3691);
#3689 = CARTESIAN_POINT('',(-8.460502380301,-0.25,-0.669528753436));
#3690 = DIRECTION('',(-1.,0.,3.677428425492E-49));
#3691 = DIRECTION('',(3.677428425492E-49,1.193393753823E-16,1.));
#3692 = DEFINITIONAL_REPRESENTATION('',(#3693),#3697);
#3693 = LINE('',#3694,#3695);
#3694 = CARTESIAN_POINT('',(-2.720935600988,1.490116332267E-08));
#3695 = VECTOR('',#3696,1.);
#3696 = DIRECTION('',(1.,-1.193393663709E-16));
#3697 = ( GEOMETRIC_REPRESENTATION_CONTEXT(2) 
PARAMETRIC_REPRESENTATION_CONTEXT() REPRESENTATION_CONTEXT('2D SPACE',''
  ) );
#3698 = ORIENTED_EDGE('',*,*,#3699,.T.);
#3699 = EDGE_CURVE('',#3672,#3700,#3702,.T.);
#3700 = VERTEX_POINT('',#3701);
#3701 = CARTESIAN_POINT('',(-8.188338643983,-0.249999985971,
    0.147080527736));
#3702 = SURFACE_CURVE('',#3703,(#3708,#3715),.PCURVE_S1.);
#3703 = CIRCLE('',#3704,0.27305);
#3704 = AXIS2_PLACEMENT_3D('',#3705,#3706,#3707);
#3705 = CARTESIAN_POINT('',(-8.187452380301,-0.249999985099,
    -0.125968753436));
#3706 = DIRECTION('',(6.310887241768E-30,1.,-9.011389889435E-24));
#3707 = DIRECTION('',(1.,-6.310887241768E-30,-1.566162976682E-47));
#3708 = PCURVE('',#128,#3709);
#3709 = DEFINITIONAL_REPRESENTATION('',(#3710),#3714);
#3710 = CIRCLE('',#3711,0.27305);
#3711 = AXIS2_PLACEMENT_2D('',#3712,#3713);
#3712 = CARTESIAN_POINT('',(-5.985431201976,9.991611065888));
#3713 = DIRECTION('',(-2.22044604925E-16,-1.));
#3714 = ( GEOMETRIC_REPRESENTATION_CONTEXT(2) 
PARAMETRIC_REPRESENTATION_CONTEXT() REPRESENTATION_CONTEXT('2D SPACE',''
  ) );
#3715 = PCURVE('',#3716,#3721);
#3716 = CYLINDRICAL_SURFACE('',#3717,0.27305);
#3717 = AXIS2_PLACEMENT_3D('',#3718,#3719,#3720);
#3718 = CARTESIAN_POINT('',(-8.187452380301,-0.25,-0.125968753436));
#3719 = DIRECTION('',(0.,1.,0.));
#3720 = DIRECTION('',(1.,0.,-1.566168663669E-47));
#3721 = DEFINITIONAL_REPRESENTATION('',(#3722),#3726);
#3722 = LINE('',#3723,#3724);
#3723 = CARTESIAN_POINT('',(0.,1.490116299796E-08));
#3724 = VECTOR('',#3725,1.);
#3725 = DIRECTION('',(1.,0.));
#3726 = ( GEOMETRIC_REPRESENTATION_CONTEXT(2) 
PARAMETRIC_REPRESENTATION_CONTEXT() REPRESENTATION_CONTEXT('2D SPACE',''
  ) );
#3727 = ORIENTED_EDGE('',*,*,#3728,.T.);
#3728 = EDGE_CURVE('',#3700,#3729,#3731,.T.);
#3729 = VERTEX_POINT('',#3730);
#3730 = CARTESIAN_POINT('',(-6.622812380301,-0.249999985753,
    0.147081246564));
#3731 = SURFACE_CURVE('',#3732,(#3736,#3743),.PCURVE_S1.);
#3732 = LINE('',#3733,#3734);
#3733 = CARTESIAN_POINT('',(-3.192089982505,-0.249999985099,
    0.147081246564));
#3734 = VECTOR('',#3735,1.);
#3735 = DIRECTION('',(1.,-6.310887241768E-30,2.449856478406E-63));
#3736 = PCURVE('',#128,#3737);
#3737 = DEFINITIONAL_REPRESENTATION('',(#3738),#3742);
#3738 = LINE('',#3739,#3740);
#3739 = CARTESIAN_POINT('',(-6.258481201976,4.996248668091));
#3740 = VECTOR('',#3741,1.);
#3741 = DIRECTION('',(-2.22044604925E-16,-1.));
#3742 = ( GEOMETRIC_REPRESENTATION_CONTEXT(2) 
PARAMETRIC_REPRESENTATION_CONTEXT() REPRESENTATION_CONTEXT('2D SPACE',''
  ) );
#3743 = PCURVE('',#3744,#3749);
#3744 = PLANE('',#3745);
#3745 = AXIS2_PLACEMENT_3D('',#3746,#3747,#3748);
#3746 = CARTESIAN_POINT('',(-8.188338650596,-0.25,0.147081246564));
#3747 = DIRECTION('',(-2.449856478406E-63,0.,1.));
#3748 = DIRECTION('',(1.,-3.08148791102E-33,2.449856478406E-63));
#3749 = DEFINITIONAL_REPRESENTATION('',(#3750),#3754);
#3750 = LINE('',#3751,#3752);
#3751 = CARTESIAN_POINT('',(4.996248668091,1.490116299796E-08));
#3752 = VECTOR('',#3753,1.);
#3753 = DIRECTION('',(1.,-6.307805753857E-30));
#3754 = ( GEOMETRIC_REPRESENTATION_CONTEXT(2) 
PARAMETRIC_REPRESENTATION_CONTEXT() REPRESENTATION_CONTEXT('2D SPACE',''
  ) );
#3755 = ORIENTED_EDGE('',*,*,#3756,.T.);
#3756 = EDGE_CURVE('',#3729,#3757,#3759,.T.);
#3757 = VERTEX_POINT('',#3758);
#3758 = CARTESIAN_POINT('',(-6.349762380301,-0.249999985753,
    -0.125968753436));
#3759 = SURFACE_CURVE('',#3760,(#3765,#3772),.PCURVE_S1.);
#3760 = CIRCLE('',#3761,0.27305);
#3761 = AXIS2_PLACEMENT_3D('',#3762,#3763,#3764);
#3762 = CARTESIAN_POINT('',(-6.622812380301,-0.249999985099,
    -0.125968753436));
#3763 = DIRECTION('',(6.310887241768E-30,1.,-9.011389889435E-24));
#3764 = DIRECTION('',(1.,-6.310887241768E-30,-1.566162976682E-47));
#3765 = PCURVE('',#128,#3766);
#3766 = DEFINITIONAL_REPRESENTATION('',(#3767),#3771);
#3767 = CIRCLE('',#3768,0.27305);
#3768 = AXIS2_PLACEMENT_2D('',#3769,#3770);
#3769 = CARTESIAN_POINT('',(-5.985431201976,8.426971065888));
#3770 = DIRECTION('',(-2.22044604925E-16,-1.));
#3771 = ( GEOMETRIC_REPRESENTATION_CONTEXT(2) 
PARAMETRIC_REPRESENTATION_CONTEXT() REPRESENTATION_CONTEXT('2D SPACE',''
  ) );
#3772 = PCURVE('',#3773,#3778);
#3773 = CYLINDRICAL_SURFACE('',#3774,0.27305);
#3774 = AXIS2_PLACEMENT_3D('',#3775,#3776,#3777);
#3775 = CARTESIAN_POINT('',(-6.622812380301,-0.25,-0.125968753436));
#3776 = DIRECTION('',(0.,1.,0.));
#3777 = DIRECTION('',(1.,0.,-1.566168663669E-47));
#3778 = DEFINITIONAL_REPRESENTATION('',(#3779),#3783);
#3779 = LINE('',#3780,#3781);
#3780 = CARTESIAN_POINT('',(0.,1.490116299796E-08));
#3781 = VECTOR('',#3782,1.);
#3782 = DIRECTION('',(1.,0.));
#3783 = ( GEOMETRIC_REPRESENTATION_CONTEXT(2) 
PARAMETRIC_REPRESENTATION_CONTEXT() REPRESENTATION_CONTEXT('2D SPACE',''
  ) );
#3784 = ORIENTED_EDGE('',*,*,#3785,.T.);
#3785 = EDGE_CURVE('',#3757,#3584,#3786,.T.);
#3786 = SURFACE_CURVE('',#3787,(#3791,#3798),.PCURVE_S1.);
#3787 = LINE('',#3788,#3789);
#3788 = CARTESIAN_POINT('',(-6.349762380302,-0.249999985099,
    -3.118684354423));
#3789 = VECTOR('',#3790,1.);
#3790 = DIRECTION('',(-2.245629176439E-13,-9.011389889435E-24,-1.));
#3791 = PCURVE('',#128,#3792);
#3792 = DEFINITIONAL_REPRESENTATION('',(#3793),#3797);
#3793 = LINE('',#3794,#3795);
#3794 = CARTESIAN_POINT('',(-2.992715600989,8.153921065888));
#3795 = VECTOR('',#3796,1.);
#3796 = DIRECTION('',(1.,2.243408730389E-13));
#3797 = ( GEOMETRIC_REPRESENTATION_CONTEXT(2) 
PARAMETRIC_REPRESENTATION_CONTEXT() REPRESENTATION_CONTEXT('2D SPACE',''
  ) );
#3798 = PCURVE('',#3799,#3804);
#3799 = PLANE('',#3800);
#3800 = AXIS2_PLACEMENT_3D('',#3801,#3802,#3803);
#3801 = CARTESIAN_POINT('',(-6.349762380301,-0.25,-0.125968753436));
#3802 = DIRECTION('',(1.,0.,-2.245629176439E-13));
#3803 = DIRECTION('',(-2.245629176439E-13,-5.551115123126E-17,-1.));
#3804 = DEFINITIONAL_REPRESENTATION('',(#3805),#3809);
#3805 = LINE('',#3806,#3807);
#3806 = CARTESIAN_POINT('',(2.992715600987,1.490116316409E-08));
#3807 = VECTOR('',#3808,1.);
#3808 = DIRECTION('',(1.,5.551114221987E-17));
#3809 = ( GEOMETRIC_REPRESENTATION_CONTEXT(2) 
PARAMETRIC_REPRESENTATION_CONTEXT() REPRESENTATION_CONTEXT('2D SPACE',''
  ) );
#3810 = ADVANCED_FACE('',(#3811),#3799,.F.);
#3811 = FACE_BOUND('',#3812,.T.);
#3812 = EDGE_LOOP('',(#3813,#3814,#3837,#3865));
#3813 = ORIENTED_EDGE('',*,*,#3785,.F.);
#3814 = ORIENTED_EDGE('',*,*,#3815,.T.);
#3815 = EDGE_CURVE('',#3757,#3816,#3818,.T.);
#3816 = VERTEX_POINT('',#3817);
#3817 = CARTESIAN_POINT('',(-6.349762380301,-0.24,-0.125968753436));
#3818 = SURFACE_CURVE('',#3819,(#3823,#3830),.PCURVE_S1.);
#3819 = LINE('',#3820,#3821);
#3820 = CARTESIAN_POINT('',(-6.349762380301,-0.25,-0.125968753436));
#3821 = VECTOR('',#3822,1.);
#3822 = DIRECTION('',(0.,1.,0.));
#3823 = PCURVE('',#3799,#3824);
#3824 = DEFINITIONAL_REPRESENTATION('',(#3825),#3829);
#3825 = LINE('',#3826,#3827);
#3826 = CARTESIAN_POINT('',(-0.,0.));
#3827 = VECTOR('',#3828,1.);
#3828 = DIRECTION('',(-5.551115123126E-17,1.));
#3829 = ( GEOMETRIC_REPRESENTATION_CONTEXT(2) 
PARAMETRIC_REPRESENTATION_CONTEXT() REPRESENTATION_CONTEXT('2D SPACE',''
  ) );
#3830 = PCURVE('',#3773,#3831);
#3831 = DEFINITIONAL_REPRESENTATION('',(#3832),#3836);
#3832 = LINE('',#3833,#3834);
#3833 = CARTESIAN_POINT('',(6.28318530718,0.));
#3834 = VECTOR('',#3835,1.);
#3835 = DIRECTION('',(0.,1.));
#3836 = ( GEOMETRIC_REPRESENTATION_CONTEXT(2) 
PARAMETRIC_REPRESENTATION_CONTEXT() REPRESENTATION_CONTEXT('2D SPACE',''
  ) );
#3837 = ORIENTED_EDGE('',*,*,#3838,.T.);
#3838 = EDGE_CURVE('',#3816,#3839,#3841,.T.);
#3839 = VERTEX_POINT('',#3840);
#3840 = CARTESIAN_POINT('',(-6.349762380301,-0.24,-0.674608753436));
#3841 = SURFACE_CURVE('',#3842,(#3846,#3853),.PCURVE_S1.);
#3842 = LINE('',#3843,#3844);
#3843 = CARTESIAN_POINT('',(-6.349762380301,-0.24,-0.674608753436));
#3844 = VECTOR('',#3845,1.);
#3845 = DIRECTION('',(-2.245629176439E-13,-5.551115123126E-17,-1.));
#3846 = PCURVE('',#3799,#3847);
#3847 = DEFINITIONAL_REPRESENTATION('',(#3848),#3852);
#3848 = LINE('',#3849,#3850);
#3849 = CARTESIAN_POINT('',(0.54864,1.E-02));
#3850 = VECTOR('',#3851,1.);
#3851 = DIRECTION('',(1.,0.));
#3852 = ( GEOMETRIC_REPRESENTATION_CONTEXT(2) 
PARAMETRIC_REPRESENTATION_CONTEXT() REPRESENTATION_CONTEXT('2D SPACE',''
  ) );
#3853 = PCURVE('',#3854,#3859);
#3854 = PLANE('',#3855);
#3855 = AXIS2_PLACEMENT_3D('',#3856,#3857,#3858);
#3856 = CARTESIAN_POINT('',(-7.405132380301,-0.24,-0.400288753436));
#3857 = DIRECTION('',(-2.927413515469E-31,1.,-5.551115123126E-17));
#3858 = DIRECTION('',(1.,2.927413515469E-31,-1.642146637881E-47));
#3859 = DEFINITIONAL_REPRESENTATION('',(#3860),#3864);
#3860 = LINE('',#3861,#3862);
#3861 = CARTESIAN_POINT('',(1.05537,0.27432));
#3862 = VECTOR('',#3863,1.);
#3863 = DIRECTION('',(-2.245629176439E-13,1.));
#3864 = ( GEOMETRIC_REPRESENTATION_CONTEXT(2) 
PARAMETRIC_REPRESENTATION_CONTEXT() REPRESENTATION_CONTEXT('2D SPACE',''
  ) );
#3865 = ORIENTED_EDGE('',*,*,#3866,.F.);
#3866 = EDGE_CURVE('',#3584,#3839,#3867,.T.);
#3867 = SURFACE_CURVE('',#3868,(#3872,#3879),.PCURVE_S1.);
#3868 = LINE('',#3869,#3870);
#3869 = CARTESIAN_POINT('',(-6.349762380301,-0.25,-0.674608753436));
#3870 = VECTOR('',#3871,1.);
#3871 = DIRECTION('',(0.,1.,0.));
#3872 = PCURVE('',#3799,#3873);
#3873 = DEFINITIONAL_REPRESENTATION('',(#3874),#3878);
#3874 = LINE('',#3875,#3876);
#3875 = CARTESIAN_POINT('',(0.54864,3.045563801152E-17));
#3876 = VECTOR('',#3877,1.);
#3877 = DIRECTION('',(-5.551115123126E-17,1.));
#3878 = ( GEOMETRIC_REPRESENTATION_CONTEXT(2) 
PARAMETRIC_REPRESENTATION_CONTEXT() REPRESENTATION_CONTEXT('2D SPACE',''
  ) );
#3879 = PCURVE('',#3602,#3880);
#3880 = DEFINITIONAL_REPRESENTATION('',(#3881),#3885);
#3881 = LINE('',#3882,#3883);
#3882 = CARTESIAN_POINT('',(0.,0.));
#3883 = VECTOR('',#3884,1.);
#3884 = DIRECTION('',(0.,1.));
#3885 = ( GEOMETRIC_REPRESENTATION_CONTEXT(2) 
PARAMETRIC_REPRESENTATION_CONTEXT() REPRESENTATION_CONTEXT('2D SPACE',''
  ) );
#3886 = ADVANCED_FACE('',(#3887),#3854,.F.);
#3887 = FACE_BOUND('',#3888,.T.);
#3888 = EDGE_LOOP('',(#3889,#3914,#3936,#3937,#3961,#3984,#4008,#4031));
#3889 = ORIENTED_EDGE('',*,*,#3890,.F.);
#3890 = EDGE_CURVE('',#3891,#3893,#3895,.T.);
#3891 = VERTEX_POINT('',#3892);
#3892 = CARTESIAN_POINT('',(-6.623698901603,-0.24,-0.947657314282));
#3893 = VERTEX_POINT('',#3894);
#3894 = CARTESIAN_POINT('',(-8.188338901603,-0.24,-0.942577314282));
#3895 = SURFACE_CURVE('',#3896,(#3900,#3907),.PCURVE_S1.);
#3896 = LINE('',#3897,#3898);
#3897 = CARTESIAN_POINT('',(-6.623698901603,-0.24,-0.947657314282));
#3898 = VECTOR('',#3899,1.);
#3899 = DIRECTION('',(-0.999994729338,1.802300605543E-19,
    3.246736134212E-03));
#3900 = PCURVE('',#3854,#3901);
#3901 = DEFINITIONAL_REPRESENTATION('',(#3902),#3906);
#3902 = LINE('',#3903,#3904);
#3903 = CARTESIAN_POINT('',(0.781433478698,0.547368560846));
#3904 = VECTOR('',#3905,1.);
#3905 = DIRECTION('',(-0.999994729338,-3.246736134212E-03));
#3906 = ( GEOMETRIC_REPRESENTATION_CONTEXT(2) 
PARAMETRIC_REPRESENTATION_CONTEXT() REPRESENTATION_CONTEXT('2D SPACE',''
  ) );
#3907 = PCURVE('',#3630,#3908);
#3908 = DEFINITIONAL_REPRESENTATION('',(#3909),#3913);
#3909 = LINE('',#3910,#3911);
#3910 = CARTESIAN_POINT('',(1.802300605543E-21,1.E-02));
#3911 = VECTOR('',#3912,1.);
#3912 = DIRECTION('',(1.,2.277537674816E-34));
#3913 = ( GEOMETRIC_REPRESENTATION_CONTEXT(2) 
PARAMETRIC_REPRESENTATION_CONTEXT() REPRESENTATION_CONTEXT('2D SPACE',''
  ) );
#3914 = ORIENTED_EDGE('',*,*,#3915,.F.);
#3915 = EDGE_CURVE('',#3839,#3891,#3916,.T.);
#3916 = SURFACE_CURVE('',#3917,(#3922,#3929),.PCURVE_S1.);
#3917 = CIRCLE('',#3918,0.27305);
#3918 = AXIS2_PLACEMENT_3D('',#3919,#3920,#3921);
#3919 = CARTESIAN_POINT('',(-6.622812380301,-0.24,-0.674608753436));
#3920 = DIRECTION('',(-2.927413515469E-31,1.,-5.551115123126E-17));
#3921 = DIRECTION('',(1.,2.927413515469E-31,-1.642146637881E-47));
#3922 = PCURVE('',#3854,#3923);
#3923 = DEFINITIONAL_REPRESENTATION('',(#3924),#3928);
#3924 = CIRCLE('',#3925,0.27305);
#3925 = AXIS2_PLACEMENT_2D('',#3926,#3927);
#3926 = CARTESIAN_POINT('',(0.78232,0.27432));
#3927 = DIRECTION('',(1.,5.347903754412E-62));
#3928 = ( GEOMETRIC_REPRESENTATION_CONTEXT(2) 
PARAMETRIC_REPRESENTATION_CONTEXT() REPRESENTATION_CONTEXT('2D SPACE',''
  ) );
#3929 = PCURVE('',#3602,#3930);
#3930 = DEFINITIONAL_REPRESENTATION('',(#3931),#3935);
#3931 = LINE('',#3932,#3933);
#3932 = CARTESIAN_POINT('',(0.,1.E-02));
#3933 = VECTOR('',#3934,1.);
#3934 = DIRECTION('',(1.,-1.763330125378E-17));
#3935 = ( GEOMETRIC_REPRESENTATION_CONTEXT(2) 
PARAMETRIC_REPRESENTATION_CONTEXT() REPRESENTATION_CONTEXT('2D SPACE',''
  ) );
#3936 = ORIENTED_EDGE('',*,*,#3838,.F.);
#3937 = ORIENTED_EDGE('',*,*,#3938,.F.);
#3938 = EDGE_CURVE('',#3939,#3816,#3941,.T.);
#3939 = VERTEX_POINT('',#3940);
#3940 = CARTESIAN_POINT('',(-6.622812380301,-0.24,0.147081246564));
#3941 = SURFACE_CURVE('',#3942,(#3947,#3954),.PCURVE_S1.);
#3942 = CIRCLE('',#3943,0.27305);
#3943 = AXIS2_PLACEMENT_3D('',#3944,#3945,#3946);
#3944 = CARTESIAN_POINT('',(-6.622812380301,-0.24,-0.125968753436));
#3945 = DIRECTION('',(-2.927413515469E-31,1.,-5.551115123126E-17));
#3946 = DIRECTION('',(1.,2.927413515469E-31,-1.642146637881E-47));
#3947 = PCURVE('',#3854,#3948);
#3948 = DEFINITIONAL_REPRESENTATION('',(#3949),#3953);
#3949 = CIRCLE('',#3950,0.27305);
#3950 = AXIS2_PLACEMENT_2D('',#3951,#3952);
#3951 = CARTESIAN_POINT('',(0.78232,-0.27432));
#3952 = DIRECTION('',(1.,5.347903754412E-62));
#3953 = ( GEOMETRIC_REPRESENTATION_CONTEXT(2) 
PARAMETRIC_REPRESENTATION_CONTEXT() REPRESENTATION_CONTEXT('2D SPACE',''
  ) );
#3954 = PCURVE('',#3773,#3955);
#3955 = DEFINITIONAL_REPRESENTATION('',(#3956),#3960);
#3956 = LINE('',#3957,#3958);
#3957 = CARTESIAN_POINT('',(0.,1.E-02));
#3958 = VECTOR('',#3959,1.);
#3959 = DIRECTION('',(1.,-1.766974823035E-17));
#3960 = ( GEOMETRIC_REPRESENTATION_CONTEXT(2) 
PARAMETRIC_REPRESENTATION_CONTEXT() REPRESENTATION_CONTEXT('2D SPACE',''
  ) );
#3961 = ORIENTED_EDGE('',*,*,#3962,.F.);
#3962 = EDGE_CURVE('',#3963,#3939,#3965,.T.);
#3963 = VERTEX_POINT('',#3964);
#3964 = CARTESIAN_POINT('',(-8.188338643983,-0.24,0.147080527736));
#3965 = SURFACE_CURVE('',#3966,(#3970,#3977),.PCURVE_S1.);
#3966 = LINE('',#3967,#3968);
#3967 = CARTESIAN_POINT('',(-8.188338650596,-0.24,0.147081246564));
#3968 = VECTOR('',#3969,1.);
#3969 = DIRECTION('',(1.,-3.08148791102E-33,2.449856478406E-63));
#3970 = PCURVE('',#3854,#3971);
#3971 = DEFINITIONAL_REPRESENTATION('',(#3972),#3976);
#3972 = LINE('',#3973,#3974);
#3973 = CARTESIAN_POINT('',(-0.783206270295,-0.54737));
#3974 = VECTOR('',#3975,1.);
#3975 = DIRECTION('',(1.,1.70160574004E-62));
#3976 = ( GEOMETRIC_REPRESENTATION_CONTEXT(2) 
PARAMETRIC_REPRESENTATION_CONTEXT() REPRESENTATION_CONTEXT('2D SPACE',''
  ) );
#3977 = PCURVE('',#3744,#3978);
#3978 = DEFINITIONAL_REPRESENTATION('',(#3979),#3983);
#3979 = LINE('',#3980,#3981);
#3980 = CARTESIAN_POINT('',(-3.08148791102E-35,1.E-02));
#3981 = VECTOR('',#3982,1.);
#3982 = DIRECTION('',(1.,1.849446417509E-158));
#3983 = ( GEOMETRIC_REPRESENTATION_CONTEXT(2) 
PARAMETRIC_REPRESENTATION_CONTEXT() REPRESENTATION_CONTEXT('2D SPACE',''
  ) );
#3984 = ORIENTED_EDGE('',*,*,#3985,.F.);
#3985 = EDGE_CURVE('',#3986,#3963,#3988,.T.);
#3986 = VERTEX_POINT('',#3987);
#3987 = CARTESIAN_POINT('',(-8.460502380301,-0.24,-0.125968753436));
#3988 = SURFACE_CURVE('',#3989,(#3994,#4001),.PCURVE_S1.);
#3989 = CIRCLE('',#3990,0.27305);
#3990 = AXIS2_PLACEMENT_3D('',#3991,#3992,#3993);
#3991 = CARTESIAN_POINT('',(-8.187452380301,-0.24,-0.125968753436));
#3992 = DIRECTION('',(-2.927413515469E-31,1.,-5.551115123126E-17));
#3993 = DIRECTION('',(1.,2.927413515469E-31,-1.642146637881E-47));
#3994 = PCURVE('',#3854,#3995);
#3995 = DEFINITIONAL_REPRESENTATION('',(#3996),#4000);
#3996 = CIRCLE('',#3997,0.27305);
#3997 = AXIS2_PLACEMENT_2D('',#3998,#3999);
#3998 = CARTESIAN_POINT('',(-0.78232,-0.27432));
#3999 = DIRECTION('',(1.,5.347903754412E-62));
#4000 = ( GEOMETRIC_REPRESENTATION_CONTEXT(2) 
PARAMETRIC_REPRESENTATION_CONTEXT() REPRESENTATION_CONTEXT('2D SPACE',''
  ) );
#4001 = PCURVE('',#3716,#4002);
#4002 = DEFINITIONAL_REPRESENTATION('',(#4003),#4007);
#4003 = LINE('',#4004,#4005);
#4004 = CARTESIAN_POINT('',(0.,1.E-02));
#4005 = VECTOR('',#4006,1.);
#4006 = DIRECTION('',(1.,1.770633543254E-17));
#4007 = ( GEOMETRIC_REPRESENTATION_CONTEXT(2) 
PARAMETRIC_REPRESENTATION_CONTEXT() REPRESENTATION_CONTEXT('2D SPACE',''
  ) );
#4008 = ORIENTED_EDGE('',*,*,#4009,.F.);
#4009 = EDGE_CURVE('',#4010,#3986,#4012,.T.);
#4010 = VERTEX_POINT('',#4011);
#4011 = CARTESIAN_POINT('',(-8.460502380301,-0.24,-0.669528753436));
#4012 = SURFACE_CURVE('',#4013,(#4017,#4024),.PCURVE_S1.);
#4013 = LINE('',#4014,#4015);
#4014 = CARTESIAN_POINT('',(-8.460502380301,-0.24,-0.669528753436));
#4015 = VECTOR('',#4016,1.);
#4016 = DIRECTION('',(3.677428425492E-49,1.193393753823E-16,1.));
#4017 = PCURVE('',#3854,#4018);
#4018 = DEFINITIONAL_REPRESENTATION('',(#4019),#4023);
#4019 = LINE('',#4020,#4021);
#4020 = CARTESIAN_POINT('',(-1.05537,0.26924));
#4021 = VECTOR('',#4022,1.);
#4022 = DIRECTION('',(1.888184650591E-47,-1.));
#4023 = ( GEOMETRIC_REPRESENTATION_CONTEXT(2) 
PARAMETRIC_REPRESENTATION_CONTEXT() REPRESENTATION_CONTEXT('2D SPACE',''
  ) );
#4024 = PCURVE('',#3687,#4025);
#4025 = DEFINITIONAL_REPRESENTATION('',(#4026),#4030);
#4026 = LINE('',#4027,#4028);
#4027 = CARTESIAN_POINT('',(1.193393753823E-18,1.E-02));
#4028 = VECTOR('',#4029,1.);
#4029 = DIRECTION('',(1.,0.));
#4030 = ( GEOMETRIC_REPRESENTATION_CONTEXT(2) 
PARAMETRIC_REPRESENTATION_CONTEXT() REPRESENTATION_CONTEXT('2D SPACE',''
  ) );
#4031 = ORIENTED_EDGE('',*,*,#4032,.F.);
#4032 = EDGE_CURVE('',#3893,#4010,#4033,.T.);
#4033 = SURFACE_CURVE('',#4034,(#4039,#4046),.PCURVE_S1.);
#4034 = CIRCLE('',#4035,0.27305);
#4035 = AXIS2_PLACEMENT_3D('',#4036,#4037,#4038);
#4036 = CARTESIAN_POINT('',(-8.187452380301,-0.24,-0.669528753436));
#4037 = DIRECTION('',(-2.927413515469E-31,1.,-5.551115123126E-17));
#4038 = DIRECTION('',(1.,2.927413515469E-31,-1.642146637881E-47));
#4039 = PCURVE('',#3854,#4040);
#4040 = DEFINITIONAL_REPRESENTATION('',(#4041),#4045);
#4041 = CIRCLE('',#4042,0.27305);
#4042 = AXIS2_PLACEMENT_2D('',#4043,#4044);
#4043 = CARTESIAN_POINT('',(-0.78232,0.26924));
#4044 = DIRECTION('',(1.,5.347903754412E-62));
#4045 = ( GEOMETRIC_REPRESENTATION_CONTEXT(2) 
PARAMETRIC_REPRESENTATION_CONTEXT() REPRESENTATION_CONTEXT('2D SPACE',''
  ) );
#4046 = PCURVE('',#3659,#4047);
#4047 = DEFINITIONAL_REPRESENTATION('',(#4048),#4052);
#4048 = LINE('',#4049,#4050);
#4049 = CARTESIAN_POINT('',(2.22044604925E-16,1.E-02));
#4050 = VECTOR('',#4051,1.);
#4051 = DIRECTION('',(1.,1.770634618643E-17));
#4052 = ( GEOMETRIC_REPRESENTATION_CONTEXT(2) 
PARAMETRIC_REPRESENTATION_CONTEXT() REPRESENTATION_CONTEXT('2D SPACE',''
  ) );
#4053 = ADVANCED_FACE('',(#4054),#3773,.F.);
#4054 = FACE_BOUND('',#4055,.F.);
#4055 = EDGE_LOOP('',(#4056,#4057,#4058,#4079));
#4056 = ORIENTED_EDGE('',*,*,#3815,.T.);
#4057 = ORIENTED_EDGE('',*,*,#3938,.F.);
#4058 = ORIENTED_EDGE('',*,*,#4059,.F.);
#4059 = EDGE_CURVE('',#3729,#3939,#4060,.T.);
#4060 = SURFACE_CURVE('',#4061,(#4065,#4072),.PCURVE_S1.);
#4061 = LINE('',#4062,#4063);
#4062 = CARTESIAN_POINT('',(-6.622812380301,-0.25,0.147081246564));
#4063 = VECTOR('',#4064,1.);
#4064 = DIRECTION('',(0.,1.,0.));
#4065 = PCURVE('',#3773,#4066);
#4066 = DEFINITIONAL_REPRESENTATION('',(#4067),#4071);
#4067 = LINE('',#4068,#4069);
#4068 = CARTESIAN_POINT('',(4.712388980385,0.));
#4069 = VECTOR('',#4070,1.);
#4070 = DIRECTION('',(0.,1.));
#4071 = ( GEOMETRIC_REPRESENTATION_CONTEXT(2) 
PARAMETRIC_REPRESENTATION_CONTEXT() REPRESENTATION_CONTEXT('2D SPACE',''
  ) );
#4072 = PCURVE('',#3744,#4073);
#4073 = DEFINITIONAL_REPRESENTATION('',(#4074),#4078);
#4074 = LINE('',#4075,#4076);
#4075 = CARTESIAN_POINT('',(1.565526270295,4.824150276298E-33));
#4076 = VECTOR('',#4077,1.);
#4077 = DIRECTION('',(-3.08148791102E-33,1.));
#4078 = ( GEOMETRIC_REPRESENTATION_CONTEXT(2) 
PARAMETRIC_REPRESENTATION_CONTEXT() REPRESENTATION_CONTEXT('2D SPACE',''
  ) );
#4079 = ORIENTED_EDGE('',*,*,#3756,.T.);
#4080 = ADVANCED_FACE('',(#4081),#3744,.F.);
#4081 = FACE_BOUND('',#4082,.T.);
#4082 = EDGE_LOOP('',(#4083,#4084,#4105,#4106));
#4083 = ORIENTED_EDGE('',*,*,#3728,.F.);
#4084 = ORIENTED_EDGE('',*,*,#4085,.T.);
#4085 = EDGE_CURVE('',#3700,#3963,#4086,.T.);
#4086 = SURFACE_CURVE('',#4087,(#4091,#4098),.PCURVE_S1.);
#4087 = LINE('',#4088,#4089);
#4088 = CARTESIAN_POINT('',(-8.188338650596,-0.25,0.147081246564));
#4089 = VECTOR('',#4090,1.);
#4090 = DIRECTION('',(0.,1.,0.));
#4091 = PCURVE('',#3744,#4092);
#4092 = DEFINITIONAL_REPRESENTATION('',(#4093),#4097);
#4093 = LINE('',#4094,#4095);
#4094 = CARTESIAN_POINT('',(0.,0.));
#4095 = VECTOR('',#4096,1.);
#4096 = DIRECTION('',(-3.08148791102E-33,1.));
#4097 = ( GEOMETRIC_REPRESENTATION_CONTEXT(2) 
PARAMETRIC_REPRESENTATION_CONTEXT() REPRESENTATION_CONTEXT('2D SPACE',''
  ) );
#4098 = PCURVE('',#3716,#4099);
#4099 = DEFINITIONAL_REPRESENTATION('',(#4100),#4104);
#4100 = LINE('',#4101,#4102);
#4101 = CARTESIAN_POINT('',(4.709143174918,0.));
#4102 = VECTOR('',#4103,1.);
#4103 = DIRECTION('',(0.,1.));
#4104 = ( GEOMETRIC_REPRESENTATION_CONTEXT(2) 
PARAMETRIC_REPRESENTATION_CONTEXT() REPRESENTATION_CONTEXT('2D SPACE',''
  ) );
#4105 = ORIENTED_EDGE('',*,*,#3962,.T.);
#4106 = ORIENTED_EDGE('',*,*,#4059,.F.);
#4107 = ADVANCED_FACE('',(#4108),#3716,.F.);
#4108 = FACE_BOUND('',#4109,.F.);
#4109 = EDGE_LOOP('',(#4110,#4111,#4112,#4133));
#4110 = ORIENTED_EDGE('',*,*,#4085,.T.);
#4111 = ORIENTED_EDGE('',*,*,#3985,.F.);
#4112 = ORIENTED_EDGE('',*,*,#4113,.F.);
#4113 = EDGE_CURVE('',#3672,#3986,#4114,.T.);
#4114 = SURFACE_CURVE('',#4115,(#4119,#4126),.PCURVE_S1.);
#4115 = LINE('',#4116,#4117);
#4116 = CARTESIAN_POINT('',(-8.460502380301,-0.25,-0.125968753436));
#4117 = VECTOR('',#4118,1.);
#4118 = DIRECTION('',(0.,1.,0.));
#4119 = PCURVE('',#3716,#4120);
#4120 = DEFINITIONAL_REPRESENTATION('',(#4121),#4125);
#4121 = LINE('',#4122,#4123);
#4122 = CARTESIAN_POINT('',(3.14159265359,0.));
#4123 = VECTOR('',#4124,1.);
#4124 = DIRECTION('',(0.,1.));
#4125 = ( GEOMETRIC_REPRESENTATION_CONTEXT(2) 
PARAMETRIC_REPRESENTATION_CONTEXT() REPRESENTATION_CONTEXT('2D SPACE',''
  ) );
#4126 = PCURVE('',#3687,#4127);
#4127 = DEFINITIONAL_REPRESENTATION('',(#4128),#4132);
#4128 = LINE('',#4129,#4130);
#4129 = CARTESIAN_POINT('',(0.54356,-6.48681108828E-17));
#4130 = VECTOR('',#4131,1.);
#4131 = DIRECTION('',(1.193393753823E-16,1.));
#4132 = ( GEOMETRIC_REPRESENTATION_CONTEXT(2) 
PARAMETRIC_REPRESENTATION_CONTEXT() REPRESENTATION_CONTEXT('2D SPACE',''
  ) );
#4133 = ORIENTED_EDGE('',*,*,#3699,.T.);
#4134 = ADVANCED_FACE('',(#4135),#3687,.F.);
#4135 = FACE_BOUND('',#4136,.T.);
#4136 = EDGE_LOOP('',(#4137,#4138,#4159,#4160));
#4137 = ORIENTED_EDGE('',*,*,#3671,.F.);
#4138 = ORIENTED_EDGE('',*,*,#4139,.T.);
#4139 = EDGE_CURVE('',#3643,#4010,#4140,.T.);
#4140 = SURFACE_CURVE('',#4141,(#4145,#4152),.PCURVE_S1.);
#4141 = LINE('',#4142,#4143);
#4142 = CARTESIAN_POINT('',(-8.460502380301,-0.25,-0.669528753436));
#4143 = VECTOR('',#4144,1.);
#4144 = DIRECTION('',(0.,1.,0.));
#4145 = PCURVE('',#3687,#4146);
#4146 = DEFINITIONAL_REPRESENTATION('',(#4147),#4151);
#4147 = LINE('',#4148,#4149);
#4148 = CARTESIAN_POINT('',(0.,0.));
#4149 = VECTOR('',#4150,1.);
#4150 = DIRECTION('',(1.193393753823E-16,1.));
#4151 = ( GEOMETRIC_REPRESENTATION_CONTEXT(2) 
PARAMETRIC_REPRESENTATION_CONTEXT() REPRESENTATION_CONTEXT('2D SPACE',''
  ) );
#4152 = PCURVE('',#3659,#4153);
#4153 = DEFINITIONAL_REPRESENTATION('',(#4154),#4158);
#4154 = LINE('',#4155,#4156);
#4155 = CARTESIAN_POINT('',(3.14159265359,0.));
#4156 = VECTOR('',#4157,1.);
#4157 = DIRECTION('',(0.,1.));
#4158 = ( GEOMETRIC_REPRESENTATION_CONTEXT(2) 
PARAMETRIC_REPRESENTATION_CONTEXT() REPRESENTATION_CONTEXT('2D SPACE',''
  ) );
#4159 = ORIENTED_EDGE('',*,*,#4009,.T.);
#4160 = ORIENTED_EDGE('',*,*,#4113,.F.);
#4161 = ADVANCED_FACE('',(#4162),#3659,.F.);
#4162 = FACE_BOUND('',#4163,.F.);
#4163 = EDGE_LOOP('',(#4164,#4165,#4166,#4187));
#4164 = ORIENTED_EDGE('',*,*,#4139,.T.);
#4165 = ORIENTED_EDGE('',*,*,#4032,.F.);
#4166 = ORIENTED_EDGE('',*,*,#4167,.F.);
#4167 = EDGE_CURVE('',#3615,#3893,#4168,.T.);
#4168 = SURFACE_CURVE('',#4169,(#4173,#4180),.PCURVE_S1.);
#4169 = LINE('',#4170,#4171);
#4170 = CARTESIAN_POINT('',(-8.188338901603,-0.25,-0.942577314282));
#4171 = VECTOR('',#4172,1.);
#4172 = DIRECTION('',(0.,1.,0.));
#4173 = PCURVE('',#3659,#4174);
#4174 = DEFINITIONAL_REPRESENTATION('',(#4175),#4179);
#4175 = LINE('',#4176,#4177);
#4176 = CARTESIAN_POINT('',(1.574043068633,0.));
#4177 = VECTOR('',#4178,1.);
#4178 = DIRECTION('',(0.,1.));
#4179 = ( GEOMETRIC_REPRESENTATION_CONTEXT(2) 
PARAMETRIC_REPRESENTATION_CONTEXT() REPRESENTATION_CONTEXT('2D SPACE',''
  ) );
#4180 = PCURVE('',#3630,#4181);
#4181 = DEFINITIONAL_REPRESENTATION('',(#4182),#4186);
#4182 = LINE('',#4183,#4184);
#4183 = CARTESIAN_POINT('',(1.564648246731,-2.819966482545E-19));
#4184 = VECTOR('',#4185,1.);
#4185 = DIRECTION('',(1.802300605543E-19,1.));
#4186 = ( GEOMETRIC_REPRESENTATION_CONTEXT(2) 
PARAMETRIC_REPRESENTATION_CONTEXT() REPRESENTATION_CONTEXT('2D SPACE',''
  ) );
#4187 = ORIENTED_EDGE('',*,*,#3642,.T.);
#4188 = ADVANCED_FACE('',(#4189),#3630,.F.);
#4189 = FACE_BOUND('',#4190,.T.);
#4190 = EDGE_LOOP('',(#4191,#4192,#4213,#4214));
#4191 = ORIENTED_EDGE('',*,*,#3614,.F.);
#4192 = ORIENTED_EDGE('',*,*,#4193,.T.);
#4193 = EDGE_CURVE('',#3586,#3891,#4194,.T.);
#4194 = SURFACE_CURVE('',#4195,(#4199,#4206),.PCURVE_S1.);
#4195 = LINE('',#4196,#4197);
#4196 = CARTESIAN_POINT('',(-6.623698901603,-0.25,-0.947657314282));
#4197 = VECTOR('',#4198,1.);
#4198 = DIRECTION('',(0.,1.,0.));
#4199 = PCURVE('',#3630,#4200);
#4200 = DEFINITIONAL_REPRESENTATION('',(#4201),#4205);
#4201 = LINE('',#4202,#4203);
#4202 = CARTESIAN_POINT('',(0.,0.));
#4203 = VECTOR('',#4204,1.);
#4204 = DIRECTION('',(1.802300605543E-19,1.));
#4205 = ( GEOMETRIC_REPRESENTATION_CONTEXT(2) 
PARAMETRIC_REPRESENTATION_CONTEXT() REPRESENTATION_CONTEXT('2D SPACE',''
  ) );
#4206 = PCURVE('',#3602,#4207);
#4207 = DEFINITIONAL_REPRESENTATION('',(#4208),#4212);
#4208 = LINE('',#4209,#4210);
#4209 = CARTESIAN_POINT('',(1.574043068633,0.));
#4210 = VECTOR('',#4211,1.);
#4211 = DIRECTION('',(0.,1.));
#4212 = ( GEOMETRIC_REPRESENTATION_CONTEXT(2) 
PARAMETRIC_REPRESENTATION_CONTEXT() REPRESENTATION_CONTEXT('2D SPACE',''
  ) );
#4213 = ORIENTED_EDGE('',*,*,#3890,.T.);
#4214 = ORIENTED_EDGE('',*,*,#4167,.F.);
#4215 = ADVANCED_FACE('',(#4216),#3602,.F.);
#4216 = FACE_BOUND('',#4217,.F.);
#4217 = EDGE_LOOP('',(#4218,#4219,#4220,#4221));
#4218 = ORIENTED_EDGE('',*,*,#4193,.T.);
#4219 = ORIENTED_EDGE('',*,*,#3915,.F.);
#4220 = ORIENTED_EDGE('',*,*,#3866,.F.);
#4221 = ORIENTED_EDGE('',*,*,#3583,.T.);
#4222 = ADVANCED_FACE('',(#4223),#3569,.F.);
#4223 = FACE_BOUND('',#4224,.T.);
#4224 = EDGE_LOOP('',(#4225,#4226,#4249,#4277));
#4225 = ORIENTED_EDGE('',*,*,#3555,.F.);
#4226 = ORIENTED_EDGE('',*,*,#4227,.T.);
#4227 = EDGE_CURVE('',#3527,#4228,#4230,.T.);
#4228 = VERTEX_POINT('',#4229);
#4229 = CARTESIAN_POINT('',(-6.349762381314,-0.24,-2.030992274494));
#4230 = SURFACE_CURVE('',#4231,(#4235,#4242),.PCURVE_S1.);
#4231 = LINE('',#4232,#4233);
#4232 = CARTESIAN_POINT('',(-6.349762381314,-0.25,-2.030992274494));
#4233 = VECTOR('',#4234,1.);
#4234 = DIRECTION('',(0.,1.,0.));
#4235 = PCURVE('',#3569,#4236);
#4236 = DEFINITIONAL_REPRESENTATION('',(#4237),#4241);
#4237 = LINE('',#4238,#4239);
#4238 = CARTESIAN_POINT('',(-0.,0.));
#4239 = VECTOR('',#4240,1.);
#4240 = DIRECTION('',(-5.55111510253E-17,1.));
#4241 = ( GEOMETRIC_REPRESENTATION_CONTEXT(2) 
PARAMETRIC_REPRESENTATION_CONTEXT() REPRESENTATION_CONTEXT('2D SPACE',''
  ) );
#4242 = PCURVE('',#3543,#4243);
#4243 = DEFINITIONAL_REPRESENTATION('',(#4244),#4248);
#4244 = LINE('',#4245,#4246);
#4245 = CARTESIAN_POINT('',(6.283271449123,0.));
#4246 = VECTOR('',#4247,1.);
#4247 = DIRECTION('',(0.,1.));
#4248 = ( GEOMETRIC_REPRESENTATION_CONTEXT(2) 
PARAMETRIC_REPRESENTATION_CONTEXT() REPRESENTATION_CONTEXT('2D SPACE',''
  ) );
#4249 = ORIENTED_EDGE('',*,*,#4250,.T.);
#4250 = EDGE_CURVE('',#4228,#4251,#4253,.T.);
#4251 = VERTEX_POINT('',#4252);
#4252 = CARTESIAN_POINT('',(-6.349809640205,-0.24,-2.579608753436));
#4253 = SURFACE_CURVE('',#4254,(#4258,#4265),.PCURVE_S1.);
#4254 = LINE('',#4255,#4256);
#4255 = CARTESIAN_POINT('',(-6.349809640205,-0.24,-2.579608753436));
#4256 = VECTOR('',#4257,1.);
#4257 = DIRECTION('',(-8.614194511177E-05,-5.55111510253E-17,
    -0.99999999629));
#4258 = PCURVE('',#3569,#4259);
#4259 = DEFINITIONAL_REPRESENTATION('',(#4260),#4264);
#4260 = LINE('',#4261,#4262);
#4261 = CARTESIAN_POINT('',(0.548616480978,1.E-02));
#4262 = VECTOR('',#4263,1.);
#4263 = DIRECTION('',(1.,7.691277366558E-33));
#4264 = ( GEOMETRIC_REPRESENTATION_CONTEXT(2) 
PARAMETRIC_REPRESENTATION_CONTEXT() REPRESENTATION_CONTEXT('2D SPACE',''
  ) );
#4265 = PCURVE('',#4266,#4271);
#4266 = PLANE('',#4267);
#4267 = AXIS2_PLACEMENT_3D('',#4268,#4269,#4270);
#4268 = CARTESIAN_POINT('',(-7.405132380301,-0.24,-2.302748753436));
#4269 = DIRECTION('',(-2.927413515469E-31,1.,-5.551115123126E-17));
#4270 = DIRECTION('',(1.,2.927413515469E-31,-1.642146637881E-47));
#4271 = DEFINITIONAL_REPRESENTATION('',(#4272),#4276);
#4272 = LINE('',#4273,#4274);
#4273 = CARTESIAN_POINT('',(1.055322740096,0.27686));
#4274 = VECTOR('',#4275,1.);
#4275 = DIRECTION('',(-8.614194511177E-05,0.99999999629));
#4276 = ( GEOMETRIC_REPRESENTATION_CONTEXT(2) 
PARAMETRIC_REPRESENTATION_CONTEXT() REPRESENTATION_CONTEXT('2D SPACE',''
  ) );
#4277 = ORIENTED_EDGE('',*,*,#4278,.F.);
#4278 = EDGE_CURVE('',#3354,#4251,#4279,.T.);
#4279 = SURFACE_CURVE('',#4280,(#4284,#4291),.PCURVE_S1.);
#4280 = LINE('',#4281,#4282);
#4281 = CARTESIAN_POINT('',(-6.349809640205,-0.25,-2.579608753436));
#4282 = VECTOR('',#4283,1.);
#4283 = DIRECTION('',(0.,1.,0.));
#4284 = PCURVE('',#3569,#4285);
#4285 = DEFINITIONAL_REPRESENTATION('',(#4286),#4290);
#4286 = LINE('',#4287,#4288);
#4287 = CARTESIAN_POINT('',(0.548616480978,3.045433233054E-17));
#4288 = VECTOR('',#4289,1.);
#4289 = DIRECTION('',(-5.55111510253E-17,1.));
#4290 = ( GEOMETRIC_REPRESENTATION_CONTEXT(2) 
PARAMETRIC_REPRESENTATION_CONTEXT() REPRESENTATION_CONTEXT('2D SPACE',''
  ) );
#4291 = PCURVE('',#3372,#4292);
#4292 = DEFINITIONAL_REPRESENTATION('',(#4293),#4297);
#4293 = LINE('',#4294,#4295);
#4294 = CARTESIAN_POINT('',(1.860572461098E-02,0.));
#4295 = VECTOR('',#4296,1.);
#4296 = DIRECTION('',(0.,1.));
#4297 = ( GEOMETRIC_REPRESENTATION_CONTEXT(2) 
PARAMETRIC_REPRESENTATION_CONTEXT() REPRESENTATION_CONTEXT('2D SPACE',''
  ) );
#4298 = ADVANCED_FACE('',(#4299),#4266,.F.);
#4299 = FACE_BOUND('',#4300,.T.);
#4300 = EDGE_LOOP('',(#4301,#4326,#4348,#4349,#4373,#4396,#4420,#4443));
#4301 = ORIENTED_EDGE('',*,*,#4302,.F.);
#4302 = EDGE_CURVE('',#4303,#4305,#4307,.T.);
#4303 = VERTEX_POINT('',#4304);
#4304 = CARTESIAN_POINT('',(-6.622812380301,-0.24,-2.847578753436));
#4305 = VERTEX_POINT('',#4306);
#4306 = CARTESIAN_POINT('',(-8.187452380301,-0.24,-2.847578753436));
#4307 = SURFACE_CURVE('',#4308,(#4312,#4319),.PCURVE_S1.);
#4308 = LINE('',#4309,#4310);
#4309 = CARTESIAN_POINT('',(-6.622812380301,-0.24,-2.847578753436));
#4310 = VECTOR('',#4311,1.);
#4311 = DIRECTION('',(-1.,3.08148791102E-33,-2.449856478406E-63));
#4312 = PCURVE('',#4266,#4313);
#4313 = DEFINITIONAL_REPRESENTATION('',(#4314),#4318);
#4314 = LINE('',#4315,#4316);
#4315 = CARTESIAN_POINT('',(0.78232,0.54483));
#4316 = VECTOR('',#4317,1.);
#4317 = DIRECTION('',(-1.,-1.70160574004E-62));
#4318 = ( GEOMETRIC_REPRESENTATION_CONTEXT(2) 
PARAMETRIC_REPRESENTATION_CONTEXT() REPRESENTATION_CONTEXT('2D SPACE',''
  ) );
#4319 = PCURVE('',#3400,#4320);
#4320 = DEFINITIONAL_REPRESENTATION('',(#4321),#4325);
#4321 = LINE('',#4322,#4323);
#4322 = CARTESIAN_POINT('',(3.08148791102E-35,1.E-02));
#4323 = VECTOR('',#4324,1.);
#4324 = DIRECTION('',(1.,-1.849446417509E-158));
#4325 = ( GEOMETRIC_REPRESENTATION_CONTEXT(2) 
PARAMETRIC_REPRESENTATION_CONTEXT() REPRESENTATION_CONTEXT('2D SPACE',''
  ) );
#4326 = ORIENTED_EDGE('',*,*,#4327,.F.);
#4327 = EDGE_CURVE('',#4251,#4303,#4328,.T.);
#4328 = SURFACE_CURVE('',#4329,(#4334,#4341),.PCURVE_S1.);
#4329 = CIRCLE('',#4330,0.27305);
#4330 = AXIS2_PLACEMENT_3D('',#4331,#4332,#4333);
#4331 = CARTESIAN_POINT('',(-6.622812380301,-0.24,-2.574528753436));
#4332 = DIRECTION('',(-2.927413515469E-31,1.,-5.551115123126E-17));
#4333 = DIRECTION('',(1.,2.927413515469E-31,-1.642146637881E-47));
#4334 = PCURVE('',#4266,#4335);
#4335 = DEFINITIONAL_REPRESENTATION('',(#4336),#4340);
#4336 = CIRCLE('',#4337,0.27305);
#4337 = AXIS2_PLACEMENT_2D('',#4338,#4339);
#4338 = CARTESIAN_POINT('',(0.78232,0.27178));
#4339 = DIRECTION('',(1.,5.347903754412E-62));
#4340 = ( GEOMETRIC_REPRESENTATION_CONTEXT(2) 
PARAMETRIC_REPRESENTATION_CONTEXT() REPRESENTATION_CONTEXT('2D SPACE',''
  ) );
#4341 = PCURVE('',#3372,#4342);
#4342 = DEFINITIONAL_REPRESENTATION('',(#4343),#4347);
#4343 = LINE('',#4344,#4345);
#4344 = CARTESIAN_POINT('',(-6.00214322688E-16,1.E-02));
#4345 = VECTOR('',#4346,1.);
#4346 = DIRECTION('',(1.,-1.788155112947E-17));
#4347 = ( GEOMETRIC_REPRESENTATION_CONTEXT(2) 
PARAMETRIC_REPRESENTATION_CONTEXT() REPRESENTATION_CONTEXT('2D SPACE',''
  ) );
#4348 = ORIENTED_EDGE('',*,*,#4250,.F.);
#4349 = ORIENTED_EDGE('',*,*,#4350,.F.);
#4350 = EDGE_CURVE('',#4351,#4228,#4353,.T.);
#4351 = VERTEX_POINT('',#4352);
#4352 = CARTESIAN_POINT('',(-6.622812380301,-0.24,-1.757918753436));
#4353 = SURFACE_CURVE('',#4354,(#4359,#4366),.PCURVE_S1.);
#4354 = CIRCLE('',#4355,0.27305);
#4355 = AXIS2_PLACEMENT_3D('',#4356,#4357,#4358);
#4356 = CARTESIAN_POINT('',(-6.622812380301,-0.24,-2.030968753436));
#4357 = DIRECTION('',(-2.927413515469E-31,1.,-5.551115123126E-17));
#4358 = DIRECTION('',(1.,2.927413515469E-31,-1.642146637881E-47));
#4359 = PCURVE('',#4266,#4360);
#4360 = DEFINITIONAL_REPRESENTATION('',(#4361),#4365);
#4361 = CIRCLE('',#4362,0.27305);
#4362 = AXIS2_PLACEMENT_2D('',#4363,#4364);
#4363 = CARTESIAN_POINT('',(0.78232,-0.27178));
#4364 = DIRECTION('',(1.,5.347903754412E-62));
#4365 = ( GEOMETRIC_REPRESENTATION_CONTEXT(2) 
PARAMETRIC_REPRESENTATION_CONTEXT() REPRESENTATION_CONTEXT('2D SPACE',''
  ) );
#4366 = PCURVE('',#3543,#4367);
#4367 = DEFINITIONAL_REPRESENTATION('',(#4368),#4372);
#4368 = LINE('',#4369,#4370);
#4369 = CARTESIAN_POINT('',(0.,1.E-02));
#4370 = VECTOR('',#4371,1.);
#4371 = DIRECTION('',(1.,-1.766877928043E-17));
#4372 = ( GEOMETRIC_REPRESENTATION_CONTEXT(2) 
PARAMETRIC_REPRESENTATION_CONTEXT() REPRESENTATION_CONTEXT('2D SPACE',''
  ) );
#4373 = ORIENTED_EDGE('',*,*,#4374,.F.);
#4374 = EDGE_CURVE('',#4375,#4351,#4377,.T.);
#4375 = VERTEX_POINT('',#4376);
#4376 = CARTESIAN_POINT('',(-8.187452380301,-0.24,-1.757918753436));
#4377 = SURFACE_CURVE('',#4378,(#4382,#4389),.PCURVE_S1.);
#4378 = LINE('',#4379,#4380);
#4379 = CARTESIAN_POINT('',(-8.187452380301,-0.24,-1.757918753436));
#4380 = VECTOR('',#4381,1.);
#4381 = DIRECTION('',(1.,4.434818171533E-17,-3.973597081694E-14));
#4382 = PCURVE('',#4266,#4383);
#4383 = DEFINITIONAL_REPRESENTATION('',(#4384),#4388);
#4384 = LINE('',#4385,#4386);
#4385 = CARTESIAN_POINT('',(-0.78232,-0.54483));
#4386 = VECTOR('',#4387,1.);
#4387 = DIRECTION('',(1.,3.973597081694E-14));
#4388 = ( GEOMETRIC_REPRESENTATION_CONTEXT(2) 
PARAMETRIC_REPRESENTATION_CONTEXT() REPRESENTATION_CONTEXT('2D SPACE',''
  ) );
#4389 = PCURVE('',#3514,#4390);
#4390 = DEFINITIONAL_REPRESENTATION('',(#4391),#4395);
#4391 = LINE('',#4392,#4393);
#4392 = CARTESIAN_POINT('',(4.434818171533E-19,1.E-02));
#4393 = VECTOR('',#4394,1.);
#4394 = DIRECTION('',(1.,-7.002344518368E-44));
#4395 = ( GEOMETRIC_REPRESENTATION_CONTEXT(2) 
PARAMETRIC_REPRESENTATION_CONTEXT() REPRESENTATION_CONTEXT('2D SPACE',''
  ) );
#4396 = ORIENTED_EDGE('',*,*,#4397,.F.);
#4397 = EDGE_CURVE('',#4398,#4375,#4400,.T.);
#4398 = VERTEX_POINT('',#4399);
#4399 = CARTESIAN_POINT('',(-8.460502380301,-0.24,-2.030968753436));
#4400 = SURFACE_CURVE('',#4401,(#4406,#4413),.PCURVE_S1.);
#4401 = CIRCLE('',#4402,0.27305);
#4402 = AXIS2_PLACEMENT_3D('',#4403,#4404,#4405);
#4403 = CARTESIAN_POINT('',(-8.187452380301,-0.24,-2.030968753436));
#4404 = DIRECTION('',(-2.927413515469E-31,1.,-5.551115123126E-17));
#4405 = DIRECTION('',(1.,2.927413515469E-31,-1.642146637881E-47));
#4406 = PCURVE('',#4266,#4407);
#4407 = DEFINITIONAL_REPRESENTATION('',(#4408),#4412);
#4408 = CIRCLE('',#4409,0.27305);
#4409 = AXIS2_PLACEMENT_2D('',#4410,#4411);
#4410 = CARTESIAN_POINT('',(-0.78232,-0.27178));
#4411 = DIRECTION('',(1.,5.347903754412E-62));
#4412 = ( GEOMETRIC_REPRESENTATION_CONTEXT(2) 
PARAMETRIC_REPRESENTATION_CONTEXT() REPRESENTATION_CONTEXT('2D SPACE',''
  ) );
#4413 = PCURVE('',#3486,#4414);
#4414 = DEFINITIONAL_REPRESENTATION('',(#4415),#4419);
#4415 = LINE('',#4416,#4417);
#4416 = CARTESIAN_POINT('',(0.,1.E-02));
#4417 = VECTOR('',#4418,1.);
#4418 = DIRECTION('',(1.,1.766974823035E-17));
#4419 = ( GEOMETRIC_REPRESENTATION_CONTEXT(2) 
PARAMETRIC_REPRESENTATION_CONTEXT() REPRESENTATION_CONTEXT('2D SPACE',''
  ) );
#4420 = ORIENTED_EDGE('',*,*,#4421,.F.);
#4421 = EDGE_CURVE('',#4422,#4398,#4424,.T.);
#4422 = VERTEX_POINT('',#4423);
#4423 = CARTESIAN_POINT('',(-8.460502380301,-0.24,-2.574528753436));
#4424 = SURFACE_CURVE('',#4425,(#4429,#4436),.PCURVE_S1.);
#4425 = LINE('',#4426,#4427);
#4426 = CARTESIAN_POINT('',(-8.460502380301,-0.24,-2.574528753436));
#4427 = VECTOR('',#4428,1.);
#4428 = DIRECTION('',(-3.268005076533E-14,1.831675995333E-16,1.));
#4429 = PCURVE('',#4266,#4430);
#4430 = DEFINITIONAL_REPRESENTATION('',(#4431),#4435);
#4431 = LINE('',#4432,#4433);
#4432 = CARTESIAN_POINT('',(-1.05537,0.27178));
#4433 = VECTOR('',#4434,1.);
#4434 = DIRECTION('',(-3.268005076533E-14,-1.));
#4435 = ( GEOMETRIC_REPRESENTATION_CONTEXT(2) 
PARAMETRIC_REPRESENTATION_CONTEXT() REPRESENTATION_CONTEXT('2D SPACE',''
  ) );
#4436 = PCURVE('',#3457,#4437);
#4437 = DEFINITIONAL_REPRESENTATION('',(#4438),#4442);
#4438 = LINE('',#4439,#4440);
#4439 = CARTESIAN_POINT('',(1.831675995333E-18,1.E-02));
#4440 = VECTOR('',#4441,1.);
#4441 = DIRECTION('',(1.,0.));
#4442 = ( GEOMETRIC_REPRESENTATION_CONTEXT(2) 
PARAMETRIC_REPRESENTATION_CONTEXT() REPRESENTATION_CONTEXT('2D SPACE',''
  ) );
#4443 = ORIENTED_EDGE('',*,*,#4444,.F.);
#4444 = EDGE_CURVE('',#4305,#4422,#4445,.T.);
#4445 = SURFACE_CURVE('',#4446,(#4451,#4458),.PCURVE_S1.);
#4446 = CIRCLE('',#4447,0.27305);
#4447 = AXIS2_PLACEMENT_3D('',#4448,#4449,#4450);
#4448 = CARTESIAN_POINT('',(-8.187452380301,-0.24,-2.574528753436));
#4449 = DIRECTION('',(-2.927413515469E-31,1.,-5.551115123126E-17));
#4450 = DIRECTION('',(1.,2.927413515469E-31,-1.642146637881E-47));
#4451 = PCURVE('',#4266,#4452);
#4452 = DEFINITIONAL_REPRESENTATION('',(#4453),#4457);
#4453 = CIRCLE('',#4454,0.27305);
#4454 = AXIS2_PLACEMENT_2D('',#4455,#4456);
#4455 = CARTESIAN_POINT('',(-0.78232,0.27178));
#4456 = DIRECTION('',(1.,5.347903754412E-62));
#4457 = ( GEOMETRIC_REPRESENTATION_CONTEXT(2) 
PARAMETRIC_REPRESENTATION_CONTEXT() REPRESENTATION_CONTEXT('2D SPACE',''
  ) );
#4458 = PCURVE('',#3429,#4459);
#4459 = DEFINITIONAL_REPRESENTATION('',(#4460),#4464);
#4460 = LINE('',#4461,#4462);
#4461 = CARTESIAN_POINT('',(0.,1.E-02));
#4462 = VECTOR('',#4463,1.);
#4463 = DIRECTION('',(1.,1.766974823035E-17));
#4464 = ( GEOMETRIC_REPRESENTATION_CONTEXT(2) 
PARAMETRIC_REPRESENTATION_CONTEXT() REPRESENTATION_CONTEXT('2D SPACE',''
  ) );
#4465 = ADVANCED_FACE('',(#4466),#3543,.F.);
#4466 = FACE_BOUND('',#4467,.F.);
#4467 = EDGE_LOOP('',(#4468,#4469,#4470,#4491));
#4468 = ORIENTED_EDGE('',*,*,#4227,.T.);
#4469 = ORIENTED_EDGE('',*,*,#4350,.F.);
#4470 = ORIENTED_EDGE('',*,*,#4471,.F.);
#4471 = EDGE_CURVE('',#3499,#4351,#4472,.T.);
#4472 = SURFACE_CURVE('',#4473,(#4477,#4484),.PCURVE_S1.);
#4473 = LINE('',#4474,#4475);
#4474 = CARTESIAN_POINT('',(-6.622812380301,-0.25,-1.757918753436));
#4475 = VECTOR('',#4476,1.);
#4476 = DIRECTION('',(0.,1.,0.));
#4477 = PCURVE('',#3543,#4478);
#4478 = DEFINITIONAL_REPRESENTATION('',(#4479),#4483);
#4479 = LINE('',#4480,#4481);
#4480 = CARTESIAN_POINT('',(4.712388980385,0.));
#4481 = VECTOR('',#4482,1.);
#4482 = DIRECTION('',(0.,1.));
#4483 = ( GEOMETRIC_REPRESENTATION_CONTEXT(2) 
PARAMETRIC_REPRESENTATION_CONTEXT() REPRESENTATION_CONTEXT('2D SPACE',''
  ) );
#4484 = PCURVE('',#3514,#4485);
#4485 = DEFINITIONAL_REPRESENTATION('',(#4486),#4490);
#4486 = LINE('',#4487,#4488);
#4487 = CARTESIAN_POINT('',(1.56464,-6.938893903907E-17));
#4488 = VECTOR('',#4489,1.);
#4489 = DIRECTION('',(4.434818171533E-17,1.));
#4490 = ( GEOMETRIC_REPRESENTATION_CONTEXT(2) 
PARAMETRIC_REPRESENTATION_CONTEXT() REPRESENTATION_CONTEXT('2D SPACE',''
  ) );
#4491 = ORIENTED_EDGE('',*,*,#3526,.T.);
#4492 = ADVANCED_FACE('',(#4493),#3514,.F.);
#4493 = FACE_BOUND('',#4494,.T.);
#4494 = EDGE_LOOP('',(#4495,#4496,#4517,#4518));
#4495 = ORIENTED_EDGE('',*,*,#3498,.F.);
#4496 = ORIENTED_EDGE('',*,*,#4497,.T.);
#4497 = EDGE_CURVE('',#3470,#4375,#4498,.T.);
#4498 = SURFACE_CURVE('',#4499,(#4503,#4510),.PCURVE_S1.);
#4499 = LINE('',#4500,#4501);
#4500 = CARTESIAN_POINT('',(-8.187452380301,-0.25,-1.757918753436));
#4501 = VECTOR('',#4502,1.);
#4502 = DIRECTION('',(0.,1.,0.));
#4503 = PCURVE('',#3514,#4504);
#4504 = DEFINITIONAL_REPRESENTATION('',(#4505),#4509);
#4505 = LINE('',#4506,#4507);
#4506 = CARTESIAN_POINT('',(0.,0.));
#4507 = VECTOR('',#4508,1.);
#4508 = DIRECTION('',(4.434818171533E-17,1.));
#4509 = ( GEOMETRIC_REPRESENTATION_CONTEXT(2) 
PARAMETRIC_REPRESENTATION_CONTEXT() REPRESENTATION_CONTEXT('2D SPACE',''
  ) );
#4510 = PCURVE('',#3486,#4511);
#4511 = DEFINITIONAL_REPRESENTATION('',(#4512),#4516);
#4512 = LINE('',#4513,#4514);
#4513 = CARTESIAN_POINT('',(4.712388980385,0.));
#4514 = VECTOR('',#4515,1.);
#4515 = DIRECTION('',(0.,1.));
#4516 = ( GEOMETRIC_REPRESENTATION_CONTEXT(2) 
PARAMETRIC_REPRESENTATION_CONTEXT() REPRESENTATION_CONTEXT('2D SPACE',''
  ) );
#4517 = ORIENTED_EDGE('',*,*,#4374,.T.);
#4518 = ORIENTED_EDGE('',*,*,#4471,.F.);
#4519 = ADVANCED_FACE('',(#4520),#3486,.F.);
#4520 = FACE_BOUND('',#4521,.F.);
#4521 = EDGE_LOOP('',(#4522,#4523,#4524,#4545));
#4522 = ORIENTED_EDGE('',*,*,#4497,.T.);
#4523 = ORIENTED_EDGE('',*,*,#4397,.F.);
#4524 = ORIENTED_EDGE('',*,*,#4525,.F.);
#4525 = EDGE_CURVE('',#3442,#4398,#4526,.T.);
#4526 = SURFACE_CURVE('',#4527,(#4531,#4538),.PCURVE_S1.);
#4527 = LINE('',#4528,#4529);
#4528 = CARTESIAN_POINT('',(-8.460502380301,-0.25,-2.030968753436));
#4529 = VECTOR('',#4530,1.);
#4530 = DIRECTION('',(0.,1.,0.));
#4531 = PCURVE('',#3486,#4532);
#4532 = DEFINITIONAL_REPRESENTATION('',(#4533),#4537);
#4533 = LINE('',#4534,#4535);
#4534 = CARTESIAN_POINT('',(3.14159265359,0.));
#4535 = VECTOR('',#4536,1.);
#4536 = DIRECTION('',(0.,1.));
#4537 = ( GEOMETRIC_REPRESENTATION_CONTEXT(2) 
PARAMETRIC_REPRESENTATION_CONTEXT() REPRESENTATION_CONTEXT('2D SPACE',''
  ) );
#4538 = PCURVE('',#3457,#4539);
#4539 = DEFINITIONAL_REPRESENTATION('',(#4540),#4544);
#4540 = LINE('',#4541,#4542);
#4541 = CARTESIAN_POINT('',(0.54356,-9.956258040233E-17));
#4542 = VECTOR('',#4543,1.);
#4543 = DIRECTION('',(1.831675995333E-16,1.));
#4544 = ( GEOMETRIC_REPRESENTATION_CONTEXT(2) 
PARAMETRIC_REPRESENTATION_CONTEXT() REPRESENTATION_CONTEXT('2D SPACE',''
  ) );
#4545 = ORIENTED_EDGE('',*,*,#3469,.T.);
#4546 = ADVANCED_FACE('',(#4547),#3457,.F.);
#4547 = FACE_BOUND('',#4548,.T.);
#4548 = EDGE_LOOP('',(#4549,#4550,#4571,#4572));
#4549 = ORIENTED_EDGE('',*,*,#3441,.F.);
#4550 = ORIENTED_EDGE('',*,*,#4551,.T.);
#4551 = EDGE_CURVE('',#3413,#4422,#4552,.T.);
#4552 = SURFACE_CURVE('',#4553,(#4557,#4564),.PCURVE_S1.);
#4553 = LINE('',#4554,#4555);
#4554 = CARTESIAN_POINT('',(-8.460502380301,-0.25,-2.574528753436));
#4555 = VECTOR('',#4556,1.);
#4556 = DIRECTION('',(0.,1.,0.));
#4557 = PCURVE('',#3457,#4558);
#4558 = DEFINITIONAL_REPRESENTATION('',(#4559),#4563);
#4559 = LINE('',#4560,#4561);
#4560 = CARTESIAN_POINT('',(0.,0.));
#4561 = VECTOR('',#4562,1.);
#4562 = DIRECTION('',(1.831675995333E-16,1.));
#4563 = ( GEOMETRIC_REPRESENTATION_CONTEXT(2) 
PARAMETRIC_REPRESENTATION_CONTEXT() REPRESENTATION_CONTEXT('2D SPACE',''
  ) );
#4564 = PCURVE('',#3429,#4565);
#4565 = DEFINITIONAL_REPRESENTATION('',(#4566),#4570);
#4566 = LINE('',#4567,#4568);
#4567 = CARTESIAN_POINT('',(3.14159265359,0.));
#4568 = VECTOR('',#4569,1.);
#4569 = DIRECTION('',(0.,1.));
#4570 = ( GEOMETRIC_REPRESENTATION_CONTEXT(2) 
PARAMETRIC_REPRESENTATION_CONTEXT() REPRESENTATION_CONTEXT('2D SPACE',''
  ) );
#4571 = ORIENTED_EDGE('',*,*,#4421,.T.);
#4572 = ORIENTED_EDGE('',*,*,#4525,.F.);
#4573 = ADVANCED_FACE('',(#4574),#3429,.F.);
#4574 = FACE_BOUND('',#4575,.F.);
#4575 = EDGE_LOOP('',(#4576,#4577,#4578,#4599));
#4576 = ORIENTED_EDGE('',*,*,#4551,.T.);
#4577 = ORIENTED_EDGE('',*,*,#4444,.F.);
#4578 = ORIENTED_EDGE('',*,*,#4579,.F.);
#4579 = EDGE_CURVE('',#3385,#4305,#4580,.T.);
#4580 = SURFACE_CURVE('',#4581,(#4585,#4592),.PCURVE_S1.);
#4581 = LINE('',#4582,#4583);
#4582 = CARTESIAN_POINT('',(-8.187452380301,-0.25,-2.847578753436));
#4583 = VECTOR('',#4584,1.);
#4584 = DIRECTION('',(0.,1.,0.));
#4585 = PCURVE('',#3429,#4586);
#4586 = DEFINITIONAL_REPRESENTATION('',(#4587),#4591);
#4587 = LINE('',#4588,#4589);
#4588 = CARTESIAN_POINT('',(1.570796326794,0.));
#4589 = VECTOR('',#4590,1.);
#4590 = DIRECTION('',(0.,1.));
#4591 = ( GEOMETRIC_REPRESENTATION_CONTEXT(2) 
PARAMETRIC_REPRESENTATION_CONTEXT() REPRESENTATION_CONTEXT('2D SPACE',''
  ) );
#4592 = PCURVE('',#3400,#4593);
#4593 = DEFINITIONAL_REPRESENTATION('',(#4594),#4598);
#4594 = LINE('',#4595,#4596);
#4595 = CARTESIAN_POINT('',(1.56464,-4.821419245097E-33));
#4596 = VECTOR('',#4597,1.);
#4597 = DIRECTION('',(3.08148791102E-33,1.));
#4598 = ( GEOMETRIC_REPRESENTATION_CONTEXT(2) 
PARAMETRIC_REPRESENTATION_CONTEXT() REPRESENTATION_CONTEXT('2D SPACE',''
  ) );
#4599 = ORIENTED_EDGE('',*,*,#3412,.T.);
#4600 = ADVANCED_FACE('',(#4601),#3400,.F.);
#4601 = FACE_BOUND('',#4602,.T.);
#4602 = EDGE_LOOP('',(#4603,#4604,#4625,#4626));
#4603 = ORIENTED_EDGE('',*,*,#3384,.F.);
#4604 = ORIENTED_EDGE('',*,*,#4605,.T.);
#4605 = EDGE_CURVE('',#3356,#4303,#4606,.T.);
#4606 = SURFACE_CURVE('',#4607,(#4611,#4618),.PCURVE_S1.);
#4607 = LINE('',#4608,#4609);
#4608 = CARTESIAN_POINT('',(-6.622812380301,-0.25,-2.847578753436));
#4609 = VECTOR('',#4610,1.);
#4610 = DIRECTION('',(0.,1.,0.));
#4611 = PCURVE('',#3400,#4612);
#4612 = DEFINITIONAL_REPRESENTATION('',(#4613),#4617);
#4613 = LINE('',#4614,#4615);
#4614 = CARTESIAN_POINT('',(0.,0.));
#4615 = VECTOR('',#4616,1.);
#4616 = DIRECTION('',(3.08148791102E-33,1.));
#4617 = ( GEOMETRIC_REPRESENTATION_CONTEXT(2) 
PARAMETRIC_REPRESENTATION_CONTEXT() REPRESENTATION_CONTEXT('2D SPACE',''
  ) );
#4618 = PCURVE('',#3372,#4619);
#4619 = DEFINITIONAL_REPRESENTATION('',(#4620),#4624);
#4620 = LINE('',#4621,#4622);
#4621 = CARTESIAN_POINT('',(1.570796326795,0.));
#4622 = VECTOR('',#4623,1.);
#4623 = DIRECTION('',(0.,1.));
#4624 = ( GEOMETRIC_REPRESENTATION_CONTEXT(2) 
PARAMETRIC_REPRESENTATION_CONTEXT() REPRESENTATION_CONTEXT('2D SPACE',''
  ) );
#4625 = ORIENTED_EDGE('',*,*,#4302,.T.);
#4626 = ORIENTED_EDGE('',*,*,#4579,.F.);
#4627 = ADVANCED_FACE('',(#4628),#3372,.F.);
#4628 = FACE_BOUND('',#4629,.F.);
#4629 = EDGE_LOOP('',(#4630,#4631,#4632,#4633));
#4630 = ORIENTED_EDGE('',*,*,#4605,.T.);
#4631 = ORIENTED_EDGE('',*,*,#4327,.F.);
#4632 = ORIENTED_EDGE('',*,*,#4278,.F.);
#4633 = ORIENTED_EDGE('',*,*,#3353,.T.);
#4634 = ADVANCED_FACE('',(#4635),#3339,.F.);
#4635 = FACE_BOUND('',#4636,.F.);
#4636 = EDGE_LOOP('',(#4637,#4660,#4687,#4688));
#4637 = ORIENTED_EDGE('',*,*,#4638,.T.);
#4638 = EDGE_CURVE('',#3323,#4639,#4641,.T.);
#4639 = VERTEX_POINT('',#4640);
#4640 = CARTESIAN_POINT('',(10.376658685586,-0.239999985099,
    -5.603399955412));
#4641 = SEAM_CURVE('',#4642,(#4646,#4653),.PCURVE_S1.);
#4642 = LINE('',#4643,#4644);
#4643 = CARTESIAN_POINT('',(10.376658685586,-0.249999985099,
    -5.603399955412));
#4644 = VECTOR('',#4645,1.);
#4645 = DIRECTION('',(6.310887241768E-30,1.,-9.011389889435E-24));
#4646 = PCURVE('',#3339,#4647);
#4647 = DEFINITIONAL_REPRESENTATION('',(#4648),#4652);
#4648 = LINE('',#4649,#4650);
#4649 = CARTESIAN_POINT('',(9.424777960769,0.));
#4650 = VECTOR('',#4651,1.);
#4651 = DIRECTION('',(0.,1.));
#4652 = ( GEOMETRIC_REPRESENTATION_CONTEXT(2) 
PARAMETRIC_REPRESENTATION_CONTEXT() REPRESENTATION_CONTEXT('2D SPACE',''
  ) );
#4653 = PCURVE('',#3339,#4654);
#4654 = DEFINITIONAL_REPRESENTATION('',(#4655),#4659);
#4655 = LINE('',#4656,#4657);
#4656 = CARTESIAN_POINT('',(3.14159265359,0.));
#4657 = VECTOR('',#4658,1.);
#4658 = DIRECTION('',(0.,1.));
#4659 = ( GEOMETRIC_REPRESENTATION_CONTEXT(2) 
PARAMETRIC_REPRESENTATION_CONTEXT() REPRESENTATION_CONTEXT('2D SPACE',''
  ) );
#4660 = ORIENTED_EDGE('',*,*,#4661,.F.);
#4661 = EDGE_CURVE('',#4639,#4639,#4662,.T.);
#4662 = SURFACE_CURVE('',#4663,(#4668,#4675),.PCURVE_S1.);
#4663 = CIRCLE('',#4664,0.762);
#4664 = AXIS2_PLACEMENT_3D('',#4665,#4666,#4667);
#4665 = CARTESIAN_POINT('',(10.376658685586,-0.239999985099,
    -4.841399955413));
#4666 = DIRECTION('',(6.310887241768E-30,1.,-9.011389889435E-24));
#4667 = DIRECTION('',(2.22044604925E-16,9.011389889435E-24,1.));
#4668 = PCURVE('',#3339,#4669);
#4669 = DEFINITIONAL_REPRESENTATION('',(#4670),#4674);
#4670 = LINE('',#4671,#4672);
#4671 = CARTESIAN_POINT('',(0.,1.E-02));
#4672 = VECTOR('',#4673,1.);
#4673 = DIRECTION('',(1.,0.));
#4674 = ( GEOMETRIC_REPRESENTATION_CONTEXT(2) 
PARAMETRIC_REPRESENTATION_CONTEXT() REPRESENTATION_CONTEXT('2D SPACE',''
  ) );
#4675 = PCURVE('',#4676,#4681);
#4676 = PLANE('',#4677);
#4677 = AXIS2_PLACEMENT_3D('',#4678,#4679,#4680);
#4678 = CARTESIAN_POINT('',(1.804158685586,-0.239999985099,
    -6.111399955412));
#4679 = DIRECTION('',(6.310887241768E-30,1.,-9.011389889435E-24));
#4680 = DIRECTION('',(-2.22044604925E-16,-9.011389889435E-24,-1.));
#4681 = DEFINITIONAL_REPRESENTATION('',(#4682),#4686);
#4682 = CIRCLE('',#4683,0.762);
#4683 = AXIS2_PLACEMENT_2D('',#4684,#4685);
#4684 = CARTESIAN_POINT('',(-1.27,-8.5725));
#4685 = DIRECTION('',(-1.,0.));
#4686 = ( GEOMETRIC_REPRESENTATION_CONTEXT(2) 
PARAMETRIC_REPRESENTATION_CONTEXT() REPRESENTATION_CONTEXT('2D SPACE',''
  ) );
#4687 = ORIENTED_EDGE('',*,*,#4638,.F.);
#4688 = ORIENTED_EDGE('',*,*,#3322,.T.);
#4689 = ADVANCED_FACE('',(#4690),#4676,.F.);
#4690 = FACE_BOUND('',#4691,.T.);
#4691 = EDGE_LOOP('',(#4692));
#4692 = ORIENTED_EDGE('',*,*,#4661,.F.);
#4693 = ADVANCED_FACE('',(#4694),#3308,.F.);
#4694 = FACE_BOUND('',#4695,.F.);
#4695 = EDGE_LOOP('',(#4696,#4719,#4746,#4747));
#4696 = ORIENTED_EDGE('',*,*,#4697,.T.);
#4697 = EDGE_CURVE('',#3292,#4698,#4700,.T.);
#4698 = VERTEX_POINT('',#4699);
#4699 = CARTESIAN_POINT('',(7.836658685586,-0.239999985099,
    -4.079399955412));
#4700 = SEAM_CURVE('',#4701,(#4705,#4712),.PCURVE_S1.);
#4701 = LINE('',#4702,#4703);
#4702 = CARTESIAN_POINT('',(7.836658685586,-0.249999985099,
    -4.079399955412));
#4703 = VECTOR('',#4704,1.);
#4704 = DIRECTION('',(6.310887241768E-30,1.,-9.011389889435E-24));
#4705 = PCURVE('',#3308,#4706);
#4706 = DEFINITIONAL_REPRESENTATION('',(#4707),#4711);
#4707 = LINE('',#4708,#4709);
#4708 = CARTESIAN_POINT('',(9.424777960769,0.));
#4709 = VECTOR('',#4710,1.);
#4710 = DIRECTION('',(0.,1.));
#4711 = ( GEOMETRIC_REPRESENTATION_CONTEXT(2) 
PARAMETRIC_REPRESENTATION_CONTEXT() REPRESENTATION_CONTEXT('2D SPACE',''
  ) );
#4712 = PCURVE('',#3308,#4713);
#4713 = DEFINITIONAL_REPRESENTATION('',(#4714),#4718);
#4714 = LINE('',#4715,#4716);
#4715 = CARTESIAN_POINT('',(3.14159265359,0.));
#4716 = VECTOR('',#4717,1.);
#4717 = DIRECTION('',(0.,1.));
#4718 = ( GEOMETRIC_REPRESENTATION_CONTEXT(2) 
PARAMETRIC_REPRESENTATION_CONTEXT() REPRESENTATION_CONTEXT('2D SPACE',''
  ) );
#4719 = ORIENTED_EDGE('',*,*,#4720,.F.);
#4720 = EDGE_CURVE('',#4698,#4698,#4721,.T.);
#4721 = SURFACE_CURVE('',#4722,(#4727,#4734),.PCURVE_S1.);
#4722 = CIRCLE('',#4723,0.762);
#4723 = AXIS2_PLACEMENT_3D('',#4724,#4725,#4726);
#4724 = CARTESIAN_POINT('',(7.836658685586,-0.239999985099,
    -4.841399955413));
#4725 = DIRECTION('',(6.310887241768E-30,1.,-9.011389889435E-24));
#4726 = DIRECTION('',(-2.22044604925E-16,-9.011389889435E-24,-1.));
#4727 = PCURVE('',#3308,#4728);
#4728 = DEFINITIONAL_REPRESENTATION('',(#4729),#4733);
#4729 = LINE('',#4730,#4731);
#4730 = CARTESIAN_POINT('',(0.,1.E-02));
#4731 = VECTOR('',#4732,1.);
#4732 = DIRECTION('',(1.,0.));
#4733 = ( GEOMETRIC_REPRESENTATION_CONTEXT(2) 
PARAMETRIC_REPRESENTATION_CONTEXT() REPRESENTATION_CONTEXT('2D SPACE',''
  ) );
#4734 = PCURVE('',#4735,#4740);
#4735 = PLANE('',#4736);
#4736 = AXIS2_PLACEMENT_3D('',#4737,#4738,#4739);
#4737 = CARTESIAN_POINT('',(1.804158685586,-0.239999985099,
    -6.111399955412));
#4738 = DIRECTION('',(6.310887241768E-30,1.,-9.011389889435E-24));
#4739 = DIRECTION('',(-2.22044604925E-16,-9.011389889435E-24,-1.));
#4740 = DEFINITIONAL_REPRESENTATION('',(#4741),#4745);
#4741 = CIRCLE('',#4742,0.762);
#4742 = AXIS2_PLACEMENT_2D('',#4743,#4744);
#4743 = CARTESIAN_POINT('',(-1.27,-6.0325));
#4744 = DIRECTION('',(1.,0.));
#4745 = ( GEOMETRIC_REPRESENTATION_CONTEXT(2) 
PARAMETRIC_REPRESENTATION_CONTEXT() REPRESENTATION_CONTEXT('2D SPACE',''
  ) );
#4746 = ORIENTED_EDGE('',*,*,#4697,.F.);
#4747 = ORIENTED_EDGE('',*,*,#3291,.T.);
#4748 = ADVANCED_FACE('',(#4749),#4735,.F.);
#4749 = FACE_BOUND('',#4750,.T.);
#4750 = EDGE_LOOP('',(#4751));
#4751 = ORIENTED_EDGE('',*,*,#4720,.F.);
#4752 = ADVANCED_FACE('',(#4753),#3278,.F.);
#4753 = FACE_BOUND('',#4754,.F.);
#4754 = EDGE_LOOP('',(#4755,#4790,#4811,#4812));
#4755 = ORIENTED_EDGE('',*,*,#4756,.F.);
#4756 = EDGE_CURVE('',#4757,#4759,#4761,.T.);
#4757 = VERTEX_POINT('',#4758);
#4758 = CARTESIAN_POINT('',(-4.228341314414,0.990000014901,
    -12.33439995541));
#4759 = VERTEX_POINT('',#4760);
#4760 = CARTESIAN_POINT('',(-3.974341314414,0.990000014901,
    -12.08039995541));
#4761 = SURFACE_CURVE('',#4762,(#4767,#4774),.PCURVE_S1.);
#4762 = CIRCLE('',#4763,0.254005880947);
#4763 = AXIS2_PLACEMENT_3D('',#4764,#4765,#4766);
#4764 = CARTESIAN_POINT('',(-3.974335433535,0.990000014901,
    -12.33440583629));
#4765 = DIRECTION('',(0.,1.,0.));
#4766 = DIRECTION('',(-0.999999999732,0.,2.315253008606E-05));
#4767 = PCURVE('',#3278,#4768);
#4768 = DEFINITIONAL_REPRESENTATION('',(#4769),#4773);
#4769 = LINE('',#4770,#4771);
#4770 = CARTESIAN_POINT('',(8.777064850835E-22,0.99));
#4771 = VECTOR('',#4772,1.);
#4772 = DIRECTION('',(1.,0.));
#4773 = ( GEOMETRIC_REPRESENTATION_CONTEXT(2) 
PARAMETRIC_REPRESENTATION_CONTEXT() REPRESENTATION_CONTEXT('2D SPACE',''
  ) );
#4774 = PCURVE('',#4775,#4780);
#4775 = PLANE('',#4776);
#4776 = AXIS2_PLACEMENT_3D('',#4777,#4778,#4779);
#4777 = CARTESIAN_POINT('',(-5.980858585025,0.990000014901,
    -4.03600966671));
#4778 = DIRECTION('',(0.,-1.,0.));
#4779 = DIRECTION('',(0.,0.,-1.));
#4780 = DEFINITIONAL_REPRESENTATION('',(#4781),#4789);
#4781 = ( BOUNDED_CURVE() B_SPLINE_CURVE(2,(#4782,#4783,#4784,#4785,
#4786,#4787,#4788),.UNSPECIFIED.,.T.,.F.) B_SPLINE_CURVE_WITH_KNOTS((1,2
    ,2,2,2,1),(-2.094395102393,0.,2.094395102393,4.188790204786,
6.28318530718,8.377580409573),.UNSPECIFIED.) CURVE() 
GEOMETRIC_REPRESENTATION_ITEM() RATIONAL_B_SPLINE_CURVE((1.,0.5,1.,0.5,
1.,0.5,1.)) REPRESENTATION_ITEM('') );
#4782 = CARTESIAN_POINT('',(8.298390288702,1.752517270612));
#4783 = CARTESIAN_POINT('',(7.858439197599,1.752527456593));
#4784 = CARTESIAN_POINT('',(8.078423564469,2.13353118492));
#4785 = CARTESIAN_POINT('',(8.298407931339,2.514534913248));
#4786 = CARTESIAN_POINT('',(8.518374655572,2.133520998939));
#4787 = CARTESIAN_POINT('',(8.738341379806,1.752507084631));
#4788 = CARTESIAN_POINT('',(8.298390288702,1.752517270612));
#4789 = ( GEOMETRIC_REPRESENTATION_CONTEXT(2) 
PARAMETRIC_REPRESENTATION_CONTEXT() REPRESENTATION_CONTEXT('2D SPACE',''
  ) );
#4790 = ORIENTED_EDGE('',*,*,#4791,.F.);
#4791 = EDGE_CURVE('',#3236,#4757,#4792,.T.);
#4792 = SURFACE_CURVE('',#4793,(#4797,#4804),.PCURVE_S1.);
#4793 = LINE('',#4794,#4795);
#4794 = CARTESIAN_POINT('',(-4.228341314414,1.490116113834E-08,
    -12.33439995541));
#4795 = VECTOR('',#4796,1.);
#4796 = DIRECTION('',(0.,1.,0.));
#4797 = PCURVE('',#3278,#4798);
#4798 = DEFINITIONAL_REPRESENTATION('',(#4799),#4803);
#4799 = LINE('',#4800,#4801);
#4800 = CARTESIAN_POINT('',(0.,0.));
#4801 = VECTOR('',#4802,1.);
#4802 = DIRECTION('',(0.,1.));
#4803 = ( GEOMETRIC_REPRESENTATION_CONTEXT(2) 
PARAMETRIC_REPRESENTATION_CONTEXT() REPRESENTATION_CONTEXT('2D SPACE',''
  ) );
#4804 = PCURVE('',#3252,#4805);
#4805 = DEFINITIONAL_REPRESENTATION('',(#4806),#4810);
#4806 = LINE('',#4807,#4808);
#4807 = CARTESIAN_POINT('',(1.570750021735,0.));
#4808 = VECTOR('',#4809,1.);
#4809 = DIRECTION('',(0.,1.));
#4810 = ( GEOMETRIC_REPRESENTATION_CONTEXT(2) 
PARAMETRIC_REPRESENTATION_CONTEXT() REPRESENTATION_CONTEXT('2D SPACE',''
  ) );
#4811 = ORIENTED_EDGE('',*,*,#3263,.T.);
#4812 = ORIENTED_EDGE('',*,*,#4813,.F.);
#4813 = EDGE_CURVE('',#4759,#3122,#4814,.T.);
#4814 = SURFACE_CURVE('',#4815,(#4819,#4825),.PCURVE_S1.);
#4815 = LINE('',#4816,#4817);
#4816 = CARTESIAN_POINT('',(-3.974341314414,0.500000014901,
    -12.08039995541));
#4817 = VECTOR('',#4818,1.);
#4818 = DIRECTION('',(-9.901235293914E-17,-1.,-8.267718464771E-17));
#4819 = PCURVE('',#3278,#4820);
#4820 = DEFINITIONAL_REPRESENTATION('',(#4821),#4824);
#4821 = B_SPLINE_CURVE_WITH_KNOTS('',1,(#4822,#4823),.UNSPECIFIED.,.F.,
  .F.,(2,2),(-0.49,0.75),.PIECEWISE_BEZIER_KNOTS.);
#4822 = CARTESIAN_POINT('',(1.570750021735,0.99));
#4823 = CARTESIAN_POINT('',(1.570750021735,-0.25));
#4824 = ( GEOMETRIC_REPRESENTATION_CONTEXT(2) 
PARAMETRIC_REPRESENTATION_CONTEXT() REPRESENTATION_CONTEXT('2D SPACE',''
  ) );
#4825 = PCURVE('',#3139,#4826);
#4826 = DEFINITIONAL_REPRESENTATION('',(#4827),#4831);
#4827 = LINE('',#4828,#4829);
#4828 = CARTESIAN_POINT('',(0.762,0.5));
#4829 = VECTOR('',#4830,1.);
#4830 = DIRECTION('',(9.901235293914E-17,-1.));
#4831 = ( GEOMETRIC_REPRESENTATION_CONTEXT(2) 
PARAMETRIC_REPRESENTATION_CONTEXT() REPRESENTATION_CONTEXT('2D SPACE',''
  ) );
#4832 = ADVANCED_FACE('',(#4833,#5803,#5838,#6032,#6136,#6240,#6275,
    #6310,#6345,#6380,#6415,#6450,#6480,#6584,#6688,#6802,#6832,#6946,
    #7111,#7225,#7260,#7295,#7330,#7365,#7400,#7514,#7549),#4775,.F.);
#4833 = FACE_BOUND('',#4834,.F.);
#4834 = EDGE_LOOP('',(#4835,#4865,#4888,#4917,#4940,#4973,#4996,#5029,
    #5052,#5085,#5108,#5141,#5164,#5197,#5220,#5249,#5272,#5300,#5323,
    #5347,#5370,#5399,#5422,#5455,#5478,#5511,#5534,#5567,#5590,#5623,
    #5646,#5679,#5702,#5731,#5754,#5782));
#4835 = ORIENTED_EDGE('',*,*,#4836,.F.);
#4836 = EDGE_CURVE('',#4837,#4839,#4841,.T.);
#4837 = VERTEX_POINT('',#4838);
#4838 = CARTESIAN_POINT('',(10.376623400314,0.990000014901,
    2.778600044587));
#4839 = VERTEX_POINT('',#4840);
#4840 = CARTESIAN_POINT('',(12.281658685842,0.990000014901,
    0.873555938012));
#4841 = SURFACE_CURVE('',#4842,(#4847,#4858),.PCURVE_S1.);
#4842 = CIRCLE('',#4843,1.905044107102);
#4843 = AXIS2_PLACEMENT_3D('',#4844,#4845,#4846);
#4844 = CARTESIAN_POINT('',(10.376614578995,0.990000014901,
    0.873555937996));
#4845 = DIRECTION('',(0.,1.,0.));
#4846 = DIRECTION('',(2.315253009509E-05,-0.,0.999999999732));
#4847 = PCURVE('',#4775,#4848);
#4848 = DEFINITIONAL_REPRESENTATION('',(#4849),#4857);
#4849 = ( BOUNDED_CURVE() B_SPLINE_CURVE(2,(#4850,#4851,#4852,#4853,
#4854,#4855,#4856),.UNSPECIFIED.,.T.,.F.) B_SPLINE_CURVE_WITH_KNOTS((1,2
    ,2,2,2,1),(-2.094395102393,0.,2.094395102393,4.188790204786,
6.28318530718,8.377580409573),.UNSPECIFIED.) CURVE() 
GEOMETRIC_REPRESENTATION_ITEM() RATIONAL_B_SPLINE_CURVE((1.,0.5,1.,0.5,
1.,0.5,1.)) REPRESENTATION_ITEM('') );
#4850 = CARTESIAN_POINT('',(-6.814609711298,16.357517270612));
#4851 = CARTESIAN_POINT('',(-6.814533316441,19.657150453887));
#4852 = CARTESIAN_POINT('',(-3.957005353983,18.007267702363));
#4853 = CARTESIAN_POINT('',(-1.099477391525,16.357384950839));
#4854 = CARTESIAN_POINT('',(-3.95708174884,14.707634519088));
#4855 = CARTESIAN_POINT('',(-6.814686106154,13.057884087336));
#4856 = CARTESIAN_POINT('',(-6.814609711298,16.357517270612));
#4857 = ( GEOMETRIC_REPRESENTATION_CONTEXT(2) 
PARAMETRIC_REPRESENTATION_CONTEXT() REPRESENTATION_CONTEXT('2D SPACE',''
  ) );
#4858 = PCURVE('',#190,#4859);
#4859 = DEFINITIONAL_REPRESENTATION('',(#4860),#4864);
#4860 = LINE('',#4861,#4862);
#4861 = CARTESIAN_POINT('',(0.,0.99));
#4862 = VECTOR('',#4863,1.);
#4863 = DIRECTION('',(1.,0.));
#4864 = ( GEOMETRIC_REPRESENTATION_CONTEXT(2) 
PARAMETRIC_REPRESENTATION_CONTEXT() REPRESENTATION_CONTEXT('2D SPACE',''
  ) );
#4865 = ORIENTED_EDGE('',*,*,#4866,.T.);
#4866 = EDGE_CURVE('',#4837,#4867,#4869,.T.);
#4867 = VERTEX_POINT('',#4868);
#4868 = CARTESIAN_POINT('',(9.678158685586,0.990000014901,2.778600044588
    ));
#4869 = SURFACE_CURVE('',#4870,(#4874,#4881),.PCURVE_S1.);
#4870 = LINE('',#4871,#4872);
#4871 = CARTESIAN_POINT('',(10.376623400314,0.990000014901,
    2.778600044587));
#4872 = VECTOR('',#4873,1.);
#4873 = DIRECTION('',(-1.,-1.589519128477E-16,3.814845908345E-15));
#4874 = PCURVE('',#4775,#4875);
#4875 = DEFINITIONAL_REPRESENTATION('',(#4876),#4880);
#4876 = LINE('',#4877,#4878);
#4877 = CARTESIAN_POINT('',(-6.814609711298,16.357481985339));
#4878 = VECTOR('',#4879,1.);
#4879 = DIRECTION('',(-3.814845908345E-15,-1.));
#4880 = ( GEOMETRIC_REPRESENTATION_CONTEXT(2) 
PARAMETRIC_REPRESENTATION_CONTEXT() REPRESENTATION_CONTEXT('2D SPACE',''
  ) );
#4881 = PCURVE('',#217,#4882);
#4882 = DEFINITIONAL_REPRESENTATION('',(#4883),#4887);
#4883 = LINE('',#4884,#4885);
#4884 = CARTESIAN_POINT('',(17.144964714727,0.99));
#4885 = VECTOR('',#4886,1.);
#4886 = DIRECTION('',(-1.,-1.589519128477E-16));
#4887 = ( GEOMETRIC_REPRESENTATION_CONTEXT(2) 
PARAMETRIC_REPRESENTATION_CONTEXT() REPRESENTATION_CONTEXT('2D SPACE',''
  ) );
#4888 = ORIENTED_EDGE('',*,*,#4889,.F.);
#4889 = EDGE_CURVE('',#4890,#4867,#4892,.T.);
#4890 = VERTEX_POINT('',#4891);
#4891 = CARTESIAN_POINT('',(9.043158685586,0.990000014901,2.778600044588
    ));
#4892 = SURFACE_CURVE('',#4893,(#4898,#4905),.PCURVE_S1.);
#4893 = CIRCLE('',#4894,0.3175);
#4894 = AXIS2_PLACEMENT_3D('',#4895,#4896,#4897);
#4895 = CARTESIAN_POINT('',(9.360658685586,0.990000014901,2.778600044587
    ));
#4896 = DIRECTION('',(-0.,-1.,0.));
#4897 = DIRECTION('',(-1.,0.,1.398706172756E-15));
#4898 = PCURVE('',#4775,#4899);
#4899 = DEFINITIONAL_REPRESENTATION('',(#4900),#4904);
#4900 = CIRCLE('',#4901,0.3175);
#4901 = AXIS2_PLACEMENT_2D('',#4902,#4903);
#4902 = CARTESIAN_POINT('',(-6.814609711298,15.341517270612));
#4903 = DIRECTION('',(-1.398706172756E-15,-1.));
#4904 = ( GEOMETRIC_REPRESENTATION_CONTEXT(2) 
PARAMETRIC_REPRESENTATION_CONTEXT() REPRESENTATION_CONTEXT('2D SPACE',''
  ) );
#4905 = PCURVE('',#4906,#4911);
#4906 = CYLINDRICAL_SURFACE('',#4907,0.3175);
#4907 = AXIS2_PLACEMENT_3D('',#4908,#4909,#4910);
#4908 = CARTESIAN_POINT('',(9.360658685586,1.490116113834E-08,
    2.778600044587));
#4909 = DIRECTION('',(0.,1.,0.));
#4910 = DIRECTION('',(-2.22044604925E-16,0.,-1.));
#4911 = DEFINITIONAL_REPRESENTATION('',(#4912),#4916);
#4912 = LINE('',#4913,#4914);
#4913 = CARTESIAN_POINT('',(1.570796326795,0.99));
#4914 = VECTOR('',#4915,1.);
#4915 = DIRECTION('',(-1.,-0.));
#4916 = ( GEOMETRIC_REPRESENTATION_CONTEXT(2) 
PARAMETRIC_REPRESENTATION_CONTEXT() REPRESENTATION_CONTEXT('2D SPACE',''
  ) );
#4917 = ORIENTED_EDGE('',*,*,#4918,.T.);
#4918 = EDGE_CURVE('',#4890,#4919,#4921,.T.);
#4919 = VERTEX_POINT('',#4920);
#4920 = CARTESIAN_POINT('',(7.138158685586,0.990000014901,2.778600044588
    ));
#4921 = SURFACE_CURVE('',#4922,(#4926,#4933),.PCURVE_S1.);
#4922 = LINE('',#4923,#4924);
#4923 = CARTESIAN_POINT('',(9.043158685586,0.990000014901,2.778600044588
    ));
#4924 = VECTOR('',#4925,1.);
#4925 = DIRECTION('',(-1.,0.,0.));
#4926 = PCURVE('',#4775,#4927);
#4927 = DEFINITIONAL_REPRESENTATION('',(#4928),#4932);
#4928 = LINE('',#4929,#4930);
#4929 = CARTESIAN_POINT('',(-6.814609711298,15.024017270612));
#4930 = VECTOR('',#4931,1.);
#4931 = DIRECTION('',(0.,-1.));
#4932 = ( GEOMETRIC_REPRESENTATION_CONTEXT(2) 
PARAMETRIC_REPRESENTATION_CONTEXT() REPRESENTATION_CONTEXT('2D SPACE',''
  ) );
#4933 = PCURVE('',#330,#4934);
#4934 = DEFINITIONAL_REPRESENTATION('',(#4935),#4939);
#4935 = LINE('',#4936,#4937);
#4936 = CARTESIAN_POINT('',(15.8115,0.99));
#4937 = VECTOR('',#4938,1.);
#4938 = DIRECTION('',(-1.,0.));
#4939 = ( GEOMETRIC_REPRESENTATION_CONTEXT(2) 
PARAMETRIC_REPRESENTATION_CONTEXT() REPRESENTATION_CONTEXT('2D SPACE',''
  ) );
#4940 = ORIENTED_EDGE('',*,*,#4941,.T.);
#4941 = EDGE_CURVE('',#4919,#4942,#4944,.T.);
#4942 = VERTEX_POINT('',#4943);
#4943 = CARTESIAN_POINT('',(6.503158685586,0.990000014901,2.778600044588
    ));
#4944 = SURFACE_CURVE('',#4945,(#4950,#4961),.PCURVE_S1.);
#4945 = CIRCLE('',#4946,0.3175);
#4946 = AXIS2_PLACEMENT_3D('',#4947,#4948,#4949);
#4947 = CARTESIAN_POINT('',(6.820658685586,0.990000014901,2.778600044587
    ));
#4948 = DIRECTION('',(0.,1.,0.));
#4949 = DIRECTION('',(-2.22044604925E-16,0.,-1.));
#4950 = PCURVE('',#4775,#4951);
#4951 = DEFINITIONAL_REPRESENTATION('',(#4952),#4960);
#4952 = ( BOUNDED_CURVE() B_SPLINE_CURVE(2,(#4953,#4954,#4955,#4956,
#4957,#4958,#4959),.UNSPECIFIED.,.T.,.F.) B_SPLINE_CURVE_WITH_KNOTS((1,2
    ,2,2,2,1),(-2.094395102393,0.,2.094395102393,4.188790204786,
6.28318530718,8.377580409573),.UNSPECIFIED.) CURVE() 
GEOMETRIC_REPRESENTATION_ITEM() RATIONAL_B_SPLINE_CURVE((1.,0.5,1.,0.5,
1.,0.5,1.)) REPRESENTATION_ITEM('') );
#4953 = CARTESIAN_POINT('',(-6.497109711298,12.801517270612));
#4954 = CARTESIAN_POINT('',(-6.497109711298,12.251591139209));
#4955 = CARTESIAN_POINT('',(-6.973359711298,12.52655420491));
#4956 = CARTESIAN_POINT('',(-7.449609711298,12.801517270612));
#4957 = CARTESIAN_POINT('',(-6.973359711298,13.076480336313));
#4958 = CARTESIAN_POINT('',(-6.497109711298,13.351443402015));
#4959 = CARTESIAN_POINT('',(-6.497109711298,12.801517270612));
#4960 = ( GEOMETRIC_REPRESENTATION_CONTEXT(2) 
PARAMETRIC_REPRESENTATION_CONTEXT() REPRESENTATION_CONTEXT('2D SPACE',''
  ) );
#4961 = PCURVE('',#4962,#4967);
#4962 = CYLINDRICAL_SURFACE('',#4963,0.3175);
#4963 = AXIS2_PLACEMENT_3D('',#4964,#4965,#4966);
#4964 = CARTESIAN_POINT('',(6.820658685586,1.490116113834E-08,
    2.778600044587));
#4965 = DIRECTION('',(0.,1.,0.));
#4966 = DIRECTION('',(-2.22044604925E-16,0.,-1.));
#4967 = DEFINITIONAL_REPRESENTATION('',(#4968),#4972);
#4968 = LINE('',#4969,#4970);
#4969 = CARTESIAN_POINT('',(-1.7763568394E-15,0.99));
#4970 = VECTOR('',#4971,1.);
#4971 = DIRECTION('',(1.,0.));
#4972 = ( GEOMETRIC_REPRESENTATION_CONTEXT(2) 
PARAMETRIC_REPRESENTATION_CONTEXT() REPRESENTATION_CONTEXT('2D SPACE',''
  ) );
#4973 = ORIENTED_EDGE('',*,*,#4974,.T.);
#4974 = EDGE_CURVE('',#4942,#4975,#4977,.T.);
#4975 = VERTEX_POINT('',#4976);
#4976 = CARTESIAN_POINT('',(4.598158685586,0.990000014901,2.778600044588
    ));
#4977 = SURFACE_CURVE('',#4978,(#4982,#4989),.PCURVE_S1.);
#4978 = LINE('',#4979,#4980);
#4979 = CARTESIAN_POINT('',(6.503158685586,0.990000014901,2.778600044588
    ));
#4980 = VECTOR('',#4981,1.);
#4981 = DIRECTION('',(-1.,0.,0.));
#4982 = PCURVE('',#4775,#4983);
#4983 = DEFINITIONAL_REPRESENTATION('',(#4984),#4988);
#4984 = LINE('',#4985,#4986);
#4985 = CARTESIAN_POINT('',(-6.814609711298,12.484017270612));
#4986 = VECTOR('',#4987,1.);
#4987 = DIRECTION('',(0.,-1.));
#4988 = ( GEOMETRIC_REPRESENTATION_CONTEXT(2) 
PARAMETRIC_REPRESENTATION_CONTEXT() REPRESENTATION_CONTEXT('2D SPACE',''
  ) );
#4989 = PCURVE('',#443,#4990);
#4990 = DEFINITIONAL_REPRESENTATION('',(#4991),#4995);
#4991 = LINE('',#4992,#4993);
#4992 = CARTESIAN_POINT('',(13.2715,0.99));
#4993 = VECTOR('',#4994,1.);
#4994 = DIRECTION('',(-1.,0.));
#4995 = ( GEOMETRIC_REPRESENTATION_CONTEXT(2) 
PARAMETRIC_REPRESENTATION_CONTEXT() REPRESENTATION_CONTEXT('2D SPACE',''
  ) );
#4996 = ORIENTED_EDGE('',*,*,#4997,.T.);
#4997 = EDGE_CURVE('',#4975,#4998,#5000,.T.);
#4998 = VERTEX_POINT('',#4999);
#4999 = CARTESIAN_POINT('',(3.963158685586,0.990000014901,2.778600044588
    ));
#5000 = SURFACE_CURVE('',#5001,(#5006,#5017),.PCURVE_S1.);
#5001 = CIRCLE('',#5002,0.3175);
#5002 = AXIS2_PLACEMENT_3D('',#5003,#5004,#5005);
#5003 = CARTESIAN_POINT('',(4.280658685586,0.990000014901,2.778600044587
    ));
#5004 = DIRECTION('',(0.,1.,0.));
#5005 = DIRECTION('',(-2.22044604925E-16,0.,-1.));
#5006 = PCURVE('',#4775,#5007);
#5007 = DEFINITIONAL_REPRESENTATION('',(#5008),#5016);
#5008 = ( BOUNDED_CURVE() B_SPLINE_CURVE(2,(#5009,#5010,#5011,#5012,
#5013,#5014,#5015),.UNSPECIFIED.,.T.,.F.) B_SPLINE_CURVE_WITH_KNOTS((1,2
    ,2,2,2,1),(-2.094395102393,0.,2.094395102393,4.188790204786,
6.28318530718,8.377580409573),.UNSPECIFIED.) CURVE() 
GEOMETRIC_REPRESENTATION_ITEM() RATIONAL_B_SPLINE_CURVE((1.,0.5,1.,0.5,
1.,0.5,1.)) REPRESENTATION_ITEM('') );
#5009 = CARTESIAN_POINT('',(-6.497109711298,10.261517270612));
#5010 = CARTESIAN_POINT('',(-6.497109711298,9.711591139209));
#5011 = CARTESIAN_POINT('',(-6.973359711298,9.98655420491));
#5012 = CARTESIAN_POINT('',(-7.449609711298,10.261517270612));
#5013 = CARTESIAN_POINT('',(-6.973359711298,10.536480336313));
#5014 = CARTESIAN_POINT('',(-6.497109711298,10.811443402015));
#5015 = CARTESIAN_POINT('',(-6.497109711298,10.261517270612));
#5016 = ( GEOMETRIC_REPRESENTATION_CONTEXT(2) 
PARAMETRIC_REPRESENTATION_CONTEXT() REPRESENTATION_CONTEXT('2D SPACE',''
  ) );
#5017 = PCURVE('',#5018,#5023);
#5018 = CYLINDRICAL_SURFACE('',#5019,0.3175);
#5019 = AXIS2_PLACEMENT_3D('',#5020,#5021,#5022);
#5020 = CARTESIAN_POINT('',(4.280658685586,1.490116113834E-08,
    2.778600044587));
#5021 = DIRECTION('',(0.,1.,0.));
#5022 = DIRECTION('',(-2.22044604925E-16,0.,-1.));
#5023 = DEFINITIONAL_REPRESENTATION('',(#5024),#5028);
#5024 = LINE('',#5025,#5026);
#5025 = CARTESIAN_POINT('',(-6.28318530718,0.99));
#5026 = VECTOR('',#5027,1.);
#5027 = DIRECTION('',(1.,0.));
#5028 = ( GEOMETRIC_REPRESENTATION_CONTEXT(2) 
PARAMETRIC_REPRESENTATION_CONTEXT() REPRESENTATION_CONTEXT('2D SPACE',''
  ) );
#5029 = ORIENTED_EDGE('',*,*,#5030,.T.);
#5030 = EDGE_CURVE('',#4998,#5031,#5033,.T.);
#5031 = VERTEX_POINT('',#5032);
#5032 = CARTESIAN_POINT('',(2.058158685586,0.990000014901,2.778600044588
    ));
#5033 = SURFACE_CURVE('',#5034,(#5038,#5045),.PCURVE_S1.);
#5034 = LINE('',#5035,#5036);
#5035 = CARTESIAN_POINT('',(3.963158685586,0.990000014901,2.778600044588
    ));
#5036 = VECTOR('',#5037,1.);
#5037 = DIRECTION('',(-1.,0.,0.));
#5038 = PCURVE('',#4775,#5039);
#5039 = DEFINITIONAL_REPRESENTATION('',(#5040),#5044);
#5040 = LINE('',#5041,#5042);
#5041 = CARTESIAN_POINT('',(-6.814609711298,9.944017270612));
#5042 = VECTOR('',#5043,1.);
#5043 = DIRECTION('',(0.,-1.));
#5044 = ( GEOMETRIC_REPRESENTATION_CONTEXT(2) 
PARAMETRIC_REPRESENTATION_CONTEXT() REPRESENTATION_CONTEXT('2D SPACE',''
  ) );
#5045 = PCURVE('',#556,#5046);
#5046 = DEFINITIONAL_REPRESENTATION('',(#5047),#5051);
#5047 = LINE('',#5048,#5049);
#5048 = CARTESIAN_POINT('',(10.7315,0.99));
#5049 = VECTOR('',#5050,1.);
#5050 = DIRECTION('',(-1.,0.));
#5051 = ( GEOMETRIC_REPRESENTATION_CONTEXT(2) 
PARAMETRIC_REPRESENTATION_CONTEXT() REPRESENTATION_CONTEXT('2D SPACE',''
  ) );
#5052 = ORIENTED_EDGE('',*,*,#5053,.T.);
#5053 = EDGE_CURVE('',#5031,#5054,#5056,.T.);
#5054 = VERTEX_POINT('',#5055);
#5055 = CARTESIAN_POINT('',(1.423158685586,0.990000014901,2.778600044588
    ));
#5056 = SURFACE_CURVE('',#5057,(#5062,#5073),.PCURVE_S1.);
#5057 = CIRCLE('',#5058,0.3175);
#5058 = AXIS2_PLACEMENT_3D('',#5059,#5060,#5061);
#5059 = CARTESIAN_POINT('',(1.740658685586,0.990000014901,2.778600044587
    ));
#5060 = DIRECTION('',(0.,1.,0.));
#5061 = DIRECTION('',(-2.22044604925E-16,0.,-1.));
#5062 = PCURVE('',#4775,#5063);
#5063 = DEFINITIONAL_REPRESENTATION('',(#5064),#5072);
#5064 = ( BOUNDED_CURVE() B_SPLINE_CURVE(2,(#5065,#5066,#5067,#5068,
#5069,#5070,#5071),.UNSPECIFIED.,.T.,.F.) B_SPLINE_CURVE_WITH_KNOTS((1,2
    ,2,2,2,1),(-2.094395102393,0.,2.094395102393,4.188790204786,
6.28318530718,8.377580409573),.UNSPECIFIED.) CURVE() 
GEOMETRIC_REPRESENTATION_ITEM() RATIONAL_B_SPLINE_CURVE((1.,0.5,1.,0.5,
1.,0.5,1.)) REPRESENTATION_ITEM('') );
#5065 = CARTESIAN_POINT('',(-6.497109711298,7.721517270612));
#5066 = CARTESIAN_POINT('',(-6.497109711298,7.171591139209));
#5067 = CARTESIAN_POINT('',(-6.973359711298,7.44655420491));
#5068 = CARTESIAN_POINT('',(-7.449609711298,7.721517270612));
#5069 = CARTESIAN_POINT('',(-6.973359711298,7.996480336313));
#5070 = CARTESIAN_POINT('',(-6.497109711298,8.271443402015));
#5071 = CARTESIAN_POINT('',(-6.497109711298,7.721517270612));
#5072 = ( GEOMETRIC_REPRESENTATION_CONTEXT(2) 
PARAMETRIC_REPRESENTATION_CONTEXT() REPRESENTATION_CONTEXT('2D SPACE',''
  ) );
#5073 = PCURVE('',#5074,#5079);
#5074 = CYLINDRICAL_SURFACE('',#5075,0.3175);
#5075 = AXIS2_PLACEMENT_3D('',#5076,#5077,#5078);
#5076 = CARTESIAN_POINT('',(1.740658685586,1.490116113834E-08,
    2.778600044587));
#5077 = DIRECTION('',(0.,1.,0.));
#5078 = DIRECTION('',(-2.22044604925E-16,0.,-1.));
#5079 = DEFINITIONAL_REPRESENTATION('',(#5080),#5084);
#5080 = LINE('',#5081,#5082);
#5081 = CARTESIAN_POINT('',(-6.28318530718,0.99));
#5082 = VECTOR('',#5083,1.);
#5083 = DIRECTION('',(1.,0.));
#5084 = ( GEOMETRIC_REPRESENTATION_CONTEXT(2) 
PARAMETRIC_REPRESENTATION_CONTEXT() REPRESENTATION_CONTEXT('2D SPACE',''
  ) );
#5085 = ORIENTED_EDGE('',*,*,#5086,.T.);
#5086 = EDGE_CURVE('',#5054,#5087,#5089,.T.);
#5087 = VERTEX_POINT('',#5088);
#5088 = CARTESIAN_POINT('',(-0.481841314414,0.990000014901,
    2.778600044588));
#5089 = SURFACE_CURVE('',#5090,(#5094,#5101),.PCURVE_S1.);
#5090 = LINE('',#5091,#5092);
#5091 = CARTESIAN_POINT('',(1.423158685586,0.990000014901,2.778600044588
    ));
#5092 = VECTOR('',#5093,1.);
#5093 = DIRECTION('',(-1.,0.,0.));
#5094 = PCURVE('',#4775,#5095);
#5095 = DEFINITIONAL_REPRESENTATION('',(#5096),#5100);
#5096 = LINE('',#5097,#5098);
#5097 = CARTESIAN_POINT('',(-6.814609711298,7.404017270612));
#5098 = VECTOR('',#5099,1.);
#5099 = DIRECTION('',(0.,-1.));
#5100 = ( GEOMETRIC_REPRESENTATION_CONTEXT(2) 
PARAMETRIC_REPRESENTATION_CONTEXT() REPRESENTATION_CONTEXT('2D SPACE',''
  ) );
#5101 = PCURVE('',#669,#5102);
#5102 = DEFINITIONAL_REPRESENTATION('',(#5103),#5107);
#5103 = LINE('',#5104,#5105);
#5104 = CARTESIAN_POINT('',(8.1915,0.99));
#5105 = VECTOR('',#5106,1.);
#5106 = DIRECTION('',(-1.,0.));
#5107 = ( GEOMETRIC_REPRESENTATION_CONTEXT(2) 
PARAMETRIC_REPRESENTATION_CONTEXT() REPRESENTATION_CONTEXT('2D SPACE',''
  ) );
#5108 = ORIENTED_EDGE('',*,*,#5109,.T.);
#5109 = EDGE_CURVE('',#5087,#5110,#5112,.T.);
#5110 = VERTEX_POINT('',#5111);
#5111 = CARTESIAN_POINT('',(-1.116841314414,0.990000014901,
    2.778600044588));
#5112 = SURFACE_CURVE('',#5113,(#5118,#5129),.PCURVE_S1.);
#5113 = CIRCLE('',#5114,0.3175);
#5114 = AXIS2_PLACEMENT_3D('',#5115,#5116,#5117);
#5115 = CARTESIAN_POINT('',(-0.799341314414,0.990000014901,
    2.778600044587));
#5116 = DIRECTION('',(0.,1.,0.));
#5117 = DIRECTION('',(-2.22044604925E-16,0.,-1.));
#5118 = PCURVE('',#4775,#5119);
#5119 = DEFINITIONAL_REPRESENTATION('',(#5120),#5128);
#5120 = ( BOUNDED_CURVE() B_SPLINE_CURVE(2,(#5121,#5122,#5123,#5124,
#5125,#5126,#5127),.UNSPECIFIED.,.T.,.F.) B_SPLINE_CURVE_WITH_KNOTS((1,2
    ,2,2,2,1),(-2.094395102393,0.,2.094395102393,4.188790204786,
6.28318530718,8.377580409573),.UNSPECIFIED.) CURVE() 
GEOMETRIC_REPRESENTATION_ITEM() RATIONAL_B_SPLINE_CURVE((1.,0.5,1.,0.5,
1.,0.5,1.)) REPRESENTATION_ITEM('') );
#5121 = CARTESIAN_POINT('',(-6.497109711298,5.181517270612));
#5122 = CARTESIAN_POINT('',(-6.497109711298,4.631591139209));
#5123 = CARTESIAN_POINT('',(-6.973359711298,4.90655420491));
#5124 = CARTESIAN_POINT('',(-7.449609711298,5.181517270612));
#5125 = CARTESIAN_POINT('',(-6.973359711298,5.456480336313));
#5126 = CARTESIAN_POINT('',(-6.497109711298,5.731443402015));
#5127 = CARTESIAN_POINT('',(-6.497109711298,5.181517270612));
#5128 = ( GEOMETRIC_REPRESENTATION_CONTEXT(2) 
PARAMETRIC_REPRESENTATION_CONTEXT() REPRESENTATION_CONTEXT('2D SPACE',''
  ) );
#5129 = PCURVE('',#5130,#5135);
#5130 = CYLINDRICAL_SURFACE('',#5131,0.3175);
#5131 = AXIS2_PLACEMENT_3D('',#5132,#5133,#5134);
#5132 = CARTESIAN_POINT('',(-0.799341314414,1.490116113834E-08,
    2.778600044587));
#5133 = DIRECTION('',(0.,1.,0.));
#5134 = DIRECTION('',(-2.22044604925E-16,0.,-1.));
#5135 = DEFINITIONAL_REPRESENTATION('',(#5136),#5140);
#5136 = LINE('',#5137,#5138);
#5137 = CARTESIAN_POINT('',(0.,0.99));
#5138 = VECTOR('',#5139,1.);
#5139 = DIRECTION('',(1.,0.));
#5140 = ( GEOMETRIC_REPRESENTATION_CONTEXT(2) 
PARAMETRIC_REPRESENTATION_CONTEXT() REPRESENTATION_CONTEXT('2D SPACE',''
  ) );
#5141 = ORIENTED_EDGE('',*,*,#5142,.T.);
#5142 = EDGE_CURVE('',#5110,#5143,#5145,.T.);
#5143 = VERTEX_POINT('',#5144);
#5144 = CARTESIAN_POINT('',(-3.021841314414,0.990000014901,
    2.778600044588));
#5145 = SURFACE_CURVE('',#5146,(#5150,#5157),.PCURVE_S1.);
#5146 = LINE('',#5147,#5148);
#5147 = CARTESIAN_POINT('',(-1.116841314414,0.990000014901,
    2.778600044588));
#5148 = VECTOR('',#5149,1.);
#5149 = DIRECTION('',(-1.,0.,0.));
#5150 = PCURVE('',#4775,#5151);
#5151 = DEFINITIONAL_REPRESENTATION('',(#5152),#5156);
#5152 = LINE('',#5153,#5154);
#5153 = CARTESIAN_POINT('',(-6.814609711298,4.864017270612));
#5154 = VECTOR('',#5155,1.);
#5155 = DIRECTION('',(0.,-1.));
#5156 = ( GEOMETRIC_REPRESENTATION_CONTEXT(2) 
PARAMETRIC_REPRESENTATION_CONTEXT() REPRESENTATION_CONTEXT('2D SPACE',''
  ) );
#5157 = PCURVE('',#782,#5158);
#5158 = DEFINITIONAL_REPRESENTATION('',(#5159),#5163);
#5159 = LINE('',#5160,#5161);
#5160 = CARTESIAN_POINT('',(5.6515,0.99));
#5161 = VECTOR('',#5162,1.);
#5162 = DIRECTION('',(-1.,0.));
#5163 = ( GEOMETRIC_REPRESENTATION_CONTEXT(2) 
PARAMETRIC_REPRESENTATION_CONTEXT() REPRESENTATION_CONTEXT('2D SPACE',''
  ) );
#5164 = ORIENTED_EDGE('',*,*,#5165,.T.);
#5165 = EDGE_CURVE('',#5143,#5166,#5168,.T.);
#5166 = VERTEX_POINT('',#5167);
#5167 = CARTESIAN_POINT('',(-3.656841314414,0.990000014901,
    2.778600044588));
#5168 = SURFACE_CURVE('',#5169,(#5174,#5185),.PCURVE_S1.);
#5169 = CIRCLE('',#5170,0.3175);
#5170 = AXIS2_PLACEMENT_3D('',#5171,#5172,#5173);
#5171 = CARTESIAN_POINT('',(-3.339341314414,0.990000014901,
    2.778600044587));
#5172 = DIRECTION('',(0.,1.,0.));
#5173 = DIRECTION('',(-2.22044604925E-16,0.,-1.));
#5174 = PCURVE('',#4775,#5175);
#5175 = DEFINITIONAL_REPRESENTATION('',(#5176),#5184);
#5176 = ( BOUNDED_CURVE() B_SPLINE_CURVE(2,(#5177,#5178,#5179,#5180,
#5181,#5182,#5183),.UNSPECIFIED.,.T.,.F.) B_SPLINE_CURVE_WITH_KNOTS((1,2
    ,2,2,2,1),(-2.094395102393,0.,2.094395102393,4.188790204786,
6.28318530718,8.377580409573),.UNSPECIFIED.) CURVE() 
GEOMETRIC_REPRESENTATION_ITEM() RATIONAL_B_SPLINE_CURVE((1.,0.5,1.,0.5,
1.,0.5,1.)) REPRESENTATION_ITEM('') );
#5177 = CARTESIAN_POINT('',(-6.497109711298,2.641517270612));
#5178 = CARTESIAN_POINT('',(-6.497109711298,2.091591139209));
#5179 = CARTESIAN_POINT('',(-6.973359711298,2.36655420491));
#5180 = CARTESIAN_POINT('',(-7.449609711298,2.641517270612));
#5181 = CARTESIAN_POINT('',(-6.973359711298,2.916480336313));
#5182 = CARTESIAN_POINT('',(-6.497109711298,3.191443402015));
#5183 = CARTESIAN_POINT('',(-6.497109711298,2.641517270612));
#5184 = ( GEOMETRIC_REPRESENTATION_CONTEXT(2) 
PARAMETRIC_REPRESENTATION_CONTEXT() REPRESENTATION_CONTEXT('2D SPACE',''
  ) );
#5185 = PCURVE('',#5186,#5191);
#5186 = CYLINDRICAL_SURFACE('',#5187,0.3175);
#5187 = AXIS2_PLACEMENT_3D('',#5188,#5189,#5190);
#5188 = CARTESIAN_POINT('',(-3.339341314414,1.490116113834E-08,
    2.778600044587));
#5189 = DIRECTION('',(0.,1.,0.));
#5190 = DIRECTION('',(-2.22044604925E-16,0.,-1.));
#5191 = DEFINITIONAL_REPRESENTATION('',(#5192),#5196);
#5192 = LINE('',#5193,#5194);
#5193 = CARTESIAN_POINT('',(-6.28318530718,0.99));
#5194 = VECTOR('',#5195,1.);
#5195 = DIRECTION('',(1.,0.));
#5196 = ( GEOMETRIC_REPRESENTATION_CONTEXT(2) 
PARAMETRIC_REPRESENTATION_CONTEXT() REPRESENTATION_CONTEXT('2D SPACE',''
  ) );
#5197 = ORIENTED_EDGE('',*,*,#5198,.T.);
#5198 = EDGE_CURVE('',#5166,#5199,#5201,.T.);
#5199 = VERTEX_POINT('',#5200);
#5200 = CARTESIAN_POINT('',(-5.561841314414,0.990000014901,
    2.778600044588));
#5201 = SURFACE_CURVE('',#5202,(#5206,#5213),.PCURVE_S1.);
#5202 = LINE('',#5203,#5204);
#5203 = CARTESIAN_POINT('',(-3.656841314414,0.990000014901,
    2.778600044588));
#5204 = VECTOR('',#5205,1.);
#5205 = DIRECTION('',(-1.,0.,0.));
#5206 = PCURVE('',#4775,#5207);
#5207 = DEFINITIONAL_REPRESENTATION('',(#5208),#5212);
#5208 = LINE('',#5209,#5210);
#5209 = CARTESIAN_POINT('',(-6.814609711298,2.324017270612));
#5210 = VECTOR('',#5211,1.);
#5211 = DIRECTION('',(0.,-1.));
#5212 = ( GEOMETRIC_REPRESENTATION_CONTEXT(2) 
PARAMETRIC_REPRESENTATION_CONTEXT() REPRESENTATION_CONTEXT('2D SPACE',''
  ) );
#5213 = PCURVE('',#895,#5214);
#5214 = DEFINITIONAL_REPRESENTATION('',(#5215),#5219);
#5215 = LINE('',#5216,#5217);
#5216 = CARTESIAN_POINT('',(3.1115,0.99));
#5217 = VECTOR('',#5218,1.);
#5218 = DIRECTION('',(-1.,0.));
#5219 = ( GEOMETRIC_REPRESENTATION_CONTEXT(2) 
PARAMETRIC_REPRESENTATION_CONTEXT() REPRESENTATION_CONTEXT('2D SPACE',''
  ) );
#5220 = ORIENTED_EDGE('',*,*,#5221,.F.);
#5221 = EDGE_CURVE('',#5222,#5199,#5224,.T.);
#5222 = VERTEX_POINT('',#5223);
#5223 = CARTESIAN_POINT('',(-6.196841314414,0.990000014901,
    2.778600044588));
#5224 = SURFACE_CURVE('',#5225,(#5230,#5237),.PCURVE_S1.);
#5225 = CIRCLE('',#5226,0.3175);
#5226 = AXIS2_PLACEMENT_3D('',#5227,#5228,#5229);
#5227 = CARTESIAN_POINT('',(-5.879341314414,0.990000014901,
    2.778600044587));
#5228 = DIRECTION('',(-0.,-1.,0.));
#5229 = DIRECTION('',(-1.,0.,1.398706172756E-15));
#5230 = PCURVE('',#4775,#5231);
#5231 = DEFINITIONAL_REPRESENTATION('',(#5232),#5236);
#5232 = CIRCLE('',#5233,0.3175);
#5233 = AXIS2_PLACEMENT_2D('',#5234,#5235);
#5234 = CARTESIAN_POINT('',(-6.814609711298,0.101517270612));
#5235 = DIRECTION('',(-1.398706172756E-15,-1.));
#5236 = ( GEOMETRIC_REPRESENTATION_CONTEXT(2) 
PARAMETRIC_REPRESENTATION_CONTEXT() REPRESENTATION_CONTEXT('2D SPACE',''
  ) );
#5237 = PCURVE('',#5238,#5243);
#5238 = CYLINDRICAL_SURFACE('',#5239,0.3175);
#5239 = AXIS2_PLACEMENT_3D('',#5240,#5241,#5242);
#5240 = CARTESIAN_POINT('',(-5.879341314414,1.490116113834E-08,
    2.778600044587));
#5241 = DIRECTION('',(0.,1.,0.));
#5242 = DIRECTION('',(-2.22044604925E-16,0.,-1.));
#5243 = DEFINITIONAL_REPRESENTATION('',(#5244),#5248);
#5244 = LINE('',#5245,#5246);
#5245 = CARTESIAN_POINT('',(1.570796326795,0.99));
#5246 = VECTOR('',#5247,1.);
#5247 = DIRECTION('',(-1.,-0.));
#5248 = ( GEOMETRIC_REPRESENTATION_CONTEXT(2) 
PARAMETRIC_REPRESENTATION_CONTEXT() REPRESENTATION_CONTEXT('2D SPACE',''
  ) );
#5249 = ORIENTED_EDGE('',*,*,#5250,.T.);
#5250 = EDGE_CURVE('',#5222,#5251,#5253,.T.);
#5251 = VERTEX_POINT('',#5252);
#5252 = CARTESIAN_POINT('',(-6.768297207837,0.990000014901,
    2.778600044842));
#5253 = SURFACE_CURVE('',#5254,(#5258,#5265),.PCURVE_S1.);
#5254 = LINE('',#5255,#5256);
#5255 = CARTESIAN_POINT('',(-6.196841314414,0.990000014901,
    2.778600044588));
#5256 = VECTOR('',#5257,1.);
#5257 = DIRECTION('',(-1.,0.,4.461175731598E-10));
#5258 = PCURVE('',#4775,#5259);
#5259 = DEFINITIONAL_REPRESENTATION('',(#5260),#5264);
#5260 = LINE('',#5261,#5262);
#5261 = CARTESIAN_POINT('',(-6.814609711298,-0.215982729388));
#5262 = VECTOR('',#5263,1.);
#5263 = DIRECTION('',(-4.461175731598E-10,-1.));
#5264 = ( GEOMETRIC_REPRESENTATION_CONTEXT(2) 
PARAMETRIC_REPRESENTATION_CONTEXT() REPRESENTATION_CONTEXT('2D SPACE',''
  ) );
#5265 = PCURVE('',#1008,#5266);
#5266 = DEFINITIONAL_REPRESENTATION('',(#5267),#5271);
#5267 = LINE('',#5268,#5269);
#5268 = CARTESIAN_POINT('',(0.5715,0.99));
#5269 = VECTOR('',#5270,1.);
#5270 = DIRECTION('',(-1.,0.));
#5271 = ( GEOMETRIC_REPRESENTATION_CONTEXT(2) 
PARAMETRIC_REPRESENTATION_CONTEXT() REPRESENTATION_CONTEXT('2D SPACE',''
  ) );
#5272 = ORIENTED_EDGE('',*,*,#5273,.F.);
#5273 = EDGE_CURVE('',#5274,#5251,#5276,.T.);
#5274 = VERTEX_POINT('',#5275);
#5275 = CARTESIAN_POINT('',(-8.673341314414,0.990000014901,
    0.873560838729));
#5276 = SURFACE_CURVE('',#5277,(#5282,#5293),.PCURVE_S1.);
#5277 = CIRCLE('',#5278,1.905044107102);
#5278 = AXIS2_PLACEMENT_3D('',#5279,#5280,#5281);
#5279 = CARTESIAN_POINT('',(-6.768297207823,0.990000014901,
    0.873555937996));
#5280 = DIRECTION('',(0.,1.,0.));
#5281 = DIRECTION('',(-0.999999999732,0.,2.315253009451E-05));
#5282 = PCURVE('',#4775,#5283);
#5283 = DEFINITIONAL_REPRESENTATION('',(#5284),#5292);
#5284 = ( BOUNDED_CURVE() B_SPLINE_CURVE(2,(#5285,#5286,#5287,#5288,
#5289,#5290,#5291),.UNSPECIFIED.,.T.,.F.) B_SPLINE_CURVE_WITH_KNOTS((1,2
    ,2,2,2,1),(-2.094395102393,0.,2.094395102393,4.188790204786,
6.28318530718,8.377580409573),.UNSPECIFIED.) CURVE() 
GEOMETRIC_REPRESENTATION_ITEM() RATIONAL_B_SPLINE_CURVE((1.,0.5,1.,0.5,
1.,0.5,1.)) REPRESENTATION_ITEM('') );
#5285 = CARTESIAN_POINT('',(-4.909609711298,-2.692482729388));
#5286 = CARTESIAN_POINT('',(-8.209242894573,-2.692406334532));
#5287 = CARTESIAN_POINT('',(-6.559360143049,0.165121627927));
#5288 = CARTESIAN_POINT('',(-4.909477391525,3.022649590385));
#5289 = CARTESIAN_POINT('',(-3.259726959774,0.16504523307));
#5290 = CARTESIAN_POINT('',(-1.609976528023,-2.692559124245));
#5291 = CARTESIAN_POINT('',(-4.909609711298,-2.692482729388));
#5292 = ( GEOMETRIC_REPRESENTATION_CONTEXT(2) 
PARAMETRIC_REPRESENTATION_CONTEXT() REPRESENTATION_CONTEXT('2D SPACE',''
  ) );
#5293 = PCURVE('',#1037,#5294);
#5294 = DEFINITIONAL_REPRESENTATION('',(#5295),#5299);
#5295 = LINE('',#5296,#5297);
#5296 = CARTESIAN_POINT('',(8.799712800601E-22,0.99));
#5297 = VECTOR('',#5298,1.);
#5298 = DIRECTION('',(1.,0.));
#5299 = ( GEOMETRIC_REPRESENTATION_CONTEXT(2) 
PARAMETRIC_REPRESENTATION_CONTEXT() REPRESENTATION_CONTEXT('2D SPACE',''
  ) );
#5300 = ORIENTED_EDGE('',*,*,#5301,.T.);
#5301 = EDGE_CURVE('',#5274,#5302,#5304,.T.);
#5302 = VERTEX_POINT('',#5303);
#5303 = CARTESIAN_POINT('',(-8.673341314669,0.990000014901,
    -13.09635584882));
#5304 = SURFACE_CURVE('',#5305,(#5309,#5316),.PCURVE_S1.);
#5305 = LINE('',#5306,#5307);
#5306 = CARTESIAN_POINT('',(-8.673341314414,0.990000014901,
    0.873560838729));
#5307 = VECTOR('',#5308,1.);
#5308 = DIRECTION('',(-1.827484090769E-11,-1.58944831162E-17,-1.));
#5309 = PCURVE('',#4775,#5310);
#5310 = DEFINITIONAL_REPRESENTATION('',(#5311),#5315);
#5311 = LINE('',#5312,#5313);
#5312 = CARTESIAN_POINT('',(-4.909570505439,-2.692482729388));
#5313 = VECTOR('',#5314,1.);
#5314 = DIRECTION('',(1.,-1.827484090769E-11));
#5315 = ( GEOMETRIC_REPRESENTATION_CONTEXT(2) 
PARAMETRIC_REPRESENTATION_CONTEXT() REPRESENTATION_CONTEXT('2D SPACE',''
  ) );
#5316 = PCURVE('',#1064,#5317);
#5317 = DEFINITIONAL_REPRESENTATION('',(#5318),#5322);
#5318 = LINE('',#5319,#5320);
#5319 = CARTESIAN_POINT('',(13.969960794141,0.99));
#5320 = VECTOR('',#5321,1.);
#5321 = DIRECTION('',(-1.,-1.58944831162E-17));
#5322 = ( GEOMETRIC_REPRESENTATION_CONTEXT(2) 
PARAMETRIC_REPRESENTATION_CONTEXT() REPRESENTATION_CONTEXT('2D SPACE',''
  ) );
#5323 = ORIENTED_EDGE('',*,*,#5324,.T.);
#5324 = EDGE_CURVE('',#5302,#5325,#5327,.T.);
#5325 = VERTEX_POINT('',#5326);
#5326 = CARTESIAN_POINT('',(-6.768299802328,0.990000014901,
    -15.00139995541));
#5327 = SURFACE_CURVE('',#5328,(#5333,#5340),.PCURVE_S1.);
#5328 = CIRCLE('',#5329,1.905044107102);
#5329 = AXIS2_PLACEMENT_3D('',#5330,#5331,#5332);
#5330 = CARTESIAN_POINT('',(-6.768297207823,0.990000014901,
    -13.09635584882));
#5331 = DIRECTION('',(0.,-1.,0.));
#5332 = DIRECTION('',(-1.,-0.,-7.925818137564E-14));
#5333 = PCURVE('',#4775,#5334);
#5334 = DEFINITIONAL_REPRESENTATION('',(#5335),#5339);
#5335 = CIRCLE('',#5336,1.905044107102);
#5336 = AXIS2_PLACEMENT_2D('',#5337,#5338);
#5337 = CARTESIAN_POINT('',(9.060346182111,-0.787438622797));
#5338 = DIRECTION('',(7.925818137564E-14,-1.));
#5339 = ( GEOMETRIC_REPRESENTATION_CONTEXT(2) 
PARAMETRIC_REPRESENTATION_CONTEXT() REPRESENTATION_CONTEXT('2D SPACE',''
  ) );
#5340 = PCURVE('',#1093,#5341);
#5341 = DEFINITIONAL_REPRESENTATION('',(#5342),#5346);
#5342 = LINE('',#5343,#5344);
#5343 = CARTESIAN_POINT('',(1.570773174265,0.99));
#5344 = VECTOR('',#5345,1.);
#5345 = DIRECTION('',(-1.,0.));
#5346 = ( GEOMETRIC_REPRESENTATION_CONTEXT(2) 
PARAMETRIC_REPRESENTATION_CONTEXT() REPRESENTATION_CONTEXT('2D SPACE',''
  ) );
#5347 = ORIENTED_EDGE('',*,*,#5348,.T.);
#5348 = EDGE_CURVE('',#5325,#5349,#5351,.T.);
#5349 = VERTEX_POINT('',#5350);
#5350 = CARTESIAN_POINT('',(-6.196841314414,0.990000014901,
    -15.00139995541));
#5351 = SURFACE_CURVE('',#5352,(#5356,#5363),.PCURVE_S1.);
#5352 = LINE('',#5353,#5354);
#5353 = CARTESIAN_POINT('',(-6.768299802328,0.990000014901,
    -15.00139995541));
#5354 = VECTOR('',#5355,1.);
#5355 = DIRECTION('',(1.,-5.828365741896E-16,-6.216923458022E-15));
#5356 = PCURVE('',#4775,#5357);
#5357 = DEFINITIONAL_REPRESENTATION('',(#5358),#5362);
#5358 = LINE('',#5359,#5360);
#5359 = CARTESIAN_POINT('',(10.965390288702,-0.787441217303));
#5360 = VECTOR('',#5361,1.);
#5361 = DIRECTION('',(6.216923458022E-15,1.));
#5362 = ( GEOMETRIC_REPRESENTATION_CONTEXT(2) 
PARAMETRIC_REPRESENTATION_CONTEXT() REPRESENTATION_CONTEXT('2D SPACE',''
  ) );
#5363 = PCURVE('',#1120,#5364);
#5364 = DEFINITIONAL_REPRESENTATION('',(#5365),#5369);
#5365 = LINE('',#5366,#5367);
#5366 = CARTESIAN_POINT('',(17.144958487914,0.99));
#5367 = VECTOR('',#5368,1.);
#5368 = DIRECTION('',(-1.,-5.828365741896E-16));
#5369 = ( GEOMETRIC_REPRESENTATION_CONTEXT(2) 
PARAMETRIC_REPRESENTATION_CONTEXT() REPRESENTATION_CONTEXT('2D SPACE',''
  ) );
#5370 = ORIENTED_EDGE('',*,*,#5371,.F.);
#5371 = EDGE_CURVE('',#5372,#5349,#5374,.T.);
#5372 = VERTEX_POINT('',#5373);
#5373 = CARTESIAN_POINT('',(-5.561841314414,0.990000014901,
    -15.00139995541));
#5374 = SURFACE_CURVE('',#5375,(#5380,#5387),.PCURVE_S1.);
#5375 = CIRCLE('',#5376,0.3175);
#5376 = AXIS2_PLACEMENT_3D('',#5377,#5378,#5379);
#5377 = CARTESIAN_POINT('',(-5.879341314414,0.990000014901,
    -15.00139995541));
#5378 = DIRECTION('',(0.,-1.,0.));
#5379 = DIRECTION('',(1.,0.,0.));
#5380 = PCURVE('',#4775,#5381);
#5381 = DEFINITIONAL_REPRESENTATION('',(#5382),#5386);
#5382 = CIRCLE('',#5383,0.3175);
#5383 = AXIS2_PLACEMENT_2D('',#5384,#5385);
#5384 = CARTESIAN_POINT('',(10.965390288702,0.101517270612));
#5385 = DIRECTION('',(0.,1.));
#5386 = ( GEOMETRIC_REPRESENTATION_CONTEXT(2) 
PARAMETRIC_REPRESENTATION_CONTEXT() REPRESENTATION_CONTEXT('2D SPACE',''
  ) );
#5387 = PCURVE('',#5388,#5393);
#5388 = CYLINDRICAL_SURFACE('',#5389,0.3175);
#5389 = AXIS2_PLACEMENT_3D('',#5390,#5391,#5392);
#5390 = CARTESIAN_POINT('',(-5.879341314414,1.490116113834E-08,
    -15.00139995541));
#5391 = DIRECTION('',(0.,1.,0.));
#5392 = DIRECTION('',(2.22044604925E-16,0.,1.));
#5393 = DEFINITIONAL_REPRESENTATION('',(#5394),#5398);
#5394 = LINE('',#5395,#5396);
#5395 = CARTESIAN_POINT('',(1.570796326795,0.99));
#5396 = VECTOR('',#5397,1.);
#5397 = DIRECTION('',(-1.,-0.));
#5398 = ( GEOMETRIC_REPRESENTATION_CONTEXT(2) 
PARAMETRIC_REPRESENTATION_CONTEXT() REPRESENTATION_CONTEXT('2D SPACE',''
  ) );
#5399 = ORIENTED_EDGE('',*,*,#5400,.T.);
#5400 = EDGE_CURVE('',#5372,#5401,#5403,.T.);
#5401 = VERTEX_POINT('',#5402);
#5402 = CARTESIAN_POINT('',(-3.656841314414,0.990000014901,
    -15.00139995541));
#5403 = SURFACE_CURVE('',#5404,(#5408,#5415),.PCURVE_S1.);
#5404 = LINE('',#5405,#5406);
#5405 = CARTESIAN_POINT('',(-5.561841314414,0.990000014901,
    -15.00139995541));
#5406 = VECTOR('',#5407,1.);
#5407 = DIRECTION('',(1.,0.,0.));
#5408 = PCURVE('',#4775,#5409);
#5409 = DEFINITIONAL_REPRESENTATION('',(#5410),#5414);
#5410 = LINE('',#5411,#5412);
#5411 = CARTESIAN_POINT('',(10.965390288702,0.419017270612));
#5412 = VECTOR('',#5413,1.);
#5413 = DIRECTION('',(0.,1.));
#5414 = ( GEOMETRIC_REPRESENTATION_CONTEXT(2) 
PARAMETRIC_REPRESENTATION_CONTEXT() REPRESENTATION_CONTEXT('2D SPACE',''
  ) );
#5415 = PCURVE('',#1233,#5416);
#5416 = DEFINITIONAL_REPRESENTATION('',(#5417),#5421);
#5417 = LINE('',#5418,#5419);
#5418 = CARTESIAN_POINT('',(15.9385,0.99));
#5419 = VECTOR('',#5420,1.);
#5420 = DIRECTION('',(-1.,0.));
#5421 = ( GEOMETRIC_REPRESENTATION_CONTEXT(2) 
PARAMETRIC_REPRESENTATION_CONTEXT() REPRESENTATION_CONTEXT('2D SPACE',''
  ) );
#5422 = ORIENTED_EDGE('',*,*,#5423,.T.);
#5423 = EDGE_CURVE('',#5401,#5424,#5426,.T.);
#5424 = VERTEX_POINT('',#5425);
#5425 = CARTESIAN_POINT('',(-3.021841314414,0.990000014901,
    -15.00139995541));
#5426 = SURFACE_CURVE('',#5427,(#5432,#5443),.PCURVE_S1.);
#5427 = CIRCLE('',#5428,0.3175);
#5428 = AXIS2_PLACEMENT_3D('',#5429,#5430,#5431);
#5429 = CARTESIAN_POINT('',(-3.339341314414,0.990000014901,
    -15.00139995541));
#5430 = DIRECTION('',(-0.,1.,0.));
#5431 = DIRECTION('',(2.22044604925E-16,0.,1.));
#5432 = PCURVE('',#4775,#5433);
#5433 = DEFINITIONAL_REPRESENTATION('',(#5434),#5442);
#5434 = ( BOUNDED_CURVE() B_SPLINE_CURVE(2,(#5435,#5436,#5437,#5438,
#5439,#5440,#5441),.UNSPECIFIED.,.T.,.F.) B_SPLINE_CURVE_WITH_KNOTS((1,2
    ,2,2,2,1),(-2.094395102393,0.,2.094395102393,4.188790204786,
6.28318530718,8.377580409573),.UNSPECIFIED.) CURVE() 
GEOMETRIC_REPRESENTATION_ITEM() RATIONAL_B_SPLINE_CURVE((1.,0.5,1.,0.5,
1.,0.5,1.)) REPRESENTATION_ITEM('') );
#5435 = CARTESIAN_POINT('',(10.647890288702,2.641517270612));
#5436 = CARTESIAN_POINT('',(10.647890288702,3.191443402015));
#5437 = CARTESIAN_POINT('',(11.124140288702,2.916480336313));
#5438 = CARTESIAN_POINT('',(11.600390288702,2.641517270612));
#5439 = CARTESIAN_POINT('',(11.124140288702,2.36655420491));
#5440 = CARTESIAN_POINT('',(10.647890288702,2.091591139209));
#5441 = CARTESIAN_POINT('',(10.647890288702,2.641517270612));
#5442 = ( GEOMETRIC_REPRESENTATION_CONTEXT(2) 
PARAMETRIC_REPRESENTATION_CONTEXT() REPRESENTATION_CONTEXT('2D SPACE',''
  ) );
#5443 = PCURVE('',#5444,#5449);
#5444 = CYLINDRICAL_SURFACE('',#5445,0.3175);
#5445 = AXIS2_PLACEMENT_3D('',#5446,#5447,#5448);
#5446 = CARTESIAN_POINT('',(-3.339341314414,1.490116113834E-08,
    -15.00139995541));
#5447 = DIRECTION('',(0.,1.,0.));
#5448 = DIRECTION('',(2.22044604925E-16,0.,1.));
#5449 = DEFINITIONAL_REPRESENTATION('',(#5450),#5454);
#5450 = LINE('',#5451,#5452);
#5451 = CARTESIAN_POINT('',(-6.28318530718,0.99));
#5452 = VECTOR('',#5453,1.);
#5453 = DIRECTION('',(1.,0.));
#5454 = ( GEOMETRIC_REPRESENTATION_CONTEXT(2) 
PARAMETRIC_REPRESENTATION_CONTEXT() REPRESENTATION_CONTEXT('2D SPACE',''
  ) );
#5455 = ORIENTED_EDGE('',*,*,#5456,.T.);
#5456 = EDGE_CURVE('',#5424,#5457,#5459,.T.);
#5457 = VERTEX_POINT('',#5458);
#5458 = CARTESIAN_POINT('',(-1.116841314414,0.990000014901,
    -15.00139995541));
#5459 = SURFACE_CURVE('',#5460,(#5464,#5471),.PCURVE_S1.);
#5460 = LINE('',#5461,#5462);
#5461 = CARTESIAN_POINT('',(-3.021841314414,0.990000014901,
    -15.00139995541));
#5462 = VECTOR('',#5463,1.);
#5463 = DIRECTION('',(1.,0.,0.));
#5464 = PCURVE('',#4775,#5465);
#5465 = DEFINITIONAL_REPRESENTATION('',(#5466),#5470);
#5466 = LINE('',#5467,#5468);
#5467 = CARTESIAN_POINT('',(10.965390288702,2.959017270612));
#5468 = VECTOR('',#5469,1.);
#5469 = DIRECTION('',(0.,1.));
#5470 = ( GEOMETRIC_REPRESENTATION_CONTEXT(2) 
PARAMETRIC_REPRESENTATION_CONTEXT() REPRESENTATION_CONTEXT('2D SPACE',''
  ) );
#5471 = PCURVE('',#1346,#5472);
#5472 = DEFINITIONAL_REPRESENTATION('',(#5473),#5477);
#5473 = LINE('',#5474,#5475);
#5474 = CARTESIAN_POINT('',(13.3985,0.99));
#5475 = VECTOR('',#5476,1.);
#5476 = DIRECTION('',(-1.,0.));
#5477 = ( GEOMETRIC_REPRESENTATION_CONTEXT(2) 
PARAMETRIC_REPRESENTATION_CONTEXT() REPRESENTATION_CONTEXT('2D SPACE',''
  ) );
#5478 = ORIENTED_EDGE('',*,*,#5479,.T.);
#5479 = EDGE_CURVE('',#5457,#5480,#5482,.T.);
#5480 = VERTEX_POINT('',#5481);
#5481 = CARTESIAN_POINT('',(-0.481841314414,0.990000014901,
    -15.00139995541));
#5482 = SURFACE_CURVE('',#5483,(#5488,#5499),.PCURVE_S1.);
#5483 = CIRCLE('',#5484,0.3175);
#5484 = AXIS2_PLACEMENT_3D('',#5485,#5486,#5487);
#5485 = CARTESIAN_POINT('',(-0.799341314414,0.990000014901,
    -15.00139995541));
#5486 = DIRECTION('',(-0.,1.,0.));
#5487 = DIRECTION('',(2.22044604925E-16,0.,1.));
#5488 = PCURVE('',#4775,#5489);
#5489 = DEFINITIONAL_REPRESENTATION('',(#5490),#5498);
#5490 = ( BOUNDED_CURVE() B_SPLINE_CURVE(2,(#5491,#5492,#5493,#5494,
#5495,#5496,#5497),.UNSPECIFIED.,.T.,.F.) B_SPLINE_CURVE_WITH_KNOTS((1,2
    ,2,2,2,1),(-2.094395102393,0.,2.094395102393,4.188790204786,
6.28318530718,8.377580409573),.UNSPECIFIED.) CURVE() 
GEOMETRIC_REPRESENTATION_ITEM() RATIONAL_B_SPLINE_CURVE((1.,0.5,1.,0.5,
1.,0.5,1.)) REPRESENTATION_ITEM('') );
#5491 = CARTESIAN_POINT('',(10.647890288702,5.181517270612));
#5492 = CARTESIAN_POINT('',(10.647890288702,5.731443402015));
#5493 = CARTESIAN_POINT('',(11.124140288702,5.456480336313));
#5494 = CARTESIAN_POINT('',(11.600390288702,5.181517270612));
#5495 = CARTESIAN_POINT('',(11.124140288702,4.90655420491));
#5496 = CARTESIAN_POINT('',(10.647890288702,4.631591139209));
#5497 = CARTESIAN_POINT('',(10.647890288702,5.181517270612));
#5498 = ( GEOMETRIC_REPRESENTATION_CONTEXT(2) 
PARAMETRIC_REPRESENTATION_CONTEXT() REPRESENTATION_CONTEXT('2D SPACE',''
  ) );
#5499 = PCURVE('',#5500,#5505);
#5500 = CYLINDRICAL_SURFACE('',#5501,0.3175);
#5501 = AXIS2_PLACEMENT_3D('',#5502,#5503,#5504);
#5502 = CARTESIAN_POINT('',(-0.799341314414,1.490116113834E-08,
    -15.00139995541));
#5503 = DIRECTION('',(0.,1.,0.));
#5504 = DIRECTION('',(2.22044604925E-16,0.,1.));
#5505 = DEFINITIONAL_REPRESENTATION('',(#5506),#5510);
#5506 = LINE('',#5507,#5508);
#5507 = CARTESIAN_POINT('',(-6.28318530718,0.99));
#5508 = VECTOR('',#5509,1.);
#5509 = DIRECTION('',(1.,0.));
#5510 = ( GEOMETRIC_REPRESENTATION_CONTEXT(2) 
PARAMETRIC_REPRESENTATION_CONTEXT() REPRESENTATION_CONTEXT('2D SPACE',''
  ) );
#5511 = ORIENTED_EDGE('',*,*,#5512,.T.);
#5512 = EDGE_CURVE('',#5480,#5513,#5515,.T.);
#5513 = VERTEX_POINT('',#5514);
#5514 = CARTESIAN_POINT('',(1.423158685586,0.990000014901,
    -15.00139995541));
#5515 = SURFACE_CURVE('',#5516,(#5520,#5527),.PCURVE_S1.);
#5516 = LINE('',#5517,#5518);
#5517 = CARTESIAN_POINT('',(-0.481841314414,0.990000014901,
    -15.00139995541));
#5518 = VECTOR('',#5519,1.);
#5519 = DIRECTION('',(1.,0.,0.));
#5520 = PCURVE('',#4775,#5521);
#5521 = DEFINITIONAL_REPRESENTATION('',(#5522),#5526);
#5522 = LINE('',#5523,#5524);
#5523 = CARTESIAN_POINT('',(10.965390288702,5.499017270612));
#5524 = VECTOR('',#5525,1.);
#5525 = DIRECTION('',(0.,1.));
#5526 = ( GEOMETRIC_REPRESENTATION_CONTEXT(2) 
PARAMETRIC_REPRESENTATION_CONTEXT() REPRESENTATION_CONTEXT('2D SPACE',''
  ) );
#5527 = PCURVE('',#1459,#5528);
#5528 = DEFINITIONAL_REPRESENTATION('',(#5529),#5533);
#5529 = LINE('',#5530,#5531);
#5530 = CARTESIAN_POINT('',(10.8585,0.99));
#5531 = VECTOR('',#5532,1.);
#5532 = DIRECTION('',(-1.,0.));
#5533 = ( GEOMETRIC_REPRESENTATION_CONTEXT(2) 
PARAMETRIC_REPRESENTATION_CONTEXT() REPRESENTATION_CONTEXT('2D SPACE',''
  ) );
#5534 = ORIENTED_EDGE('',*,*,#5535,.T.);
#5535 = EDGE_CURVE('',#5513,#5536,#5538,.T.);
#5536 = VERTEX_POINT('',#5537);
#5537 = CARTESIAN_POINT('',(2.058158685586,0.990000014901,
    -15.00139995541));
#5538 = SURFACE_CURVE('',#5539,(#5544,#5555),.PCURVE_S1.);
#5539 = CIRCLE('',#5540,0.3175);
#5540 = AXIS2_PLACEMENT_3D('',#5541,#5542,#5543);
#5541 = CARTESIAN_POINT('',(1.740658685586,0.990000014901,
    -15.00139995541));
#5542 = DIRECTION('',(0.,1.,0.));
#5543 = DIRECTION('',(2.150510740613E-16,0.,-1.));
#5544 = PCURVE('',#4775,#5545);
#5545 = DEFINITIONAL_REPRESENTATION('',(#5546),#5554);
#5546 = ( BOUNDED_CURVE() B_SPLINE_CURVE(2,(#5547,#5548,#5549,#5550,
#5551,#5552,#5553),.UNSPECIFIED.,.T.,.F.) B_SPLINE_CURVE_WITH_KNOTS((1,2
    ,2,2,2,1),(-2.094395102393,0.,2.094395102393,4.188790204786,
6.28318530718,8.377580409573),.UNSPECIFIED.) CURVE() 
GEOMETRIC_REPRESENTATION_ITEM() RATIONAL_B_SPLINE_CURVE((1.,0.5,1.,0.5,
1.,0.5,1.)) REPRESENTATION_ITEM('') );
#5547 = CARTESIAN_POINT('',(11.282890288702,7.721517270612));
#5548 = CARTESIAN_POINT('',(11.282890288702,7.171591139209));
#5549 = CARTESIAN_POINT('',(10.806640288702,7.44655420491));
#5550 = CARTESIAN_POINT('',(10.330390288702,7.721517270612));
#5551 = CARTESIAN_POINT('',(10.806640288702,7.996480336313));
#5552 = CARTESIAN_POINT('',(11.282890288702,8.271443402015));
#5553 = CARTESIAN_POINT('',(11.282890288702,7.721517270612));
#5554 = ( GEOMETRIC_REPRESENTATION_CONTEXT(2) 
PARAMETRIC_REPRESENTATION_CONTEXT() REPRESENTATION_CONTEXT('2D SPACE',''
  ) );
#5555 = PCURVE('',#5556,#5561);
#5556 = CYLINDRICAL_SURFACE('',#5557,0.3175);
#5557 = AXIS2_PLACEMENT_3D('',#5558,#5559,#5560);
#5558 = CARTESIAN_POINT('',(1.740658685586,1.490116113834E-08,
    -15.00139995541));
#5559 = DIRECTION('',(0.,1.,0.));
#5560 = DIRECTION('',(-3.37515753976E-16,0.,1.));
#5561 = DEFINITIONAL_REPRESENTATION('',(#5562),#5566);
#5562 = LINE('',#5563,#5564);
#5563 = CARTESIAN_POINT('',(-3.14159265359,0.99));
#5564 = VECTOR('',#5565,1.);
#5565 = DIRECTION('',(1.,0.));
#5566 = ( GEOMETRIC_REPRESENTATION_CONTEXT(2) 
PARAMETRIC_REPRESENTATION_CONTEXT() REPRESENTATION_CONTEXT('2D SPACE',''
  ) );
#5567 = ORIENTED_EDGE('',*,*,#5568,.T.);
#5568 = EDGE_CURVE('',#5536,#5569,#5571,.T.);
#5569 = VERTEX_POINT('',#5570);
#5570 = CARTESIAN_POINT('',(3.963158685586,0.990000014901,
    -15.00139995541));
#5571 = SURFACE_CURVE('',#5572,(#5576,#5583),.PCURVE_S1.);
#5572 = LINE('',#5573,#5574);
#5573 = CARTESIAN_POINT('',(2.058158685586,0.990000014901,
    -15.00139995541));
#5574 = VECTOR('',#5575,1.);
#5575 = DIRECTION('',(1.,0.,0.));
#5576 = PCURVE('',#4775,#5577);
#5577 = DEFINITIONAL_REPRESENTATION('',(#5578),#5582);
#5578 = LINE('',#5579,#5580);
#5579 = CARTESIAN_POINT('',(10.965390288702,8.039017270612));
#5580 = VECTOR('',#5581,1.);
#5581 = DIRECTION('',(0.,1.));
#5582 = ( GEOMETRIC_REPRESENTATION_CONTEXT(2) 
PARAMETRIC_REPRESENTATION_CONTEXT() REPRESENTATION_CONTEXT('2D SPACE',''
  ) );
#5583 = PCURVE('',#1572,#5584);
#5584 = DEFINITIONAL_REPRESENTATION('',(#5585),#5589);
#5585 = LINE('',#5586,#5587);
#5586 = CARTESIAN_POINT('',(8.3185,0.99));
#5587 = VECTOR('',#5588,1.);
#5588 = DIRECTION('',(-1.,0.));
#5589 = ( GEOMETRIC_REPRESENTATION_CONTEXT(2) 
PARAMETRIC_REPRESENTATION_CONTEXT() REPRESENTATION_CONTEXT('2D SPACE',''
  ) );
#5590 = ORIENTED_EDGE('',*,*,#5591,.T.);
#5591 = EDGE_CURVE('',#5569,#5592,#5594,.T.);
#5592 = VERTEX_POINT('',#5593);
#5593 = CARTESIAN_POINT('',(4.598158685586,0.990000014901,
    -15.00139995541));
#5594 = SURFACE_CURVE('',#5595,(#5600,#5611),.PCURVE_S1.);
#5595 = CIRCLE('',#5596,0.3175);
#5596 = AXIS2_PLACEMENT_3D('',#5597,#5598,#5599);
#5597 = CARTESIAN_POINT('',(4.280658685586,0.990000014901,
    -15.00139995541));
#5598 = DIRECTION('',(-0.,1.,0.));
#5599 = DIRECTION('',(2.22044604925E-16,0.,1.));
#5600 = PCURVE('',#4775,#5601);
#5601 = DEFINITIONAL_REPRESENTATION('',(#5602),#5610);
#5602 = ( BOUNDED_CURVE() B_SPLINE_CURVE(2,(#5603,#5604,#5605,#5606,
#5607,#5608,#5609),.UNSPECIFIED.,.T.,.F.) B_SPLINE_CURVE_WITH_KNOTS((1,2
    ,2,2,2,1),(-2.094395102393,0.,2.094395102393,4.188790204786,
6.28318530718,8.377580409573),.UNSPECIFIED.) CURVE() 
GEOMETRIC_REPRESENTATION_ITEM() RATIONAL_B_SPLINE_CURVE((1.,0.5,1.,0.5,
1.,0.5,1.)) REPRESENTATION_ITEM('') );
#5603 = CARTESIAN_POINT('',(10.647890288702,10.261517270612));
#5604 = CARTESIAN_POINT('',(10.647890288702,10.811443402015));
#5605 = CARTESIAN_POINT('',(11.124140288702,10.536480336313));
#5606 = CARTESIAN_POINT('',(11.600390288702,10.261517270612));
#5607 = CARTESIAN_POINT('',(11.124140288702,9.98655420491));
#5608 = CARTESIAN_POINT('',(10.647890288702,9.711591139209));
#5609 = CARTESIAN_POINT('',(10.647890288702,10.261517270612));
#5610 = ( GEOMETRIC_REPRESENTATION_CONTEXT(2) 
PARAMETRIC_REPRESENTATION_CONTEXT() REPRESENTATION_CONTEXT('2D SPACE',''
  ) );
#5611 = PCURVE('',#5612,#5617);
#5612 = CYLINDRICAL_SURFACE('',#5613,0.3175);
#5613 = AXIS2_PLACEMENT_3D('',#5614,#5615,#5616);
#5614 = CARTESIAN_POINT('',(4.280658685586,1.490116113834E-08,
    -15.00139995541));
#5615 = DIRECTION('',(0.,1.,0.));
#5616 = DIRECTION('',(2.22044604925E-16,0.,1.));
#5617 = DEFINITIONAL_REPRESENTATION('',(#5618),#5622);
#5618 = LINE('',#5619,#5620);
#5619 = CARTESIAN_POINT('',(-5.329070518201E-15,0.99));
#5620 = VECTOR('',#5621,1.);
#5621 = DIRECTION('',(1.,0.));
#5622 = ( GEOMETRIC_REPRESENTATION_CONTEXT(2) 
PARAMETRIC_REPRESENTATION_CONTEXT() REPRESENTATION_CONTEXT('2D SPACE',''
  ) );
#5623 = ORIENTED_EDGE('',*,*,#5624,.T.);
#5624 = EDGE_CURVE('',#5592,#5625,#5627,.T.);
#5625 = VERTEX_POINT('',#5626);
#5626 = CARTESIAN_POINT('',(6.503158685586,0.990000014901,
    -15.00139995541));
#5627 = SURFACE_CURVE('',#5628,(#5632,#5639),.PCURVE_S1.);
#5628 = LINE('',#5629,#5630);
#5629 = CARTESIAN_POINT('',(4.598158685586,0.990000014901,
    -15.00139995541));
#5630 = VECTOR('',#5631,1.);
#5631 = DIRECTION('',(1.,0.,0.));
#5632 = PCURVE('',#4775,#5633);
#5633 = DEFINITIONAL_REPRESENTATION('',(#5634),#5638);
#5634 = LINE('',#5635,#5636);
#5635 = CARTESIAN_POINT('',(10.965390288702,10.579017270612));
#5636 = VECTOR('',#5637,1.);
#5637 = DIRECTION('',(0.,1.));
#5638 = ( GEOMETRIC_REPRESENTATION_CONTEXT(2) 
PARAMETRIC_REPRESENTATION_CONTEXT() REPRESENTATION_CONTEXT('2D SPACE',''
  ) );
#5639 = PCURVE('',#1685,#5640);
#5640 = DEFINITIONAL_REPRESENTATION('',(#5641),#5645);
#5641 = LINE('',#5642,#5643);
#5642 = CARTESIAN_POINT('',(5.7785,0.99));
#5643 = VECTOR('',#5644,1.);
#5644 = DIRECTION('',(-1.,0.));
#5645 = ( GEOMETRIC_REPRESENTATION_CONTEXT(2) 
PARAMETRIC_REPRESENTATION_CONTEXT() REPRESENTATION_CONTEXT('2D SPACE',''
  ) );
#5646 = ORIENTED_EDGE('',*,*,#5647,.T.);
#5647 = EDGE_CURVE('',#5625,#5648,#5650,.T.);
#5648 = VERTEX_POINT('',#5649);
#5649 = CARTESIAN_POINT('',(7.138158685586,0.990000014901,
    -15.00139995541));
#5650 = SURFACE_CURVE('',#5651,(#5656,#5667),.PCURVE_S1.);
#5651 = CIRCLE('',#5652,0.3175);
#5652 = AXIS2_PLACEMENT_3D('',#5653,#5654,#5655);
#5653 = CARTESIAN_POINT('',(6.820658685586,0.990000014901,
    -15.00139995541));
#5654 = DIRECTION('',(-0.,1.,0.));
#5655 = DIRECTION('',(2.22044604925E-16,0.,1.));
#5656 = PCURVE('',#4775,#5657);
#5657 = DEFINITIONAL_REPRESENTATION('',(#5658),#5666);
#5658 = ( BOUNDED_CURVE() B_SPLINE_CURVE(2,(#5659,#5660,#5661,#5662,
#5663,#5664,#5665),.UNSPECIFIED.,.T.,.F.) B_SPLINE_CURVE_WITH_KNOTS((1,2
    ,2,2,2,1),(-2.094395102393,0.,2.094395102393,4.188790204786,
6.28318530718,8.377580409573),.UNSPECIFIED.) CURVE() 
GEOMETRIC_REPRESENTATION_ITEM() RATIONAL_B_SPLINE_CURVE((1.,0.5,1.,0.5,
1.,0.5,1.)) REPRESENTATION_ITEM('') );
#5659 = CARTESIAN_POINT('',(10.647890288702,12.801517270612));
#5660 = CARTESIAN_POINT('',(10.647890288702,13.351443402015));
#5661 = CARTESIAN_POINT('',(11.124140288702,13.076480336313));
#5662 = CARTESIAN_POINT('',(11.600390288702,12.801517270612));
#5663 = CARTESIAN_POINT('',(11.124140288702,12.52655420491));
#5664 = CARTESIAN_POINT('',(10.647890288702,12.251591139209));
#5665 = CARTESIAN_POINT('',(10.647890288702,12.801517270612));
#5666 = ( GEOMETRIC_REPRESENTATION_CONTEXT(2) 
PARAMETRIC_REPRESENTATION_CONTEXT() REPRESENTATION_CONTEXT('2D SPACE',''
  ) );
#5667 = PCURVE('',#5668,#5673);
#5668 = CYLINDRICAL_SURFACE('',#5669,0.3175);
#5669 = AXIS2_PLACEMENT_3D('',#5670,#5671,#5672);
#5670 = CARTESIAN_POINT('',(6.820658685586,1.490116113834E-08,
    -15.00139995541));
#5671 = DIRECTION('',(0.,1.,0.));
#5672 = DIRECTION('',(2.22044604925E-16,0.,1.));
#5673 = DEFINITIONAL_REPRESENTATION('',(#5674),#5678);
#5674 = LINE('',#5675,#5676);
#5675 = CARTESIAN_POINT('',(-6.28318530718,0.99));
#5676 = VECTOR('',#5677,1.);
#5677 = DIRECTION('',(1.,0.));
#5678 = ( GEOMETRIC_REPRESENTATION_CONTEXT(2) 
PARAMETRIC_REPRESENTATION_CONTEXT() REPRESENTATION_CONTEXT('2D SPACE',''
  ) );
#5679 = ORIENTED_EDGE('',*,*,#5680,.T.);
#5680 = EDGE_CURVE('',#5648,#5681,#5683,.T.);
#5681 = VERTEX_POINT('',#5682);
#5682 = CARTESIAN_POINT('',(9.043158685586,0.990000014901,
    -15.00139995541));
#5683 = SURFACE_CURVE('',#5684,(#5688,#5695),.PCURVE_S1.);
#5684 = LINE('',#5685,#5686);
#5685 = CARTESIAN_POINT('',(7.138158685586,0.990000014901,
    -15.00139995541));
#5686 = VECTOR('',#5687,1.);
#5687 = DIRECTION('',(1.,0.,0.));
#5688 = PCURVE('',#4775,#5689);
#5689 = DEFINITIONAL_REPRESENTATION('',(#5690),#5694);
#5690 = LINE('',#5691,#5692);
#5691 = CARTESIAN_POINT('',(10.965390288702,13.119017270612));
#5692 = VECTOR('',#5693,1.);
#5693 = DIRECTION('',(0.,1.));
#5694 = ( GEOMETRIC_REPRESENTATION_CONTEXT(2) 
PARAMETRIC_REPRESENTATION_CONTEXT() REPRESENTATION_CONTEXT('2D SPACE',''
  ) );
#5695 = PCURVE('',#1798,#5696);
#5696 = DEFINITIONAL_REPRESENTATION('',(#5697),#5701);
#5697 = LINE('',#5698,#5699);
#5698 = CARTESIAN_POINT('',(3.2385,0.99));
#5699 = VECTOR('',#5700,1.);
#5700 = DIRECTION('',(-1.,0.));
#5701 = ( GEOMETRIC_REPRESENTATION_CONTEXT(2) 
PARAMETRIC_REPRESENTATION_CONTEXT() REPRESENTATION_CONTEXT('2D SPACE',''
  ) );
#5702 = ORIENTED_EDGE('',*,*,#5703,.F.);
#5703 = EDGE_CURVE('',#5704,#5681,#5706,.T.);
#5704 = VERTEX_POINT('',#5705);
#5705 = CARTESIAN_POINT('',(9.678158685586,0.990000014901,
    -15.00139995541));
#5706 = SURFACE_CURVE('',#5707,(#5712,#5719),.PCURVE_S1.);
#5707 = CIRCLE('',#5708,0.3175);
#5708 = AXIS2_PLACEMENT_3D('',#5709,#5710,#5711);
#5709 = CARTESIAN_POINT('',(9.360658685586,0.990000014901,
    -15.00139995541));
#5710 = DIRECTION('',(0.,-1.,0.));
#5711 = DIRECTION('',(1.,0.,0.));
#5712 = PCURVE('',#4775,#5713);
#5713 = DEFINITIONAL_REPRESENTATION('',(#5714),#5718);
#5714 = CIRCLE('',#5715,0.3175);
#5715 = AXIS2_PLACEMENT_2D('',#5716,#5717);
#5716 = CARTESIAN_POINT('',(10.965390288702,15.341517270612));
#5717 = DIRECTION('',(0.,1.));
#5718 = ( GEOMETRIC_REPRESENTATION_CONTEXT(2) 
PARAMETRIC_REPRESENTATION_CONTEXT() REPRESENTATION_CONTEXT('2D SPACE',''
  ) );
#5719 = PCURVE('',#5720,#5725);
#5720 = CYLINDRICAL_SURFACE('',#5721,0.3175);
#5721 = AXIS2_PLACEMENT_3D('',#5722,#5723,#5724);
#5722 = CARTESIAN_POINT('',(9.360658685586,1.490116113834E-08,
    -15.00139995541));
#5723 = DIRECTION('',(0.,1.,0.));
#5724 = DIRECTION('',(2.22044604925E-16,0.,1.));
#5725 = DEFINITIONAL_REPRESENTATION('',(#5726),#5730);
#5726 = LINE('',#5727,#5728);
#5727 = CARTESIAN_POINT('',(1.570796326795,0.99));
#5728 = VECTOR('',#5729,1.);
#5729 = DIRECTION('',(-1.,-0.));
#5730 = ( GEOMETRIC_REPRESENTATION_CONTEXT(2) 
PARAMETRIC_REPRESENTATION_CONTEXT() REPRESENTATION_CONTEXT('2D SPACE',''
  ) );
#5731 = ORIENTED_EDGE('',*,*,#5732,.T.);
#5732 = EDGE_CURVE('',#5704,#5733,#5735,.T.);
#5733 = VERTEX_POINT('',#5734);
#5734 = CARTESIAN_POINT('',(10.376614579004,0.990000014901,
    -15.00139995566));
#5735 = SURFACE_CURVE('',#5736,(#5740,#5747),.PCURVE_S1.);
#5736 = LINE('',#5737,#5738);
#5737 = CARTESIAN_POINT('',(9.678158685586,0.990000014901,
    -15.00139995541));
#5738 = VECTOR('',#5739,1.);
#5739 = DIRECTION('',(1.,0.,-3.647954323491E-10));
#5740 = PCURVE('',#4775,#5741);
#5741 = DEFINITIONAL_REPRESENTATION('',(#5742),#5746);
#5742 = LINE('',#5743,#5744);
#5743 = CARTESIAN_POINT('',(10.965390288702,15.659017270612));
#5744 = VECTOR('',#5745,1.);
#5745 = DIRECTION('',(3.647954323491E-10,1.));
#5746 = ( GEOMETRIC_REPRESENTATION_CONTEXT(2) 
PARAMETRIC_REPRESENTATION_CONTEXT() REPRESENTATION_CONTEXT('2D SPACE',''
  ) );
#5747 = PCURVE('',#1911,#5748);
#5748 = DEFINITIONAL_REPRESENTATION('',(#5749),#5753);
#5749 = LINE('',#5750,#5751);
#5750 = CARTESIAN_POINT('',(0.6985,0.99));
#5751 = VECTOR('',#5752,1.);
#5752 = DIRECTION('',(-1.,0.));
#5753 = ( GEOMETRIC_REPRESENTATION_CONTEXT(2) 
PARAMETRIC_REPRESENTATION_CONTEXT() REPRESENTATION_CONTEXT('2D SPACE',''
  ) );
#5754 = ORIENTED_EDGE('',*,*,#5755,.F.);
#5755 = EDGE_CURVE('',#5756,#5733,#5758,.T.);
#5756 = VERTEX_POINT('',#5757);
#5757 = CARTESIAN_POINT('',(12.281658685586,0.990000014901,
    -13.09635742405));
#5758 = SURFACE_CURVE('',#5759,(#5764,#5775),.PCURVE_S1.);
#5759 = CIRCLE('',#5760,1.905044107102);
#5760 = AXIS2_PLACEMENT_3D('',#5761,#5762,#5763);
#5761 = CARTESIAN_POINT('',(10.376614578995,0.990000014901,
    -13.09635584882));
#5762 = DIRECTION('',(0.,1.,0.));
#5763 = DIRECTION('',(0.999999999732,0.,-2.315253009276E-05));
#5764 = PCURVE('',#4775,#5765);
#5765 = DEFINITIONAL_REPRESENTATION('',(#5766),#5774);
#5766 = ( BOUNDED_CURVE() B_SPLINE_CURVE(2,(#5767,#5768,#5769,#5770,
#5771,#5772,#5773),.UNSPECIFIED.,.T.,.F.) B_SPLINE_CURVE_WITH_KNOTS((1,2
    ,2,2,2,1),(-2.094395102393,0.,2.094395102393,4.188790204786,
6.28318530718,8.377580409573),.UNSPECIFIED.) CURVE() 
GEOMETRIC_REPRESENTATION_ITEM() RATIONAL_B_SPLINE_CURVE((1.,0.5,1.,0.5,
1.,0.5,1.)) REPRESENTATION_ITEM('') );
#5767 = CARTESIAN_POINT('',(9.060390288702,18.262517270612));
#5768 = CARTESIAN_POINT('',(12.360023471978,18.262440875755));
#5769 = CARTESIAN_POINT('',(10.710140720453,15.404912913297));
#5770 = CARTESIAN_POINT('',(9.060257968929,12.547384950839));
#5771 = CARTESIAN_POINT('',(7.410507537178,15.404989308153));
#5772 = CARTESIAN_POINT('',(5.760757105427,18.262593665468));
#5773 = CARTESIAN_POINT('',(9.060390288702,18.262517270612));
#5774 = ( GEOMETRIC_REPRESENTATION_CONTEXT(2) 
PARAMETRIC_REPRESENTATION_CONTEXT() REPRESENTATION_CONTEXT('2D SPACE',''
  ) );
#5775 = PCURVE('',#1938,#5776);
#5776 = DEFINITIONAL_REPRESENTATION('',(#5777),#5781);
#5777 = LINE('',#5778,#5779);
#5778 = CARTESIAN_POINT('',(8.795027010689E-22,0.99));
#5779 = VECTOR('',#5780,1.);
#5780 = DIRECTION('',(1.,0.));
#5781 = ( GEOMETRIC_REPRESENTATION_CONTEXT(2) 
PARAMETRIC_REPRESENTATION_CONTEXT() REPRESENTATION_CONTEXT('2D SPACE',''
  ) );
#5782 = ORIENTED_EDGE('',*,*,#5783,.T.);
#5783 = EDGE_CURVE('',#5756,#4839,#5784,.T.);
#5784 = SURFACE_CURVE('',#5785,(#5789,#5796),.PCURVE_S1.);
#5785 = LINE('',#5786,#5787);
#5786 = CARTESIAN_POINT('',(12.281658685586,0.990000014901,
    -13.09635742405));
#5787 = VECTOR('',#5788,1.);
#5788 = DIRECTION('',(1.827522672562E-11,1.589448689982E-17,1.));
#5789 = PCURVE('',#4775,#5790);
#5790 = DEFINITIONAL_REPRESENTATION('',(#5791),#5795);
#5791 = LINE('',#5792,#5793);
#5792 = CARTESIAN_POINT('',(9.060347757347,18.262517270612));
#5793 = VECTOR('',#5794,1.);
#5794 = DIRECTION('',(-1.,1.827522672562E-11));
#5795 = ( GEOMETRIC_REPRESENTATION_CONTEXT(2) 
PARAMETRIC_REPRESENTATION_CONTEXT() REPRESENTATION_CONTEXT('2D SPACE',''
  ) );
#5796 = PCURVE('',#161,#5797);
#5797 = DEFINITIONAL_REPRESENTATION('',(#5798),#5802);
#5798 = LINE('',#5799,#5800);
#5799 = CARTESIAN_POINT('',(13.969957468644,0.99));
#5800 = VECTOR('',#5801,1.);
#5801 = DIRECTION('',(-1.,1.589448689982E-17));
#5802 = ( GEOMETRIC_REPRESENTATION_CONTEXT(2) 
PARAMETRIC_REPRESENTATION_CONTEXT() REPRESENTATION_CONTEXT('2D SPACE',''
  ) );
#5803 = FACE_BOUND('',#5804,.F.);
#5804 = EDGE_LOOP('',(#5805));
#5805 = ORIENTED_EDGE('',*,*,#5806,.T.);
#5806 = EDGE_CURVE('',#5807,#5807,#5809,.T.);
#5807 = VERTEX_POINT('',#5808);
#5808 = CARTESIAN_POINT('',(9.735658685586,0.990000014901,1.508600044588
    ));
#5809 = SURFACE_CURVE('',#5810,(#5815,#5826),.PCURVE_S1.);
#5810 = CIRCLE('',#5811,0.375);
#5811 = AXIS2_PLACEMENT_3D('',#5812,#5813,#5814);
#5812 = CARTESIAN_POINT('',(9.360658685586,0.990000014901,1.508600044588
    ));
#5813 = DIRECTION('',(0.,1.,-0.));
#5814 = DIRECTION('',(-1.,0.,2.22044604925E-16));
#5815 = PCURVE('',#4775,#5816);
#5816 = DEFINITIONAL_REPRESENTATION('',(#5817),#5825);
#5817 = ( BOUNDED_CURVE() B_SPLINE_CURVE(2,(#5818,#5819,#5820,#5821,
#5822,#5823,#5824),.UNSPECIFIED.,.T.,.F.) B_SPLINE_CURVE_WITH_KNOTS((1,2
    ,2,2,2,1),(-2.094395102393,0.,2.094395102393,4.188790204786,
6.28318530718,8.377580409573),.UNSPECIFIED.) CURVE() 
GEOMETRIC_REPRESENTATION_ITEM() RATIONAL_B_SPLINE_CURVE((1.,0.5,1.,0.5,
1.,0.5,1.)) REPRESENTATION_ITEM('') );
#5818 = CARTESIAN_POINT('',(-5.544609711298,14.966517270612));
#5819 = CARTESIAN_POINT('',(-6.194128764136,14.966517270612));
#5820 = CARTESIAN_POINT('',(-5.869369237717,15.529017270612));
#5821 = CARTESIAN_POINT('',(-5.544609711298,16.091517270612));
#5822 = CARTESIAN_POINT('',(-5.219850184879,15.529017270612));
#5823 = CARTESIAN_POINT('',(-4.895090658459,14.966517270612));
#5824 = CARTESIAN_POINT('',(-5.544609711298,14.966517270612));
#5825 = ( GEOMETRIC_REPRESENTATION_CONTEXT(2) 
PARAMETRIC_REPRESENTATION_CONTEXT() REPRESENTATION_CONTEXT('2D SPACE',''
  ) );
#5826 = PCURVE('',#5827,#5832);
#5827 = CYLINDRICAL_SURFACE('',#5828,0.375);
#5828 = AXIS2_PLACEMENT_3D('',#5829,#5830,#5831);
#5829 = CARTESIAN_POINT('',(9.360658685586,1.490116113834E-08,
    1.508600044588));
#5830 = DIRECTION('',(0.,1.,0.));
#5831 = DIRECTION('',(-1.,0.,2.22044604925E-16));
#5832 = DEFINITIONAL_REPRESENTATION('',(#5833),#5837);
#5833 = LINE('',#5834,#5835);
#5834 = CARTESIAN_POINT('',(-6.28318530718,0.99));
#5835 = VECTOR('',#5836,1.);
#5836 = DIRECTION('',(1.,0.));
#5837 = ( GEOMETRIC_REPRESENTATION_CONTEXT(2) 
PARAMETRIC_REPRESENTATION_CONTEXT() REPRESENTATION_CONTEXT('2D SPACE',''
  ) );
#5838 = FACE_BOUND('',#5839,.F.);
#5839 = EDGE_LOOP('',(#5840,#5870,#5898,#5921,#5955,#5983,#6011));
#5840 = ORIENTED_EDGE('',*,*,#5841,.T.);
#5841 = EDGE_CURVE('',#5842,#5844,#5846,.T.);
#5842 = VERTEX_POINT('',#5843);
#5843 = CARTESIAN_POINT('',(-3.974341314414,0.990000014901,
    -0.142399955412));
#5844 = VERTEX_POINT('',#5845);
#5845 = CARTESIAN_POINT('',(-4.228341314414,0.990000014901,
    0.111600044587));
#5846 = SURFACE_CURVE('',#5847,(#5852,#5863),.PCURVE_S1.);
#5847 = CIRCLE('',#5848,0.254005880947);
#5848 = AXIS2_PLACEMENT_3D('',#5849,#5850,#5851);
#5849 = CARTESIAN_POINT('',(-3.974335433535,0.990000014901,
    0.111605925466));
#5850 = DIRECTION('',(0.,1.,0.));
#5851 = DIRECTION('',(-2.315253009043E-05,0.,-0.999999999732));
#5852 = PCURVE('',#4775,#5853);
#5853 = DEFINITIONAL_REPRESENTATION('',(#5854),#5862);
#5854 = ( BOUNDED_CURVE() B_SPLINE_CURVE(2,(#5855,#5856,#5857,#5858,
#5859,#5860,#5861),.UNSPECIFIED.,.T.,.F.) B_SPLINE_CURVE_WITH_KNOTS((1,2
    ,2,2,2,1),(-2.094395102393,0.,2.094395102393,4.188790204786,
6.28318530718,8.377580409573),.UNSPECIFIED.) CURVE() 
GEOMETRIC_REPRESENTATION_ITEM() RATIONAL_B_SPLINE_CURVE((1.,0.5,1.,0.5,
1.,0.5,1.)) REPRESENTATION_ITEM('') );
#5855 = CARTESIAN_POINT('',(-3.893609711298,2.006517270612));
#5856 = CARTESIAN_POINT('',(-3.893619897279,1.566566179508));
#5857 = CARTESIAN_POINT('',(-4.274623625606,1.786550546378));
#5858 = CARTESIAN_POINT('',(-4.655627353934,2.006534913248));
#5859 = CARTESIAN_POINT('',(-4.274613439626,2.226501637482));
#5860 = CARTESIAN_POINT('',(-3.893599525317,2.446468361715));
#5861 = CARTESIAN_POINT('',(-3.893609711298,2.006517270612));
#5862 = ( GEOMETRIC_REPRESENTATION_CONTEXT(2) 
PARAMETRIC_REPRESENTATION_CONTEXT() REPRESENTATION_CONTEXT('2D SPACE',''
  ) );
#5863 = PCURVE('',#2626,#5864);
#5864 = DEFINITIONAL_REPRESENTATION('',(#5865),#5869);
#5865 = LINE('',#5866,#5867);
#5866 = CARTESIAN_POINT('',(0.,0.99));
#5867 = VECTOR('',#5868,1.);
#5868 = DIRECTION('',(1.,0.));
#5869 = ( GEOMETRIC_REPRESENTATION_CONTEXT(2) 
PARAMETRIC_REPRESENTATION_CONTEXT() REPRESENTATION_CONTEXT('2D SPACE',''
  ) );
#5870 = ORIENTED_EDGE('',*,*,#5871,.T.);
#5871 = EDGE_CURVE('',#5844,#5872,#5874,.T.);
#5872 = VERTEX_POINT('',#5873);
#5873 = CARTESIAN_POINT('',(-3.974341314414,0.990000014901,
    0.365600044587));
#5874 = SURFACE_CURVE('',#5875,(#5880,#5891),.PCURVE_S1.);
#5875 = CIRCLE('',#5876,0.254005880947);
#5876 = AXIS2_PLACEMENT_3D('',#5877,#5878,#5879);
#5877 = CARTESIAN_POINT('',(-3.974335433535,0.990000014901,
    0.111594163709));
#5878 = DIRECTION('',(0.,1.,0.));
#5879 = DIRECTION('',(-0.999999999732,0.,2.315253008606E-05));
#5880 = PCURVE('',#4775,#5881);
#5881 = DEFINITIONAL_REPRESENTATION('',(#5882),#5890);
#5882 = ( BOUNDED_CURVE() B_SPLINE_CURVE(2,(#5883,#5884,#5885,#5886,
#5887,#5888,#5889),.UNSPECIFIED.,.T.,.F.) B_SPLINE_CURVE_WITH_KNOTS((1,2
    ,2,2,2,1),(-2.094395102393,0.,2.094395102393,4.188790204786,
6.28318530718,8.377580409573),.UNSPECIFIED.) CURVE() 
GEOMETRIC_REPRESENTATION_ITEM() RATIONAL_B_SPLINE_CURVE((1.,0.5,1.,0.5,
1.,0.5,1.)) REPRESENTATION_ITEM('') );
#5883 = CARTESIAN_POINT('',(-4.147609711298,1.752517270612));
#5884 = CARTESIAN_POINT('',(-4.587560802401,1.752527456593));
#5885 = CARTESIAN_POINT('',(-4.367576435531,2.13353118492));
#5886 = CARTESIAN_POINT('',(-4.147592068661,2.514534913248));
#5887 = CARTESIAN_POINT('',(-3.927625344428,2.133520998939));
#5888 = CARTESIAN_POINT('',(-3.707658620194,1.752507084631));
#5889 = CARTESIAN_POINT('',(-4.147609711298,1.752517270612));
#5890 = ( GEOMETRIC_REPRESENTATION_CONTEXT(2) 
PARAMETRIC_REPRESENTATION_CONTEXT() REPRESENTATION_CONTEXT('2D SPACE',''
  ) );
#5891 = PCURVE('',#2652,#5892);
#5892 = DEFINITIONAL_REPRESENTATION('',(#5893),#5897);
#5893 = LINE('',#5894,#5895);
#5894 = CARTESIAN_POINT('',(8.777065123261E-22,0.99));
#5895 = VECTOR('',#5896,1.);
#5896 = DIRECTION('',(1.,0.));
#5897 = ( GEOMETRIC_REPRESENTATION_CONTEXT(2) 
PARAMETRIC_REPRESENTATION_CONTEXT() REPRESENTATION_CONTEXT('2D SPACE',''
  ) );
#5898 = ORIENTED_EDGE('',*,*,#5899,.T.);
#5899 = EDGE_CURVE('',#5872,#5900,#5902,.T.);
#5900 = VERTEX_POINT('',#5901);
#5901 = CARTESIAN_POINT('',(-3.212342490589,0.990000014901,
    0.365600044588));
#5902 = SURFACE_CURVE('',#5903,(#5907,#5914),.PCURVE_S1.);
#5903 = LINE('',#5904,#5905);
#5904 = CARTESIAN_POINT('',(-3.974341314414,0.990000014901,
    0.365600044587));
#5905 = VECTOR('',#5906,1.);
#5906 = DIRECTION('',(1.,5.827951382147E-16,3.496770829288E-15));
#5907 = PCURVE('',#4775,#5908);
#5908 = DEFINITIONAL_REPRESENTATION('',(#5909),#5913);
#5909 = LINE('',#5910,#5911);
#5910 = CARTESIAN_POINT('',(-4.401609711298,2.006517270612));
#5911 = VECTOR('',#5912,1.);
#5912 = DIRECTION('',(-3.496770829288E-15,1.));
#5913 = ( GEOMETRIC_REPRESENTATION_CONTEXT(2) 
PARAMETRIC_REPRESENTATION_CONTEXT() REPRESENTATION_CONTEXT('2D SPACE',''
  ) );
#5914 = PCURVE('',#2513,#5915);
#5915 = DEFINITIONAL_REPRESENTATION('',(#5916),#5920);
#5916 = LINE('',#5917,#5918);
#5917 = CARTESIAN_POINT('',(0.762,0.99));
#5918 = VECTOR('',#5919,1.);
#5919 = DIRECTION('',(-1.,5.827951382147E-16));
#5920 = ( GEOMETRIC_REPRESENTATION_CONTEXT(2) 
PARAMETRIC_REPRESENTATION_CONTEXT() REPRESENTATION_CONTEXT('2D SPACE',''
  ) );
#5921 = ORIENTED_EDGE('',*,*,#5922,.T.);
#5922 = EDGE_CURVE('',#5900,#5923,#5925,.T.);
#5923 = VERTEX_POINT('',#5924);
#5924 = CARTESIAN_POINT('',(-3.212341314414,0.990000014901,
    0.365600044588));
#5925 = SURFACE_CURVE('',#5926,(#5931,#5942),.PCURVE_S1.);
#5926 = CIRCLE('',#5927,0.254005880947);
#5927 = AXIS2_PLACEMENT_3D('',#5928,#5929,#5930);
#5928 = CARTESIAN_POINT('',(-3.212347195292,0.990000014901,
    0.111594163709));
#5929 = DIRECTION('',(0.,1.,0.));
#5930 = DIRECTION('',(2.31525300948E-05,-0.,0.999999999732));
#5931 = PCURVE('',#4775,#5932);
#5932 = DEFINITIONAL_REPRESENTATION('',(#5933),#5941);
#5933 = ( BOUNDED_CURVE() B_SPLINE_CURVE(2,(#5934,#5935,#5936,#5937,
#5938,#5939,#5940),.UNSPECIFIED.,.T.,.F.) B_SPLINE_CURVE_WITH_KNOTS((1,2
    ,2,2,2,1),(-2.094395102393,0.,2.094395102393,4.188790204786,
6.28318530718,8.377580409573),.UNSPECIFIED.) CURVE() 
GEOMETRIC_REPRESENTATION_ITEM() RATIONAL_B_SPLINE_CURVE((1.,0.5,1.,0.5,
1.,0.5,1.)) REPRESENTATION_ITEM('') );
#5934 = CARTESIAN_POINT('',(-4.401609711298,2.768517270612));
#5935 = CARTESIAN_POINT('',(-4.401599525317,3.208468361715));
#5936 = CARTESIAN_POINT('',(-4.020595796989,2.988483994845));
#5937 = CARTESIAN_POINT('',(-3.639592068661,2.768499627975));
#5938 = CARTESIAN_POINT('',(-4.02060598297,2.548532903742));
#5939 = CARTESIAN_POINT('',(-4.401619897279,2.328566179508));
#5940 = CARTESIAN_POINT('',(-4.401609711298,2.768517270612));
#5941 = ( GEOMETRIC_REPRESENTATION_CONTEXT(2) 
PARAMETRIC_REPRESENTATION_CONTEXT() REPRESENTATION_CONTEXT('2D SPACE',''
  ) );
#5942 = PCURVE('',#2513,#5943);
#5943 = DEFINITIONAL_REPRESENTATION('',(#5944),#5954);
#5944 = B_SPLINE_CURVE_WITH_KNOTS('',8,(#5945,#5946,#5947,#5948,#5949,
    #5950,#5951,#5952,#5953),.UNSPECIFIED.,.F.,.F.,(9,9),(6.28316215465,
    6.28318530718),.PIECEWISE_BEZIER_KNOTS.);
#5945 = CARTESIAN_POINT('',(5.880878799935E-06,0.99));
#5946 = CARTESIAN_POINT('',(5.145768950499E-06,0.99));
#5947 = CARTESIAN_POINT('',(4.410656407661E-06,0.989999999999));
#5948 = CARTESIAN_POINT('',(3.675545587445E-06,0.99));
#5949 = CARTESIAN_POINT('',(2.940431084841E-06,0.989999999996));
#5950 = CARTESIAN_POINT('',(2.205327136018E-06,0.990000000001));
#5951 = CARTESIAN_POINT('',(1.470216818955E-06,0.989999999999));
#5952 = CARTESIAN_POINT('',(7.351098556541E-07,0.99));
#5953 = CARTESIAN_POINT('',(6.661338147751E-15,0.99));
#5954 = ( GEOMETRIC_REPRESENTATION_CONTEXT(2) 
PARAMETRIC_REPRESENTATION_CONTEXT() REPRESENTATION_CONTEXT('2D SPACE',''
  ) );
#5955 = ORIENTED_EDGE('',*,*,#5956,.T.);
#5956 = EDGE_CURVE('',#5923,#5957,#5959,.T.);
#5957 = VERTEX_POINT('',#5958);
#5958 = CARTESIAN_POINT('',(-2.958341314414,0.990000014901,
    0.111600044588));
#5959 = SURFACE_CURVE('',#5960,(#5965,#5976),.PCURVE_S1.);
#5960 = CIRCLE('',#5961,0.254005880947);
#5961 = AXIS2_PLACEMENT_3D('',#5962,#5963,#5964);
#5962 = CARTESIAN_POINT('',(-3.212347195292,0.990000014901,
    0.111594163709));
#5963 = DIRECTION('',(0.,1.,0.));
#5964 = DIRECTION('',(2.31525300948E-05,-0.,0.999999999732));
#5965 = PCURVE('',#4775,#5966);
#5966 = DEFINITIONAL_REPRESENTATION('',(#5967),#5975);
#5967 = ( BOUNDED_CURVE() B_SPLINE_CURVE(2,(#5968,#5969,#5970,#5971,
#5972,#5973,#5974),.UNSPECIFIED.,.T.,.F.) B_SPLINE_CURVE_WITH_KNOTS((1,2
    ,2,2,2,1),(-2.094395102393,0.,2.094395102393,4.188790204786,
6.28318530718,8.377580409573),.UNSPECIFIED.) CURVE() 
GEOMETRIC_REPRESENTATION_ITEM() RATIONAL_B_SPLINE_CURVE((1.,0.5,1.,0.5,
1.,0.5,1.)) REPRESENTATION_ITEM('') );
#5968 = CARTESIAN_POINT('',(-4.401609711298,2.768517270612));
#5969 = CARTESIAN_POINT('',(-4.401599525317,3.208468361715));
#5970 = CARTESIAN_POINT('',(-4.020595796989,2.988483994845));
#5971 = CARTESIAN_POINT('',(-3.639592068661,2.768499627975));
#5972 = CARTESIAN_POINT('',(-4.02060598297,2.548532903742));
#5973 = CARTESIAN_POINT('',(-4.401619897279,2.328566179508));
#5974 = CARTESIAN_POINT('',(-4.401609711298,2.768517270612));
#5975 = ( GEOMETRIC_REPRESENTATION_CONTEXT(2) 
PARAMETRIC_REPRESENTATION_CONTEXT() REPRESENTATION_CONTEXT('2D SPACE',''
  ) );
#5976 = PCURVE('',#2542,#5977);
#5977 = DEFINITIONAL_REPRESENTATION('',(#5978),#5982);
#5978 = LINE('',#5979,#5980);
#5979 = CARTESIAN_POINT('',(-8.800493809478E-22,0.99));
#5980 = VECTOR('',#5981,1.);
#5981 = DIRECTION('',(1.,0.));
#5982 = ( GEOMETRIC_REPRESENTATION_CONTEXT(2) 
PARAMETRIC_REPRESENTATION_CONTEXT() REPRESENTATION_CONTEXT('2D SPACE',''
  ) );
#5983 = ORIENTED_EDGE('',*,*,#5984,.T.);
#5984 = EDGE_CURVE('',#5957,#5985,#5987,.T.);
#5985 = VERTEX_POINT('',#5986);
#5986 = CARTESIAN_POINT('',(-3.212341314414,0.990000014901,
    -0.142399955412));
#5987 = SURFACE_CURVE('',#5988,(#5993,#6004),.PCURVE_S1.);
#5988 = CIRCLE('',#5989,0.254005880947);
#5989 = AXIS2_PLACEMENT_3D('',#5990,#5991,#5992);
#5990 = CARTESIAN_POINT('',(-3.212347195292,0.990000014901,
    0.111605925466));
#5991 = DIRECTION('',(0.,1.,0.));
#5992 = DIRECTION('',(0.999999999732,0.,-2.315253009043E-05));
#5993 = PCURVE('',#4775,#5994);
#5994 = DEFINITIONAL_REPRESENTATION('',(#5995),#6003);
#5995 = ( BOUNDED_CURVE() B_SPLINE_CURVE(2,(#5996,#5997,#5998,#5999,
#6000,#6001,#6002),.UNSPECIFIED.,.T.,.F.) B_SPLINE_CURVE_WITH_KNOTS((1,2
    ,2,2,2,1),(-2.094395102393,0.,2.094395102393,4.188790204786,
6.28318530718,8.377580409573),.UNSPECIFIED.) CURVE() 
GEOMETRIC_REPRESENTATION_ITEM() RATIONAL_B_SPLINE_CURVE((1.,0.5,1.,0.5,
1.,0.5,1.)) REPRESENTATION_ITEM('') );
#5996 = CARTESIAN_POINT('',(-4.147609711298,3.022517270612));
#5997 = CARTESIAN_POINT('',(-3.707658620194,3.022507084631));
#5998 = CARTESIAN_POINT('',(-3.927642987064,2.641503356303));
#5999 = CARTESIAN_POINT('',(-4.147627353934,2.260499627975));
#6000 = CARTESIAN_POINT('',(-4.367594078168,2.641513542284));
#6001 = CARTESIAN_POINT('',(-4.587560802401,3.022527456593));
#6002 = CARTESIAN_POINT('',(-4.147609711298,3.022517270612));
#6003 = ( GEOMETRIC_REPRESENTATION_CONTEXT(2) 
PARAMETRIC_REPRESENTATION_CONTEXT() REPRESENTATION_CONTEXT('2D SPACE',''
  ) );
#6004 = PCURVE('',#2570,#6005);
#6005 = DEFINITIONAL_REPRESENTATION('',(#6006),#6010);
#6006 = LINE('',#6007,#6008);
#6007 = CARTESIAN_POINT('',(8.788779466369E-22,0.99));
#6008 = VECTOR('',#6009,1.);
#6009 = DIRECTION('',(1.,0.));
#6010 = ( GEOMETRIC_REPRESENTATION_CONTEXT(2) 
PARAMETRIC_REPRESENTATION_CONTEXT() REPRESENTATION_CONTEXT('2D SPACE',''
  ) );
#6011 = ORIENTED_EDGE('',*,*,#6012,.T.);
#6012 = EDGE_CURVE('',#5985,#5842,#6013,.T.);
#6013 = SURFACE_CURVE('',#6014,(#6018,#6025),.PCURVE_S1.);
#6014 = LINE('',#6015,#6016);
#6015 = CARTESIAN_POINT('',(-3.212341314414,0.990000014901,
    -0.142399955412));
#6016 = VECTOR('',#6017,1.);
#6017 = DIRECTION('',(-1.,7.284927983105E-16,6.192188785639E-16));
#6018 = PCURVE('',#4775,#6019);
#6019 = DEFINITIONAL_REPRESENTATION('',(#6020),#6024);
#6020 = LINE('',#6021,#6022);
#6021 = CARTESIAN_POINT('',(-3.893609711298,2.768517270612));
#6022 = VECTOR('',#6023,1.);
#6023 = DIRECTION('',(-6.192188785639E-16,-1.));
#6024 = ( GEOMETRIC_REPRESENTATION_CONTEXT(2) 
PARAMETRIC_REPRESENTATION_CONTEXT() REPRESENTATION_CONTEXT('2D SPACE',''
  ) );
#6025 = PCURVE('',#2597,#6026);
#6026 = DEFINITIONAL_REPRESENTATION('',(#6027),#6031);
#6027 = LINE('',#6028,#6029);
#6028 = CARTESIAN_POINT('',(0.762,0.99));
#6029 = VECTOR('',#6030,1.);
#6030 = DIRECTION('',(-1.,7.284927983105E-16));
#6031 = ( GEOMETRIC_REPRESENTATION_CONTEXT(2) 
PARAMETRIC_REPRESENTATION_CONTEXT() REPRESENTATION_CONTEXT('2D SPACE',''
  ) );
#6032 = FACE_BOUND('',#6033,.F.);
#6033 = EDGE_LOOP('',(#6034,#6059,#6087,#6110));
#6034 = ORIENTED_EDGE('',*,*,#6035,.T.);
#6035 = EDGE_CURVE('',#6036,#6038,#6040,.T.);
#6036 = VERTEX_POINT('',#6037);
#6037 = CARTESIAN_POINT('',(10.757658685586,0.990000014901,
    -1.571149955413));
#6038 = VERTEX_POINT('',#6039);
#6039 = CARTESIAN_POINT('',(11.646658685586,0.990000014901,
    -1.571149955412));
#6040 = SURFACE_CURVE('',#6041,(#6045,#6052),.PCURVE_S1.);
#6041 = LINE('',#6042,#6043);
#6042 = CARTESIAN_POINT('',(-0.517708034344,0.990000014901,
    -1.571149955412));
#6043 = VECTOR('',#6044,1.);
#6044 = DIRECTION('',(1.,0.,-2.22044604925E-16));
#6045 = PCURVE('',#4775,#6046);
#6046 = DEFINITIONAL_REPRESENTATION('',(#6047),#6051);
#6047 = LINE('',#6048,#6049);
#6048 = CARTESIAN_POINT('',(-2.464859711298,5.463150550682));
#6049 = VECTOR('',#6050,1.);
#6050 = DIRECTION('',(2.22044604925E-16,1.));
#6051 = ( GEOMETRIC_REPRESENTATION_CONTEXT(2) 
PARAMETRIC_REPRESENTATION_CONTEXT() REPRESENTATION_CONTEXT('2D SPACE',''
  ) );
#6052 = PCURVE('',#3053,#6053);
#6053 = DEFINITIONAL_REPRESENTATION('',(#6054),#6058);
#6054 = LINE('',#6055,#6056);
#6055 = CARTESIAN_POINT('',(-11.27536671993,0.99));
#6056 = VECTOR('',#6057,1.);
#6057 = DIRECTION('',(1.,0.));
#6058 = ( GEOMETRIC_REPRESENTATION_CONTEXT(2) 
PARAMETRIC_REPRESENTATION_CONTEXT() REPRESENTATION_CONTEXT('2D SPACE',''
  ) );
#6059 = ORIENTED_EDGE('',*,*,#6060,.T.);
#6060 = EDGE_CURVE('',#6038,#6061,#6063,.T.);
#6061 = VERTEX_POINT('',#6062);
#6062 = CARTESIAN_POINT('',(11.646658688583,0.990000014901,
    -2.015649955413));
#6063 = SURFACE_CURVE('',#6064,(#6069,#6080),.PCURVE_S1.);
#6064 = CIRCLE('',#6065,0.22225);
#6065 = AXIS2_PLACEMENT_3D('',#6066,#6067,#6068);
#6066 = CARTESIAN_POINT('',(11.646658685586,0.990000014901,
    -1.793399955412));
#6067 = DIRECTION('',(0.,1.,0.));
#6068 = DIRECTION('',(2.22044604925E-16,-0.,1.));
#6069 = PCURVE('',#4775,#6070);
#6070 = DEFINITIONAL_REPRESENTATION('',(#6071),#6079);
#6071 = ( BOUNDED_CURVE() B_SPLINE_CURVE(2,(#6072,#6073,#6074,#6075,
#6076,#6077,#6078),.UNSPECIFIED.,.T.,.F.) B_SPLINE_CURVE_WITH_KNOTS((1,2
    ,2,2,2,1),(-2.094395102393,0.,2.094395102393,4.188790204786,
6.28318530718,8.377580409573),.UNSPECIFIED.) CURVE() 
GEOMETRIC_REPRESENTATION_ITEM() RATIONAL_B_SPLINE_CURVE((1.,0.5,1.,0.5,
1.,0.5,1.)) REPRESENTATION_ITEM('') );
#6072 = CARTESIAN_POINT('',(-2.464859711298,17.627517270612));
#6073 = CARTESIAN_POINT('',(-2.464859711298,18.012465562594));
#6074 = CARTESIAN_POINT('',(-2.131484711298,17.819991416603));
#6075 = CARTESIAN_POINT('',(-1.798109711298,17.627517270612));
#6076 = CARTESIAN_POINT('',(-2.131484711298,17.435043124621));
#6077 = CARTESIAN_POINT('',(-2.464859711298,17.24256897863));
#6078 = CARTESIAN_POINT('',(-2.464859711298,17.627517270612));
#6079 = ( GEOMETRIC_REPRESENTATION_CONTEXT(2) 
PARAMETRIC_REPRESENTATION_CONTEXT() REPRESENTATION_CONTEXT('2D SPACE',''
  ) );
#6080 = PCURVE('',#3082,#6081);
#6081 = DEFINITIONAL_REPRESENTATION('',(#6082),#6086);
#6082 = LINE('',#6083,#6084);
#6083 = CARTESIAN_POINT('',(0.,0.99));
#6084 = VECTOR('',#6085,1.);
#6085 = DIRECTION('',(1.,0.));
#6086 = ( GEOMETRIC_REPRESENTATION_CONTEXT(2) 
PARAMETRIC_REPRESENTATION_CONTEXT() REPRESENTATION_CONTEXT('2D SPACE',''
  ) );
#6087 = ORIENTED_EDGE('',*,*,#6088,.T.);
#6088 = EDGE_CURVE('',#6061,#6089,#6091,.T.);
#6089 = VERTEX_POINT('',#6090);
#6090 = CARTESIAN_POINT('',(10.757658685586,0.990000014901,
    -2.015649955412));
#6091 = SURFACE_CURVE('',#6092,(#6096,#6103),.PCURVE_S1.);
#6092 = LINE('',#6093,#6094);
#6093 = CARTESIAN_POINT('',(-7.320803434351E-02,0.990000014901,
    -2.015649955412));
#6094 = VECTOR('',#6095,1.);
#6095 = DIRECTION('',(-1.,0.,2.22044604925E-16));
#6096 = PCURVE('',#4775,#6097);
#6097 = DEFINITIONAL_REPRESENTATION('',(#6098),#6102);
#6098 = LINE('',#6099,#6100);
#6099 = CARTESIAN_POINT('',(-2.020359711298,5.907650550682));
#6100 = VECTOR('',#6101,1.);
#6101 = DIRECTION('',(-2.22044604925E-16,-1.));
#6102 = ( GEOMETRIC_REPRESENTATION_CONTEXT(2) 
PARAMETRIC_REPRESENTATION_CONTEXT() REPRESENTATION_CONTEXT('2D SPACE',''
  ) );
#6103 = PCURVE('',#3107,#6104);
#6104 = DEFINITIONAL_REPRESENTATION('',(#6105),#6109);
#6105 = LINE('',#6106,#6107);
#6106 = CARTESIAN_POINT('',(11.71986671993,0.99));
#6107 = VECTOR('',#6108,1.);
#6108 = DIRECTION('',(1.,0.));
#6109 = ( GEOMETRIC_REPRESENTATION_CONTEXT(2) 
PARAMETRIC_REPRESENTATION_CONTEXT() REPRESENTATION_CONTEXT('2D SPACE',''
  ) );
#6110 = ORIENTED_EDGE('',*,*,#6111,.T.);
#6111 = EDGE_CURVE('',#6089,#6036,#6112,.T.);
#6112 = SURFACE_CURVE('',#6113,(#6118,#6129),.PCURVE_S1.);
#6113 = CIRCLE('',#6114,0.22225);
#6114 = AXIS2_PLACEMENT_3D('',#6115,#6116,#6117);
#6115 = CARTESIAN_POINT('',(10.757658685586,0.990000014901,
    -1.793399955412));
#6116 = DIRECTION('',(0.,1.,0.));
#6117 = DIRECTION('',(-2.22044604925E-16,0.,-1.));
#6118 = PCURVE('',#4775,#6119);
#6119 = DEFINITIONAL_REPRESENTATION('',(#6120),#6128);
#6120 = ( BOUNDED_CURVE() B_SPLINE_CURVE(2,(#6121,#6122,#6123,#6124,
#6125,#6126,#6127),.UNSPECIFIED.,.T.,.F.) B_SPLINE_CURVE_WITH_KNOTS((1,2
    ,2,2,2,1),(-2.094395102393,0.,2.094395102393,4.188790204786,
6.28318530718,8.377580409573),.UNSPECIFIED.) CURVE() 
GEOMETRIC_REPRESENTATION_ITEM() RATIONAL_B_SPLINE_CURVE((1.,0.5,1.,0.5,
1.,0.5,1.)) REPRESENTATION_ITEM('') );
#6121 = CARTESIAN_POINT('',(-2.020359711298,16.738517270612));
#6122 = CARTESIAN_POINT('',(-2.020359711298,16.35356897863));
#6123 = CARTESIAN_POINT('',(-2.353734711298,16.546043124621));
#6124 = CARTESIAN_POINT('',(-2.687109711298,16.738517270612));
#6125 = CARTESIAN_POINT('',(-2.353734711298,16.930991416603));
#6126 = CARTESIAN_POINT('',(-2.020359711298,17.123465562594));
#6127 = CARTESIAN_POINT('',(-2.020359711298,16.738517270612));
#6128 = ( GEOMETRIC_REPRESENTATION_CONTEXT(2) 
PARAMETRIC_REPRESENTATION_CONTEXT() REPRESENTATION_CONTEXT('2D SPACE',''
  ) );
#6129 = PCURVE('',#3026,#6130);
#6130 = DEFINITIONAL_REPRESENTATION('',(#6131),#6135);
#6131 = LINE('',#6132,#6133);
#6132 = CARTESIAN_POINT('',(0.,0.99));
#6133 = VECTOR('',#6134,1.);
#6134 = DIRECTION('',(1.,0.));
#6135 = ( GEOMETRIC_REPRESENTATION_CONTEXT(2) 
PARAMETRIC_REPRESENTATION_CONTEXT() REPRESENTATION_CONTEXT('2D SPACE',''
  ) );
#6136 = FACE_BOUND('',#6137,.F.);
#6137 = EDGE_LOOP('',(#6138,#6163,#6191,#6214));
#6138 = ORIENTED_EDGE('',*,*,#6139,.T.);
#6139 = EDGE_CURVE('',#6140,#6142,#6144,.T.);
#6140 = VERTEX_POINT('',#6141);
#6141 = CARTESIAN_POINT('',(6.566658684307,0.990000014901,
    -1.571149955413));
#6142 = VERTEX_POINT('',#6143);
#6143 = CARTESIAN_POINT('',(7.455658685586,0.990000014901,
    -1.571149955412));
#6144 = SURFACE_CURVE('',#6145,(#6149,#6156),.PCURVE_S1.);
#6145 = LINE('',#6146,#6147);
#6146 = CARTESIAN_POINT('',(-0.517708034344,0.990000014901,
    -1.571149955412));
#6147 = VECTOR('',#6148,1.);
#6148 = DIRECTION('',(1.,0.,-2.22044604925E-16));
#6149 = PCURVE('',#4775,#6150);
#6150 = DEFINITIONAL_REPRESENTATION('',(#6151),#6155);
#6151 = LINE('',#6152,#6153);
#6152 = CARTESIAN_POINT('',(-2.464859711298,5.463150550682));
#6153 = VECTOR('',#6154,1.);
#6154 = DIRECTION('',(2.22044604925E-16,1.));
#6155 = ( GEOMETRIC_REPRESENTATION_CONTEXT(2) 
PARAMETRIC_REPRESENTATION_CONTEXT() REPRESENTATION_CONTEXT('2D SPACE',''
  ) );
#6156 = PCURVE('',#2825,#6157);
#6157 = DEFINITIONAL_REPRESENTATION('',(#6158),#6162);
#6158 = LINE('',#6159,#6160);
#6159 = CARTESIAN_POINT('',(-11.27536671993,0.99));
#6160 = VECTOR('',#6161,1.);
#6161 = DIRECTION('',(1.,0.));
#6162 = ( GEOMETRIC_REPRESENTATION_CONTEXT(2) 
PARAMETRIC_REPRESENTATION_CONTEXT() REPRESENTATION_CONTEXT('2D SPACE',''
  ) );
#6163 = ORIENTED_EDGE('',*,*,#6164,.T.);
#6164 = EDGE_CURVE('',#6142,#6165,#6167,.T.);
#6165 = VERTEX_POINT('',#6166);
#6166 = CARTESIAN_POINT('',(7.455658687085,0.990000014901,
    -2.015649955412));
#6167 = SURFACE_CURVE('',#6168,(#6173,#6184),.PCURVE_S1.);
#6168 = CIRCLE('',#6169,0.22225);
#6169 = AXIS2_PLACEMENT_3D('',#6170,#6171,#6172);
#6170 = CARTESIAN_POINT('',(7.455658685586,0.990000014901,
    -1.793399955412));
#6171 = DIRECTION('',(0.,1.,0.));
#6172 = DIRECTION('',(2.22044604925E-16,-0.,1.));
#6173 = PCURVE('',#4775,#6174);
#6174 = DEFINITIONAL_REPRESENTATION('',(#6175),#6183);
#6175 = ( BOUNDED_CURVE() B_SPLINE_CURVE(2,(#6176,#6177,#6178,#6179,
#6180,#6181,#6182),.UNSPECIFIED.,.T.,.F.) B_SPLINE_CURVE_WITH_KNOTS((1,2
    ,2,2,2,1),(-2.094395102393,0.,2.094395102393,4.188790204786,
6.28318530718,8.377580409573),.UNSPECIFIED.) CURVE() 
GEOMETRIC_REPRESENTATION_ITEM() RATIONAL_B_SPLINE_CURVE((1.,0.5,1.,0.5,
1.,0.5,1.)) REPRESENTATION_ITEM('') );
#6176 = CARTESIAN_POINT('',(-2.464859711298,13.436517270612));
#6177 = CARTESIAN_POINT('',(-2.464859711298,13.821465562594));
#6178 = CARTESIAN_POINT('',(-2.131484711298,13.628991416603));
#6179 = CARTESIAN_POINT('',(-1.798109711298,13.436517270612));
#6180 = CARTESIAN_POINT('',(-2.131484711298,13.244043124621));
#6181 = CARTESIAN_POINT('',(-2.464859711298,13.05156897863));
#6182 = CARTESIAN_POINT('',(-2.464859711298,13.436517270612));
#6183 = ( GEOMETRIC_REPRESENTATION_CONTEXT(2) 
PARAMETRIC_REPRESENTATION_CONTEXT() REPRESENTATION_CONTEXT('2D SPACE',''
  ) );
#6184 = PCURVE('',#2854,#6185);
#6185 = DEFINITIONAL_REPRESENTATION('',(#6186),#6190);
#6186 = LINE('',#6187,#6188);
#6187 = CARTESIAN_POINT('',(0.,0.99));
#6188 = VECTOR('',#6189,1.);
#6189 = DIRECTION('',(1.,0.));
#6190 = ( GEOMETRIC_REPRESENTATION_CONTEXT(2) 
PARAMETRIC_REPRESENTATION_CONTEXT() REPRESENTATION_CONTEXT('2D SPACE',''
  ) );
#6191 = ORIENTED_EDGE('',*,*,#6192,.T.);
#6192 = EDGE_CURVE('',#6165,#6193,#6195,.T.);
#6193 = VERTEX_POINT('',#6194);
#6194 = CARTESIAN_POINT('',(6.566658685586,0.990000014901,
    -2.015649955412));
#6195 = SURFACE_CURVE('',#6196,(#6200,#6207),.PCURVE_S1.);
#6196 = LINE('',#6197,#6198);
#6197 = CARTESIAN_POINT('',(-7.320803434351E-02,0.990000014901,
    -2.015649955412));
#6198 = VECTOR('',#6199,1.);
#6199 = DIRECTION('',(-1.,0.,2.22044604925E-16));
#6200 = PCURVE('',#4775,#6201);
#6201 = DEFINITIONAL_REPRESENTATION('',(#6202),#6206);
#6202 = LINE('',#6203,#6204);
#6203 = CARTESIAN_POINT('',(-2.020359711298,5.907650550682));
#6204 = VECTOR('',#6205,1.);
#6205 = DIRECTION('',(-2.22044604925E-16,-1.));
#6206 = ( GEOMETRIC_REPRESENTATION_CONTEXT(2) 
PARAMETRIC_REPRESENTATION_CONTEXT() REPRESENTATION_CONTEXT('2D SPACE',''
  ) );
#6207 = PCURVE('',#2879,#6208);
#6208 = DEFINITIONAL_REPRESENTATION('',(#6209),#6213);
#6209 = LINE('',#6210,#6211);
#6210 = CARTESIAN_POINT('',(11.71986671993,0.99));
#6211 = VECTOR('',#6212,1.);
#6212 = DIRECTION('',(1.,0.));
#6213 = ( GEOMETRIC_REPRESENTATION_CONTEXT(2) 
PARAMETRIC_REPRESENTATION_CONTEXT() REPRESENTATION_CONTEXT('2D SPACE',''
  ) );
#6214 = ORIENTED_EDGE('',*,*,#6215,.T.);
#6215 = EDGE_CURVE('',#6193,#6140,#6216,.T.);
#6216 = SURFACE_CURVE('',#6217,(#6222,#6233),.PCURVE_S1.);
#6217 = CIRCLE('',#6218,0.22225);
#6218 = AXIS2_PLACEMENT_3D('',#6219,#6220,#6221);
#6219 = CARTESIAN_POINT('',(6.566658685586,0.990000014901,
    -1.793399955412));
#6220 = DIRECTION('',(0.,1.,0.));
#6221 = DIRECTION('',(-2.22044604925E-16,0.,-1.));
#6222 = PCURVE('',#4775,#6223);
#6223 = DEFINITIONAL_REPRESENTATION('',(#6224),#6232);
#6224 = ( BOUNDED_CURVE() B_SPLINE_CURVE(2,(#6225,#6226,#6227,#6228,
#6229,#6230,#6231),.UNSPECIFIED.,.T.,.F.) B_SPLINE_CURVE_WITH_KNOTS((1,2
    ,2,2,2,1),(-2.094395102393,0.,2.094395102393,4.188790204786,
6.28318530718,8.377580409573),.UNSPECIFIED.) CURVE() 
GEOMETRIC_REPRESENTATION_ITEM() RATIONAL_B_SPLINE_CURVE((1.,0.5,1.,0.5,
1.,0.5,1.)) REPRESENTATION_ITEM('') );
#6225 = CARTESIAN_POINT('',(-2.020359711298,12.547517270612));
#6226 = CARTESIAN_POINT('',(-2.020359711298,12.16256897863));
#6227 = CARTESIAN_POINT('',(-2.353734711298,12.355043124621));
#6228 = CARTESIAN_POINT('',(-2.687109711298,12.547517270612));
#6229 = CARTESIAN_POINT('',(-2.353734711298,12.739991416603));
#6230 = CARTESIAN_POINT('',(-2.020359711298,12.932465562594));
#6231 = CARTESIAN_POINT('',(-2.020359711298,12.547517270612));
#6232 = ( GEOMETRIC_REPRESENTATION_CONTEXT(2) 
PARAMETRIC_REPRESENTATION_CONTEXT() REPRESENTATION_CONTEXT('2D SPACE',''
  ) );
#6233 = PCURVE('',#2798,#6234);
#6234 = DEFINITIONAL_REPRESENTATION('',(#6235),#6239);
#6235 = LINE('',#6236,#6237);
#6236 = CARTESIAN_POINT('',(0.,0.99));
#6237 = VECTOR('',#6238,1.);
#6238 = DIRECTION('',(1.,0.));
#6239 = ( GEOMETRIC_REPRESENTATION_CONTEXT(2) 
PARAMETRIC_REPRESENTATION_CONTEXT() REPRESENTATION_CONTEXT('2D SPACE',''
  ) );
#6240 = FACE_BOUND('',#6241,.F.);
#6241 = EDGE_LOOP('',(#6242));
#6242 = ORIENTED_EDGE('',*,*,#6243,.T.);
#6243 = EDGE_CURVE('',#6244,#6244,#6246,.T.);
#6244 = VERTEX_POINT('',#6245);
#6245 = CARTESIAN_POINT('',(7.195658685586,0.990000014901,1.508600044588
    ));
#6246 = SURFACE_CURVE('',#6247,(#6252,#6263),.PCURVE_S1.);
#6247 = CIRCLE('',#6248,0.375);
#6248 = AXIS2_PLACEMENT_3D('',#6249,#6250,#6251);
#6249 = CARTESIAN_POINT('',(6.820658685586,0.990000014901,1.508600044588
    ));
#6250 = DIRECTION('',(0.,1.,-0.));
#6251 = DIRECTION('',(-1.,0.,2.22044604925E-16));
#6252 = PCURVE('',#4775,#6253);
#6253 = DEFINITIONAL_REPRESENTATION('',(#6254),#6262);
#6254 = ( BOUNDED_CURVE() B_SPLINE_CURVE(2,(#6255,#6256,#6257,#6258,
#6259,#6260,#6261),.UNSPECIFIED.,.T.,.F.) B_SPLINE_CURVE_WITH_KNOTS((1,2
    ,2,2,2,1),(-2.094395102393,0.,2.094395102393,4.188790204786,
6.28318530718,8.377580409573),.UNSPECIFIED.) CURVE() 
GEOMETRIC_REPRESENTATION_ITEM() RATIONAL_B_SPLINE_CURVE((1.,0.5,1.,0.5,
1.,0.5,1.)) REPRESENTATION_ITEM('') );
#6255 = CARTESIAN_POINT('',(-5.544609711298,12.426517270612));
#6256 = CARTESIAN_POINT('',(-6.194128764136,12.426517270612));
#6257 = CARTESIAN_POINT('',(-5.869369237717,12.989017270612));
#6258 = CARTESIAN_POINT('',(-5.544609711298,13.551517270612));
#6259 = CARTESIAN_POINT('',(-5.219850184879,12.989017270612));
#6260 = CARTESIAN_POINT('',(-4.895090658459,12.426517270612));
#6261 = CARTESIAN_POINT('',(-5.544609711298,12.426517270612));
#6262 = ( GEOMETRIC_REPRESENTATION_CONTEXT(2) 
PARAMETRIC_REPRESENTATION_CONTEXT() REPRESENTATION_CONTEXT('2D SPACE',''
  ) );
#6263 = PCURVE('',#6264,#6269);
#6264 = CYLINDRICAL_SURFACE('',#6265,0.375);
#6265 = AXIS2_PLACEMENT_3D('',#6266,#6267,#6268);
#6266 = CARTESIAN_POINT('',(6.820658685586,1.490116113834E-08,
    1.508600044588));
#6267 = DIRECTION('',(0.,1.,0.));
#6268 = DIRECTION('',(-1.,0.,2.22044604925E-16));
#6269 = DEFINITIONAL_REPRESENTATION('',(#6270),#6274);
#6270 = LINE('',#6271,#6272);
#6271 = CARTESIAN_POINT('',(-6.28318530718,0.99));
#6272 = VECTOR('',#6273,1.);
#6273 = DIRECTION('',(1.,0.));
#6274 = ( GEOMETRIC_REPRESENTATION_CONTEXT(2) 
PARAMETRIC_REPRESENTATION_CONTEXT() REPRESENTATION_CONTEXT('2D SPACE',''
  ) );
#6275 = FACE_BOUND('',#6276,.F.);
#6276 = EDGE_LOOP('',(#6277));
#6277 = ORIENTED_EDGE('',*,*,#6278,.T.);
#6278 = EDGE_CURVE('',#6279,#6279,#6281,.T.);
#6279 = VERTEX_POINT('',#6280);
#6280 = CARTESIAN_POINT('',(-2.964341314414,0.990000014901,
    1.508600044588));
#6281 = SURFACE_CURVE('',#6282,(#6287,#6298),.PCURVE_S1.);
#6282 = CIRCLE('',#6283,0.375);
#6283 = AXIS2_PLACEMENT_3D('',#6284,#6285,#6286);
#6284 = CARTESIAN_POINT('',(-3.339341314414,0.990000014901,
    1.508600044588));
#6285 = DIRECTION('',(0.,1.,-0.));
#6286 = DIRECTION('',(-1.,0.,2.22044604925E-16));
#6287 = PCURVE('',#4775,#6288);
#6288 = DEFINITIONAL_REPRESENTATION('',(#6289),#6297);
#6289 = ( BOUNDED_CURVE() B_SPLINE_CURVE(2,(#6290,#6291,#6292,#6293,
#6294,#6295,#6296),.UNSPECIFIED.,.T.,.F.) B_SPLINE_CURVE_WITH_KNOTS((1,2
    ,2,2,2,1),(-2.094395102393,0.,2.094395102393,4.188790204786,
6.28318530718,8.377580409573),.UNSPECIFIED.) CURVE() 
GEOMETRIC_REPRESENTATION_ITEM() RATIONAL_B_SPLINE_CURVE((1.,0.5,1.,0.5,
1.,0.5,1.)) REPRESENTATION_ITEM('') );
#6290 = CARTESIAN_POINT('',(-5.544609711298,2.266517270612));
#6291 = CARTESIAN_POINT('',(-6.194128764136,2.266517270612));
#6292 = CARTESIAN_POINT('',(-5.869369237717,2.829017270612));
#6293 = CARTESIAN_POINT('',(-5.544609711298,3.391517270612));
#6294 = CARTESIAN_POINT('',(-5.219850184879,2.829017270612));
#6295 = CARTESIAN_POINT('',(-4.895090658459,2.266517270612));
#6296 = CARTESIAN_POINT('',(-5.544609711298,2.266517270612));
#6297 = ( GEOMETRIC_REPRESENTATION_CONTEXT(2) 
PARAMETRIC_REPRESENTATION_CONTEXT() REPRESENTATION_CONTEXT('2D SPACE',''
  ) );
#6298 = PCURVE('',#6299,#6304);
#6299 = CYLINDRICAL_SURFACE('',#6300,0.375);
#6300 = AXIS2_PLACEMENT_3D('',#6301,#6302,#6303);
#6301 = CARTESIAN_POINT('',(-3.339341314414,1.490116113834E-08,
    1.508600044588));
#6302 = DIRECTION('',(0.,1.,0.));
#6303 = DIRECTION('',(-1.,0.,2.22044604925E-16));
#6304 = DEFINITIONAL_REPRESENTATION('',(#6305),#6309);
#6305 = LINE('',#6306,#6307);
#6306 = CARTESIAN_POINT('',(-6.28318530718,0.99));
#6307 = VECTOR('',#6308,1.);
#6308 = DIRECTION('',(1.,0.));
#6309 = ( GEOMETRIC_REPRESENTATION_CONTEXT(2) 
PARAMETRIC_REPRESENTATION_CONTEXT() REPRESENTATION_CONTEXT('2D SPACE',''
  ) );
#6310 = FACE_BOUND('',#6311,.F.);
#6311 = EDGE_LOOP('',(#6312));
#6312 = ORIENTED_EDGE('',*,*,#6313,.T.);
#6313 = EDGE_CURVE('',#6314,#6314,#6316,.T.);
#6314 = VERTEX_POINT('',#6315);
#6315 = CARTESIAN_POINT('',(-0.424341314414,0.990000014901,
    1.508600044588));
#6316 = SURFACE_CURVE('',#6317,(#6322,#6333),.PCURVE_S1.);
#6317 = CIRCLE('',#6318,0.375);
#6318 = AXIS2_PLACEMENT_3D('',#6319,#6320,#6321);
#6319 = CARTESIAN_POINT('',(-0.799341314414,0.990000014901,
    1.508600044588));
#6320 = DIRECTION('',(0.,1.,-0.));
#6321 = DIRECTION('',(-1.,0.,2.22044604925E-16));
#6322 = PCURVE('',#4775,#6323);
#6323 = DEFINITIONAL_REPRESENTATION('',(#6324),#6332);
#6324 = ( BOUNDED_CURVE() B_SPLINE_CURVE(2,(#6325,#6326,#6327,#6328,
#6329,#6330,#6331),.UNSPECIFIED.,.T.,.F.) B_SPLINE_CURVE_WITH_KNOTS((1,2
    ,2,2,2,1),(-2.094395102393,0.,2.094395102393,4.188790204786,
6.28318530718,8.377580409573),.UNSPECIFIED.) CURVE() 
GEOMETRIC_REPRESENTATION_ITEM() RATIONAL_B_SPLINE_CURVE((1.,0.5,1.,0.5,
1.,0.5,1.)) REPRESENTATION_ITEM('') );
#6325 = CARTESIAN_POINT('',(-5.544609711298,4.806517270612));
#6326 = CARTESIAN_POINT('',(-6.194128764136,4.806517270612));
#6327 = CARTESIAN_POINT('',(-5.869369237717,5.369017270612));
#6328 = CARTESIAN_POINT('',(-5.544609711298,5.931517270612));
#6329 = CARTESIAN_POINT('',(-5.219850184879,5.369017270612));
#6330 = CARTESIAN_POINT('',(-4.895090658459,4.806517270612));
#6331 = CARTESIAN_POINT('',(-5.544609711298,4.806517270612));
#6332 = ( GEOMETRIC_REPRESENTATION_CONTEXT(2) 
PARAMETRIC_REPRESENTATION_CONTEXT() REPRESENTATION_CONTEXT('2D SPACE',''
  ) );
#6333 = PCURVE('',#6334,#6339);
#6334 = CYLINDRICAL_SURFACE('',#6335,0.375);
#6335 = AXIS2_PLACEMENT_3D('',#6336,#6337,#6338);
#6336 = CARTESIAN_POINT('',(-0.799341314414,1.490116113834E-08,
    1.508600044588));
#6337 = DIRECTION('',(0.,1.,0.));
#6338 = DIRECTION('',(-1.,0.,2.22044604925E-16));
#6339 = DEFINITIONAL_REPRESENTATION('',(#6340),#6344);
#6340 = LINE('',#6341,#6342);
#6341 = CARTESIAN_POINT('',(-6.28318530718,0.99));
#6342 = VECTOR('',#6343,1.);
#6343 = DIRECTION('',(1.,0.));
#6344 = ( GEOMETRIC_REPRESENTATION_CONTEXT(2) 
PARAMETRIC_REPRESENTATION_CONTEXT() REPRESENTATION_CONTEXT('2D SPACE',''
  ) );
#6345 = FACE_BOUND('',#6346,.F.);
#6346 = EDGE_LOOP('',(#6347));
#6347 = ORIENTED_EDGE('',*,*,#6348,.T.);
#6348 = EDGE_CURVE('',#6349,#6349,#6351,.T.);
#6349 = VERTEX_POINT('',#6350);
#6350 = CARTESIAN_POINT('',(2.115658685586,0.990000014901,1.508600044588
    ));
#6351 = SURFACE_CURVE('',#6352,(#6357,#6368),.PCURVE_S1.);
#6352 = CIRCLE('',#6353,0.375);
#6353 = AXIS2_PLACEMENT_3D('',#6354,#6355,#6356);
#6354 = CARTESIAN_POINT('',(1.740658685586,0.990000014901,1.508600044588
    ));
#6355 = DIRECTION('',(0.,1.,-0.));
#6356 = DIRECTION('',(-1.,0.,2.22044604925E-16));
#6357 = PCURVE('',#4775,#6358);
#6358 = DEFINITIONAL_REPRESENTATION('',(#6359),#6367);
#6359 = ( BOUNDED_CURVE() B_SPLINE_CURVE(2,(#6360,#6361,#6362,#6363,
#6364,#6365,#6366),.UNSPECIFIED.,.T.,.F.) B_SPLINE_CURVE_WITH_KNOTS((1,2
    ,2,2,2,1),(-2.094395102393,0.,2.094395102393,4.188790204786,
6.28318530718,8.377580409573),.UNSPECIFIED.) CURVE() 
GEOMETRIC_REPRESENTATION_ITEM() RATIONAL_B_SPLINE_CURVE((1.,0.5,1.,0.5,
1.,0.5,1.)) REPRESENTATION_ITEM('') );
#6360 = CARTESIAN_POINT('',(-5.544609711298,7.346517270612));
#6361 = CARTESIAN_POINT('',(-6.194128764136,7.346517270612));
#6362 = CARTESIAN_POINT('',(-5.869369237717,7.909017270612));
#6363 = CARTESIAN_POINT('',(-5.544609711298,8.471517270612));
#6364 = CARTESIAN_POINT('',(-5.219850184879,7.909017270612));
#6365 = CARTESIAN_POINT('',(-4.895090658459,7.346517270612));
#6366 = CARTESIAN_POINT('',(-5.544609711298,7.346517270612));
#6367 = ( GEOMETRIC_REPRESENTATION_CONTEXT(2) 
PARAMETRIC_REPRESENTATION_CONTEXT() REPRESENTATION_CONTEXT('2D SPACE',''
  ) );
#6368 = PCURVE('',#6369,#6374);
#6369 = CYLINDRICAL_SURFACE('',#6370,0.375);
#6370 = AXIS2_PLACEMENT_3D('',#6371,#6372,#6373);
#6371 = CARTESIAN_POINT('',(1.740658685586,1.490116113834E-08,
    1.508600044588));
#6372 = DIRECTION('',(0.,1.,0.));
#6373 = DIRECTION('',(-1.,0.,2.22044604925E-16));
#6374 = DEFINITIONAL_REPRESENTATION('',(#6375),#6379);
#6375 = LINE('',#6376,#6377);
#6376 = CARTESIAN_POINT('',(-6.28318530718,0.99));
#6377 = VECTOR('',#6378,1.);
#6378 = DIRECTION('',(1.,0.));
#6379 = ( GEOMETRIC_REPRESENTATION_CONTEXT(2) 
PARAMETRIC_REPRESENTATION_CONTEXT() REPRESENTATION_CONTEXT('2D SPACE',''
  ) );
#6380 = FACE_BOUND('',#6381,.F.);
#6381 = EDGE_LOOP('',(#6382));
#6382 = ORIENTED_EDGE('',*,*,#6383,.T.);
#6383 = EDGE_CURVE('',#6384,#6384,#6386,.T.);
#6384 = VERTEX_POINT('',#6385);
#6385 = CARTESIAN_POINT('',(4.655658685586,0.990000014901,1.508600044588
    ));
#6386 = SURFACE_CURVE('',#6387,(#6392,#6403),.PCURVE_S1.);
#6387 = CIRCLE('',#6388,0.375);
#6388 = AXIS2_PLACEMENT_3D('',#6389,#6390,#6391);
#6389 = CARTESIAN_POINT('',(4.280658685586,0.990000014901,1.508600044588
    ));
#6390 = DIRECTION('',(0.,1.,-0.));
#6391 = DIRECTION('',(-1.,0.,2.22044604925E-16));
#6392 = PCURVE('',#4775,#6393);
#6393 = DEFINITIONAL_REPRESENTATION('',(#6394),#6402);
#6394 = ( BOUNDED_CURVE() B_SPLINE_CURVE(2,(#6395,#6396,#6397,#6398,
#6399,#6400,#6401),.UNSPECIFIED.,.T.,.F.) B_SPLINE_CURVE_WITH_KNOTS((1,2
    ,2,2,2,1),(-2.094395102393,0.,2.094395102393,4.188790204786,
6.28318530718,8.377580409573),.UNSPECIFIED.) CURVE() 
GEOMETRIC_REPRESENTATION_ITEM() RATIONAL_B_SPLINE_CURVE((1.,0.5,1.,0.5,
1.,0.5,1.)) REPRESENTATION_ITEM('') );
#6395 = CARTESIAN_POINT('',(-5.544609711298,9.886517270612));
#6396 = CARTESIAN_POINT('',(-6.194128764136,9.886517270612));
#6397 = CARTESIAN_POINT('',(-5.869369237717,10.449017270612));
#6398 = CARTESIAN_POINT('',(-5.544609711298,11.011517270612));
#6399 = CARTESIAN_POINT('',(-5.219850184879,10.449017270612));
#6400 = CARTESIAN_POINT('',(-4.895090658459,9.886517270612));
#6401 = CARTESIAN_POINT('',(-5.544609711298,9.886517270612));
#6402 = ( GEOMETRIC_REPRESENTATION_CONTEXT(2) 
PARAMETRIC_REPRESENTATION_CONTEXT() REPRESENTATION_CONTEXT('2D SPACE',''
  ) );
#6403 = PCURVE('',#6404,#6409);
#6404 = CYLINDRICAL_SURFACE('',#6405,0.375);
#6405 = AXIS2_PLACEMENT_3D('',#6406,#6407,#6408);
#6406 = CARTESIAN_POINT('',(4.280658685586,1.490116113834E-08,
    1.508600044588));
#6407 = DIRECTION('',(0.,1.,0.));
#6408 = DIRECTION('',(-1.,0.,2.22044604925E-16));
#6409 = DEFINITIONAL_REPRESENTATION('',(#6410),#6414);
#6410 = LINE('',#6411,#6412);
#6411 = CARTESIAN_POINT('',(-6.28318530718,0.99));
#6412 = VECTOR('',#6413,1.);
#6413 = DIRECTION('',(1.,0.));
#6414 = ( GEOMETRIC_REPRESENTATION_CONTEXT(2) 
PARAMETRIC_REPRESENTATION_CONTEXT() REPRESENTATION_CONTEXT('2D SPACE',''
  ) );
#6415 = FACE_BOUND('',#6416,.F.);
#6416 = EDGE_LOOP('',(#6417));
#6417 = ORIENTED_EDGE('',*,*,#6418,.T.);
#6418 = EDGE_CURVE('',#6419,#6419,#6421,.T.);
#6419 = VERTEX_POINT('',#6420);
#6420 = CARTESIAN_POINT('',(-5.879341314414,0.990000014901,
    1.133600044588));
#6421 = SURFACE_CURVE('',#6422,(#6427,#6438),.PCURVE_S1.);
#6422 = CIRCLE('',#6423,0.375);
#6423 = AXIS2_PLACEMENT_3D('',#6424,#6425,#6426);
#6424 = CARTESIAN_POINT('',(-5.879341314414,0.990000014901,
    1.508600044588));
#6425 = DIRECTION('',(0.,1.,0.));
#6426 = DIRECTION('',(-2.22044604925E-16,0.,-1.));
#6427 = PCURVE('',#4775,#6428);
#6428 = DEFINITIONAL_REPRESENTATION('',(#6429),#6437);
#6429 = ( BOUNDED_CURVE() B_SPLINE_CURVE(2,(#6430,#6431,#6432,#6433,
#6434,#6435,#6436),.UNSPECIFIED.,.T.,.F.) B_SPLINE_CURVE_WITH_KNOTS((1,2
    ,2,2,2,1),(-2.094395102393,0.,2.094395102393,4.188790204786,
6.28318530718,8.377580409573),.UNSPECIFIED.) CURVE() 
GEOMETRIC_REPRESENTATION_ITEM() RATIONAL_B_SPLINE_CURVE((1.,0.5,1.,0.5,
1.,0.5,1.)) REPRESENTATION_ITEM('') );
#6430 = CARTESIAN_POINT('',(-5.169609711298,0.101517270612));
#6431 = CARTESIAN_POINT('',(-5.169609711298,-0.548001782227));
#6432 = CARTESIAN_POINT('',(-5.732109711298,-0.223242255807));
#6433 = CARTESIAN_POINT('',(-6.294609711298,0.101517270612));
#6434 = CARTESIAN_POINT('',(-5.732109711298,0.426276797031));
#6435 = CARTESIAN_POINT('',(-5.169609711298,0.75103632345));
#6436 = CARTESIAN_POINT('',(-5.169609711298,0.101517270612));
#6437 = ( GEOMETRIC_REPRESENTATION_CONTEXT(2) 
PARAMETRIC_REPRESENTATION_CONTEXT() REPRESENTATION_CONTEXT('2D SPACE',''
  ) );
#6438 = PCURVE('',#6439,#6444);
#6439 = CYLINDRICAL_SURFACE('',#6440,0.375);
#6440 = AXIS2_PLACEMENT_3D('',#6441,#6442,#6443);
#6441 = CARTESIAN_POINT('',(-5.879341314414,1.490116113834E-08,
    1.508600044588));
#6442 = DIRECTION('',(0.,1.,0.));
#6443 = DIRECTION('',(-3.00904454394E-15,0.,1.));
#6444 = DEFINITIONAL_REPRESENTATION('',(#6445),#6449);
#6445 = LINE('',#6446,#6447);
#6446 = CARTESIAN_POINT('',(-3.14159265359,0.99));
#6447 = VECTOR('',#6448,1.);
#6448 = DIRECTION('',(1.,0.));
#6449 = ( GEOMETRIC_REPRESENTATION_CONTEXT(2) 
PARAMETRIC_REPRESENTATION_CONTEXT() REPRESENTATION_CONTEXT('2D SPACE',''
  ) );
#6450 = FACE_BOUND('',#6451,.F.);
#6451 = EDGE_LOOP('',(#6452));
#6452 = ORIENTED_EDGE('',*,*,#6453,.T.);
#6453 = EDGE_CURVE('',#6454,#6454,#6456,.T.);
#6454 = VERTEX_POINT('',#6455);
#6455 = CARTESIAN_POINT('',(7.539658685586,0.990000014901,
    -9.301399955412));
#6456 = SURFACE_CURVE('',#6457,(#6462,#6473),.PCURVE_S1.);
#6457 = CIRCLE('',#6458,0.3);
#6458 = AXIS2_PLACEMENT_3D('',#6459,#6460,#6461);
#6459 = CARTESIAN_POINT('',(7.539658685586,0.990000014901,
    -9.001399955413));
#6460 = DIRECTION('',(0.,1.,0.));
#6461 = DIRECTION('',(-2.22044604925E-16,0.,-1.));
#6462 = PCURVE('',#4775,#6463);
#6463 = DEFINITIONAL_REPRESENTATION('',(#6464),#6472);
#6464 = ( BOUNDED_CURVE() B_SPLINE_CURVE(2,(#6465,#6466,#6467,#6468,
#6469,#6470,#6471),.UNSPECIFIED.,.T.,.F.) B_SPLINE_CURVE_WITH_KNOTS((1,2
    ,2,2,2,1),(-2.094395102393,0.,2.094395102393,4.188790204786,
6.28318530718,8.377580409573),.UNSPECIFIED.) CURVE() 
GEOMETRIC_REPRESENTATION_ITEM() RATIONAL_B_SPLINE_CURVE((1.,0.5,1.,0.5,
1.,0.5,1.)) REPRESENTATION_ITEM('') );
#6465 = CARTESIAN_POINT('',(5.265390288702,13.520517270612));
#6466 = CARTESIAN_POINT('',(5.265390288702,13.000902028341));
#6467 = CARTESIAN_POINT('',(4.815390288702,13.260709649476));
#6468 = CARTESIAN_POINT('',(4.365390288702,13.520517270612));
#6469 = CARTESIAN_POINT('',(4.815390288702,13.780324891747));
#6470 = CARTESIAN_POINT('',(5.265390288702,14.040132512882));
#6471 = CARTESIAN_POINT('',(5.265390288702,13.520517270612));
#6472 = ( GEOMETRIC_REPRESENTATION_CONTEXT(2) 
PARAMETRIC_REPRESENTATION_CONTEXT() REPRESENTATION_CONTEXT('2D SPACE',''
  ) );
#6473 = PCURVE('',#2481,#6474);
#6474 = DEFINITIONAL_REPRESENTATION('',(#6475),#6479);
#6475 = LINE('',#6476,#6477);
#6476 = CARTESIAN_POINT('',(0.,0.99));
#6477 = VECTOR('',#6478,1.);
#6478 = DIRECTION('',(1.,0.));
#6479 = ( GEOMETRIC_REPRESENTATION_CONTEXT(2) 
PARAMETRIC_REPRESENTATION_CONTEXT() REPRESENTATION_CONTEXT('2D SPACE',''
  ) );
#6480 = FACE_BOUND('',#6481,.F.);
#6481 = EDGE_LOOP('',(#6482,#6507,#6535,#6558));
#6482 = ORIENTED_EDGE('',*,*,#6483,.T.);
#6483 = EDGE_CURVE('',#6484,#6486,#6488,.T.);
#6484 = VERTEX_POINT('',#6485);
#6485 = CARTESIAN_POINT('',(10.757658685586,0.990000014901,
    -10.20714995541));
#6486 = VERTEX_POINT('',#6487);
#6487 = CARTESIAN_POINT('',(11.646658685586,0.990000014901,
    -10.20714995541));
#6488 = SURFACE_CURVE('',#6489,(#6493,#6500),.PCURVE_S1.);
#6489 = LINE('',#6490,#6491);
#6490 = CARTESIAN_POINT('',(1.577791965656,0.990000014901,
    -10.20714995541));
#6491 = VECTOR('',#6492,1.);
#6492 = DIRECTION('',(1.,0.,-2.22044604925E-16));
#6493 = PCURVE('',#4775,#6494);
#6494 = DEFINITIONAL_REPRESENTATION('',(#6495),#6499);
#6495 = LINE('',#6496,#6497);
#6496 = CARTESIAN_POINT('',(6.171140288702,7.558650550682));
#6497 = VECTOR('',#6498,1.);
#6498 = DIRECTION('',(2.22044604925E-16,1.));
#6499 = ( GEOMETRIC_REPRESENTATION_CONTEXT(2) 
PARAMETRIC_REPRESENTATION_CONTEXT() REPRESENTATION_CONTEXT('2D SPACE',''
  ) );
#6500 = PCURVE('',#2711,#6501);
#6501 = DEFINITIONAL_REPRESENTATION('',(#6502),#6506);
#6502 = LINE('',#6503,#6504);
#6503 = CARTESIAN_POINT('',(-4.98886671993,0.99));
#6504 = VECTOR('',#6505,1.);
#6505 = DIRECTION('',(1.,0.));
#6506 = ( GEOMETRIC_REPRESENTATION_CONTEXT(2) 
PARAMETRIC_REPRESENTATION_CONTEXT() REPRESENTATION_CONTEXT('2D SPACE',''
  ) );
#6507 = ORIENTED_EDGE('',*,*,#6508,.T.);
#6508 = EDGE_CURVE('',#6486,#6509,#6511,.T.);
#6509 = VERTEX_POINT('',#6510);
#6510 = CARTESIAN_POINT('',(11.646658689508,0.990000014901,
    -10.65164995541));
#6511 = SURFACE_CURVE('',#6512,(#6517,#6528),.PCURVE_S1.);
#6512 = CIRCLE('',#6513,0.22225);
#6513 = AXIS2_PLACEMENT_3D('',#6514,#6515,#6516);
#6514 = CARTESIAN_POINT('',(11.646658685586,0.990000014901,
    -10.42939995541));
#6515 = DIRECTION('',(0.,1.,0.));
#6516 = DIRECTION('',(2.22044604925E-16,-0.,1.));
#6517 = PCURVE('',#4775,#6518);
#6518 = DEFINITIONAL_REPRESENTATION('',(#6519),#6527);
#6519 = ( BOUNDED_CURVE() B_SPLINE_CURVE(2,(#6520,#6521,#6522,#6523,
#6524,#6525,#6526),.UNSPECIFIED.,.T.,.F.) B_SPLINE_CURVE_WITH_KNOTS((1,2
    ,2,2,2,1),(-2.094395102393,0.,2.094395102393,4.188790204786,
6.28318530718,8.377580409573),.UNSPECIFIED.) CURVE() 
GEOMETRIC_REPRESENTATION_ITEM() RATIONAL_B_SPLINE_CURVE((1.,0.5,1.,0.5,
1.,0.5,1.)) REPRESENTATION_ITEM('') );
#6520 = CARTESIAN_POINT('',(6.171140288702,17.627517270612));
#6521 = CARTESIAN_POINT('',(6.171140288702,18.012465562594));
#6522 = CARTESIAN_POINT('',(6.504515288702,17.819991416603));
#6523 = CARTESIAN_POINT('',(6.837890288702,17.627517270612));
#6524 = CARTESIAN_POINT('',(6.504515288702,17.435043124621));
#6525 = CARTESIAN_POINT('',(6.171140288702,17.24256897863));
#6526 = CARTESIAN_POINT('',(6.171140288702,17.627517270612));
#6527 = ( GEOMETRIC_REPRESENTATION_CONTEXT(2) 
PARAMETRIC_REPRESENTATION_CONTEXT() REPRESENTATION_CONTEXT('2D SPACE',''
  ) );
#6528 = PCURVE('',#2740,#6529);
#6529 = DEFINITIONAL_REPRESENTATION('',(#6530),#6534);
#6530 = LINE('',#6531,#6532);
#6531 = CARTESIAN_POINT('',(0.,0.99));
#6532 = VECTOR('',#6533,1.);
#6533 = DIRECTION('',(1.,0.));
#6534 = ( GEOMETRIC_REPRESENTATION_CONTEXT(2) 
PARAMETRIC_REPRESENTATION_CONTEXT() REPRESENTATION_CONTEXT('2D SPACE',''
  ) );
#6535 = ORIENTED_EDGE('',*,*,#6536,.T.);
#6536 = EDGE_CURVE('',#6509,#6537,#6539,.T.);
#6537 = VERTEX_POINT('',#6538);
#6538 = CARTESIAN_POINT('',(10.757658685586,0.990000014901,
    -10.65164995541));
#6539 = SURFACE_CURVE('',#6540,(#6544,#6551),.PCURVE_S1.);
#6540 = LINE('',#6541,#6542);
#6541 = CARTESIAN_POINT('',(2.022291965656,0.990000014901,
    -10.65164995541));
#6542 = VECTOR('',#6543,1.);
#6543 = DIRECTION('',(-1.,0.,2.22044604925E-16));
#6544 = PCURVE('',#4775,#6545);
#6545 = DEFINITIONAL_REPRESENTATION('',(#6546),#6550);
#6546 = LINE('',#6547,#6548);
#6547 = CARTESIAN_POINT('',(6.615640288702,8.003150550682));
#6548 = VECTOR('',#6549,1.);
#6549 = DIRECTION('',(-2.22044604925E-16,-1.));
#6550 = ( GEOMETRIC_REPRESENTATION_CONTEXT(2) 
PARAMETRIC_REPRESENTATION_CONTEXT() REPRESENTATION_CONTEXT('2D SPACE',''
  ) );
#6551 = PCURVE('',#2765,#6552);
#6552 = DEFINITIONAL_REPRESENTATION('',(#6553),#6557);
#6553 = LINE('',#6554,#6555);
#6554 = CARTESIAN_POINT('',(5.43336671993,0.99));
#6555 = VECTOR('',#6556,1.);
#6556 = DIRECTION('',(1.,0.));
#6557 = ( GEOMETRIC_REPRESENTATION_CONTEXT(2) 
PARAMETRIC_REPRESENTATION_CONTEXT() REPRESENTATION_CONTEXT('2D SPACE',''
  ) );
#6558 = ORIENTED_EDGE('',*,*,#6559,.T.);
#6559 = EDGE_CURVE('',#6537,#6484,#6560,.T.);
#6560 = SURFACE_CURVE('',#6561,(#6566,#6577),.PCURVE_S1.);
#6561 = CIRCLE('',#6562,0.22225);
#6562 = AXIS2_PLACEMENT_3D('',#6563,#6564,#6565);
#6563 = CARTESIAN_POINT('',(10.757658685586,0.990000014901,
    -10.42939995541));
#6564 = DIRECTION('',(0.,1.,0.));
#6565 = DIRECTION('',(-2.22044604925E-16,0.,-1.));
#6566 = PCURVE('',#4775,#6567);
#6567 = DEFINITIONAL_REPRESENTATION('',(#6568),#6576);
#6568 = ( BOUNDED_CURVE() B_SPLINE_CURVE(2,(#6569,#6570,#6571,#6572,
#6573,#6574,#6575),.UNSPECIFIED.,.T.,.F.) B_SPLINE_CURVE_WITH_KNOTS((1,2
    ,2,2,2,1),(-2.094395102393,0.,2.094395102393,4.188790204786,
6.28318530718,8.377580409573),.UNSPECIFIED.) CURVE() 
GEOMETRIC_REPRESENTATION_ITEM() RATIONAL_B_SPLINE_CURVE((1.,0.5,1.,0.5,
1.,0.5,1.)) REPRESENTATION_ITEM('') );
#6569 = CARTESIAN_POINT('',(6.615640288702,16.738517270612));
#6570 = CARTESIAN_POINT('',(6.615640288702,16.35356897863));
#6571 = CARTESIAN_POINT('',(6.282265288702,16.546043124621));
#6572 = CARTESIAN_POINT('',(5.948890288702,16.738517270612));
#6573 = CARTESIAN_POINT('',(6.282265288702,16.930991416603));
#6574 = CARTESIAN_POINT('',(6.615640288702,17.123465562594));
#6575 = CARTESIAN_POINT('',(6.615640288702,16.738517270612));
#6576 = ( GEOMETRIC_REPRESENTATION_CONTEXT(2) 
PARAMETRIC_REPRESENTATION_CONTEXT() REPRESENTATION_CONTEXT('2D SPACE',''
  ) );
#6577 = PCURVE('',#2684,#6578);
#6578 = DEFINITIONAL_REPRESENTATION('',(#6579),#6583);
#6579 = LINE('',#6580,#6581);
#6580 = CARTESIAN_POINT('',(0.,0.99));
#6581 = VECTOR('',#6582,1.);
#6582 = DIRECTION('',(1.,0.));
#6583 = ( GEOMETRIC_REPRESENTATION_CONTEXT(2) 
PARAMETRIC_REPRESENTATION_CONTEXT() REPRESENTATION_CONTEXT('2D SPACE',''
  ) );
#6584 = FACE_BOUND('',#6585,.F.);
#6585 = EDGE_LOOP('',(#6586,#6611,#6639,#6662));
#6586 = ORIENTED_EDGE('',*,*,#6587,.T.);
#6587 = EDGE_CURVE('',#6588,#6590,#6592,.T.);
#6588 = VERTEX_POINT('',#6589);
#6589 = CARTESIAN_POINT('',(6.566658684088,0.990000014901,
    -10.20714995541));
#6590 = VERTEX_POINT('',#6591);
#6591 = CARTESIAN_POINT('',(7.455658685586,0.990000014901,
    -10.20714995541));
#6592 = SURFACE_CURVE('',#6593,(#6597,#6604),.PCURVE_S1.);
#6593 = LINE('',#6594,#6595);
#6594 = CARTESIAN_POINT('',(1.577791965656,0.990000014901,
    -10.20714995541));
#6595 = VECTOR('',#6596,1.);
#6596 = DIRECTION('',(1.,0.,-2.22044604925E-16));
#6597 = PCURVE('',#4775,#6598);
#6598 = DEFINITIONAL_REPRESENTATION('',(#6599),#6603);
#6599 = LINE('',#6600,#6601);
#6600 = CARTESIAN_POINT('',(6.171140288702,7.558650550682));
#6601 = VECTOR('',#6602,1.);
#6602 = DIRECTION('',(2.22044604925E-16,1.));
#6603 = ( GEOMETRIC_REPRESENTATION_CONTEXT(2) 
PARAMETRIC_REPRESENTATION_CONTEXT() REPRESENTATION_CONTEXT('2D SPACE',''
  ) );
#6604 = PCURVE('',#2939,#6605);
#6605 = DEFINITIONAL_REPRESENTATION('',(#6606),#6610);
#6606 = LINE('',#6607,#6608);
#6607 = CARTESIAN_POINT('',(-4.98886671993,0.99));
#6608 = VECTOR('',#6609,1.);
#6609 = DIRECTION('',(1.,0.));
#6610 = ( GEOMETRIC_REPRESENTATION_CONTEXT(2) 
PARAMETRIC_REPRESENTATION_CONTEXT() REPRESENTATION_CONTEXT('2D SPACE',''
  ) );
#6611 = ORIENTED_EDGE('',*,*,#6612,.T.);
#6612 = EDGE_CURVE('',#6590,#6613,#6615,.T.);
#6613 = VERTEX_POINT('',#6614);
#6614 = CARTESIAN_POINT('',(7.455658685586,0.990000014901,
    -10.65164995541));
#6615 = SURFACE_CURVE('',#6616,(#6621,#6632),.PCURVE_S1.);
#6616 = CIRCLE('',#6617,0.22225);
#6617 = AXIS2_PLACEMENT_3D('',#6618,#6619,#6620);
#6618 = CARTESIAN_POINT('',(7.455658685586,0.990000014901,
    -10.42939995541));
#6619 = DIRECTION('',(0.,1.,0.));
#6620 = DIRECTION('',(2.22044604925E-16,-0.,1.));
#6621 = PCURVE('',#4775,#6622);
#6622 = DEFINITIONAL_REPRESENTATION('',(#6623),#6631);
#6623 = ( BOUNDED_CURVE() B_SPLINE_CURVE(2,(#6624,#6625,#6626,#6627,
#6628,#6629,#6630),.UNSPECIFIED.,.T.,.F.) B_SPLINE_CURVE_WITH_KNOTS((1,2
    ,2,2,2,1),(-2.094395102393,0.,2.094395102393,4.188790204786,
6.28318530718,8.377580409573),.UNSPECIFIED.) CURVE() 
GEOMETRIC_REPRESENTATION_ITEM() RATIONAL_B_SPLINE_CURVE((1.,0.5,1.,0.5,
1.,0.5,1.)) REPRESENTATION_ITEM('') );
#6624 = CARTESIAN_POINT('',(6.171140288702,13.436517270612));
#6625 = CARTESIAN_POINT('',(6.171140288702,13.821465562594));
#6626 = CARTESIAN_POINT('',(6.504515288702,13.628991416603));
#6627 = CARTESIAN_POINT('',(6.837890288702,13.436517270612));
#6628 = CARTESIAN_POINT('',(6.504515288702,13.244043124621));
#6629 = CARTESIAN_POINT('',(6.171140288702,13.05156897863));
#6630 = CARTESIAN_POINT('',(6.171140288702,13.436517270612));
#6631 = ( GEOMETRIC_REPRESENTATION_CONTEXT(2) 
PARAMETRIC_REPRESENTATION_CONTEXT() REPRESENTATION_CONTEXT('2D SPACE',''
  ) );
#6632 = PCURVE('',#2968,#6633);
#6633 = DEFINITIONAL_REPRESENTATION('',(#6634),#6638);
#6634 = LINE('',#6635,#6636);
#6635 = CARTESIAN_POINT('',(0.,0.99));
#6636 = VECTOR('',#6637,1.);
#6637 = DIRECTION('',(1.,0.));
#6638 = ( GEOMETRIC_REPRESENTATION_CONTEXT(2) 
PARAMETRIC_REPRESENTATION_CONTEXT() REPRESENTATION_CONTEXT('2D SPACE',''
  ) );
#6639 = ORIENTED_EDGE('',*,*,#6640,.T.);
#6640 = EDGE_CURVE('',#6613,#6641,#6643,.T.);
#6641 = VERTEX_POINT('',#6642);
#6642 = CARTESIAN_POINT('',(6.566658685586,0.990000014901,
    -10.65164995541));
#6643 = SURFACE_CURVE('',#6644,(#6648,#6655),.PCURVE_S1.);
#6644 = LINE('',#6645,#6646);
#6645 = CARTESIAN_POINT('',(2.022291965656,0.990000014901,
    -10.65164995541));
#6646 = VECTOR('',#6647,1.);
#6647 = DIRECTION('',(-1.,0.,2.22044604925E-16));
#6648 = PCURVE('',#4775,#6649);
#6649 = DEFINITIONAL_REPRESENTATION('',(#6650),#6654);
#6650 = LINE('',#6651,#6652);
#6651 = CARTESIAN_POINT('',(6.615640288702,8.003150550682));
#6652 = VECTOR('',#6653,1.);
#6653 = DIRECTION('',(-2.22044604925E-16,-1.));
#6654 = ( GEOMETRIC_REPRESENTATION_CONTEXT(2) 
PARAMETRIC_REPRESENTATION_CONTEXT() REPRESENTATION_CONTEXT('2D SPACE',''
  ) );
#6655 = PCURVE('',#2993,#6656);
#6656 = DEFINITIONAL_REPRESENTATION('',(#6657),#6661);
#6657 = LINE('',#6658,#6659);
#6658 = CARTESIAN_POINT('',(5.43336671993,0.99));
#6659 = VECTOR('',#6660,1.);
#6660 = DIRECTION('',(1.,0.));
#6661 = ( GEOMETRIC_REPRESENTATION_CONTEXT(2) 
PARAMETRIC_REPRESENTATION_CONTEXT() REPRESENTATION_CONTEXT('2D SPACE',''
  ) );
#6662 = ORIENTED_EDGE('',*,*,#6663,.T.);
#6663 = EDGE_CURVE('',#6641,#6588,#6664,.T.);
#6664 = SURFACE_CURVE('',#6665,(#6670,#6681),.PCURVE_S1.);
#6665 = CIRCLE('',#6666,0.22225);
#6666 = AXIS2_PLACEMENT_3D('',#6667,#6668,#6669);
#6667 = CARTESIAN_POINT('',(6.566658685586,0.990000014901,
    -10.42939995541));
#6668 = DIRECTION('',(0.,1.,0.));
#6669 = DIRECTION('',(-2.22044604925E-16,0.,-1.));
#6670 = PCURVE('',#4775,#6671);
#6671 = DEFINITIONAL_REPRESENTATION('',(#6672),#6680);
#6672 = ( BOUNDED_CURVE() B_SPLINE_CURVE(2,(#6673,#6674,#6675,#6676,
#6677,#6678,#6679),.UNSPECIFIED.,.T.,.F.) B_SPLINE_CURVE_WITH_KNOTS((1,2
    ,2,2,2,1),(-2.094395102393,0.,2.094395102393,4.188790204786,
6.28318530718,8.377580409573),.UNSPECIFIED.) CURVE() 
GEOMETRIC_REPRESENTATION_ITEM() RATIONAL_B_SPLINE_CURVE((1.,0.5,1.,0.5,
1.,0.5,1.)) REPRESENTATION_ITEM('') );
#6673 = CARTESIAN_POINT('',(6.615640288702,12.547517270612));
#6674 = CARTESIAN_POINT('',(6.615640288702,12.16256897863));
#6675 = CARTESIAN_POINT('',(6.282265288702,12.355043124621));
#6676 = CARTESIAN_POINT('',(5.948890288702,12.547517270612));
#6677 = CARTESIAN_POINT('',(6.282265288702,12.739991416603));
#6678 = CARTESIAN_POINT('',(6.615640288702,12.932465562594));
#6679 = CARTESIAN_POINT('',(6.615640288702,12.547517270612));
#6680 = ( GEOMETRIC_REPRESENTATION_CONTEXT(2) 
PARAMETRIC_REPRESENTATION_CONTEXT() REPRESENTATION_CONTEXT('2D SPACE',''
  ) );
#6681 = PCURVE('',#2912,#6682);
#6682 = DEFINITIONAL_REPRESENTATION('',(#6683),#6687);
#6683 = LINE('',#6684,#6685);
#6684 = CARTESIAN_POINT('',(0.,0.99));
#6685 = VECTOR('',#6686,1.);
#6686 = DIRECTION('',(1.,0.));
#6687 = ( GEOMETRIC_REPRESENTATION_CONTEXT(2) 
PARAMETRIC_REPRESENTATION_CONTEXT() REPRESENTATION_CONTEXT('2D SPACE',''
  ) );
#6688 = FACE_BOUND('',#6689,.F.);
#6689 = EDGE_LOOP('',(#6690,#6720,#6748,#6776));
#6690 = ORIENTED_EDGE('',*,*,#6691,.F.);
#6691 = EDGE_CURVE('',#6692,#6694,#6696,.T.);
#6692 = VERTEX_POINT('',#6693);
#6693 = CARTESIAN_POINT('',(-5.498341314414,0.990000014901,
    -10.57799995541));
#6694 = VERTEX_POINT('',#6695);
#6695 = CARTESIAN_POINT('',(-5.498341314414,0.990000014901,
    -10.09539995541));
#6696 = SURFACE_CURVE('',#6697,(#6701,#6708),.PCURVE_S1.);
#6697 = LINE('',#6698,#6699);
#6698 = CARTESIAN_POINT('',(-5.498341314414,0.990000014901,
    -10.57799995541));
#6699 = VECTOR('',#6700,1.);
#6700 = DIRECTION('',(0.,0.,1.));
#6701 = PCURVE('',#4775,#6702);
#6702 = DEFINITIONAL_REPRESENTATION('',(#6703),#6707);
#6703 = LINE('',#6704,#6705);
#6704 = CARTESIAN_POINT('',(6.541990288702,0.482517270612));
#6705 = VECTOR('',#6706,1.);
#6706 = DIRECTION('',(-1.,0.));
#6707 = ( GEOMETRIC_REPRESENTATION_CONTEXT(2) 
PARAMETRIC_REPRESENTATION_CONTEXT() REPRESENTATION_CONTEXT('2D SPACE',''
  ) );
#6708 = PCURVE('',#6709,#6714);
#6709 = PLANE('',#6710);
#6710 = AXIS2_PLACEMENT_3D('',#6711,#6712,#6713);
#6711 = CARTESIAN_POINT('',(-5.498341314414,0.990000014901,
    -10.57799995541));
#6712 = DIRECTION('',(1.,0.,0.));
#6713 = DIRECTION('',(0.,0.,1.));
#6714 = DEFINITIONAL_REPRESENTATION('',(#6715),#6719);
#6715 = LINE('',#6716,#6717);
#6716 = CARTESIAN_POINT('',(0.,0.));
#6717 = VECTOR('',#6718,1.);
#6718 = DIRECTION('',(1.,0.));
#6719 = ( GEOMETRIC_REPRESENTATION_CONTEXT(2) 
PARAMETRIC_REPRESENTATION_CONTEXT() REPRESENTATION_CONTEXT('2D SPACE',''
  ) );
#6720 = ORIENTED_EDGE('',*,*,#6721,.F.);
#6721 = EDGE_CURVE('',#6722,#6692,#6724,.T.);
#6722 = VERTEX_POINT('',#6723);
#6723 = CARTESIAN_POINT('',(-6.260341314414,0.990000014901,
    -10.57799995541));
#6724 = SURFACE_CURVE('',#6725,(#6729,#6736),.PCURVE_S1.);
#6725 = LINE('',#6726,#6727);
#6726 = CARTESIAN_POINT('',(-6.260341314414,0.990000014901,
    -10.57799995541));
#6727 = VECTOR('',#6728,1.);
#6728 = DIRECTION('',(1.,0.,0.));
#6729 = PCURVE('',#4775,#6730);
#6730 = DEFINITIONAL_REPRESENTATION('',(#6731),#6735);
#6731 = LINE('',#6732,#6733);
#6732 = CARTESIAN_POINT('',(6.541990288702,-0.279482729388));
#6733 = VECTOR('',#6734,1.);
#6734 = DIRECTION('',(0.,1.));
#6735 = ( GEOMETRIC_REPRESENTATION_CONTEXT(2) 
PARAMETRIC_REPRESENTATION_CONTEXT() REPRESENTATION_CONTEXT('2D SPACE',''
  ) );
#6736 = PCURVE('',#6737,#6742);
#6737 = PLANE('',#6738);
#6738 = AXIS2_PLACEMENT_3D('',#6739,#6740,#6741);
#6739 = CARTESIAN_POINT('',(-6.260341314414,0.990000014901,
    -10.57799995541));
#6740 = DIRECTION('',(0.,0.,-1.));
#6741 = DIRECTION('',(1.,0.,0.));
#6742 = DEFINITIONAL_REPRESENTATION('',(#6743),#6747);
#6743 = LINE('',#6744,#6745);
#6744 = CARTESIAN_POINT('',(0.,0.));
#6745 = VECTOR('',#6746,1.);
#6746 = DIRECTION('',(1.,0.));
#6747 = ( GEOMETRIC_REPRESENTATION_CONTEXT(2) 
PARAMETRIC_REPRESENTATION_CONTEXT() REPRESENTATION_CONTEXT('2D SPACE',''
  ) );
#6748 = ORIENTED_EDGE('',*,*,#6749,.F.);
#6749 = EDGE_CURVE('',#6750,#6722,#6752,.T.);
#6750 = VERTEX_POINT('',#6751);
#6751 = CARTESIAN_POINT('',(-6.260341314414,0.990000014901,
    -10.09539995541));
#6752 = SURFACE_CURVE('',#6753,(#6757,#6764),.PCURVE_S1.);
#6753 = LINE('',#6754,#6755);
#6754 = CARTESIAN_POINT('',(-6.260341314414,0.990000014901,
    -10.09539995541));
#6755 = VECTOR('',#6756,1.);
#6756 = DIRECTION('',(0.,0.,-1.));
#6757 = PCURVE('',#4775,#6758);
#6758 = DEFINITIONAL_REPRESENTATION('',(#6759),#6763);
#6759 = LINE('',#6760,#6761);
#6760 = CARTESIAN_POINT('',(6.059390288702,-0.279482729388));
#6761 = VECTOR('',#6762,1.);
#6762 = DIRECTION('',(1.,0.));
#6763 = ( GEOMETRIC_REPRESENTATION_CONTEXT(2) 
PARAMETRIC_REPRESENTATION_CONTEXT() REPRESENTATION_CONTEXT('2D SPACE',''
  ) );
#6764 = PCURVE('',#6765,#6770);
#6765 = PLANE('',#6766);
#6766 = AXIS2_PLACEMENT_3D('',#6767,#6768,#6769);
#6767 = CARTESIAN_POINT('',(-6.260341314414,0.990000014901,
    -10.09539995541));
#6768 = DIRECTION('',(-1.,0.,0.));
#6769 = DIRECTION('',(0.,0.,-1.));
#6770 = DEFINITIONAL_REPRESENTATION('',(#6771),#6775);
#6771 = LINE('',#6772,#6773);
#6772 = CARTESIAN_POINT('',(0.,-0.));
#6773 = VECTOR('',#6774,1.);
#6774 = DIRECTION('',(1.,0.));
#6775 = ( GEOMETRIC_REPRESENTATION_CONTEXT(2) 
PARAMETRIC_REPRESENTATION_CONTEXT() REPRESENTATION_CONTEXT('2D SPACE',''
  ) );
#6776 = ORIENTED_EDGE('',*,*,#6777,.F.);
#6777 = EDGE_CURVE('',#6694,#6750,#6778,.T.);
#6778 = SURFACE_CURVE('',#6779,(#6783,#6790),.PCURVE_S1.);
#6779 = LINE('',#6780,#6781);
#6780 = CARTESIAN_POINT('',(-5.498341314414,0.990000014901,
    -10.09539995541));
#6781 = VECTOR('',#6782,1.);
#6782 = DIRECTION('',(-1.,0.,0.));
#6783 = PCURVE('',#4775,#6784);
#6784 = DEFINITIONAL_REPRESENTATION('',(#6785),#6789);
#6785 = LINE('',#6786,#6787);
#6786 = CARTESIAN_POINT('',(6.059390288702,0.482517270612));
#6787 = VECTOR('',#6788,1.);
#6788 = DIRECTION('',(0.,-1.));
#6789 = ( GEOMETRIC_REPRESENTATION_CONTEXT(2) 
PARAMETRIC_REPRESENTATION_CONTEXT() REPRESENTATION_CONTEXT('2D SPACE',''
  ) );
#6790 = PCURVE('',#6791,#6796);
#6791 = PLANE('',#6792);
#6792 = AXIS2_PLACEMENT_3D('',#6793,#6794,#6795);
#6793 = CARTESIAN_POINT('',(-5.498341314414,0.990000014901,
    -10.09539995541));
#6794 = DIRECTION('',(0.,0.,1.));
#6795 = DIRECTION('',(-1.,0.,0.));
#6796 = DEFINITIONAL_REPRESENTATION('',(#6797),#6801);
#6797 = LINE('',#6798,#6799);
#6798 = CARTESIAN_POINT('',(0.,0.));
#6799 = VECTOR('',#6800,1.);
#6800 = DIRECTION('',(1.,0.));
#6801 = ( GEOMETRIC_REPRESENTATION_CONTEXT(2) 
PARAMETRIC_REPRESENTATION_CONTEXT() REPRESENTATION_CONTEXT('2D SPACE',''
  ) );
#6802 = FACE_BOUND('',#6803,.F.);
#6803 = EDGE_LOOP('',(#6804));
#6804 = ORIENTED_EDGE('',*,*,#6805,.T.);
#6805 = EDGE_CURVE('',#6806,#6806,#6808,.T.);
#6806 = VERTEX_POINT('',#6807);
#6807 = CARTESIAN_POINT('',(7.539658685586,0.990000014901,
    -3.521399955413));
#6808 = SURFACE_CURVE('',#6809,(#6814,#6825),.PCURVE_S1.);
#6809 = CIRCLE('',#6810,0.3);
#6810 = AXIS2_PLACEMENT_3D('',#6811,#6812,#6813);
#6811 = CARTESIAN_POINT('',(7.539658685586,0.990000014901,
    -3.221399955413));
#6812 = DIRECTION('',(0.,1.,0.));
#6813 = DIRECTION('',(-2.22044604925E-16,0.,-1.));
#6814 = PCURVE('',#4775,#6815);
#6815 = DEFINITIONAL_REPRESENTATION('',(#6816),#6824);
#6816 = ( BOUNDED_CURVE() B_SPLINE_CURVE(2,(#6817,#6818,#6819,#6820,
#6821,#6822,#6823),.UNSPECIFIED.,.T.,.F.) B_SPLINE_CURVE_WITH_KNOTS((1,2
    ,2,2,2,1),(-2.094395102393,0.,2.094395102393,4.188790204786,
6.28318530718,8.377580409573),.UNSPECIFIED.) CURVE() 
GEOMETRIC_REPRESENTATION_ITEM() RATIONAL_B_SPLINE_CURVE((1.,0.5,1.,0.5,
1.,0.5,1.)) REPRESENTATION_ITEM('') );
#6817 = CARTESIAN_POINT('',(-0.514609711298,13.520517270612));
#6818 = CARTESIAN_POINT('',(-0.514609711298,13.000902028341));
#6819 = CARTESIAN_POINT('',(-0.964609711298,13.260709649476));
#6820 = CARTESIAN_POINT('',(-1.414609711298,13.520517270612));
#6821 = CARTESIAN_POINT('',(-0.964609711298,13.780324891747));
#6822 = CARTESIAN_POINT('',(-0.514609711298,14.040132512882));
#6823 = CARTESIAN_POINT('',(-0.514609711298,13.520517270612));
#6824 = ( GEOMETRIC_REPRESENTATION_CONTEXT(2) 
PARAMETRIC_REPRESENTATION_CONTEXT() REPRESENTATION_CONTEXT('2D SPACE',''
  ) );
#6825 = PCURVE('',#2388,#6826);
#6826 = DEFINITIONAL_REPRESENTATION('',(#6827),#6831);
#6827 = LINE('',#6828,#6829);
#6828 = CARTESIAN_POINT('',(0.,0.99));
#6829 = VECTOR('',#6830,1.);
#6830 = DIRECTION('',(1.,0.));
#6831 = ( GEOMETRIC_REPRESENTATION_CONTEXT(2) 
PARAMETRIC_REPRESENTATION_CONTEXT() REPRESENTATION_CONTEXT('2D SPACE',''
  ) );
#6832 = FACE_BOUND('',#6833,.F.);
#6833 = EDGE_LOOP('',(#6834,#6864,#6892,#6920));
#6834 = ORIENTED_EDGE('',*,*,#6835,.F.);
#6835 = EDGE_CURVE('',#6836,#6838,#6840,.T.);
#6836 = VERTEX_POINT('',#6837);
#6837 = CARTESIAN_POINT('',(-5.592321314414,0.990000014901,
    -10.84977995541));
#6838 = VERTEX_POINT('',#6839);
#6839 = CARTESIAN_POINT('',(-6.166361314414,0.990000014901,
    -10.84977995541));
#6840 = SURFACE_CURVE('',#6841,(#6845,#6852),.PCURVE_S1.);
#6841 = LINE('',#6842,#6843);
#6842 = CARTESIAN_POINT('',(-5.592321314414,0.990000014901,
    -10.84977995541));
#6843 = VECTOR('',#6844,1.);
#6844 = DIRECTION('',(-1.,0.,0.));
#6845 = PCURVE('',#4775,#6846);
#6846 = DEFINITIONAL_REPRESENTATION('',(#6847),#6851);
#6847 = LINE('',#6848,#6849);
#6848 = CARTESIAN_POINT('',(6.813770288702,0.388537270612));
#6849 = VECTOR('',#6850,1.);
#6850 = DIRECTION('',(0.,-1.));
#6851 = ( GEOMETRIC_REPRESENTATION_CONTEXT(2) 
PARAMETRIC_REPRESENTATION_CONTEXT() REPRESENTATION_CONTEXT('2D SPACE',''
  ) );
#6852 = PCURVE('',#6853,#6858);
#6853 = PLANE('',#6854);
#6854 = AXIS2_PLACEMENT_3D('',#6855,#6856,#6857);
#6855 = CARTESIAN_POINT('',(-5.592321314414,0.990000014901,
    -10.84977995541));
#6856 = DIRECTION('',(0.,0.,1.));
#6857 = DIRECTION('',(-1.,0.,0.));
#6858 = DEFINITIONAL_REPRESENTATION('',(#6859),#6863);
#6859 = LINE('',#6860,#6861);
#6860 = CARTESIAN_POINT('',(0.,0.));
#6861 = VECTOR('',#6862,1.);
#6862 = DIRECTION('',(1.,0.));
#6863 = ( GEOMETRIC_REPRESENTATION_CONTEXT(2) 
PARAMETRIC_REPRESENTATION_CONTEXT() REPRESENTATION_CONTEXT('2D SPACE',''
  ) );
#6864 = ORIENTED_EDGE('',*,*,#6865,.T.);
#6865 = EDGE_CURVE('',#6836,#6866,#6868,.T.);
#6866 = VERTEX_POINT('',#6867);
#6867 = CARTESIAN_POINT('',(-5.592321314414,0.990000014901,
    -11.36793995541));
#6868 = SURFACE_CURVE('',#6869,(#6873,#6880),.PCURVE_S1.);
#6869 = LINE('',#6870,#6871);
#6870 = CARTESIAN_POINT('',(-5.592321314414,0.990000014901,
    -10.84977995541));
#6871 = VECTOR('',#6872,1.);
#6872 = DIRECTION('',(0.,0.,-1.));
#6873 = PCURVE('',#4775,#6874);
#6874 = DEFINITIONAL_REPRESENTATION('',(#6875),#6879);
#6875 = LINE('',#6876,#6877);
#6876 = CARTESIAN_POINT('',(6.813770288702,0.388537270612));
#6877 = VECTOR('',#6878,1.);
#6878 = DIRECTION('',(1.,0.));
#6879 = ( GEOMETRIC_REPRESENTATION_CONTEXT(2) 
PARAMETRIC_REPRESENTATION_CONTEXT() REPRESENTATION_CONTEXT('2D SPACE',''
  ) );
#6880 = PCURVE('',#6881,#6886);
#6881 = PLANE('',#6882);
#6882 = AXIS2_PLACEMENT_3D('',#6883,#6884,#6885);
#6883 = CARTESIAN_POINT('',(-5.592321314414,0.990000014901,
    -11.36793995541));
#6884 = DIRECTION('',(1.,0.,0.));
#6885 = DIRECTION('',(0.,0.,1.));
#6886 = DEFINITIONAL_REPRESENTATION('',(#6887),#6891);
#6887 = LINE('',#6888,#6889);
#6888 = CARTESIAN_POINT('',(0.51816,0.));
#6889 = VECTOR('',#6890,1.);
#6890 = DIRECTION('',(-1.,0.));
#6891 = ( GEOMETRIC_REPRESENTATION_CONTEXT(2) 
PARAMETRIC_REPRESENTATION_CONTEXT() REPRESENTATION_CONTEXT('2D SPACE',''
  ) );
#6892 = ORIENTED_EDGE('',*,*,#6893,.F.);
#6893 = EDGE_CURVE('',#6894,#6866,#6896,.T.);
#6894 = VERTEX_POINT('',#6895);
#6895 = CARTESIAN_POINT('',(-6.166361314414,0.990000014901,
    -11.36793995541));
#6896 = SURFACE_CURVE('',#6897,(#6901,#6908),.PCURVE_S1.);
#6897 = LINE('',#6898,#6899);
#6898 = CARTESIAN_POINT('',(-6.166361314414,0.990000014901,
    -11.36793995541));
#6899 = VECTOR('',#6900,1.);
#6900 = DIRECTION('',(1.,0.,0.));
#6901 = PCURVE('',#4775,#6902);
#6902 = DEFINITIONAL_REPRESENTATION('',(#6903),#6907);
#6903 = LINE('',#6904,#6905);
#6904 = CARTESIAN_POINT('',(7.331930288702,-0.185502729388));
#6905 = VECTOR('',#6906,1.);
#6906 = DIRECTION('',(0.,1.));
#6907 = ( GEOMETRIC_REPRESENTATION_CONTEXT(2) 
PARAMETRIC_REPRESENTATION_CONTEXT() REPRESENTATION_CONTEXT('2D SPACE',''
  ) );
#6908 = PCURVE('',#6909,#6914);
#6909 = PLANE('',#6910);
#6910 = AXIS2_PLACEMENT_3D('',#6911,#6912,#6913);
#6911 = CARTESIAN_POINT('',(-6.166361314414,0.990000014901,
    -11.36793995541));
#6912 = DIRECTION('',(0.,0.,-1.));
#6913 = DIRECTION('',(1.,0.,0.));
#6914 = DEFINITIONAL_REPRESENTATION('',(#6915),#6919);
#6915 = LINE('',#6916,#6917);
#6916 = CARTESIAN_POINT('',(0.,0.));
#6917 = VECTOR('',#6918,1.);
#6918 = DIRECTION('',(1.,0.));
#6919 = ( GEOMETRIC_REPRESENTATION_CONTEXT(2) 
PARAMETRIC_REPRESENTATION_CONTEXT() REPRESENTATION_CONTEXT('2D SPACE',''
  ) );
#6920 = ORIENTED_EDGE('',*,*,#6921,.F.);
#6921 = EDGE_CURVE('',#6838,#6894,#6922,.T.);
#6922 = SURFACE_CURVE('',#6923,(#6927,#6934),.PCURVE_S1.);
#6923 = LINE('',#6924,#6925);
#6924 = CARTESIAN_POINT('',(-6.166361314414,0.990000014901,
    -10.84977995541));
#6925 = VECTOR('',#6926,1.);
#6926 = DIRECTION('',(0.,0.,-1.));
#6927 = PCURVE('',#4775,#6928);
#6928 = DEFINITIONAL_REPRESENTATION('',(#6929),#6933);
#6929 = LINE('',#6930,#6931);
#6930 = CARTESIAN_POINT('',(6.813770288702,-0.185502729388));
#6931 = VECTOR('',#6932,1.);
#6932 = DIRECTION('',(1.,0.));
#6933 = ( GEOMETRIC_REPRESENTATION_CONTEXT(2) 
PARAMETRIC_REPRESENTATION_CONTEXT() REPRESENTATION_CONTEXT('2D SPACE',''
  ) );
#6934 = PCURVE('',#6935,#6940);
#6935 = PLANE('',#6936);
#6936 = AXIS2_PLACEMENT_3D('',#6937,#6938,#6939);
#6937 = CARTESIAN_POINT('',(-6.166361314414,0.990000014901,
    -10.84977995541));
#6938 = DIRECTION('',(-1.,0.,0.));
#6939 = DIRECTION('',(0.,0.,-1.));
#6940 = DEFINITIONAL_REPRESENTATION('',(#6941),#6945);
#6941 = LINE('',#6942,#6943);
#6942 = CARTESIAN_POINT('',(0.,-0.));
#6943 = VECTOR('',#6944,1.);
#6944 = DIRECTION('',(1.,0.));
#6945 = ( GEOMETRIC_REPRESENTATION_CONTEXT(2) 
PARAMETRIC_REPRESENTATION_CONTEXT() REPRESENTATION_CONTEXT('2D SPACE',''
  ) );
#6946 = FACE_BOUND('',#6947,.F.);
#6947 = EDGE_LOOP('',(#6948,#6984,#7012,#7040,#7063,#7089,#7090));
#6948 = ORIENTED_EDGE('',*,*,#6949,.T.);
#6949 = EDGE_CURVE('',#6950,#6952,#6954,.T.);
#6950 = VERTEX_POINT('',#6951);
#6951 = CARTESIAN_POINT('',(-3.212347195292,0.990000014901,
    -12.08039995541));
#6952 = VERTEX_POINT('',#6953);
#6953 = CARTESIAN_POINT('',(-3.212342994665,0.990000014901,
    -12.08039995541));
#6954 = SURFACE_CURVE('',#6955,(#6960,#6971),.PCURVE_S1.);
#6955 = CIRCLE('',#6956,0.254005880947);
#6956 = AXIS2_PLACEMENT_3D('',#6957,#6958,#6959);
#6957 = CARTESIAN_POINT('',(-3.212347195292,0.990000014901,
    -12.33440583629));
#6958 = DIRECTION('',(0.,1.,0.));
#6959 = DIRECTION('',(2.315253008169E-05,-0.,0.999999999732));
#6960 = PCURVE('',#4775,#6961);
#6961 = DEFINITIONAL_REPRESENTATION('',(#6962),#6970);
#6962 = ( BOUNDED_CURVE() B_SPLINE_CURVE(2,(#6963,#6964,#6965,#6966,
#6967,#6968,#6969),.UNSPECIFIED.,.T.,.F.) B_SPLINE_CURVE_WITH_KNOTS((1,2
    ,2,2,2,1),(-2.094395102393,0.,2.094395102393,4.188790204786,
6.28318530718,8.377580409573),.UNSPECIFIED.) CURVE() 
GEOMETRIC_REPRESENTATION_ITEM() RATIONAL_B_SPLINE_CURVE((1.,0.5,1.,0.5,
1.,0.5,1.)) REPRESENTATION_ITEM('') );
#6963 = CARTESIAN_POINT('',(8.044390288702,2.768517270612));
#6964 = CARTESIAN_POINT('',(8.044400474683,3.208468361715));
#6965 = CARTESIAN_POINT('',(8.425404203011,2.988483994845));
#6966 = CARTESIAN_POINT('',(8.806407931339,2.768499627975));
#6967 = CARTESIAN_POINT('',(8.42539401703,2.548532903742));
#6968 = CARTESIAN_POINT('',(8.044380102721,2.328566179508));
#6969 = CARTESIAN_POINT('',(8.044390288702,2.768517270612));
#6970 = ( GEOMETRIC_REPRESENTATION_CONTEXT(2) 
PARAMETRIC_REPRESENTATION_CONTEXT() REPRESENTATION_CONTEXT('2D SPACE',''
  ) );
#6971 = PCURVE('',#3139,#6972);
#6972 = DEFINITIONAL_REPRESENTATION('',(#6973),#6983);
#6973 = B_SPLINE_CURVE_WITH_KNOTS('',8,(#6974,#6975,#6976,#6977,#6978,
    #6979,#6980,#6981,#6982),.UNSPECIFIED.,.F.,.F.,(9,9),(6.28316215465,
    6.28318530718),.PIECEWISE_BEZIER_KNOTS.);
#6974 = CARTESIAN_POINT('',(5.880878790165E-06,0.99));
#6975 = CARTESIAN_POINT('',(5.145768941173E-06,0.99));
#6976 = CARTESIAN_POINT('',(4.410659379062E-06,0.989999999999));
#6977 = CARTESIAN_POINT('',(3.675544582471E-06,0.99));
#6978 = CARTESIAN_POINT('',(2.940437290544E-06,0.989999999996));
#6979 = CARTESIAN_POINT('',(2.205323935467E-06,0.990000000001));
#6980 = CARTESIAN_POINT('',(1.470219089139E-06,0.989999999999));
#6981 = CARTESIAN_POINT('',(7.351098489927E-07,0.99));
#6982 = CARTESIAN_POINT('',(4.440892098501E-16,0.99));
#6983 = ( GEOMETRIC_REPRESENTATION_CONTEXT(2) 
PARAMETRIC_REPRESENTATION_CONTEXT() REPRESENTATION_CONTEXT('2D SPACE',''
  ) );
#6984 = ORIENTED_EDGE('',*,*,#6985,.T.);
#6985 = EDGE_CURVE('',#6952,#6986,#6988,.T.);
#6986 = VERTEX_POINT('',#6987);
#6987 = CARTESIAN_POINT('',(-2.958341314414,0.990000014901,
    -12.33439995541));
#6988 = SURFACE_CURVE('',#6989,(#6994,#7005),.PCURVE_S1.);
#6989 = CIRCLE('',#6990,0.254005880947);
#6990 = AXIS2_PLACEMENT_3D('',#6991,#6992,#6993);
#6991 = CARTESIAN_POINT('',(-3.212347195292,0.990000014901,
    -12.33440583629));
#6992 = DIRECTION('',(0.,1.,0.));
#6993 = DIRECTION('',(2.315253008169E-05,-0.,0.999999999732));
#6994 = PCURVE('',#4775,#6995);
#6995 = DEFINITIONAL_REPRESENTATION('',(#6996),#7004);
#6996 = ( BOUNDED_CURVE() B_SPLINE_CURVE(2,(#6997,#6998,#6999,#7000,
#7001,#7002,#7003),.UNSPECIFIED.,.T.,.F.) B_SPLINE_CURVE_WITH_KNOTS((1,2
    ,2,2,2,1),(-2.094395102393,0.,2.094395102393,4.188790204786,
6.28318530718,8.377580409573),.UNSPECIFIED.) CURVE() 
GEOMETRIC_REPRESENTATION_ITEM() RATIONAL_B_SPLINE_CURVE((1.,0.5,1.,0.5,
1.,0.5,1.)) REPRESENTATION_ITEM('') );
#6997 = CARTESIAN_POINT('',(8.044390288702,2.768517270612));
#6998 = CARTESIAN_POINT('',(8.044400474683,3.208468361715));
#6999 = CARTESIAN_POINT('',(8.425404203011,2.988483994845));
#7000 = CARTESIAN_POINT('',(8.806407931339,2.768499627975));
#7001 = CARTESIAN_POINT('',(8.42539401703,2.548532903742));
#7002 = CARTESIAN_POINT('',(8.044380102721,2.328566179508));
#7003 = CARTESIAN_POINT('',(8.044390288702,2.768517270612));
#7004 = ( GEOMETRIC_REPRESENTATION_CONTEXT(2) 
PARAMETRIC_REPRESENTATION_CONTEXT() REPRESENTATION_CONTEXT('2D SPACE',''
  ) );
#7005 = PCURVE('',#3168,#7006);
#7006 = DEFINITIONAL_REPRESENTATION('',(#7007),#7011);
#7007 = LINE('',#7008,#7009);
#7008 = CARTESIAN_POINT('',(0.,0.99));
#7009 = VECTOR('',#7010,1.);
#7010 = DIRECTION('',(1.,0.));
#7011 = ( GEOMETRIC_REPRESENTATION_CONTEXT(2) 
PARAMETRIC_REPRESENTATION_CONTEXT() REPRESENTATION_CONTEXT('2D SPACE',''
  ) );
#7012 = ORIENTED_EDGE('',*,*,#7013,.T.);
#7013 = EDGE_CURVE('',#6986,#7014,#7016,.T.);
#7014 = VERTEX_POINT('',#7015);
#7015 = CARTESIAN_POINT('',(-3.212341314414,0.990000014901,
    -12.58839995541));
#7016 = SURFACE_CURVE('',#7017,(#7022,#7033),.PCURVE_S1.);
#7017 = CIRCLE('',#7018,0.254005880947);
#7018 = AXIS2_PLACEMENT_3D('',#7019,#7020,#7021);
#7019 = CARTESIAN_POINT('',(-3.212347195292,0.990000014901,
    -12.33439407453));
#7020 = DIRECTION('',(0.,1.,0.));
#7021 = DIRECTION('',(0.999999999732,0.,-2.315253007732E-05));
#7022 = PCURVE('',#4775,#7023);
#7023 = DEFINITIONAL_REPRESENTATION('',(#7024),#7032);
#7024 = ( BOUNDED_CURVE() B_SPLINE_CURVE(2,(#7025,#7026,#7027,#7028,
#7029,#7030,#7031),.UNSPECIFIED.,.T.,.F.) B_SPLINE_CURVE_WITH_KNOTS((1,2
    ,2,2,2,1),(-2.094395102393,0.,2.094395102393,4.188790204786,
6.28318530718,8.377580409573),.UNSPECIFIED.) CURVE() 
GEOMETRIC_REPRESENTATION_ITEM() RATIONAL_B_SPLINE_CURVE((1.,0.5,1.,0.5,
1.,0.5,1.)) REPRESENTATION_ITEM('') );
#7025 = CARTESIAN_POINT('',(8.298390288702,3.022517270612));
#7026 = CARTESIAN_POINT('',(8.738341379806,3.022507084631));
#7027 = CARTESIAN_POINT('',(8.518357012936,2.641503356303));
#7028 = CARTESIAN_POINT('',(8.298372646066,2.260499627975));
#7029 = CARTESIAN_POINT('',(8.078405921832,2.641513542284));
#7030 = CARTESIAN_POINT('',(7.858439197599,3.022527456593));
#7031 = CARTESIAN_POINT('',(8.298390288702,3.022517270612));
#7032 = ( GEOMETRIC_REPRESENTATION_CONTEXT(2) 
PARAMETRIC_REPRESENTATION_CONTEXT() REPRESENTATION_CONTEXT('2D SPACE',''
  ) );
#7033 = PCURVE('',#3196,#7034);
#7034 = DEFINITIONAL_REPRESENTATION('',(#7035),#7039);
#7035 = LINE('',#7036,#7037);
#7036 = CARTESIAN_POINT('',(8.753635901274E-22,0.99));
#7037 = VECTOR('',#7038,1.);
#7038 = DIRECTION('',(1.,0.));
#7039 = ( GEOMETRIC_REPRESENTATION_CONTEXT(2) 
PARAMETRIC_REPRESENTATION_CONTEXT() REPRESENTATION_CONTEXT('2D SPACE',''
  ) );
#7040 = ORIENTED_EDGE('',*,*,#7041,.T.);
#7041 = EDGE_CURVE('',#7014,#7042,#7044,.T.);
#7042 = VERTEX_POINT('',#7043);
#7043 = CARTESIAN_POINT('',(-3.974341314414,0.990000014901,
    -12.58839995541));
#7044 = SURFACE_CURVE('',#7045,(#7049,#7056),.PCURVE_S1.);
#7045 = LINE('',#7046,#7047);
#7046 = CARTESIAN_POINT('',(-3.212341314414,0.990000014901,
    -12.58839995541));
#7047 = VECTOR('',#7048,1.);
#7048 = DIRECTION('',(-1.,7.284927983105E-16,0.));
#7049 = PCURVE('',#4775,#7050);
#7050 = DEFINITIONAL_REPRESENTATION('',(#7051),#7055);
#7051 = LINE('',#7052,#7053);
#7052 = CARTESIAN_POINT('',(8.552390288702,2.768517270612));
#7053 = VECTOR('',#7054,1.);
#7054 = DIRECTION('',(0.,-1.));
#7055 = ( GEOMETRIC_REPRESENTATION_CONTEXT(2) 
PARAMETRIC_REPRESENTATION_CONTEXT() REPRESENTATION_CONTEXT('2D SPACE',''
  ) );
#7056 = PCURVE('',#3223,#7057);
#7057 = DEFINITIONAL_REPRESENTATION('',(#7058),#7062);
#7058 = LINE('',#7059,#7060);
#7059 = CARTESIAN_POINT('',(0.762,0.99));
#7060 = VECTOR('',#7061,1.);
#7061 = DIRECTION('',(-1.,7.284927983105E-16));
#7062 = ( GEOMETRIC_REPRESENTATION_CONTEXT(2) 
PARAMETRIC_REPRESENTATION_CONTEXT() REPRESENTATION_CONTEXT('2D SPACE',''
  ) );
#7063 = ORIENTED_EDGE('',*,*,#7064,.T.);
#7064 = EDGE_CURVE('',#7042,#4757,#7065,.T.);
#7065 = SURFACE_CURVE('',#7066,(#7071,#7082),.PCURVE_S1.);
#7066 = CIRCLE('',#7067,0.254005880947);
#7067 = AXIS2_PLACEMENT_3D('',#7068,#7069,#7070);
#7068 = CARTESIAN_POINT('',(-3.974335433535,0.990000014901,
    -12.33439407453));
#7069 = DIRECTION('',(0.,1.,0.));
#7070 = DIRECTION('',(-2.31525300948E-05,0.,-0.999999999732));
#7071 = PCURVE('',#4775,#7072);
#7072 = DEFINITIONAL_REPRESENTATION('',(#7073),#7081);
#7073 = ( BOUNDED_CURVE() B_SPLINE_CURVE(2,(#7074,#7075,#7076,#7077,
#7078,#7079,#7080),.UNSPECIFIED.,.T.,.F.) B_SPLINE_CURVE_WITH_KNOTS((1,2
    ,2,2,2,1),(-2.094395102393,0.,2.094395102393,4.188790204786,
6.28318530718,8.377580409573),.UNSPECIFIED.) CURVE() 
GEOMETRIC_REPRESENTATION_ITEM() RATIONAL_B_SPLINE_CURVE((1.,0.5,1.,0.5,
1.,0.5,1.)) REPRESENTATION_ITEM('') );
#7074 = CARTESIAN_POINT('',(8.552390288702,2.006517270612));
#7075 = CARTESIAN_POINT('',(8.552380102721,1.566566179508));
#7076 = CARTESIAN_POINT('',(8.171376374394,1.786550546378));
#7077 = CARTESIAN_POINT('',(7.790372646066,2.006534913248));
#7078 = CARTESIAN_POINT('',(8.171386560374,2.226501637482));
#7079 = CARTESIAN_POINT('',(8.552400474683,2.446468361715));
#7080 = CARTESIAN_POINT('',(8.552390288702,2.006517270612));
#7081 = ( GEOMETRIC_REPRESENTATION_CONTEXT(2) 
PARAMETRIC_REPRESENTATION_CONTEXT() REPRESENTATION_CONTEXT('2D SPACE',''
  ) );
#7082 = PCURVE('',#3252,#7083);
#7083 = DEFINITIONAL_REPRESENTATION('',(#7084),#7088);
#7084 = LINE('',#7085,#7086);
#7085 = CARTESIAN_POINT('',(-8.800493537052E-22,0.99));
#7086 = VECTOR('',#7087,1.);
#7087 = DIRECTION('',(1.,0.));
#7088 = ( GEOMETRIC_REPRESENTATION_CONTEXT(2) 
PARAMETRIC_REPRESENTATION_CONTEXT() REPRESENTATION_CONTEXT('2D SPACE',''
  ) );
#7089 = ORIENTED_EDGE('',*,*,#4756,.T.);
#7090 = ORIENTED_EDGE('',*,*,#7091,.T.);
#7091 = EDGE_CURVE('',#4759,#6950,#7092,.T.);
#7092 = SURFACE_CURVE('',#7093,(#7097,#7104),.PCURVE_S1.);
#7093 = LINE('',#7094,#7095);
#7094 = CARTESIAN_POINT('',(-3.974341314414,0.990000014901,
    -12.08039995541));
#7095 = VECTOR('',#7096,1.);
#7096 = DIRECTION('',(1.,0.,0.));
#7097 = PCURVE('',#4775,#7098);
#7098 = DEFINITIONAL_REPRESENTATION('',(#7099),#7103);
#7099 = LINE('',#7100,#7101);
#7100 = CARTESIAN_POINT('',(8.044390288702,2.006517270612));
#7101 = VECTOR('',#7102,1.);
#7102 = DIRECTION('',(0.,1.));
#7103 = ( GEOMETRIC_REPRESENTATION_CONTEXT(2) 
PARAMETRIC_REPRESENTATION_CONTEXT() REPRESENTATION_CONTEXT('2D SPACE',''
  ) );
#7104 = PCURVE('',#3139,#7105);
#7105 = DEFINITIONAL_REPRESENTATION('',(#7106),#7110);
#7106 = LINE('',#7107,#7108);
#7107 = CARTESIAN_POINT('',(0.762,0.99));
#7108 = VECTOR('',#7109,1.);
#7109 = DIRECTION('',(-1.,0.));
#7110 = ( GEOMETRIC_REPRESENTATION_CONTEXT(2) 
PARAMETRIC_REPRESENTATION_CONTEXT() REPRESENTATION_CONTEXT('2D SPACE',''
  ) );
#7111 = FACE_BOUND('',#7112,.F.);
#7112 = EDGE_LOOP('',(#7113,#7143,#7171,#7199));
#7113 = ORIENTED_EDGE('',*,*,#7114,.F.);
#7114 = EDGE_CURVE('',#7115,#7117,#7119,.T.);
#7115 = VERTEX_POINT('',#7116);
#7116 = CARTESIAN_POINT('',(-5.498341314414,0.990000014901,
    -12.12739995541));
#7117 = VERTEX_POINT('',#7118);
#7118 = CARTESIAN_POINT('',(-5.498341314414,0.990000014901,
    -11.64479995541));
#7119 = SURFACE_CURVE('',#7120,(#7124,#7131),.PCURVE_S1.);
#7120 = LINE('',#7121,#7122);
#7121 = CARTESIAN_POINT('',(-5.498341314414,0.990000014901,
    -12.12739995541));
#7122 = VECTOR('',#7123,1.);
#7123 = DIRECTION('',(0.,0.,1.));
#7124 = PCURVE('',#4775,#7125);
#7125 = DEFINITIONAL_REPRESENTATION('',(#7126),#7130);
#7126 = LINE('',#7127,#7128);
#7127 = CARTESIAN_POINT('',(8.091390288702,0.482517270612));
#7128 = VECTOR('',#7129,1.);
#7129 = DIRECTION('',(-1.,0.));
#7130 = ( GEOMETRIC_REPRESENTATION_CONTEXT(2) 
PARAMETRIC_REPRESENTATION_CONTEXT() REPRESENTATION_CONTEXT('2D SPACE',''
  ) );
#7131 = PCURVE('',#7132,#7137);
#7132 = PLANE('',#7133);
#7133 = AXIS2_PLACEMENT_3D('',#7134,#7135,#7136);
#7134 = CARTESIAN_POINT('',(-5.498341314414,0.990000014901,
    -12.12739995541));
#7135 = DIRECTION('',(1.,0.,0.));
#7136 = DIRECTION('',(0.,0.,1.));
#7137 = DEFINITIONAL_REPRESENTATION('',(#7138),#7142);
#7138 = LINE('',#7139,#7140);
#7139 = CARTESIAN_POINT('',(0.,0.));
#7140 = VECTOR('',#7141,1.);
#7141 = DIRECTION('',(1.,0.));
#7142 = ( GEOMETRIC_REPRESENTATION_CONTEXT(2) 
PARAMETRIC_REPRESENTATION_CONTEXT() REPRESENTATION_CONTEXT('2D SPACE',''
  ) );
#7143 = ORIENTED_EDGE('',*,*,#7144,.F.);
#7144 = EDGE_CURVE('',#7145,#7115,#7147,.T.);
#7145 = VERTEX_POINT('',#7146);
#7146 = CARTESIAN_POINT('',(-6.260341314414,0.990000014901,
    -12.12739995541));
#7147 = SURFACE_CURVE('',#7148,(#7152,#7159),.PCURVE_S1.);
#7148 = LINE('',#7149,#7150);
#7149 = CARTESIAN_POINT('',(-6.260341314414,0.990000014901,
    -12.12739995541));
#7150 = VECTOR('',#7151,1.);
#7151 = DIRECTION('',(1.,0.,0.));
#7152 = PCURVE('',#4775,#7153);
#7153 = DEFINITIONAL_REPRESENTATION('',(#7154),#7158);
#7154 = LINE('',#7155,#7156);
#7155 = CARTESIAN_POINT('',(8.091390288702,-0.279482729388));
#7156 = VECTOR('',#7157,1.);
#7157 = DIRECTION('',(0.,1.));
#7158 = ( GEOMETRIC_REPRESENTATION_CONTEXT(2) 
PARAMETRIC_REPRESENTATION_CONTEXT() REPRESENTATION_CONTEXT('2D SPACE',''
  ) );
#7159 = PCURVE('',#7160,#7165);
#7160 = PLANE('',#7161);
#7161 = AXIS2_PLACEMENT_3D('',#7162,#7163,#7164);
#7162 = CARTESIAN_POINT('',(-6.260341314414,0.990000014901,
    -12.12739995541));
#7163 = DIRECTION('',(0.,0.,-1.));
#7164 = DIRECTION('',(1.,0.,0.));
#7165 = DEFINITIONAL_REPRESENTATION('',(#7166),#7170);
#7166 = LINE('',#7167,#7168);
#7167 = CARTESIAN_POINT('',(0.,0.));
#7168 = VECTOR('',#7169,1.);
#7169 = DIRECTION('',(1.,0.));
#7170 = ( GEOMETRIC_REPRESENTATION_CONTEXT(2) 
PARAMETRIC_REPRESENTATION_CONTEXT() REPRESENTATION_CONTEXT('2D SPACE',''
  ) );
#7171 = ORIENTED_EDGE('',*,*,#7172,.F.);
#7172 = EDGE_CURVE('',#7173,#7145,#7175,.T.);
#7173 = VERTEX_POINT('',#7174);
#7174 = CARTESIAN_POINT('',(-6.260341314414,0.990000014901,
    -11.64479995541));
#7175 = SURFACE_CURVE('',#7176,(#7180,#7187),.PCURVE_S1.);
#7176 = LINE('',#7177,#7178);
#7177 = CARTESIAN_POINT('',(-6.260341314414,0.990000014901,
    -11.64479995541));
#7178 = VECTOR('',#7179,1.);
#7179 = DIRECTION('',(0.,0.,-1.));
#7180 = PCURVE('',#4775,#7181);
#7181 = DEFINITIONAL_REPRESENTATION('',(#7182),#7186);
#7182 = LINE('',#7183,#7184);
#7183 = CARTESIAN_POINT('',(7.608790288702,-0.279482729388));
#7184 = VECTOR('',#7185,1.);
#7185 = DIRECTION('',(1.,0.));
#7186 = ( GEOMETRIC_REPRESENTATION_CONTEXT(2) 
PARAMETRIC_REPRESENTATION_CONTEXT() REPRESENTATION_CONTEXT('2D SPACE',''
  ) );
#7187 = PCURVE('',#7188,#7193);
#7188 = PLANE('',#7189);
#7189 = AXIS2_PLACEMENT_3D('',#7190,#7191,#7192);
#7190 = CARTESIAN_POINT('',(-6.260341314414,0.990000014901,
    -11.64479995541));
#7191 = DIRECTION('',(-1.,0.,0.));
#7192 = DIRECTION('',(0.,0.,-1.));
#7193 = DEFINITIONAL_REPRESENTATION('',(#7194),#7198);
#7194 = LINE('',#7195,#7196);
#7195 = CARTESIAN_POINT('',(0.,-0.));
#7196 = VECTOR('',#7197,1.);
#7197 = DIRECTION('',(1.,0.));
#7198 = ( GEOMETRIC_REPRESENTATION_CONTEXT(2) 
PARAMETRIC_REPRESENTATION_CONTEXT() REPRESENTATION_CONTEXT('2D SPACE',''
  ) );
#7199 = ORIENTED_EDGE('',*,*,#7200,.F.);
#7200 = EDGE_CURVE('',#7117,#7173,#7201,.T.);
#7201 = SURFACE_CURVE('',#7202,(#7206,#7213),.PCURVE_S1.);
#7202 = LINE('',#7203,#7204);
#7203 = CARTESIAN_POINT('',(-5.498341314414,0.990000014901,
    -11.64479995541));
#7204 = VECTOR('',#7205,1.);
#7205 = DIRECTION('',(-1.,0.,0.));
#7206 = PCURVE('',#4775,#7207);
#7207 = DEFINITIONAL_REPRESENTATION('',(#7208),#7212);
#7208 = LINE('',#7209,#7210);
#7209 = CARTESIAN_POINT('',(7.608790288702,0.482517270612));
#7210 = VECTOR('',#7211,1.);
#7211 = DIRECTION('',(0.,-1.));
#7212 = ( GEOMETRIC_REPRESENTATION_CONTEXT(2) 
PARAMETRIC_REPRESENTATION_CONTEXT() REPRESENTATION_CONTEXT('2D SPACE',''
  ) );
#7213 = PCURVE('',#7214,#7219);
#7214 = PLANE('',#7215);
#7215 = AXIS2_PLACEMENT_3D('',#7216,#7217,#7218);
#7216 = CARTESIAN_POINT('',(-5.498341314414,0.990000014901,
    -11.64479995541));
#7217 = DIRECTION('',(0.,0.,1.));
#7218 = DIRECTION('',(-1.,0.,0.));
#7219 = DEFINITIONAL_REPRESENTATION('',(#7220),#7224);
#7220 = LINE('',#7221,#7222);
#7221 = CARTESIAN_POINT('',(0.,0.));
#7222 = VECTOR('',#7223,1.);
#7223 = DIRECTION('',(1.,0.));
#7224 = ( GEOMETRIC_REPRESENTATION_CONTEXT(2) 
PARAMETRIC_REPRESENTATION_CONTEXT() REPRESENTATION_CONTEXT('2D SPACE',''
  ) );
#7225 = FACE_BOUND('',#7226,.F.);
#7226 = EDGE_LOOP('',(#7227));
#7227 = ORIENTED_EDGE('',*,*,#7228,.T.);
#7228 = EDGE_CURVE('',#7229,#7229,#7231,.T.);
#7229 = VERTEX_POINT('',#7230);
#7230 = CARTESIAN_POINT('',(4.655658685586,0.990000014901,
    -13.73139995541));
#7231 = SURFACE_CURVE('',#7232,(#7237,#7248),.PCURVE_S1.);
#7232 = CIRCLE('',#7233,0.375);
#7233 = AXIS2_PLACEMENT_3D('',#7234,#7235,#7236);
#7234 = CARTESIAN_POINT('',(4.280658685586,0.990000014901,
    -13.73139995541));
#7235 = DIRECTION('',(0.,1.,-0.));
#7236 = DIRECTION('',(-1.,0.,2.22044604925E-16));
#7237 = PCURVE('',#4775,#7238);
#7238 = DEFINITIONAL_REPRESENTATION('',(#7239),#7247);
#7239 = ( BOUNDED_CURVE() B_SPLINE_CURVE(2,(#7240,#7241,#7242,#7243,
#7244,#7245,#7246),.UNSPECIFIED.,.T.,.F.) B_SPLINE_CURVE_WITH_KNOTS((1,2
    ,2,2,2,1),(-2.094395102393,0.,2.094395102393,4.188790204786,
6.28318530718,8.377580409573),.UNSPECIFIED.) CURVE() 
GEOMETRIC_REPRESENTATION_ITEM() RATIONAL_B_SPLINE_CURVE((1.,0.5,1.,0.5,
1.,0.5,1.)) REPRESENTATION_ITEM('') );
#7240 = CARTESIAN_POINT('',(9.695390288702,9.886517270612));
#7241 = CARTESIAN_POINT('',(9.045871235864,9.886517270612));
#7242 = CARTESIAN_POINT('',(9.370630762283,10.449017270612));
#7243 = CARTESIAN_POINT('',(9.695390288702,11.011517270612));
#7244 = CARTESIAN_POINT('',(10.020149815121,10.449017270612));
#7245 = CARTESIAN_POINT('',(10.344909341541,9.886517270612));
#7246 = CARTESIAN_POINT('',(9.695390288702,9.886517270612));
#7247 = ( GEOMETRIC_REPRESENTATION_CONTEXT(2) 
PARAMETRIC_REPRESENTATION_CONTEXT() REPRESENTATION_CONTEXT('2D SPACE',''
  ) );
#7248 = PCURVE('',#7249,#7254);
#7249 = CYLINDRICAL_SURFACE('',#7250,0.375);
#7250 = AXIS2_PLACEMENT_3D('',#7251,#7252,#7253);
#7251 = CARTESIAN_POINT('',(4.280658685586,1.490116113834E-08,
    -13.73139995541));
#7252 = DIRECTION('',(0.,1.,0.));
#7253 = DIRECTION('',(-1.,0.,2.22044604925E-16));
#7254 = DEFINITIONAL_REPRESENTATION('',(#7255),#7259);
#7255 = LINE('',#7256,#7257);
#7256 = CARTESIAN_POINT('',(-6.28318530718,0.99));
#7257 = VECTOR('',#7258,1.);
#7258 = DIRECTION('',(1.,0.));
#7259 = ( GEOMETRIC_REPRESENTATION_CONTEXT(2) 
PARAMETRIC_REPRESENTATION_CONTEXT() REPRESENTATION_CONTEXT('2D SPACE',''
  ) );
#7260 = FACE_BOUND('',#7261,.F.);
#7261 = EDGE_LOOP('',(#7262));
#7262 = ORIENTED_EDGE('',*,*,#7263,.T.);
#7263 = EDGE_CURVE('',#7264,#7264,#7266,.T.);
#7264 = VERTEX_POINT('',#7265);
#7265 = CARTESIAN_POINT('',(6.445658685586,0.990000014901,
    -13.73139995541));
#7266 = SURFACE_CURVE('',#7267,(#7272,#7283),.PCURVE_S1.);
#7267 = CIRCLE('',#7268,0.375);
#7268 = AXIS2_PLACEMENT_3D('',#7269,#7270,#7271);
#7269 = CARTESIAN_POINT('',(6.820658685586,0.990000014901,
    -13.73139995541));
#7270 = DIRECTION('',(0.,1.,0.));
#7271 = DIRECTION('',(1.,0.,-2.22044604925E-16));
#7272 = PCURVE('',#4775,#7273);
#7273 = DEFINITIONAL_REPRESENTATION('',(#7274),#7282);
#7274 = ( BOUNDED_CURVE() B_SPLINE_CURVE(2,(#7275,#7276,#7277,#7278,
#7279,#7280,#7281),.UNSPECIFIED.,.T.,.F.) B_SPLINE_CURVE_WITH_KNOTS((1,2
    ,2,2,2,1),(-2.094395102393,0.,2.094395102393,4.188790204786,
6.28318530718,8.377580409573),.UNSPECIFIED.) CURVE() 
GEOMETRIC_REPRESENTATION_ITEM() RATIONAL_B_SPLINE_CURVE((1.,0.5,1.,0.5,
1.,0.5,1.)) REPRESENTATION_ITEM('') );
#7275 = CARTESIAN_POINT('',(9.695390288702,13.176517270612));
#7276 = CARTESIAN_POINT('',(10.344909341541,13.176517270612));
#7277 = CARTESIAN_POINT('',(10.020149815121,12.614017270612));
#7278 = CARTESIAN_POINT('',(9.695390288702,12.051517270612));
#7279 = CARTESIAN_POINT('',(9.370630762283,12.614017270612));
#7280 = CARTESIAN_POINT('',(9.045871235864,13.176517270612));
#7281 = CARTESIAN_POINT('',(9.695390288702,13.176517270612));
#7282 = ( GEOMETRIC_REPRESENTATION_CONTEXT(2) 
PARAMETRIC_REPRESENTATION_CONTEXT() REPRESENTATION_CONTEXT('2D SPACE',''
  ) );
#7283 = PCURVE('',#7284,#7289);
#7284 = CYLINDRICAL_SURFACE('',#7285,0.375);
#7285 = AXIS2_PLACEMENT_3D('',#7286,#7287,#7288);
#7286 = CARTESIAN_POINT('',(6.820658685586,1.490116113834E-08,
    -13.73139995541));
#7287 = DIRECTION('',(0.,1.,0.));
#7288 = DIRECTION('',(1.,0.,-2.22044604925E-16));
#7289 = DEFINITIONAL_REPRESENTATION('',(#7290),#7294);
#7290 = LINE('',#7291,#7292);
#7291 = CARTESIAN_POINT('',(-6.28318530718,0.99));
#7292 = VECTOR('',#7293,1.);
#7293 = DIRECTION('',(1.,0.));
#7294 = ( GEOMETRIC_REPRESENTATION_CONTEXT(2) 
PARAMETRIC_REPRESENTATION_CONTEXT() REPRESENTATION_CONTEXT('2D SPACE',''
  ) );
#7295 = FACE_BOUND('',#7296,.F.);
#7296 = EDGE_LOOP('',(#7297));
#7297 = ORIENTED_EDGE('',*,*,#7298,.T.);
#7298 = EDGE_CURVE('',#7299,#7299,#7301,.T.);
#7299 = VERTEX_POINT('',#7300);
#7300 = CARTESIAN_POINT('',(-2.964341314414,0.990000014901,
    -13.73139995541));
#7301 = SURFACE_CURVE('',#7302,(#7307,#7318),.PCURVE_S1.);
#7302 = CIRCLE('',#7303,0.375);
#7303 = AXIS2_PLACEMENT_3D('',#7304,#7305,#7306);
#7304 = CARTESIAN_POINT('',(-3.339341314414,0.990000014901,
    -13.73139995541));
#7305 = DIRECTION('',(0.,1.,-0.));
#7306 = DIRECTION('',(-1.,0.,2.22044604925E-16));
#7307 = PCURVE('',#4775,#7308);
#7308 = DEFINITIONAL_REPRESENTATION('',(#7309),#7317);
#7309 = ( BOUNDED_CURVE() B_SPLINE_CURVE(2,(#7310,#7311,#7312,#7313,
#7314,#7315,#7316),.UNSPECIFIED.,.T.,.F.) B_SPLINE_CURVE_WITH_KNOTS((1,2
    ,2,2,2,1),(-2.094395102393,0.,2.094395102393,4.188790204786,
6.28318530718,8.377580409573),.UNSPECIFIED.) CURVE() 
GEOMETRIC_REPRESENTATION_ITEM() RATIONAL_B_SPLINE_CURVE((1.,0.5,1.,0.5,
1.,0.5,1.)) REPRESENTATION_ITEM('') );
#7310 = CARTESIAN_POINT('',(9.695390288702,2.266517270612));
#7311 = CARTESIAN_POINT('',(9.045871235864,2.266517270612));
#7312 = CARTESIAN_POINT('',(9.370630762283,2.829017270612));
#7313 = CARTESIAN_POINT('',(9.695390288702,3.391517270612));
#7314 = CARTESIAN_POINT('',(10.020149815121,2.829017270612));
#7315 = CARTESIAN_POINT('',(10.344909341541,2.266517270612));
#7316 = CARTESIAN_POINT('',(9.695390288702,2.266517270612));
#7317 = ( GEOMETRIC_REPRESENTATION_CONTEXT(2) 
PARAMETRIC_REPRESENTATION_CONTEXT() REPRESENTATION_CONTEXT('2D SPACE',''
  ) );
#7318 = PCURVE('',#7319,#7324);
#7319 = CYLINDRICAL_SURFACE('',#7320,0.375);
#7320 = AXIS2_PLACEMENT_3D('',#7321,#7322,#7323);
#7321 = CARTESIAN_POINT('',(-3.339341314414,1.490116113834E-08,
    -13.73139995541));
#7322 = DIRECTION('',(0.,1.,0.));
#7323 = DIRECTION('',(-1.,0.,2.22044604925E-16));
#7324 = DEFINITIONAL_REPRESENTATION('',(#7325),#7329);
#7325 = LINE('',#7326,#7327);
#7326 = CARTESIAN_POINT('',(-6.28318530718,0.99));
#7327 = VECTOR('',#7328,1.);
#7328 = DIRECTION('',(1.,0.));
#7329 = ( GEOMETRIC_REPRESENTATION_CONTEXT(2) 
PARAMETRIC_REPRESENTATION_CONTEXT() REPRESENTATION_CONTEXT('2D SPACE',''
  ) );
#7330 = FACE_BOUND('',#7331,.F.);
#7331 = EDGE_LOOP('',(#7332));
#7332 = ORIENTED_EDGE('',*,*,#7333,.T.);
#7333 = EDGE_CURVE('',#7334,#7334,#7336,.T.);
#7334 = VERTEX_POINT('',#7335);
#7335 = CARTESIAN_POINT('',(-0.424341314414,0.990000014901,
    -13.73139995541));
#7336 = SURFACE_CURVE('',#7337,(#7342,#7353),.PCURVE_S1.);
#7337 = CIRCLE('',#7338,0.375);
#7338 = AXIS2_PLACEMENT_3D('',#7339,#7340,#7341);
#7339 = CARTESIAN_POINT('',(-0.799341314414,0.990000014901,
    -13.73139995541));
#7340 = DIRECTION('',(0.,1.,-0.));
#7341 = DIRECTION('',(-1.,0.,2.22044604925E-16));
#7342 = PCURVE('',#4775,#7343);
#7343 = DEFINITIONAL_REPRESENTATION('',(#7344),#7352);
#7344 = ( BOUNDED_CURVE() B_SPLINE_CURVE(2,(#7345,#7346,#7347,#7348,
#7349,#7350,#7351),.UNSPECIFIED.,.T.,.F.) B_SPLINE_CURVE_WITH_KNOTS((1,2
    ,2,2,2,1),(-2.094395102393,0.,2.094395102393,4.188790204786,
6.28318530718,8.377580409573),.UNSPECIFIED.) CURVE() 
GEOMETRIC_REPRESENTATION_ITEM() RATIONAL_B_SPLINE_CURVE((1.,0.5,1.,0.5,
1.,0.5,1.)) REPRESENTATION_ITEM('') );
#7345 = CARTESIAN_POINT('',(9.695390288702,4.806517270612));
#7346 = CARTESIAN_POINT('',(9.045871235864,4.806517270612));
#7347 = CARTESIAN_POINT('',(9.370630762283,5.369017270612));
#7348 = CARTESIAN_POINT('',(9.695390288702,5.931517270612));
#7349 = CARTESIAN_POINT('',(10.020149815121,5.369017270612));
#7350 = CARTESIAN_POINT('',(10.344909341541,4.806517270612));
#7351 = CARTESIAN_POINT('',(9.695390288702,4.806517270612));
#7352 = ( GEOMETRIC_REPRESENTATION_CONTEXT(2) 
PARAMETRIC_REPRESENTATION_CONTEXT() REPRESENTATION_CONTEXT('2D SPACE',''
  ) );
#7353 = PCURVE('',#7354,#7359);
#7354 = CYLINDRICAL_SURFACE('',#7355,0.375);
#7355 = AXIS2_PLACEMENT_3D('',#7356,#7357,#7358);
#7356 = CARTESIAN_POINT('',(-0.799341314414,1.490116113834E-08,
    -13.73139995541));
#7357 = DIRECTION('',(0.,1.,0.));
#7358 = DIRECTION('',(-1.,0.,2.22044604925E-16));
#7359 = DEFINITIONAL_REPRESENTATION('',(#7360),#7364);
#7360 = LINE('',#7361,#7362);
#7361 = CARTESIAN_POINT('',(-6.28318530718,0.99));
#7362 = VECTOR('',#7363,1.);
#7363 = DIRECTION('',(1.,0.));
#7364 = ( GEOMETRIC_REPRESENTATION_CONTEXT(2) 
PARAMETRIC_REPRESENTATION_CONTEXT() REPRESENTATION_CONTEXT('2D SPACE',''
  ) );
#7365 = FACE_BOUND('',#7366,.F.);
#7366 = EDGE_LOOP('',(#7367));
#7367 = ORIENTED_EDGE('',*,*,#7368,.T.);
#7368 = EDGE_CURVE('',#7369,#7369,#7371,.T.);
#7369 = VERTEX_POINT('',#7370);
#7370 = CARTESIAN_POINT('',(2.115658685586,0.990000014901,
    -13.73139995541));
#7371 = SURFACE_CURVE('',#7372,(#7377,#7388),.PCURVE_S1.);
#7372 = CIRCLE('',#7373,0.375);
#7373 = AXIS2_PLACEMENT_3D('',#7374,#7375,#7376);
#7374 = CARTESIAN_POINT('',(1.740658685586,0.990000014901,
    -13.73139995541));
#7375 = DIRECTION('',(0.,1.,-0.));
#7376 = DIRECTION('',(-1.,0.,2.22044604925E-16));
#7377 = PCURVE('',#4775,#7378);
#7378 = DEFINITIONAL_REPRESENTATION('',(#7379),#7387);
#7379 = ( BOUNDED_CURVE() B_SPLINE_CURVE(2,(#7380,#7381,#7382,#7383,
#7384,#7385,#7386),.UNSPECIFIED.,.T.,.F.) B_SPLINE_CURVE_WITH_KNOTS((1,2
    ,2,2,2,1),(-2.094395102393,0.,2.094395102393,4.188790204786,
6.28318530718,8.377580409573),.UNSPECIFIED.) CURVE() 
GEOMETRIC_REPRESENTATION_ITEM() RATIONAL_B_SPLINE_CURVE((1.,0.5,1.,0.5,
1.,0.5,1.)) REPRESENTATION_ITEM('') );
#7380 = CARTESIAN_POINT('',(9.695390288702,7.346517270612));
#7381 = CARTESIAN_POINT('',(9.045871235864,7.346517270612));
#7382 = CARTESIAN_POINT('',(9.370630762283,7.909017270612));
#7383 = CARTESIAN_POINT('',(9.695390288702,8.471517270612));
#7384 = CARTESIAN_POINT('',(10.020149815121,7.909017270612));
#7385 = CARTESIAN_POINT('',(10.344909341541,7.346517270612));
#7386 = CARTESIAN_POINT('',(9.695390288702,7.346517270612));
#7387 = ( GEOMETRIC_REPRESENTATION_CONTEXT(2) 
PARAMETRIC_REPRESENTATION_CONTEXT() REPRESENTATION_CONTEXT('2D SPACE',''
  ) );
#7388 = PCURVE('',#7389,#7394);
#7389 = CYLINDRICAL_SURFACE('',#7390,0.375);
#7390 = AXIS2_PLACEMENT_3D('',#7391,#7392,#7393);
#7391 = CARTESIAN_POINT('',(1.740658685586,1.490116113834E-08,
    -13.73139995541));
#7392 = DIRECTION('',(0.,1.,0.));
#7393 = DIRECTION('',(-1.,0.,2.22044604925E-16));
#7394 = DEFINITIONAL_REPRESENTATION('',(#7395),#7399);
#7395 = LINE('',#7396,#7397);
#7396 = CARTESIAN_POINT('',(-6.28318530718,0.99));
#7397 = VECTOR('',#7398,1.);
#7398 = DIRECTION('',(1.,0.));
#7399 = ( GEOMETRIC_REPRESENTATION_CONTEXT(2) 
PARAMETRIC_REPRESENTATION_CONTEXT() REPRESENTATION_CONTEXT('2D SPACE',''
  ) );
#7400 = FACE_BOUND('',#7401,.F.);
#7401 = EDGE_LOOP('',(#7402,#7432,#7460,#7488));
#7402 = ORIENTED_EDGE('',*,*,#7403,.F.);
#7403 = EDGE_CURVE('',#7404,#7406,#7408,.T.);
#7404 = VERTEX_POINT('',#7405);
#7405 = CARTESIAN_POINT('',(-6.595621314414,0.990000014901,
    -12.63793995541));
#7406 = VERTEX_POINT('',#7407);
#7407 = CARTESIAN_POINT('',(-6.595621314414,0.990000014901,
    -12.11977995541));
#7408 = SURFACE_CURVE('',#7409,(#7413,#7420),.PCURVE_S1.);
#7409 = LINE('',#7410,#7411);
#7410 = CARTESIAN_POINT('',(-6.595621314414,0.990000014901,
    -12.63793995541));
#7411 = VECTOR('',#7412,1.);
#7412 = DIRECTION('',(0.,0.,1.));
#7413 = PCURVE('',#4775,#7414);
#7414 = DEFINITIONAL_REPRESENTATION('',(#7415),#7419);
#7415 = LINE('',#7416,#7417);
#7416 = CARTESIAN_POINT('',(8.601930288702,-0.614762729388));
#7417 = VECTOR('',#7418,1.);
#7418 = DIRECTION('',(-1.,0.));
#7419 = ( GEOMETRIC_REPRESENTATION_CONTEXT(2) 
PARAMETRIC_REPRESENTATION_CONTEXT() REPRESENTATION_CONTEXT('2D SPACE',''
  ) );
#7420 = PCURVE('',#7421,#7426);
#7421 = PLANE('',#7422);
#7422 = AXIS2_PLACEMENT_3D('',#7423,#7424,#7425);
#7423 = CARTESIAN_POINT('',(-6.595621314414,0.990000014901,
    -12.63793995541));
#7424 = DIRECTION('',(1.,0.,0.));
#7425 = DIRECTION('',(0.,0.,1.));
#7426 = DEFINITIONAL_REPRESENTATION('',(#7427),#7431);
#7427 = LINE('',#7428,#7429);
#7428 = CARTESIAN_POINT('',(0.,0.));
#7429 = VECTOR('',#7430,1.);
#7430 = DIRECTION('',(1.,0.));
#7431 = ( GEOMETRIC_REPRESENTATION_CONTEXT(2) 
PARAMETRIC_REPRESENTATION_CONTEXT() REPRESENTATION_CONTEXT('2D SPACE',''
  ) );
#7432 = ORIENTED_EDGE('',*,*,#7433,.T.);
#7433 = EDGE_CURVE('',#7404,#7434,#7436,.T.);
#7434 = VERTEX_POINT('',#7435);
#7435 = CARTESIAN_POINT('',(-7.957061314414,0.990000014901,
    -12.63793995541));
#7436 = SURFACE_CURVE('',#7437,(#7441,#7448),.PCURVE_S1.);
#7437 = LINE('',#7438,#7439);
#7438 = CARTESIAN_POINT('',(-6.595621314414,0.990000014901,
    -12.63793995541));
#7439 = VECTOR('',#7440,1.);
#7440 = DIRECTION('',(-1.,0.,0.));
#7441 = PCURVE('',#4775,#7442);
#7442 = DEFINITIONAL_REPRESENTATION('',(#7443),#7447);
#7443 = LINE('',#7444,#7445);
#7444 = CARTESIAN_POINT('',(8.601930288702,-0.614762729388));
#7445 = VECTOR('',#7446,1.);
#7446 = DIRECTION('',(0.,-1.));
#7447 = ( GEOMETRIC_REPRESENTATION_CONTEXT(2) 
PARAMETRIC_REPRESENTATION_CONTEXT() REPRESENTATION_CONTEXT('2D SPACE',''
  ) );
#7448 = PCURVE('',#7449,#7454);
#7449 = PLANE('',#7450);
#7450 = AXIS2_PLACEMENT_3D('',#7451,#7452,#7453);
#7451 = CARTESIAN_POINT('',(-7.957061314414,0.990000014901,
    -12.63793995541));
#7452 = DIRECTION('',(0.,0.,-1.));
#7453 = DIRECTION('',(1.,0.,0.));
#7454 = DEFINITIONAL_REPRESENTATION('',(#7455),#7459);
#7455 = LINE('',#7456,#7457);
#7456 = CARTESIAN_POINT('',(1.36144,0.));
#7457 = VECTOR('',#7458,1.);
#7458 = DIRECTION('',(-1.,0.));
#7459 = ( GEOMETRIC_REPRESENTATION_CONTEXT(2) 
PARAMETRIC_REPRESENTATION_CONTEXT() REPRESENTATION_CONTEXT('2D SPACE',''
  ) );
#7460 = ORIENTED_EDGE('',*,*,#7461,.F.);
#7461 = EDGE_CURVE('',#7462,#7434,#7464,.T.);
#7462 = VERTEX_POINT('',#7463);
#7463 = CARTESIAN_POINT('',(-7.957061314414,0.990000014901,
    -12.11977995541));
#7464 = SURFACE_CURVE('',#7465,(#7469,#7476),.PCURVE_S1.);
#7465 = LINE('',#7466,#7467);
#7466 = CARTESIAN_POINT('',(-7.957061314414,0.990000014901,
    -12.11977995541));
#7467 = VECTOR('',#7468,1.);
#7468 = DIRECTION('',(0.,0.,-1.));
#7469 = PCURVE('',#4775,#7470);
#7470 = DEFINITIONAL_REPRESENTATION('',(#7471),#7475);
#7471 = LINE('',#7472,#7473);
#7472 = CARTESIAN_POINT('',(8.083770288702,-1.976202729388));
#7473 = VECTOR('',#7474,1.);
#7474 = DIRECTION('',(1.,0.));
#7475 = ( GEOMETRIC_REPRESENTATION_CONTEXT(2) 
PARAMETRIC_REPRESENTATION_CONTEXT() REPRESENTATION_CONTEXT('2D SPACE',''
  ) );
#7476 = PCURVE('',#7477,#7482);
#7477 = PLANE('',#7478);
#7478 = AXIS2_PLACEMENT_3D('',#7479,#7480,#7481);
#7479 = CARTESIAN_POINT('',(-7.957061314414,0.990000014901,
    -12.11977995541));
#7480 = DIRECTION('',(-1.,0.,0.));
#7481 = DIRECTION('',(0.,0.,-1.));
#7482 = DEFINITIONAL_REPRESENTATION('',(#7483),#7487);
#7483 = LINE('',#7484,#7485);
#7484 = CARTESIAN_POINT('',(0.,-0.));
#7485 = VECTOR('',#7486,1.);
#7486 = DIRECTION('',(1.,0.));
#7487 = ( GEOMETRIC_REPRESENTATION_CONTEXT(2) 
PARAMETRIC_REPRESENTATION_CONTEXT() REPRESENTATION_CONTEXT('2D SPACE',''
  ) );
#7488 = ORIENTED_EDGE('',*,*,#7489,.T.);
#7489 = EDGE_CURVE('',#7462,#7406,#7490,.T.);
#7490 = SURFACE_CURVE('',#7491,(#7495,#7502),.PCURVE_S1.);
#7491 = LINE('',#7492,#7493);
#7492 = CARTESIAN_POINT('',(-7.957061314414,0.990000014901,
    -12.11977995541));
#7493 = VECTOR('',#7494,1.);
#7494 = DIRECTION('',(1.,0.,0.));
#7495 = PCURVE('',#4775,#7496);
#7496 = DEFINITIONAL_REPRESENTATION('',(#7497),#7501);
#7497 = LINE('',#7498,#7499);
#7498 = CARTESIAN_POINT('',(8.083770288702,-1.976202729388));
#7499 = VECTOR('',#7500,1.);
#7500 = DIRECTION('',(0.,1.));
#7501 = ( GEOMETRIC_REPRESENTATION_CONTEXT(2) 
PARAMETRIC_REPRESENTATION_CONTEXT() REPRESENTATION_CONTEXT('2D SPACE',''
  ) );
#7502 = PCURVE('',#7503,#7508);
#7503 = PLANE('',#7504);
#7504 = AXIS2_PLACEMENT_3D('',#7505,#7506,#7507);
#7505 = CARTESIAN_POINT('',(-6.595621314414,0.990000014901,
    -12.11977995541));
#7506 = DIRECTION('',(0.,0.,1.));
#7507 = DIRECTION('',(-1.,0.,0.));
#7508 = DEFINITIONAL_REPRESENTATION('',(#7509),#7513);
#7509 = LINE('',#7510,#7511);
#7510 = CARTESIAN_POINT('',(1.36144,0.));
#7511 = VECTOR('',#7512,1.);
#7512 = DIRECTION('',(-1.,0.));
#7513 = ( GEOMETRIC_REPRESENTATION_CONTEXT(2) 
PARAMETRIC_REPRESENTATION_CONTEXT() REPRESENTATION_CONTEXT('2D SPACE',''
  ) );
#7514 = FACE_BOUND('',#7515,.F.);
#7515 = EDGE_LOOP('',(#7516));
#7516 = ORIENTED_EDGE('',*,*,#7517,.T.);
#7517 = EDGE_CURVE('',#7518,#7518,#7520,.T.);
#7518 = VERTEX_POINT('',#7519);
#7519 = CARTESIAN_POINT('',(9.360658685586,0.990000014901,
    -13.35639995541));
#7520 = SURFACE_CURVE('',#7521,(#7526,#7537),.PCURVE_S1.);
#7521 = CIRCLE('',#7522,0.375);
#7522 = AXIS2_PLACEMENT_3D('',#7523,#7524,#7525);
#7523 = CARTESIAN_POINT('',(9.360658685586,0.990000014901,
    -13.73139995541));
#7524 = DIRECTION('',(0.,1.,0.));
#7525 = DIRECTION('',(-2.22044604925E-16,0.,-1.));
#7526 = PCURVE('',#4775,#7527);
#7527 = DEFINITIONAL_REPRESENTATION('',(#7528),#7536);
#7528 = ( BOUNDED_CURVE() B_SPLINE_CURVE(2,(#7529,#7530,#7531,#7532,
#7533,#7534,#7535),.UNSPECIFIED.,.T.,.F.) B_SPLINE_CURVE_WITH_KNOTS((1,2
    ,2,2,2,1),(-2.094395102393,0.,2.094395102393,4.188790204786,
6.28318530718,8.377580409573),.UNSPECIFIED.) CURVE() 
GEOMETRIC_REPRESENTATION_ITEM() RATIONAL_B_SPLINE_CURVE((1.,0.5,1.,0.5,
1.,0.5,1.)) REPRESENTATION_ITEM('') );
#7529 = CARTESIAN_POINT('',(10.070390288702,15.341517270612));
#7530 = CARTESIAN_POINT('',(10.070390288702,14.691998217773));
#7531 = CARTESIAN_POINT('',(9.507890288702,15.016757744193));
#7532 = CARTESIAN_POINT('',(8.945390288702,15.341517270612));
#7533 = CARTESIAN_POINT('',(9.507890288702,15.666276797031));
#7534 = CARTESIAN_POINT('',(10.070390288702,15.99103632345));
#7535 = CARTESIAN_POINT('',(10.070390288702,15.341517270612));
#7536 = ( GEOMETRIC_REPRESENTATION_CONTEXT(2) 
PARAMETRIC_REPRESENTATION_CONTEXT() REPRESENTATION_CONTEXT('2D SPACE',''
  ) );
#7537 = PCURVE('',#7538,#7543);
#7538 = CYLINDRICAL_SURFACE('',#7539,0.375);
#7539 = AXIS2_PLACEMENT_3D('',#7540,#7541,#7542);
#7540 = CARTESIAN_POINT('',(9.360658685586,1.490116113834E-08,
    -13.73139995541));
#7541 = DIRECTION('',(0.,1.,0.));
#7542 = DIRECTION('',(-2.22044604925E-16,0.,-1.));
#7543 = DEFINITIONAL_REPRESENTATION('',(#7544),#7548);
#7544 = LINE('',#7545,#7546);
#7545 = CARTESIAN_POINT('',(0.,0.99));
#7546 = VECTOR('',#7547,1.);
#7547 = DIRECTION('',(1.,0.));
#7548 = ( GEOMETRIC_REPRESENTATION_CONTEXT(2) 
PARAMETRIC_REPRESENTATION_CONTEXT() REPRESENTATION_CONTEXT('2D SPACE',''
  ) );
#7549 = FACE_BOUND('',#7550,.F.);
#7550 = EDGE_LOOP('',(#7551));
#7551 = ORIENTED_EDGE('',*,*,#7552,.T.);
#7552 = EDGE_CURVE('',#7553,#7553,#7555,.T.);
#7553 = VERTEX_POINT('',#7554);
#7554 = CARTESIAN_POINT('',(-5.504341314414,0.990000014901,
    -13.73139995541));
#7555 = SURFACE_CURVE('',#7556,(#7561,#7572),.PCURVE_S1.);
#7556 = CIRCLE('',#7557,0.375);
#7557 = AXIS2_PLACEMENT_3D('',#7558,#7559,#7560);
#7558 = CARTESIAN_POINT('',(-5.879341314414,0.990000014901,
    -13.73139995541));
#7559 = DIRECTION('',(0.,1.,-0.));
#7560 = DIRECTION('',(-1.,0.,2.22044604925E-16));
#7561 = PCURVE('',#4775,#7562);
#7562 = DEFINITIONAL_REPRESENTATION('',(#7563),#7571);
#7563 = ( BOUNDED_CURVE() B_SPLINE_CURVE(2,(#7564,#7565,#7566,#7567,
#7568,#7569,#7570),.UNSPECIFIED.,.T.,.F.) B_SPLINE_CURVE_WITH_KNOTS((1,2
    ,2,2,2,1),(-2.094395102393,0.,2.094395102393,4.188790204786,
6.28318530718,8.377580409573),.UNSPECIFIED.) CURVE() 
GEOMETRIC_REPRESENTATION_ITEM() RATIONAL_B_SPLINE_CURVE((1.,0.5,1.,0.5,
1.,0.5,1.)) REPRESENTATION_ITEM('') );
#7564 = CARTESIAN_POINT('',(9.695390288702,-0.273482729388));
#7565 = CARTESIAN_POINT('',(9.045871235864,-0.273482729388));
#7566 = CARTESIAN_POINT('',(9.370630762283,0.289017270612));
#7567 = CARTESIAN_POINT('',(9.695390288702,0.851517270612));
#7568 = CARTESIAN_POINT('',(10.020149815121,0.289017270612));
#7569 = CARTESIAN_POINT('',(10.344909341541,-0.273482729388));
#7570 = CARTESIAN_POINT('',(9.695390288702,-0.273482729388));
#7571 = ( GEOMETRIC_REPRESENTATION_CONTEXT(2) 
PARAMETRIC_REPRESENTATION_CONTEXT() REPRESENTATION_CONTEXT('2D SPACE',''
  ) );
#7572 = PCURVE('',#7573,#7578);
#7573 = CYLINDRICAL_SURFACE('',#7574,0.375);
#7574 = AXIS2_PLACEMENT_3D('',#7575,#7576,#7577);
#7575 = CARTESIAN_POINT('',(-5.879341314414,1.490116113834E-08,
    -13.73139995541));
#7576 = DIRECTION('',(0.,1.,0.));
#7577 = DIRECTION('',(-1.,0.,2.22044604925E-16));
#7578 = DEFINITIONAL_REPRESENTATION('',(#7579),#7583);
#7579 = LINE('',#7580,#7581);
#7580 = CARTESIAN_POINT('',(-6.28318530718,0.99));
#7581 = VECTOR('',#7582,1.);
#7582 = DIRECTION('',(1.,0.));
#7583 = ( GEOMETRIC_REPRESENTATION_CONTEXT(2) 
PARAMETRIC_REPRESENTATION_CONTEXT() REPRESENTATION_CONTEXT('2D SPACE',''
  ) );
#7584 = ADVANCED_FACE('',(#7585),#7573,.F.);
#7585 = FACE_BOUND('',#7586,.F.);
#7586 = EDGE_LOOP('',(#7587,#7610,#7611,#7612));
#7587 = ORIENTED_EDGE('',*,*,#7588,.T.);
#7588 = EDGE_CURVE('',#7589,#7553,#7591,.T.);
#7589 = VERTEX_POINT('',#7590);
#7590 = CARTESIAN_POINT('',(-5.504341314414,-0.239999985099,
    -13.73139995541));
#7591 = SEAM_CURVE('',#7592,(#7596,#7603),.PCURVE_S1.);
#7592 = LINE('',#7593,#7594);
#7593 = CARTESIAN_POINT('',(-5.504341314414,1.490116113834E-08,
    -13.73139995541));
#7594 = VECTOR('',#7595,1.);
#7595 = DIRECTION('',(0.,1.,0.));
#7596 = PCURVE('',#7573,#7597);
#7597 = DEFINITIONAL_REPRESENTATION('',(#7598),#7602);
#7598 = LINE('',#7599,#7600);
#7599 = CARTESIAN_POINT('',(3.14159265359,0.));
#7600 = VECTOR('',#7601,1.);
#7601 = DIRECTION('',(0.,1.));
#7602 = ( GEOMETRIC_REPRESENTATION_CONTEXT(2) 
PARAMETRIC_REPRESENTATION_CONTEXT() REPRESENTATION_CONTEXT('2D SPACE',''
  ) );
#7603 = PCURVE('',#7573,#7604);
#7604 = DEFINITIONAL_REPRESENTATION('',(#7605),#7609);
#7605 = LINE('',#7606,#7607);
#7606 = CARTESIAN_POINT('',(-3.14159265359,0.));
#7607 = VECTOR('',#7608,1.);
#7608 = DIRECTION('',(0.,1.));
#7609 = ( GEOMETRIC_REPRESENTATION_CONTEXT(2) 
PARAMETRIC_REPRESENTATION_CONTEXT() REPRESENTATION_CONTEXT('2D SPACE',''
  ) );
#7610 = ORIENTED_EDGE('',*,*,#7552,.F.);
#7611 = ORIENTED_EDGE('',*,*,#7588,.F.);
#7612 = ORIENTED_EDGE('',*,*,#7613,.F.);
#7613 = EDGE_CURVE('',#7589,#7589,#7614,.T.);
#7614 = SURFACE_CURVE('',#7615,(#7620,#7627),.PCURVE_S1.);
#7615 = CIRCLE('',#7616,0.375);
#7616 = AXIS2_PLACEMENT_3D('',#7617,#7618,#7619);
#7617 = CARTESIAN_POINT('',(-5.879341314414,-0.239999985099,
    -13.73139995541));
#7618 = DIRECTION('',(-6.310887241768E-30,-1.,9.011389889435E-24));
#7619 = DIRECTION('',(-1.,6.310887243769E-30,2.22044604925E-16));
#7620 = PCURVE('',#7573,#7621);
#7621 = DEFINITIONAL_REPRESENTATION('',(#7622),#7626);
#7622 = LINE('',#7623,#7624);
#7623 = CARTESIAN_POINT('',(6.28318530718,-0.24));
#7624 = VECTOR('',#7625,1.);
#7625 = DIRECTION('',(-1.,0.));
#7626 = ( GEOMETRIC_REPRESENTATION_CONTEXT(2) 
PARAMETRIC_REPRESENTATION_CONTEXT() REPRESENTATION_CONTEXT('2D SPACE',''
  ) );
#7627 = PCURVE('',#7628,#7633);
#7628 = PLANE('',#7629);
#7629 = AXIS2_PLACEMENT_3D('',#7630,#7631,#7632);
#7630 = CARTESIAN_POINT('',(1.804158685586,-0.239999985099,
    -6.111399955412));
#7631 = DIRECTION('',(6.310887241768E-30,1.,-9.011389889435E-24));
#7632 = DIRECTION('',(-2.22044604925E-16,-9.011389889435E-24,-1.));
#7633 = DEFINITIONAL_REPRESENTATION('',(#7634),#7642);
#7634 = ( BOUNDED_CURVE() B_SPLINE_CURVE(2,(#7635,#7636,#7637,#7638,
#7639,#7640,#7641),.UNSPECIFIED.,.T.,.F.) B_SPLINE_CURVE_WITH_KNOTS((1,2
    ,2,2,2,1),(-2.094395102393,0.,2.094395102393,4.188790204786,
6.28318530718,8.377580409573),.UNSPECIFIED.) CURVE() 
GEOMETRIC_REPRESENTATION_ITEM() RATIONAL_B_SPLINE_CURVE((1.,0.5,1.,0.5,
1.,0.5,1.)) REPRESENTATION_ITEM('') );
#7635 = CARTESIAN_POINT('',(7.62,8.0585));
#7636 = CARTESIAN_POINT('',(8.269519052838,8.0585));
#7637 = CARTESIAN_POINT('',(7.944759526419,7.496));
#7638 = CARTESIAN_POINT('',(7.62,6.9335));
#7639 = CARTESIAN_POINT('',(7.295240473581,7.496));
#7640 = CARTESIAN_POINT('',(6.970480947162,8.0585));
#7641 = CARTESIAN_POINT('',(7.62,8.0585));
#7642 = ( GEOMETRIC_REPRESENTATION_CONTEXT(2) 
PARAMETRIC_REPRESENTATION_CONTEXT() REPRESENTATION_CONTEXT('2D SPACE',''
  ) );
#7643 = ADVANCED_FACE('',(#7644,#7790),#7628,.F.);
#7644 = FACE_BOUND('',#7645,.T.);
#7645 = EDGE_LOOP('',(#7646,#7671,#7694,#7722,#7745,#7768));
#7646 = ORIENTED_EDGE('',*,*,#7647,.F.);
#7647 = EDGE_CURVE('',#7648,#7650,#7652,.T.);
#7648 = VERTEX_POINT('',#7649);
#7649 = CARTESIAN_POINT('',(-6.641341314414,-0.239999985099,
    -15.00139995541));
#7650 = VERTEX_POINT('',#7651);
#7651 = CARTESIAN_POINT('',(-6.641341314414,-0.239999985099,
    -13.66789995541));
#7652 = SURFACE_CURVE('',#7653,(#7657,#7664),.PCURVE_S1.);
#7653 = LINE('',#7654,#7655);
#7654 = CARTESIAN_POINT('',(-6.641341314414,-0.239999985099,
    -15.00139995541));
#7655 = VECTOR('',#7656,1.);
#7656 = DIRECTION('',(1.054607802994E-15,9.011389889435E-24,1.));
#7657 = PCURVE('',#7628,#7658);
#7658 = DEFINITIONAL_REPRESENTATION('',(#7659),#7663);
#7659 = LINE('',#7660,#7661);
#7660 = CARTESIAN_POINT('',(8.89,8.4455));
#7661 = VECTOR('',#7662,1.);
#7662 = DIRECTION('',(-1.,-8.325631980691E-16));
#7663 = ( GEOMETRIC_REPRESENTATION_CONTEXT(2) 
PARAMETRIC_REPRESENTATION_CONTEXT() REPRESENTATION_CONTEXT('2D SPACE',''
  ) );
#7664 = PCURVE('',#1148,#7665);
#7665 = DEFINITIONAL_REPRESENTATION('',(#7666),#7670);
#7666 = LINE('',#7667,#7668);
#7667 = CARTESIAN_POINT('',(9.011389889435E-26,1.E-02));
#7668 = VECTOR('',#7669,1.);
#7669 = DIRECTION('',(1.,0.));
#7670 = ( GEOMETRIC_REPRESENTATION_CONTEXT(2) 
PARAMETRIC_REPRESENTATION_CONTEXT() REPRESENTATION_CONTEXT('2D SPACE',''
  ) );
#7671 = ORIENTED_EDGE('',*,*,#7672,.F.);
#7672 = EDGE_CURVE('',#7673,#7648,#7675,.T.);
#7673 = VERTEX_POINT('',#7674);
#7674 = CARTESIAN_POINT('',(-6.196841314414,-0.239999985099,
    -15.00139995541));
#7675 = SURFACE_CURVE('',#7676,(#7680,#7687),.PCURVE_S1.);
#7676 = LINE('',#7677,#7678);
#7677 = CARTESIAN_POINT('',(-2.196341314414,-0.239999985099,
    -15.00139995541));
#7678 = VECTOR('',#7679,1.);
#7679 = DIRECTION('',(-1.,6.310887243769E-30,2.22044604925E-16));
#7680 = PCURVE('',#7628,#7681);
#7681 = DEFINITIONAL_REPRESENTATION('',(#7682),#7686);
#7682 = LINE('',#7683,#7684);
#7683 = CARTESIAN_POINT('',(8.89,4.0005));
#7684 = VECTOR('',#7685,1.);
#7685 = DIRECTION('',(2.465190328816E-32,1.));
#7686 = ( GEOMETRIC_REPRESENTATION_CONTEXT(2) 
PARAMETRIC_REPRESENTATION_CONTEXT() REPRESENTATION_CONTEXT('2D SPACE',''
  ) );
#7687 = PCURVE('',#1120,#7688);
#7688 = DEFINITIONAL_REPRESENTATION('',(#7689),#7693);
#7689 = LINE('',#7690,#7691);
#7690 = CARTESIAN_POINT('',(12.573,-0.24));
#7691 = VECTOR('',#7692,1.);
#7692 = DIRECTION('',(1.,6.310887243769E-30));
#7693 = ( GEOMETRIC_REPRESENTATION_CONTEXT(2) 
PARAMETRIC_REPRESENTATION_CONTEXT() REPRESENTATION_CONTEXT('2D SPACE',''
  ) );
#7694 = ORIENTED_EDGE('',*,*,#7695,.F.);
#7695 = EDGE_CURVE('',#7696,#7673,#7698,.T.);
#7696 = VERTEX_POINT('',#7697);
#7697 = CARTESIAN_POINT('',(-5.561841314414,-0.239999985099,
    -15.00139995541));
#7698 = SURFACE_CURVE('',#7699,(#7704,#7715),.PCURVE_S1.);
#7699 = CIRCLE('',#7700,0.3175);
#7700 = AXIS2_PLACEMENT_3D('',#7701,#7702,#7703);
#7701 = CARTESIAN_POINT('',(-5.879341314414,-0.239999985099,
    -15.00139995541));
#7702 = DIRECTION('',(-6.310887241768E-30,-1.,9.011389889435E-24));
#7703 = DIRECTION('',(2.22044604925E-16,9.011389889435E-24,1.));
#7704 = PCURVE('',#7628,#7705);
#7705 = DEFINITIONAL_REPRESENTATION('',(#7706),#7714);
#7706 = ( BOUNDED_CURVE() B_SPLINE_CURVE(2,(#7707,#7708,#7709,#7710,
#7711,#7712,#7713),.UNSPECIFIED.,.T.,.F.) B_SPLINE_CURVE_WITH_KNOTS((1,2
    ,2,2,2,1),(-2.094395102393,0.,2.094395102393,4.188790204786,
6.28318530718,8.377580409573),.UNSPECIFIED.) CURVE() 
GEOMETRIC_REPRESENTATION_ITEM() RATIONAL_B_SPLINE_CURVE((1.,0.5,1.,0.5,
1.,0.5,1.)) REPRESENTATION_ITEM('') );
#7707 = CARTESIAN_POINT('',(8.5725,7.6835));
#7708 = CARTESIAN_POINT('',(8.5725,8.233426131403));
#7709 = CARTESIAN_POINT('',(9.04875,7.958463065702));
#7710 = CARTESIAN_POINT('',(9.525,7.6835));
#7711 = CARTESIAN_POINT('',(9.04875,7.408536934298));
#7712 = CARTESIAN_POINT('',(8.5725,7.133573868597));
#7713 = CARTESIAN_POINT('',(8.5725,7.6835));
#7714 = ( GEOMETRIC_REPRESENTATION_CONTEXT(2) 
PARAMETRIC_REPRESENTATION_CONTEXT() REPRESENTATION_CONTEXT('2D SPACE',''
  ) );
#7715 = PCURVE('',#5388,#7716);
#7716 = DEFINITIONAL_REPRESENTATION('',(#7717),#7721);
#7717 = LINE('',#7718,#7719);
#7718 = CARTESIAN_POINT('',(6.28318530718,-0.24));
#7719 = VECTOR('',#7720,1.);
#7720 = DIRECTION('',(-1.,0.));
#7721 = ( GEOMETRIC_REPRESENTATION_CONTEXT(2) 
PARAMETRIC_REPRESENTATION_CONTEXT() REPRESENTATION_CONTEXT('2D SPACE',''
  ) );
#7722 = ORIENTED_EDGE('',*,*,#7723,.F.);
#7723 = EDGE_CURVE('',#7724,#7696,#7726,.T.);
#7724 = VERTEX_POINT('',#7725);
#7725 = CARTESIAN_POINT('',(-5.117341314414,-0.239999985099,
    -15.00139995541));
#7726 = SURFACE_CURVE('',#7727,(#7731,#7738),.PCURVE_S1.);
#7727 = LINE('',#7728,#7729);
#7728 = CARTESIAN_POINT('',(-0.926341314414,-0.239999985099,
    -15.00139995541));
#7729 = VECTOR('',#7730,1.);
#7730 = DIRECTION('',(-1.,6.310887243769E-30,2.22044604925E-16));
#7731 = PCURVE('',#7628,#7732);
#7732 = DEFINITIONAL_REPRESENTATION('',(#7733),#7737);
#7733 = LINE('',#7734,#7735);
#7734 = CARTESIAN_POINT('',(8.89,2.7305));
#7735 = VECTOR('',#7736,1.);
#7736 = DIRECTION('',(2.465190328816E-32,1.));
#7737 = ( GEOMETRIC_REPRESENTATION_CONTEXT(2) 
PARAMETRIC_REPRESENTATION_CONTEXT() REPRESENTATION_CONTEXT('2D SPACE',''
  ) );
#7738 = PCURVE('',#1233,#7739);
#7739 = DEFINITIONAL_REPRESENTATION('',(#7740),#7744);
#7740 = LINE('',#7741,#7742);
#7741 = CARTESIAN_POINT('',(11.303,-0.24));
#7742 = VECTOR('',#7743,1.);
#7743 = DIRECTION('',(1.,6.310887243769E-30));
#7744 = ( GEOMETRIC_REPRESENTATION_CONTEXT(2) 
PARAMETRIC_REPRESENTATION_CONTEXT() REPRESENTATION_CONTEXT('2D SPACE',''
  ) );
#7745 = ORIENTED_EDGE('',*,*,#7746,.F.);
#7746 = EDGE_CURVE('',#7747,#7724,#7749,.T.);
#7747 = VERTEX_POINT('',#7748);
#7748 = CARTESIAN_POINT('',(-5.117341314414,-0.239999985099,
    -13.66789995541));
#7749 = SURFACE_CURVE('',#7750,(#7754,#7761),.PCURVE_S1.);
#7750 = LINE('',#7751,#7752);
#7751 = CARTESIAN_POINT('',(-5.117341314414,-0.239999985099,
    -13.66789995541));
#7752 = VECTOR('',#7753,1.);
#7753 = DIRECTION('',(-2.22044604925E-16,-9.011389889435E-24,-1.));
#7754 = PCURVE('',#7628,#7755);
#7755 = DEFINITIONAL_REPRESENTATION('',(#7756),#7760);
#7756 = LINE('',#7757,#7758);
#7757 = CARTESIAN_POINT('',(7.5565,6.9215));
#7758 = VECTOR('',#7759,1.);
#7759 = DIRECTION('',(1.,-2.465190328816E-32));
#7760 = ( GEOMETRIC_REPRESENTATION_CONTEXT(2) 
PARAMETRIC_REPRESENTATION_CONTEXT() REPRESENTATION_CONTEXT('2D SPACE',''
  ) );
#7761 = PCURVE('',#1205,#7762);
#7762 = DEFINITIONAL_REPRESENTATION('',(#7763),#7767);
#7763 = LINE('',#7764,#7765);
#7764 = CARTESIAN_POINT('',(-9.011389889435E-26,1.E-02));
#7765 = VECTOR('',#7766,1.);
#7766 = DIRECTION('',(1.,0.));
#7767 = ( GEOMETRIC_REPRESENTATION_CONTEXT(2) 
PARAMETRIC_REPRESENTATION_CONTEXT() REPRESENTATION_CONTEXT('2D SPACE',''
  ) );
#7768 = ORIENTED_EDGE('',*,*,#7769,.F.);
#7769 = EDGE_CURVE('',#7650,#7747,#7770,.T.);
#7770 = SURFACE_CURVE('',#7771,(#7776,#7783),.PCURVE_S1.);
#7771 = CIRCLE('',#7772,0.764886363636);
#7772 = AXIS2_PLACEMENT_3D('',#7773,#7774,#7775);
#7773 = CARTESIAN_POINT('',(-5.879341314414,-0.239999985099,
    -13.73428631904));
#7774 = DIRECTION('',(6.310887241768E-30,1.,-9.011389889435E-24));
#7775 = DIRECTION('',(-2.22044604925E-16,-9.011389889435E-24,-1.));
#7776 = PCURVE('',#7628,#7777);
#7777 = DEFINITIONAL_REPRESENTATION('',(#7778),#7782);
#7778 = CIRCLE('',#7779,0.764886363636);
#7779 = AXIS2_PLACEMENT_2D('',#7780,#7781);
#7780 = CARTESIAN_POINT('',(7.622886363636,7.6835));
#7781 = DIRECTION('',(1.,0.));
#7782 = ( GEOMETRIC_REPRESENTATION_CONTEXT(2) 
PARAMETRIC_REPRESENTATION_CONTEXT() REPRESENTATION_CONTEXT('2D SPACE',''
  ) );
#7783 = PCURVE('',#1177,#7784);
#7784 = DEFINITIONAL_REPRESENTATION('',(#7785),#7789);
#7785 = LINE('',#7786,#7787);
#7786 = CARTESIAN_POINT('',(-3.14159265359,1.E-02));
#7787 = VECTOR('',#7788,1.);
#7788 = DIRECTION('',(1.,0.));
#7789 = ( GEOMETRIC_REPRESENTATION_CONTEXT(2) 
PARAMETRIC_REPRESENTATION_CONTEXT() REPRESENTATION_CONTEXT('2D SPACE',''
  ) );
#7790 = FACE_BOUND('',#7791,.T.);
#7791 = EDGE_LOOP('',(#7792));
#7792 = ORIENTED_EDGE('',*,*,#7613,.F.);
#7793 = ADVANCED_FACE('',(#7794,#7875),#7538,.F.);
#7794 = FACE_BOUND('',#7795,.F.);
#7795 = EDGE_LOOP('',(#7796,#7826,#7847,#7848,#7849));
#7796 = ORIENTED_EDGE('',*,*,#7797,.F.);
#7797 = EDGE_CURVE('',#7798,#7800,#7802,.T.);
#7798 = VERTEX_POINT('',#7799);
#7799 = CARTESIAN_POINT('',(9.360658685586,-0.239999985099,
    -13.35639995541));
#7800 = VERTEX_POINT('',#7801);
#7801 = CARTESIAN_POINT('',(9.360658685586,-0.249999985099,
    -13.35639995541));
#7802 = SURFACE_CURVE('',#7803,(#7807,#7814),.PCURVE_S1.);
#7803 = LINE('',#7804,#7805);
#7804 = CARTESIAN_POINT('',(9.360658685586,-0.249999985099,
    -13.35639995541));
#7805 = VECTOR('',#7806,1.);
#7806 = DIRECTION('',(-6.310887241768E-30,-1.,9.011389889435E-24));
#7807 = PCURVE('',#7538,#7808);
#7808 = DEFINITIONAL_REPRESENTATION('',(#7809),#7813);
#7809 = LINE('',#7810,#7811);
#7810 = CARTESIAN_POINT('',(9.424777960769,-0.25));
#7811 = VECTOR('',#7812,1.);
#7812 = DIRECTION('',(0.,-1.));
#7813 = ( GEOMETRIC_REPRESENTATION_CONTEXT(2) 
PARAMETRIC_REPRESENTATION_CONTEXT() REPRESENTATION_CONTEXT('2D SPACE',''
  ) );
#7814 = PCURVE('',#7815,#7820);
#7815 = PLANE('',#7816);
#7816 = AXIS2_PLACEMENT_3D('',#7817,#7818,#7819);
#7817 = CARTESIAN_POINT('',(9.516058677203,-0.249999985099,
    -13.35639995541));
#7818 = DIRECTION('',(-2.22044604925E-16,-9.011389889435E-24,-1.));
#7819 = DIRECTION('',(-1.,6.310887243769E-30,2.22044604925E-16));
#7820 = DEFINITIONAL_REPRESENTATION('',(#7821),#7825);
#7821 = LINE('',#7822,#7823);
#7822 = CARTESIAN_POINT('',(0.155399991616,-9.807118244613E-31));
#7823 = VECTOR('',#7824,1.);
#7824 = DIRECTION('',(-8.792756774987E-45,-1.));
#7825 = ( GEOMETRIC_REPRESENTATION_CONTEXT(2) 
PARAMETRIC_REPRESENTATION_CONTEXT() REPRESENTATION_CONTEXT('2D SPACE',''
  ) );
#7826 = ORIENTED_EDGE('',*,*,#7827,.T.);
#7827 = EDGE_CURVE('',#7798,#7518,#7828,.T.);
#7828 = SEAM_CURVE('',#7829,(#7833,#7840),.PCURVE_S1.);
#7829 = LINE('',#7830,#7831);
#7830 = CARTESIAN_POINT('',(9.360658685586,1.490116113834E-08,
    -13.35639995541));
#7831 = VECTOR('',#7832,1.);
#7832 = DIRECTION('',(0.,1.,0.));
#7833 = PCURVE('',#7538,#7834);
#7834 = DEFINITIONAL_REPRESENTATION('',(#7835),#7839);
#7835 = LINE('',#7836,#7837);
#7836 = CARTESIAN_POINT('',(3.14159265359,0.));
#7837 = VECTOR('',#7838,1.);
#7838 = DIRECTION('',(0.,1.));
#7839 = ( GEOMETRIC_REPRESENTATION_CONTEXT(2) 
PARAMETRIC_REPRESENTATION_CONTEXT() REPRESENTATION_CONTEXT('2D SPACE',''
  ) );
#7840 = PCURVE('',#7538,#7841);
#7841 = DEFINITIONAL_REPRESENTATION('',(#7842),#7846);
#7842 = LINE('',#7843,#7844);
#7843 = CARTESIAN_POINT('',(9.424777960769,0.));
#7844 = VECTOR('',#7845,1.);
#7845 = DIRECTION('',(0.,1.));
#7846 = ( GEOMETRIC_REPRESENTATION_CONTEXT(2) 
PARAMETRIC_REPRESENTATION_CONTEXT() REPRESENTATION_CONTEXT('2D SPACE',''
  ) );
#7847 = ORIENTED_EDGE('',*,*,#7517,.F.);
#7848 = ORIENTED_EDGE('',*,*,#7827,.F.);
#7849 = ORIENTED_EDGE('',*,*,#7850,.T.);
#7850 = EDGE_CURVE('',#7798,#7800,#7851,.T.);
#7851 = SURFACE_CURVE('',#7852,(#7856,#7863),.PCURVE_S1.);
#7852 = LINE('',#7853,#7854);
#7853 = CARTESIAN_POINT('',(9.360658685586,-0.249999985099,
    -13.35639995541));
#7854 = VECTOR('',#7855,1.);
#7855 = DIRECTION('',(-6.310887241768E-30,-1.,9.011389889435E-24));
#7856 = PCURVE('',#7538,#7857);
#7857 = DEFINITIONAL_REPRESENTATION('',(#7858),#7862);
#7858 = LINE('',#7859,#7860);
#7859 = CARTESIAN_POINT('',(3.14159265359,-0.25));
#7860 = VECTOR('',#7861,1.);
#7861 = DIRECTION('',(0.,-1.));
#7862 = ( GEOMETRIC_REPRESENTATION_CONTEXT(2) 
PARAMETRIC_REPRESENTATION_CONTEXT() REPRESENTATION_CONTEXT('2D SPACE',''
  ) );
#7863 = PCURVE('',#7864,#7869);
#7864 = PLANE('',#7865);
#7865 = AXIS2_PLACEMENT_3D('',#7866,#7867,#7868);
#7866 = CARTESIAN_POINT('',(9.516058677203,-0.249999985099,
    -13.35639995541));
#7867 = DIRECTION('',(-2.22044604925E-16,-9.011389889435E-24,-1.));
#7868 = DIRECTION('',(-1.,6.310887243769E-30,2.22044604925E-16));
#7869 = DEFINITIONAL_REPRESENTATION('',(#7870),#7874);
#7870 = LINE('',#7871,#7872);
#7871 = CARTESIAN_POINT('',(0.155399991616,-9.807118244613E-31));
#7872 = VECTOR('',#7873,1.);
#7873 = DIRECTION('',(-8.792756774987E-45,-1.));
#7874 = ( GEOMETRIC_REPRESENTATION_CONTEXT(2) 
PARAMETRIC_REPRESENTATION_CONTEXT() REPRESENTATION_CONTEXT('2D SPACE',''
  ) );
#7875 = FACE_BOUND('',#7876,.F.);
#7876 = EDGE_LOOP('',(#7877,#7908,#7937,#7966));
#7877 = ORIENTED_EDGE('',*,*,#7878,.T.);
#7878 = EDGE_CURVE('',#7879,#7881,#7883,.T.);
#7879 = VERTEX_POINT('',#7880);
#7880 = CARTESIAN_POINT('',(8.985658685586,-0.249999985099,
    -13.73139995541));
#7881 = VERTEX_POINT('',#7882);
#7882 = CARTESIAN_POINT('',(9.360658685586,-0.249999985099,
    -13.35639995541));
#7883 = SURFACE_CURVE('',#7884,(#7889,#7896),.PCURVE_S1.);
#7884 = CIRCLE('',#7885,0.375);
#7885 = AXIS2_PLACEMENT_3D('',#7886,#7887,#7888);
#7886 = CARTESIAN_POINT('',(9.360658685586,-0.249999985099,
    -13.73139995541));
#7887 = DIRECTION('',(6.310887241768E-30,1.,-9.011389889435E-24));
#7888 = DIRECTION('',(-2.22044604925E-16,-9.011389889435E-24,-1.));
#7889 = PCURVE('',#7538,#7890);
#7890 = DEFINITIONAL_REPRESENTATION('',(#7891),#7895);
#7891 = LINE('',#7892,#7893);
#7892 = CARTESIAN_POINT('',(6.28318530718,-0.25));
#7893 = VECTOR('',#7894,1.);
#7894 = DIRECTION('',(1.,0.));
#7895 = ( GEOMETRIC_REPRESENTATION_CONTEXT(2) 
PARAMETRIC_REPRESENTATION_CONTEXT() REPRESENTATION_CONTEXT('2D SPACE',''
  ) );
#7896 = PCURVE('',#7897,#7902);
#7897 = PLANE('',#7898);
#7898 = AXIS2_PLACEMENT_3D('',#7899,#7900,#7901);
#7899 = CARTESIAN_POINT('',(1.804158685586,-0.249999985099,
    -6.111399955412));
#7900 = DIRECTION('',(6.310887241768E-30,1.,-9.011389889435E-24));
#7901 = DIRECTION('',(-2.22044604925E-16,-9.011389889435E-24,-1.));
#7902 = DEFINITIONAL_REPRESENTATION('',(#7903),#7907);
#7903 = CIRCLE('',#7904,0.375);
#7904 = AXIS2_PLACEMENT_2D('',#7905,#7906);
#7905 = CARTESIAN_POINT('',(7.62,-7.5565));
#7906 = DIRECTION('',(1.,0.));
#7907 = ( GEOMETRIC_REPRESENTATION_CONTEXT(2) 
PARAMETRIC_REPRESENTATION_CONTEXT() REPRESENTATION_CONTEXT('2D SPACE',''
  ) );
#7908 = ORIENTED_EDGE('',*,*,#7909,.T.);
#7909 = EDGE_CURVE('',#7881,#7910,#7912,.T.);
#7910 = VERTEX_POINT('',#7911);
#7911 = CARTESIAN_POINT('',(9.735658685586,-0.249999985099,
    -13.73139995541));
#7912 = SURFACE_CURVE('',#7913,(#7918,#7925),.PCURVE_S1.);
#7913 = CIRCLE('',#7914,0.375);
#7914 = AXIS2_PLACEMENT_3D('',#7915,#7916,#7917);
#7915 = CARTESIAN_POINT('',(9.360658685586,-0.249999985099,
    -13.73139995541));
#7916 = DIRECTION('',(6.310887241768E-30,1.,-9.011389889435E-24));
#7917 = DIRECTION('',(-2.22044604925E-16,-9.011389889435E-24,-1.));
#7918 = PCURVE('',#7538,#7919);
#7919 = DEFINITIONAL_REPRESENTATION('',(#7920),#7924);
#7920 = LINE('',#7921,#7922);
#7921 = CARTESIAN_POINT('',(0.,-0.25));
#7922 = VECTOR('',#7923,1.);
#7923 = DIRECTION('',(1.,0.));
#7924 = ( GEOMETRIC_REPRESENTATION_CONTEXT(2) 
PARAMETRIC_REPRESENTATION_CONTEXT() REPRESENTATION_CONTEXT('2D SPACE',''
  ) );
#7925 = PCURVE('',#7926,#7931);
#7926 = PLANE('',#7927);
#7927 = AXIS2_PLACEMENT_3D('',#7928,#7929,#7930);
#7928 = CARTESIAN_POINT('',(1.804158685586,-0.249999985099,
    -6.111399955412));
#7929 = DIRECTION('',(6.310887241768E-30,1.,-9.011389889435E-24));
#7930 = DIRECTION('',(-2.22044604925E-16,-9.011389889435E-24,-1.));
#7931 = DEFINITIONAL_REPRESENTATION('',(#7932),#7936);
#7932 = CIRCLE('',#7933,0.375);
#7933 = AXIS2_PLACEMENT_2D('',#7934,#7935);
#7934 = CARTESIAN_POINT('',(7.62,-7.5565));
#7935 = DIRECTION('',(1.,0.));
#7936 = ( GEOMETRIC_REPRESENTATION_CONTEXT(2) 
PARAMETRIC_REPRESENTATION_CONTEXT() REPRESENTATION_CONTEXT('2D SPACE',''
  ) );
#7937 = ORIENTED_EDGE('',*,*,#7938,.T.);
#7938 = EDGE_CURVE('',#7910,#7939,#7941,.T.);
#7939 = VERTEX_POINT('',#7940);
#7940 = CARTESIAN_POINT('',(9.360658685586,-0.249999985099,
    -14.10639995541));
#7941 = SURFACE_CURVE('',#7942,(#7947,#7954),.PCURVE_S1.);
#7942 = CIRCLE('',#7943,0.375);
#7943 = AXIS2_PLACEMENT_3D('',#7944,#7945,#7946);
#7944 = CARTESIAN_POINT('',(9.360658685586,-0.249999985099,
    -13.73139995541));
#7945 = DIRECTION('',(6.310887241768E-30,1.,-9.011389889435E-24));
#7946 = DIRECTION('',(-2.22044604925E-16,-9.011389889435E-24,-1.));
#7947 = PCURVE('',#7538,#7948);
#7948 = DEFINITIONAL_REPRESENTATION('',(#7949),#7953);
#7949 = LINE('',#7950,#7951);
#7950 = CARTESIAN_POINT('',(0.,-0.25));
#7951 = VECTOR('',#7952,1.);
#7952 = DIRECTION('',(1.,0.));
#7953 = ( GEOMETRIC_REPRESENTATION_CONTEXT(2) 
PARAMETRIC_REPRESENTATION_CONTEXT() REPRESENTATION_CONTEXT('2D SPACE',''
  ) );
#7954 = PCURVE('',#7955,#7960);
#7955 = PLANE('',#7956);
#7956 = AXIS2_PLACEMENT_3D('',#7957,#7958,#7959);
#7957 = CARTESIAN_POINT('',(1.804158685586,-0.249999985099,
    -6.111399955412));
#7958 = DIRECTION('',(6.310887241768E-30,1.,-9.011389889435E-24));
#7959 = DIRECTION('',(-2.22044604925E-16,-9.011389889435E-24,-1.));
#7960 = DEFINITIONAL_REPRESENTATION('',(#7961),#7965);
#7961 = CIRCLE('',#7962,0.375);
#7962 = AXIS2_PLACEMENT_2D('',#7963,#7964);
#7963 = CARTESIAN_POINT('',(7.62,-7.5565));
#7964 = DIRECTION('',(1.,0.));
#7965 = ( GEOMETRIC_REPRESENTATION_CONTEXT(2) 
PARAMETRIC_REPRESENTATION_CONTEXT() REPRESENTATION_CONTEXT('2D SPACE',''
  ) );
#7966 = ORIENTED_EDGE('',*,*,#7967,.T.);
#7967 = EDGE_CURVE('',#7939,#7879,#7968,.T.);
#7968 = SURFACE_CURVE('',#7969,(#7974,#7981),.PCURVE_S1.);
#7969 = CIRCLE('',#7970,0.375);
#7970 = AXIS2_PLACEMENT_3D('',#7971,#7972,#7973);
#7971 = CARTESIAN_POINT('',(9.360658685586,-0.249999985099,
    -13.73139995541));
#7972 = DIRECTION('',(6.310887241768E-30,1.,-9.011389889435E-24));
#7973 = DIRECTION('',(-2.22044604925E-16,-9.011389889435E-24,-1.));
#7974 = PCURVE('',#7538,#7975);
#7975 = DEFINITIONAL_REPRESENTATION('',(#7976),#7980);
#7976 = LINE('',#7977,#7978);
#7977 = CARTESIAN_POINT('',(6.28318530718,-0.25));
#7978 = VECTOR('',#7979,1.);
#7979 = DIRECTION('',(1.,0.));
#7980 = ( GEOMETRIC_REPRESENTATION_CONTEXT(2) 
PARAMETRIC_REPRESENTATION_CONTEXT() REPRESENTATION_CONTEXT('2D SPACE',''
  ) );
#7981 = PCURVE('',#7982,#7987);
#7982 = PLANE('',#7983);
#7983 = AXIS2_PLACEMENT_3D('',#7984,#7985,#7986);
#7984 = CARTESIAN_POINT('',(1.804158685586,-0.249999985099,
    -6.111399955412));
#7985 = DIRECTION('',(6.310887241768E-30,1.,-9.011389889435E-24));
#7986 = DIRECTION('',(-2.22044604925E-16,-9.011389889435E-24,-1.));
#7987 = DEFINITIONAL_REPRESENTATION('',(#7988),#7992);
#7988 = CIRCLE('',#7989,0.375);
#7989 = AXIS2_PLACEMENT_2D('',#7990,#7991);
#7990 = CARTESIAN_POINT('',(7.62,-7.5565));
#7991 = DIRECTION('',(1.,0.));
#7992 = ( GEOMETRIC_REPRESENTATION_CONTEXT(2) 
PARAMETRIC_REPRESENTATION_CONTEXT() REPRESENTATION_CONTEXT('2D SPACE',''
  ) );
#7993 = ADVANCED_FACE('',(#7994),#7926,.F.);
#7994 = FACE_BOUND('',#7995,.T.);
#7995 = EDGE_LOOP('',(#7996,#8024,#8052,#8073));
#7996 = ORIENTED_EDGE('',*,*,#7997,.T.);
#7997 = EDGE_CURVE('',#7910,#7998,#8000,.T.);
#7998 = VERTEX_POINT('',#7999);
#7999 = CARTESIAN_POINT('',(9.735658685586,-0.249999985099,
    -13.57599995541));
#8000 = SURFACE_CURVE('',#8001,(#8005,#8012),.PCURVE_S1.);
#8001 = LINE('',#8002,#8003);
#8002 = CARTESIAN_POINT('',(9.735658685586,-0.249999985099,
    -9.999099955413));
#8003 = VECTOR('',#8004,1.);
#8004 = DIRECTION('',(2.22044604925E-16,9.011389889435E-24,1.));
#8005 = PCURVE('',#7926,#8006);
#8006 = DEFINITIONAL_REPRESENTATION('',(#8007),#8011);
#8007 = LINE('',#8008,#8009);
#8008 = CARTESIAN_POINT('',(3.8877,-7.9315));
#8009 = VECTOR('',#8010,1.);
#8010 = DIRECTION('',(-1.,2.465190328816E-32));
#8011 = ( GEOMETRIC_REPRESENTATION_CONTEXT(2) 
PARAMETRIC_REPRESENTATION_CONTEXT() REPRESENTATION_CONTEXT('2D SPACE',''
  ) );
#8012 = PCURVE('',#8013,#8018);
#8013 = PLANE('',#8014);
#8014 = AXIS2_PLACEMENT_3D('',#8015,#8016,#8017);
#8015 = CARTESIAN_POINT('',(9.735658685586,-0.249999985099,
    -13.88679995541));
#8016 = DIRECTION('',(-1.,6.310887243769E-30,2.22044604925E-16));
#8017 = DIRECTION('',(2.22044604925E-16,9.011389889435E-24,1.));
#8018 = DEFINITIONAL_REPRESENTATION('',(#8019),#8023);
#8019 = LINE('',#8020,#8021);
#8020 = CARTESIAN_POINT('',(3.8877,-3.503358047316E-23));
#8021 = VECTOR('',#8022,1.);
#8022 = DIRECTION('',(1.,0.));
#8023 = ( GEOMETRIC_REPRESENTATION_CONTEXT(2) 
PARAMETRIC_REPRESENTATION_CONTEXT() REPRESENTATION_CONTEXT('2D SPACE',''
  ) );
#8024 = ORIENTED_EDGE('',*,*,#8025,.T.);
#8025 = EDGE_CURVE('',#7998,#8026,#8028,.T.);
#8026 = VERTEX_POINT('',#8027);
#8027 = CARTESIAN_POINT('',(9.516058685586,-0.249999985099,
    -13.35639995541));
#8028 = SURFACE_CURVE('',#8029,(#8033,#8040),.PCURVE_S1.);
#8029 = LINE('',#8030,#8031);
#8030 = CARTESIAN_POINT('',(5.886633685586,-0.249999985099,
    -9.726974955412));
#8031 = VECTOR('',#8032,1.);
#8032 = DIRECTION('',(-0.707106781187,6.372019361206E-24,0.707106781187)
  );
#8033 = PCURVE('',#7926,#8034);
#8034 = DEFINITIONAL_REPRESENTATION('',(#8035),#8039);
#8035 = LINE('',#8036,#8037);
#8036 = CARTESIAN_POINT('',(3.615575,-4.082475));
#8037 = VECTOR('',#8038,1.);
#8038 = DIRECTION('',(-0.707106781187,0.707106781187));
#8039 = ( GEOMETRIC_REPRESENTATION_CONTEXT(2) 
PARAMETRIC_REPRESENTATION_CONTEXT() REPRESENTATION_CONTEXT('2D SPACE',''
  ) );
#8040 = PCURVE('',#8041,#8046);
#8041 = PLANE('',#8042);
#8042 = AXIS2_PLACEMENT_3D('',#8043,#8044,#8045);
#8043 = CARTESIAN_POINT('',(9.735658685586,-0.249999985099,
    -13.57599995541));
#8044 = DIRECTION('',(-0.707106781187,-6.372010436264E-24,
    -0.707106781187));
#8045 = DIRECTION('',(-0.707106781187,6.372019361206E-24,0.707106781187)
  );
#8046 = DEFINITIONAL_REPRESENTATION('',(#8047),#8051);
#8047 = LINE('',#8048,#8049);
#8048 = CARTESIAN_POINT('',(5.443343356913,-3.468508925994E-23));
#8049 = VECTOR('',#8050,1.);
#8050 = DIRECTION('',(1.,5.589537798604E-40));
#8051 = ( GEOMETRIC_REPRESENTATION_CONTEXT(2) 
PARAMETRIC_REPRESENTATION_CONTEXT() REPRESENTATION_CONTEXT('2D SPACE',''
  ) );
#8052 = ORIENTED_EDGE('',*,*,#8053,.T.);
#8053 = EDGE_CURVE('',#8026,#7800,#8054,.T.);
#8054 = SURFACE_CURVE('',#8055,(#8059,#8066),.PCURVE_S1.);
#8055 = LINE('',#8056,#8057);
#8056 = CARTESIAN_POINT('',(5.660108681395,-0.249999985099,
    -13.35639995541));
#8057 = VECTOR('',#8058,1.);
#8058 = DIRECTION('',(-1.,6.310887243769E-30,2.22044604925E-16));
#8059 = PCURVE('',#7926,#8060);
#8060 = DEFINITIONAL_REPRESENTATION('',(#8061),#8065);
#8061 = LINE('',#8062,#8063);
#8062 = CARTESIAN_POINT('',(7.245,-3.855949995808));
#8063 = VECTOR('',#8064,1.);
#8064 = DIRECTION('',(2.465190328816E-32,1.));
#8065 = ( GEOMETRIC_REPRESENTATION_CONTEXT(2) 
PARAMETRIC_REPRESENTATION_CONTEXT() REPRESENTATION_CONTEXT('2D SPACE',''
  ) );
#8066 = PCURVE('',#7864,#8067);
#8067 = DEFINITIONAL_REPRESENTATION('',(#8068),#8072);
#8068 = LINE('',#8069,#8070);
#8069 = CARTESIAN_POINT('',(3.855949995808,-2.433446563344E-29));
#8070 = VECTOR('',#8071,1.);
#8071 = DIRECTION('',(1.,3.849659890377E-46));
#8072 = ( GEOMETRIC_REPRESENTATION_CONTEXT(2) 
PARAMETRIC_REPRESENTATION_CONTEXT() REPRESENTATION_CONTEXT('2D SPACE',''
  ) );
#8073 = ORIENTED_EDGE('',*,*,#7909,.T.);
#8074 = ADVANCED_FACE('',(#8075),#8041,.F.);
#8075 = FACE_BOUND('',#8076,.T.);
#8076 = EDGE_LOOP('',(#8077,#8078,#8101,#8129));
#8077 = ORIENTED_EDGE('',*,*,#8025,.F.);
#8078 = ORIENTED_EDGE('',*,*,#8079,.T.);
#8079 = EDGE_CURVE('',#7998,#8080,#8082,.T.);
#8080 = VERTEX_POINT('',#8081);
#8081 = CARTESIAN_POINT('',(9.735658685586,-0.239999985099,
    -13.57599995541));
#8082 = SURFACE_CURVE('',#8083,(#8087,#8094),.PCURVE_S1.);
#8083 = LINE('',#8084,#8085);
#8084 = CARTESIAN_POINT('',(9.735658685586,-0.249999985099,
    -13.57599995541));
#8085 = VECTOR('',#8086,1.);
#8086 = DIRECTION('',(6.310887241768E-30,1.,-9.011389889435E-24));
#8087 = PCURVE('',#8041,#8088);
#8088 = DEFINITIONAL_REPRESENTATION('',(#8089),#8093);
#8089 = LINE('',#8090,#8091);
#8090 = CARTESIAN_POINT('',(0.,0.));
#8091 = VECTOR('',#8092,1.);
#8092 = DIRECTION('',(-1.949414192059E-39,1.));
#8093 = ( GEOMETRIC_REPRESENTATION_CONTEXT(2) 
PARAMETRIC_REPRESENTATION_CONTEXT() REPRESENTATION_CONTEXT('2D SPACE',''
  ) );
#8094 = PCURVE('',#8013,#8095);
#8095 = DEFINITIONAL_REPRESENTATION('',(#8096),#8100);
#8096 = LINE('',#8097,#8098);
#8097 = CARTESIAN_POINT('',(0.3108,-2.800739977636E-24));
#8098 = VECTOR('',#8099,1.);
#8099 = DIRECTION('',(0.,1.));
#8100 = ( GEOMETRIC_REPRESENTATION_CONTEXT(2) 
PARAMETRIC_REPRESENTATION_CONTEXT() REPRESENTATION_CONTEXT('2D SPACE',''
  ) );
#8101 = ORIENTED_EDGE('',*,*,#8102,.T.);
#8102 = EDGE_CURVE('',#8080,#8103,#8105,.T.);
#8103 = VERTEX_POINT('',#8104);
#8104 = CARTESIAN_POINT('',(9.516058685586,-0.239999985099,
    -13.35639995541));
#8105 = SURFACE_CURVE('',#8106,(#8110,#8117),.PCURVE_S1.);
#8106 = LINE('',#8107,#8108);
#8107 = CARTESIAN_POINT('',(9.735658685586,-0.239999985099,
    -13.57599995541));
#8108 = VECTOR('',#8109,1.);
#8109 = DIRECTION('',(-0.707106781187,6.372019361206E-24,0.707106781187)
  );
#8110 = PCURVE('',#8041,#8111);
#8111 = DEFINITIONAL_REPRESENTATION('',(#8112),#8116);
#8112 = LINE('',#8113,#8114);
#8113 = CARTESIAN_POINT('',(6.372019361206E-26,1.E-02));
#8114 = VECTOR('',#8115,1.);
#8115 = DIRECTION('',(1.,5.589537798604E-40));
#8116 = ( GEOMETRIC_REPRESENTATION_CONTEXT(2) 
PARAMETRIC_REPRESENTATION_CONTEXT() REPRESENTATION_CONTEXT('2D SPACE',''
  ) );
#8117 = PCURVE('',#8118,#8123);
#8118 = PLANE('',#8119);
#8119 = AXIS2_PLACEMENT_3D('',#8120,#8121,#8122);
#8120 = CARTESIAN_POINT('',(1.804158685586,-0.239999985099,
    -6.111399955412));
#8121 = DIRECTION('',(6.310887241768E-30,1.,-9.011389889435E-24));
#8122 = DIRECTION('',(-2.22044604925E-16,-9.011389889435E-24,-1.));
#8123 = DEFINITIONAL_REPRESENTATION('',(#8124),#8128);
#8124 = LINE('',#8125,#8126);
#8125 = CARTESIAN_POINT('',(7.4646,-7.9315));
#8126 = VECTOR('',#8127,1.);
#8127 = DIRECTION('',(-0.707106781187,0.707106781187));
#8128 = ( GEOMETRIC_REPRESENTATION_CONTEXT(2) 
PARAMETRIC_REPRESENTATION_CONTEXT() REPRESENTATION_CONTEXT('2D SPACE',''
  ) );
#8129 = ORIENTED_EDGE('',*,*,#8130,.F.);
#8130 = EDGE_CURVE('',#8026,#8103,#8131,.T.);
#8131 = SURFACE_CURVE('',#8132,(#8136,#8143),.PCURVE_S1.);
#8132 = LINE('',#8133,#8134);
#8133 = CARTESIAN_POINT('',(9.516058685586,-0.249999985099,
    -13.35639995541));
#8134 = VECTOR('',#8135,1.);
#8135 = DIRECTION('',(6.310887241768E-30,1.,-9.011389889435E-24));
#8136 = PCURVE('',#8041,#8137);
#8137 = DEFINITIONAL_REPRESENTATION('',(#8138),#8142);
#8138 = LINE('',#8139,#8140);
#8139 = CARTESIAN_POINT('',(0.310561298297,-1.978902605591E-24));
#8140 = VECTOR('',#8141,1.);
#8141 = DIRECTION('',(-1.949414192059E-39,1.));
#8142 = ( GEOMETRIC_REPRESENTATION_CONTEXT(2) 
PARAMETRIC_REPRESENTATION_CONTEXT() REPRESENTATION_CONTEXT('2D SPACE',''
  ) );
#8143 = PCURVE('',#7864,#8144);
#8144 = DEFINITIONAL_REPRESENTATION('',(#8145),#8149);
#8145 = LINE('',#8146,#8147);
#8146 = CARTESIAN_POINT('',(-8.383839400494E-09,5.290946510961E-38));
#8147 = VECTOR('',#8148,1.);
#8148 = DIRECTION('',(8.792756774987E-45,1.));
#8149 = ( GEOMETRIC_REPRESENTATION_CONTEXT(2) 
PARAMETRIC_REPRESENTATION_CONTEXT() REPRESENTATION_CONTEXT('2D SPACE',''
  ) );
#8150 = ADVANCED_FACE('',(#8151,#8297),#8118,.F.);
#8151 = FACE_BOUND('',#8152,.T.);
#8152 = EDGE_LOOP('',(#8153,#8178,#8201,#8229,#8252,#8275));
#8153 = ORIENTED_EDGE('',*,*,#8154,.F.);
#8154 = EDGE_CURVE('',#8155,#8157,#8159,.T.);
#8155 = VERTEX_POINT('',#8156);
#8156 = CARTESIAN_POINT('',(8.598658685586,-0.239999985099,
    -15.00139995541));
#8157 = VERTEX_POINT('',#8158);
#8158 = CARTESIAN_POINT('',(8.598658685586,-0.239999985099,
    -13.66789995541));
#8159 = SURFACE_CURVE('',#8160,(#8164,#8171),.PCURVE_S1.);
#8160 = LINE('',#8161,#8162);
#8161 = CARTESIAN_POINT('',(8.598658685586,-0.239999985099,
    -15.00139995541));
#8162 = VECTOR('',#8163,1.);
#8163 = DIRECTION('',(2.22044604925E-16,9.011389889435E-24,1.));
#8164 = PCURVE('',#8118,#8165);
#8165 = DEFINITIONAL_REPRESENTATION('',(#8166),#8170);
#8166 = LINE('',#8167,#8168);
#8167 = CARTESIAN_POINT('',(8.89,-6.7945));
#8168 = VECTOR('',#8169,1.);
#8169 = DIRECTION('',(-1.,2.465190328816E-32));
#8170 = ( GEOMETRIC_REPRESENTATION_CONTEXT(2) 
PARAMETRIC_REPRESENTATION_CONTEXT() REPRESENTATION_CONTEXT('2D SPACE',''
  ) );
#8171 = PCURVE('',#1826,#8172);
#8172 = DEFINITIONAL_REPRESENTATION('',(#8173),#8177);
#8173 = LINE('',#8174,#8175);
#8174 = CARTESIAN_POINT('',(9.011389889435E-26,1.E-02));
#8175 = VECTOR('',#8176,1.);
#8176 = DIRECTION('',(1.,0.));
#8177 = ( GEOMETRIC_REPRESENTATION_CONTEXT(2) 
PARAMETRIC_REPRESENTATION_CONTEXT() REPRESENTATION_CONTEXT('2D SPACE',''
  ) );
#8178 = ORIENTED_EDGE('',*,*,#8179,.F.);
#8179 = EDGE_CURVE('',#8180,#8155,#8182,.T.);
#8180 = VERTEX_POINT('',#8181);
#8181 = CARTESIAN_POINT('',(9.043158685586,-0.239999985099,
    -15.00139995541));
#8182 = SURFACE_CURVE('',#8183,(#8187,#8194),.PCURVE_S1.);
#8183 = LINE('',#8184,#8185);
#8184 = CARTESIAN_POINT('',(5.423658685586,-0.239999985099,
    -15.00139995541));
#8185 = VECTOR('',#8186,1.);
#8186 = DIRECTION('',(-1.,6.310887243769E-30,2.22044604925E-16));
#8187 = PCURVE('',#8118,#8188);
#8188 = DEFINITIONAL_REPRESENTATION('',(#8189),#8193);
#8189 = LINE('',#8190,#8191);
#8190 = CARTESIAN_POINT('',(8.89,-3.6195));
#8191 = VECTOR('',#8192,1.);
#8192 = DIRECTION('',(2.465190328816E-32,1.));
#8193 = ( GEOMETRIC_REPRESENTATION_CONTEXT(2) 
PARAMETRIC_REPRESENTATION_CONTEXT() REPRESENTATION_CONTEXT('2D SPACE',''
  ) );
#8194 = PCURVE('',#1798,#8195);
#8195 = DEFINITIONAL_REPRESENTATION('',(#8196),#8200);
#8196 = LINE('',#8197,#8198);
#8197 = CARTESIAN_POINT('',(4.953,-0.24));
#8198 = VECTOR('',#8199,1.);
#8199 = DIRECTION('',(1.,6.310887243769E-30));
#8200 = ( GEOMETRIC_REPRESENTATION_CONTEXT(2) 
PARAMETRIC_REPRESENTATION_CONTEXT() REPRESENTATION_CONTEXT('2D SPACE',''
  ) );
#8201 = ORIENTED_EDGE('',*,*,#8202,.F.);
#8202 = EDGE_CURVE('',#8203,#8180,#8205,.T.);
#8203 = VERTEX_POINT('',#8204);
#8204 = CARTESIAN_POINT('',(9.678158685586,-0.239999985099,
    -15.00139995541));
#8205 = SURFACE_CURVE('',#8206,(#8211,#8222),.PCURVE_S1.);
#8206 = CIRCLE('',#8207,0.3175);
#8207 = AXIS2_PLACEMENT_3D('',#8208,#8209,#8210);
#8208 = CARTESIAN_POINT('',(9.360658685586,-0.239999985099,
    -15.00139995541));
#8209 = DIRECTION('',(-6.310887241768E-30,-1.,9.011389889435E-24));
#8210 = DIRECTION('',(2.22044604925E-16,9.011389889435E-24,1.));
#8211 = PCURVE('',#8118,#8212);
#8212 = DEFINITIONAL_REPRESENTATION('',(#8213),#8221);
#8213 = ( BOUNDED_CURVE() B_SPLINE_CURVE(2,(#8214,#8215,#8216,#8217,
#8218,#8219,#8220),.UNSPECIFIED.,.T.,.F.) B_SPLINE_CURVE_WITH_KNOTS((1,2
    ,2,2,2,1),(-2.094395102393,0.,2.094395102393,4.188790204786,
6.28318530718,8.377580409573),.UNSPECIFIED.) CURVE() 
GEOMETRIC_REPRESENTATION_ITEM() RATIONAL_B_SPLINE_CURVE((1.,0.5,1.,0.5,
1.,0.5,1.)) REPRESENTATION_ITEM('') );
#8214 = CARTESIAN_POINT('',(8.5725,-7.5565));
#8215 = CARTESIAN_POINT('',(8.5725,-7.006573868597));
#8216 = CARTESIAN_POINT('',(9.04875,-7.281536934298));
#8217 = CARTESIAN_POINT('',(9.525,-7.5565));
#8218 = CARTESIAN_POINT('',(9.04875,-7.831463065702));
#8219 = CARTESIAN_POINT('',(8.5725,-8.106426131403));
#8220 = CARTESIAN_POINT('',(8.5725,-7.5565));
#8221 = ( GEOMETRIC_REPRESENTATION_CONTEXT(2) 
PARAMETRIC_REPRESENTATION_CONTEXT() REPRESENTATION_CONTEXT('2D SPACE',''
  ) );
#8222 = PCURVE('',#5720,#8223);
#8223 = DEFINITIONAL_REPRESENTATION('',(#8224),#8228);
#8224 = LINE('',#8225,#8226);
#8225 = CARTESIAN_POINT('',(6.28318530718,-0.24));
#8226 = VECTOR('',#8227,1.);
#8227 = DIRECTION('',(-1.,0.));
#8228 = ( GEOMETRIC_REPRESENTATION_CONTEXT(2) 
PARAMETRIC_REPRESENTATION_CONTEXT() REPRESENTATION_CONTEXT('2D SPACE',''
  ) );
#8229 = ORIENTED_EDGE('',*,*,#8230,.F.);
#8230 = EDGE_CURVE('',#8231,#8203,#8233,.T.);
#8231 = VERTEX_POINT('',#8232);
#8232 = CARTESIAN_POINT('',(10.122658685586,-0.239999985099,
    -15.00139995541));
#8233 = SURFACE_CURVE('',#8234,(#8238,#8245),.PCURVE_S1.);
#8234 = LINE('',#8235,#8236);
#8235 = CARTESIAN_POINT('',(6.090408685586,-0.239999985099,
    -15.00139995541));
#8236 = VECTOR('',#8237,1.);
#8237 = DIRECTION('',(-1.,6.310887243769E-30,2.22044604925E-16));
#8238 = PCURVE('',#8118,#8239);
#8239 = DEFINITIONAL_REPRESENTATION('',(#8240),#8244);
#8240 = LINE('',#8241,#8242);
#8241 = CARTESIAN_POINT('',(8.89,-4.28625));
#8242 = VECTOR('',#8243,1.);
#8243 = DIRECTION('',(2.465190328816E-32,1.));
#8244 = ( GEOMETRIC_REPRESENTATION_CONTEXT(2) 
PARAMETRIC_REPRESENTATION_CONTEXT() REPRESENTATION_CONTEXT('2D SPACE',''
  ) );
#8245 = PCURVE('',#1911,#8246);
#8246 = DEFINITIONAL_REPRESENTATION('',(#8247),#8251);
#8247 = LINE('',#8248,#8249);
#8248 = CARTESIAN_POINT('',(4.28625,-0.24));
#8249 = VECTOR('',#8250,1.);
#8250 = DIRECTION('',(1.,6.310887243769E-30));
#8251 = ( GEOMETRIC_REPRESENTATION_CONTEXT(2) 
PARAMETRIC_REPRESENTATION_CONTEXT() REPRESENTATION_CONTEXT('2D SPACE',''
  ) );
#8252 = ORIENTED_EDGE('',*,*,#8253,.F.);
#8253 = EDGE_CURVE('',#8254,#8231,#8256,.T.);
#8254 = VERTEX_POINT('',#8255);
#8255 = CARTESIAN_POINT('',(10.122658685586,-0.239999985099,
    -13.66789995541));
#8256 = SURFACE_CURVE('',#8257,(#8261,#8268),.PCURVE_S1.);
#8257 = LINE('',#8258,#8259);
#8258 = CARTESIAN_POINT('',(10.122658685586,-0.239999985099,
    -13.66789995541));
#8259 = VECTOR('',#8260,1.);
#8260 = DIRECTION('',(-1.054607802994E-15,-9.011389889435E-24,-1.));
#8261 = PCURVE('',#8118,#8262);
#8262 = DEFINITIONAL_REPRESENTATION('',(#8263),#8267);
#8263 = LINE('',#8264,#8265);
#8264 = CARTESIAN_POINT('',(7.5565,-8.3185));
#8265 = VECTOR('',#8266,1.);
#8266 = DIRECTION('',(1.,8.325631980691E-16));
#8267 = ( GEOMETRIC_REPRESENTATION_CONTEXT(2) 
PARAMETRIC_REPRESENTATION_CONTEXT() REPRESENTATION_CONTEXT('2D SPACE',''
  ) );
#8268 = PCURVE('',#1883,#8269);
#8269 = DEFINITIONAL_REPRESENTATION('',(#8270),#8274);
#8270 = LINE('',#8271,#8272);
#8271 = CARTESIAN_POINT('',(-9.011389889435E-26,1.E-02));
#8272 = VECTOR('',#8273,1.);
#8273 = DIRECTION('',(1.,0.));
#8274 = ( GEOMETRIC_REPRESENTATION_CONTEXT(2) 
PARAMETRIC_REPRESENTATION_CONTEXT() REPRESENTATION_CONTEXT('2D SPACE',''
  ) );
#8275 = ORIENTED_EDGE('',*,*,#8276,.F.);
#8276 = EDGE_CURVE('',#8157,#8254,#8277,.T.);
#8277 = SURFACE_CURVE('',#8278,(#8283,#8290),.PCURVE_S1.);
#8278 = CIRCLE('',#8279,0.764886363636);
#8279 = AXIS2_PLACEMENT_3D('',#8280,#8281,#8282);
#8280 = CARTESIAN_POINT('',(9.360658685586,-0.239999985099,
    -13.73428631904));
#8281 = DIRECTION('',(6.310887241768E-30,1.,-9.011389889435E-24));
#8282 = DIRECTION('',(-2.22044604925E-16,-9.011389889435E-24,-1.));
#8283 = PCURVE('',#8118,#8284);
#8284 = DEFINITIONAL_REPRESENTATION('',(#8285),#8289);
#8285 = CIRCLE('',#8286,0.764886363636);
#8286 = AXIS2_PLACEMENT_2D('',#8287,#8288);
#8287 = CARTESIAN_POINT('',(7.622886363636,-7.5565));
#8288 = DIRECTION('',(1.,0.));
#8289 = ( GEOMETRIC_REPRESENTATION_CONTEXT(2) 
PARAMETRIC_REPRESENTATION_CONTEXT() REPRESENTATION_CONTEXT('2D SPACE',''
  ) );
#8290 = PCURVE('',#1855,#8291);
#8291 = DEFINITIONAL_REPRESENTATION('',(#8292),#8296);
#8292 = LINE('',#8293,#8294);
#8293 = CARTESIAN_POINT('',(3.14159265359,1.E-02));
#8294 = VECTOR('',#8295,1.);
#8295 = DIRECTION('',(1.,0.));
#8296 = ( GEOMETRIC_REPRESENTATION_CONTEXT(2) 
PARAMETRIC_REPRESENTATION_CONTEXT() REPRESENTATION_CONTEXT('2D SPACE',''
  ) );
#8297 = FACE_BOUND('',#8298,.T.);
#8298 = EDGE_LOOP('',(#8299,#8320,#8321,#8344,#8372,#8400,#8428,#8456,
    #8484,#8512,#8540,#8568));
#8299 = ORIENTED_EDGE('',*,*,#8300,.F.);
#8300 = EDGE_CURVE('',#8103,#7798,#8301,.T.);
#8301 = SURFACE_CURVE('',#8302,(#8306,#8313),.PCURVE_S1.);
#8302 = LINE('',#8303,#8304);
#8303 = CARTESIAN_POINT('',(9.516058685586,-0.239999985099,
    -13.35639995541));
#8304 = VECTOR('',#8305,1.);
#8305 = DIRECTION('',(-1.,6.310887243769E-30,2.22044604925E-16));
#8306 = PCURVE('',#8118,#8307);
#8307 = DEFINITIONAL_REPRESENTATION('',(#8308),#8312);
#8308 = LINE('',#8309,#8310);
#8309 = CARTESIAN_POINT('',(7.245,-7.7119));
#8310 = VECTOR('',#8311,1.);
#8311 = DIRECTION('',(2.465190328816E-32,1.));
#8312 = ( GEOMETRIC_REPRESENTATION_CONTEXT(2) 
PARAMETRIC_REPRESENTATION_CONTEXT() REPRESENTATION_CONTEXT('2D SPACE',''
  ) );
#8313 = PCURVE('',#7864,#8314);
#8314 = DEFINITIONAL_REPRESENTATION('',(#8315),#8319);
#8315 = LINE('',#8316,#8317);
#8316 = CARTESIAN_POINT('',(-8.383839400494E-09,1.E-02));
#8317 = VECTOR('',#8318,1.);
#8318 = DIRECTION('',(1.,3.849659890377E-46));
#8319 = ( GEOMETRIC_REPRESENTATION_CONTEXT(2) 
PARAMETRIC_REPRESENTATION_CONTEXT() REPRESENTATION_CONTEXT('2D SPACE',''
  ) );
#8320 = ORIENTED_EDGE('',*,*,#8102,.F.);
#8321 = ORIENTED_EDGE('',*,*,#8322,.F.);
#8322 = EDGE_CURVE('',#8323,#8080,#8325,.T.);
#8323 = VERTEX_POINT('',#8324);
#8324 = CARTESIAN_POINT('',(9.735658685586,-0.239999985099,
    -13.73139995541));
#8325 = SURFACE_CURVE('',#8326,(#8330,#8337),.PCURVE_S1.);
#8326 = LINE('',#8327,#8328);
#8327 = CARTESIAN_POINT('',(9.735658685586,-0.239999985099,
    -13.88679995541));
#8328 = VECTOR('',#8329,1.);
#8329 = DIRECTION('',(2.22044604925E-16,9.011389889435E-24,1.));
#8330 = PCURVE('',#8118,#8331);
#8331 = DEFINITIONAL_REPRESENTATION('',(#8332),#8336);
#8332 = LINE('',#8333,#8334);
#8333 = CARTESIAN_POINT('',(7.7754,-7.9315));
#8334 = VECTOR('',#8335,1.);
#8335 = DIRECTION('',(-1.,2.465190328816E-32));
#8336 = ( GEOMETRIC_REPRESENTATION_CONTEXT(2) 
PARAMETRIC_REPRESENTATION_CONTEXT() REPRESENTATION_CONTEXT('2D SPACE',''
  ) );
#8337 = PCURVE('',#8013,#8338);
#8338 = DEFINITIONAL_REPRESENTATION('',(#8339),#8343);
#8339 = LINE('',#8340,#8341);
#8340 = CARTESIAN_POINT('',(9.011389889435E-26,1.E-02));
#8341 = VECTOR('',#8342,1.);
#8342 = DIRECTION('',(1.,0.));
#8343 = ( GEOMETRIC_REPRESENTATION_CONTEXT(2) 
PARAMETRIC_REPRESENTATION_CONTEXT() REPRESENTATION_CONTEXT('2D SPACE',''
  ) );
#8344 = ORIENTED_EDGE('',*,*,#8345,.F.);
#8345 = EDGE_CURVE('',#8346,#8323,#8348,.T.);
#8346 = VERTEX_POINT('',#8347);
#8347 = CARTESIAN_POINT('',(9.735658685586,-0.239999985099,
    -13.88679995541));
#8348 = SURFACE_CURVE('',#8349,(#8353,#8360),.PCURVE_S1.);
#8349 = LINE('',#8350,#8351);
#8350 = CARTESIAN_POINT('',(9.735658685586,-0.239999985099,
    -13.88679995541));
#8351 = VECTOR('',#8352,1.);
#8352 = DIRECTION('',(2.22044604925E-16,9.011389889435E-24,1.));
#8353 = PCURVE('',#8118,#8354);
#8354 = DEFINITIONAL_REPRESENTATION('',(#8355),#8359);
#8355 = LINE('',#8356,#8357);
#8356 = CARTESIAN_POINT('',(7.7754,-7.9315));
#8357 = VECTOR('',#8358,1.);
#8358 = DIRECTION('',(-1.,2.465190328816E-32));
#8359 = ( GEOMETRIC_REPRESENTATION_CONTEXT(2) 
PARAMETRIC_REPRESENTATION_CONTEXT() REPRESENTATION_CONTEXT('2D SPACE',''
  ) );
#8360 = PCURVE('',#8361,#8366);
#8361 = PLANE('',#8362);
#8362 = AXIS2_PLACEMENT_3D('',#8363,#8364,#8365);
#8363 = CARTESIAN_POINT('',(9.735658685586,-0.249999985099,
    -13.88679995541));
#8364 = DIRECTION('',(-1.,6.310887243769E-30,2.22044604925E-16));
#8365 = DIRECTION('',(2.22044604925E-16,9.011389889435E-24,1.));
#8366 = DEFINITIONAL_REPRESENTATION('',(#8367),#8371);
#8367 = LINE('',#8368,#8369);
#8368 = CARTESIAN_POINT('',(9.011389889435E-26,1.E-02));
#8369 = VECTOR('',#8370,1.);
#8370 = DIRECTION('',(1.,0.));
#8371 = ( GEOMETRIC_REPRESENTATION_CONTEXT(2) 
PARAMETRIC_REPRESENTATION_CONTEXT() REPRESENTATION_CONTEXT('2D SPACE',''
  ) );
#8372 = ORIENTED_EDGE('',*,*,#8373,.F.);
#8373 = EDGE_CURVE('',#8374,#8346,#8376,.T.);
#8374 = VERTEX_POINT('',#8375);
#8375 = CARTESIAN_POINT('',(9.516058685586,-0.239999985099,
    -14.10639995541));
#8376 = SURFACE_CURVE('',#8377,(#8381,#8388),.PCURVE_S1.);
#8377 = LINE('',#8378,#8379);
#8378 = CARTESIAN_POINT('',(9.516058685586,-0.239999985099,
    -14.10639995541));
#8379 = VECTOR('',#8380,1.);
#8380 = DIRECTION('',(0.707106781187,6.372010436264E-24,0.707106781187)
  );
#8381 = PCURVE('',#8118,#8382);
#8382 = DEFINITIONAL_REPRESENTATION('',(#8383),#8387);
#8383 = LINE('',#8384,#8385);
#8384 = CARTESIAN_POINT('',(7.995,-7.7119));
#8385 = VECTOR('',#8386,1.);
#8386 = DIRECTION('',(-0.707106781187,-0.707106781187));
#8387 = ( GEOMETRIC_REPRESENTATION_CONTEXT(2) 
PARAMETRIC_REPRESENTATION_CONTEXT() REPRESENTATION_CONTEXT('2D SPACE',''
  ) );
#8388 = PCURVE('',#8389,#8394);
#8389 = PLANE('',#8390);
#8390 = AXIS2_PLACEMENT_3D('',#8391,#8392,#8393);
#8391 = CARTESIAN_POINT('',(9.516058685586,-0.249999985099,
    -14.10639995541));
#8392 = DIRECTION('',(-0.707106781187,6.372019361206E-24,0.707106781187)
  );
#8393 = DIRECTION('',(0.707106781187,6.372010436264E-24,0.707106781187)
  );
#8394 = DEFINITIONAL_REPRESENTATION('',(#8395),#8399);
#8395 = LINE('',#8396,#8397);
#8396 = CARTESIAN_POINT('',(6.372010436264E-26,1.E-02));
#8397 = VECTOR('',#8398,1.);
#8398 = DIRECTION('',(1.,7.469334339057E-40));
#8399 = ( GEOMETRIC_REPRESENTATION_CONTEXT(2) 
PARAMETRIC_REPRESENTATION_CONTEXT() REPRESENTATION_CONTEXT('2D SPACE',''
  ) );
#8400 = ORIENTED_EDGE('',*,*,#8401,.F.);
#8401 = EDGE_CURVE('',#8402,#8374,#8404,.T.);
#8402 = VERTEX_POINT('',#8403);
#8403 = CARTESIAN_POINT('',(9.360658685586,-0.239999985099,
    -14.10639995541));
#8404 = SURFACE_CURVE('',#8405,(#8409,#8416),.PCURVE_S1.);
#8405 = LINE('',#8406,#8407);
#8406 = CARTESIAN_POINT('',(9.205258685586,-0.239999985099,
    -14.10639995541));
#8407 = VECTOR('',#8408,1.);
#8408 = DIRECTION('',(1.,-6.310887243769E-30,-2.22044604925E-16));
#8409 = PCURVE('',#8118,#8410);
#8410 = DEFINITIONAL_REPRESENTATION('',(#8411),#8415);
#8411 = LINE('',#8412,#8413);
#8412 = CARTESIAN_POINT('',(7.995,-7.4011));
#8413 = VECTOR('',#8414,1.);
#8414 = DIRECTION('',(-2.465190328816E-32,-1.));
#8415 = ( GEOMETRIC_REPRESENTATION_CONTEXT(2) 
PARAMETRIC_REPRESENTATION_CONTEXT() REPRESENTATION_CONTEXT('2D SPACE',''
  ) );
#8416 = PCURVE('',#8417,#8422);
#8417 = PLANE('',#8418);
#8418 = AXIS2_PLACEMENT_3D('',#8419,#8420,#8421);
#8419 = CARTESIAN_POINT('',(9.205258685586,-0.249999985099,
    -14.10639995541));
#8420 = DIRECTION('',(2.22044604925E-16,9.011389889435E-24,1.));
#8421 = DIRECTION('',(1.,-6.310887243769E-30,-2.22044604925E-16));
#8422 = DEFINITIONAL_REPRESENTATION('',(#8423),#8427);
#8423 = LINE('',#8424,#8425);
#8424 = CARTESIAN_POINT('',(-6.310887243769E-32,1.E-02));
#8425 = VECTOR('',#8426,1.);
#8426 = DIRECTION('',(1.,-3.849659890377E-46));
#8427 = ( GEOMETRIC_REPRESENTATION_CONTEXT(2) 
PARAMETRIC_REPRESENTATION_CONTEXT() REPRESENTATION_CONTEXT('2D SPACE',''
  ) );
#8428 = ORIENTED_EDGE('',*,*,#8429,.F.);
#8429 = EDGE_CURVE('',#8430,#8402,#8432,.T.);
#8430 = VERTEX_POINT('',#8431);
#8431 = CARTESIAN_POINT('',(9.205258685586,-0.239999985099,
    -14.10639995541));
#8432 = SURFACE_CURVE('',#8433,(#8437,#8444),.PCURVE_S1.);
#8433 = LINE('',#8434,#8435);
#8434 = CARTESIAN_POINT('',(9.205258685586,-0.239999985099,
    -14.10639995541));
#8435 = VECTOR('',#8436,1.);
#8436 = DIRECTION('',(1.,-6.310887243769E-30,-2.22044604925E-16));
#8437 = PCURVE('',#8118,#8438);
#8438 = DEFINITIONAL_REPRESENTATION('',(#8439),#8443);
#8439 = LINE('',#8440,#8441);
#8440 = CARTESIAN_POINT('',(7.995,-7.4011));
#8441 = VECTOR('',#8442,1.);
#8442 = DIRECTION('',(-2.465190328816E-32,-1.));
#8443 = ( GEOMETRIC_REPRESENTATION_CONTEXT(2) 
PARAMETRIC_REPRESENTATION_CONTEXT() REPRESENTATION_CONTEXT('2D SPACE',''
  ) );
#8444 = PCURVE('',#8445,#8450);
#8445 = PLANE('',#8446);
#8446 = AXIS2_PLACEMENT_3D('',#8447,#8448,#8449);
#8447 = CARTESIAN_POINT('',(9.205258685586,-0.249999985099,
    -14.10639995541));
#8448 = DIRECTION('',(2.22044604925E-16,9.011389889435E-24,1.));
#8449 = DIRECTION('',(1.,-6.310887243769E-30,-2.22044604925E-16));
#8450 = DEFINITIONAL_REPRESENTATION('',(#8451),#8455);
#8451 = LINE('',#8452,#8453);
#8452 = CARTESIAN_POINT('',(-6.310887243769E-32,1.E-02));
#8453 = VECTOR('',#8454,1.);
#8454 = DIRECTION('',(1.,-3.849659890377E-46));
#8455 = ( GEOMETRIC_REPRESENTATION_CONTEXT(2) 
PARAMETRIC_REPRESENTATION_CONTEXT() REPRESENTATION_CONTEXT('2D SPACE',''
  ) );
#8456 = ORIENTED_EDGE('',*,*,#8457,.F.);
#8457 = EDGE_CURVE('',#8458,#8430,#8460,.T.);
#8458 = VERTEX_POINT('',#8459);
#8459 = CARTESIAN_POINT('',(8.985658685586,-0.239999985099,
    -13.88679995541));
#8460 = SURFACE_CURVE('',#8461,(#8465,#8472),.PCURVE_S1.);
#8461 = LINE('',#8462,#8463);
#8462 = CARTESIAN_POINT('',(8.985658685586,-0.239999985099,
    -13.88679995541));
#8463 = VECTOR('',#8464,1.);
#8464 = DIRECTION('',(0.707106781187,-6.372019361206E-24,-0.707106781187
    ));
#8465 = PCURVE('',#8118,#8466);
#8466 = DEFINITIONAL_REPRESENTATION('',(#8467),#8471);
#8467 = LINE('',#8468,#8469);
#8468 = CARTESIAN_POINT('',(7.7754,-7.1815));
#8469 = VECTOR('',#8470,1.);
#8470 = DIRECTION('',(0.707106781187,-0.707106781187));
#8471 = ( GEOMETRIC_REPRESENTATION_CONTEXT(2) 
PARAMETRIC_REPRESENTATION_CONTEXT() REPRESENTATION_CONTEXT('2D SPACE',''
  ) );
#8472 = PCURVE('',#8473,#8478);
#8473 = PLANE('',#8474);
#8474 = AXIS2_PLACEMENT_3D('',#8475,#8476,#8477);
#8475 = CARTESIAN_POINT('',(8.985658685586,-0.249999985099,
    -13.88679995541));
#8476 = DIRECTION('',(0.707106781187,6.372010436264E-24,0.707106781187)
  );
#8477 = DIRECTION('',(0.707106781187,-6.372019361206E-24,-0.707106781187
    ));
#8478 = DEFINITIONAL_REPRESENTATION('',(#8479),#8483);
#8479 = LINE('',#8480,#8481);
#8480 = CARTESIAN_POINT('',(-6.372019361206E-26,1.E-02));
#8481 = VECTOR('',#8482,1.);
#8482 = DIRECTION('',(1.,4.159222255571E-40));
#8483 = ( GEOMETRIC_REPRESENTATION_CONTEXT(2) 
PARAMETRIC_REPRESENTATION_CONTEXT() REPRESENTATION_CONTEXT('2D SPACE',''
  ) );
#8484 = ORIENTED_EDGE('',*,*,#8485,.F.);
#8485 = EDGE_CURVE('',#8486,#8458,#8488,.T.);
#8486 = VERTEX_POINT('',#8487);
#8487 = CARTESIAN_POINT('',(8.985658685586,-0.239999985099,
    -13.73139995541));
#8488 = SURFACE_CURVE('',#8489,(#8493,#8500),.PCURVE_S1.);
#8489 = LINE('',#8490,#8491);
#8490 = CARTESIAN_POINT('',(8.985658685586,-0.239999985099,
    -13.57599995541));
#8491 = VECTOR('',#8492,1.);
#8492 = DIRECTION('',(-2.22044604925E-16,-9.011389889435E-24,-1.));
#8493 = PCURVE('',#8118,#8494);
#8494 = DEFINITIONAL_REPRESENTATION('',(#8495),#8499);
#8495 = LINE('',#8496,#8497);
#8496 = CARTESIAN_POINT('',(7.4646,-7.1815));
#8497 = VECTOR('',#8498,1.);
#8498 = DIRECTION('',(1.,-2.465190328816E-32));
#8499 = ( GEOMETRIC_REPRESENTATION_CONTEXT(2) 
PARAMETRIC_REPRESENTATION_CONTEXT() REPRESENTATION_CONTEXT('2D SPACE',''
  ) );
#8500 = PCURVE('',#8501,#8506);
#8501 = PLANE('',#8502);
#8502 = AXIS2_PLACEMENT_3D('',#8503,#8504,#8505);
#8503 = CARTESIAN_POINT('',(8.985658685586,-0.249999985099,
    -13.57599995541));
#8504 = DIRECTION('',(1.,-6.310887243769E-30,-2.22044604925E-16));
#8505 = DIRECTION('',(-2.22044604925E-16,-9.011389889435E-24,-1.));
#8506 = DEFINITIONAL_REPRESENTATION('',(#8507),#8511);
#8507 = LINE('',#8508,#8509);
#8508 = CARTESIAN_POINT('',(-9.011389889435E-26,1.E-02));
#8509 = VECTOR('',#8510,1.);
#8510 = DIRECTION('',(1.,0.));
#8511 = ( GEOMETRIC_REPRESENTATION_CONTEXT(2) 
PARAMETRIC_REPRESENTATION_CONTEXT() REPRESENTATION_CONTEXT('2D SPACE',''
  ) );
#8512 = ORIENTED_EDGE('',*,*,#8513,.F.);
#8513 = EDGE_CURVE('',#8514,#8486,#8516,.T.);
#8514 = VERTEX_POINT('',#8515);
#8515 = CARTESIAN_POINT('',(8.985658685586,-0.239999985099,
    -13.57599995541));
#8516 = SURFACE_CURVE('',#8517,(#8521,#8528),.PCURVE_S1.);
#8517 = LINE('',#8518,#8519);
#8518 = CARTESIAN_POINT('',(8.985658685586,-0.239999985099,
    -13.57599995541));
#8519 = VECTOR('',#8520,1.);
#8520 = DIRECTION('',(-2.22044604925E-16,-9.011389889435E-24,-1.));
#8521 = PCURVE('',#8118,#8522);
#8522 = DEFINITIONAL_REPRESENTATION('',(#8523),#8527);
#8523 = LINE('',#8524,#8525);
#8524 = CARTESIAN_POINT('',(7.4646,-7.1815));
#8525 = VECTOR('',#8526,1.);
#8526 = DIRECTION('',(1.,-2.465190328816E-32));
#8527 = ( GEOMETRIC_REPRESENTATION_CONTEXT(2) 
PARAMETRIC_REPRESENTATION_CONTEXT() REPRESENTATION_CONTEXT('2D SPACE',''
  ) );
#8528 = PCURVE('',#8529,#8534);
#8529 = PLANE('',#8530);
#8530 = AXIS2_PLACEMENT_3D('',#8531,#8532,#8533);
#8531 = CARTESIAN_POINT('',(8.985658685586,-0.249999985099,
    -13.57599995541));
#8532 = DIRECTION('',(1.,-6.310887243769E-30,-2.22044604925E-16));
#8533 = DIRECTION('',(-2.22044604925E-16,-9.011389889435E-24,-1.));
#8534 = DEFINITIONAL_REPRESENTATION('',(#8535),#8539);
#8535 = LINE('',#8536,#8537);
#8536 = CARTESIAN_POINT('',(-9.011389889435E-26,1.E-02));
#8537 = VECTOR('',#8538,1.);
#8538 = DIRECTION('',(1.,0.));
#8539 = ( GEOMETRIC_REPRESENTATION_CONTEXT(2) 
PARAMETRIC_REPRESENTATION_CONTEXT() REPRESENTATION_CONTEXT('2D SPACE',''
  ) );
#8540 = ORIENTED_EDGE('',*,*,#8541,.F.);
#8541 = EDGE_CURVE('',#8542,#8514,#8544,.T.);
#8542 = VERTEX_POINT('',#8543);
#8543 = CARTESIAN_POINT('',(9.205258685586,-0.239999985099,
    -13.35639995541));
#8544 = SURFACE_CURVE('',#8545,(#8549,#8556),.PCURVE_S1.);
#8545 = LINE('',#8546,#8547);
#8546 = CARTESIAN_POINT('',(9.205258685586,-0.239999985099,
    -13.35639995541));
#8547 = VECTOR('',#8548,1.);
#8548 = DIRECTION('',(-0.707106781187,-6.372010436264E-24,
    -0.707106781187));
#8549 = PCURVE('',#8118,#8550);
#8550 = DEFINITIONAL_REPRESENTATION('',(#8551),#8555);
#8551 = LINE('',#8552,#8553);
#8552 = CARTESIAN_POINT('',(7.245,-7.4011));
#8553 = VECTOR('',#8554,1.);
#8554 = DIRECTION('',(0.707106781187,0.707106781187));
#8555 = ( GEOMETRIC_REPRESENTATION_CONTEXT(2) 
PARAMETRIC_REPRESENTATION_CONTEXT() REPRESENTATION_CONTEXT('2D SPACE',''
  ) );
#8556 = PCURVE('',#8557,#8562);
#8557 = PLANE('',#8558);
#8558 = AXIS2_PLACEMENT_3D('',#8559,#8560,#8561);
#8559 = CARTESIAN_POINT('',(9.205258685586,-0.249999985099,
    -13.35639995541));
#8560 = DIRECTION('',(0.707106781187,-6.372019361206E-24,-0.707106781187
    ));
#8561 = DIRECTION('',(-0.707106781187,-6.372010436264E-24,
    -0.707106781187));
#8562 = DEFINITIONAL_REPRESENTATION('',(#8563),#8567);
#8563 = LINE('',#8564,#8565);
#8564 = CARTESIAN_POINT('',(-6.372010436264E-26,1.E-02));
#8565 = VECTOR('',#8566,1.);
#8566 = DIRECTION('',(1.,-7.469334339057E-40));
#8567 = ( GEOMETRIC_REPRESENTATION_CONTEXT(2) 
PARAMETRIC_REPRESENTATION_CONTEXT() REPRESENTATION_CONTEXT('2D SPACE',''
  ) );
#8568 = ORIENTED_EDGE('',*,*,#8569,.F.);
#8569 = EDGE_CURVE('',#7798,#8542,#8570,.T.);
#8570 = SURFACE_CURVE('',#8571,(#8575,#8582),.PCURVE_S1.);
#8571 = LINE('',#8572,#8573);
#8572 = CARTESIAN_POINT('',(9.516058685586,-0.239999985099,
    -13.35639995541));
#8573 = VECTOR('',#8574,1.);
#8574 = DIRECTION('',(-1.,6.310887243769E-30,2.22044604925E-16));
#8575 = PCURVE('',#8118,#8576);
#8576 = DEFINITIONAL_REPRESENTATION('',(#8577),#8581);
#8577 = LINE('',#8578,#8579);
#8578 = CARTESIAN_POINT('',(7.245,-7.7119));
#8579 = VECTOR('',#8580,1.);
#8580 = DIRECTION('',(2.465190328816E-32,1.));
#8581 = ( GEOMETRIC_REPRESENTATION_CONTEXT(2) 
PARAMETRIC_REPRESENTATION_CONTEXT() REPRESENTATION_CONTEXT('2D SPACE',''
  ) );
#8582 = PCURVE('',#7815,#8583);
#8583 = DEFINITIONAL_REPRESENTATION('',(#8584),#8588);
#8584 = LINE('',#8585,#8586);
#8585 = CARTESIAN_POINT('',(-8.383839400494E-09,1.E-02));
#8586 = VECTOR('',#8587,1.);
#8587 = DIRECTION('',(1.,3.849659890377E-46));
#8588 = ( GEOMETRIC_REPRESENTATION_CONTEXT(2) 
PARAMETRIC_REPRESENTATION_CONTEXT() REPRESENTATION_CONTEXT('2D SPACE',''
  ) );
#8589 = ADVANCED_FACE('',(#8590),#8557,.F.);
#8590 = FACE_BOUND('',#8591,.T.);
#8591 = EDGE_LOOP('',(#8592,#8617,#8638,#8639));
#8592 = ORIENTED_EDGE('',*,*,#8593,.F.);
#8593 = EDGE_CURVE('',#8594,#8596,#8598,.T.);
#8594 = VERTEX_POINT('',#8595);
#8595 = CARTESIAN_POINT('',(9.205258685586,-0.249999985099,
    -13.35639995541));
#8596 = VERTEX_POINT('',#8597);
#8597 = CARTESIAN_POINT('',(8.985658685586,-0.249999985099,
    -13.57599995541));
#8598 = SURFACE_CURVE('',#8599,(#8603,#8610),.PCURVE_S1.);
#8599 = LINE('',#8600,#8601);
#8600 = CARTESIAN_POINT('',(9.166233685586,-0.249999985099,
    -13.39542495541));
#8601 = VECTOR('',#8602,1.);
#8602 = DIRECTION('',(-0.707106781187,-6.372010436264E-24,
    -0.707106781187));
#8603 = PCURVE('',#8557,#8604);
#8604 = DEFINITIONAL_REPRESENTATION('',(#8605),#8609);
#8605 = LINE('',#8606,#8607);
#8606 = CARTESIAN_POINT('',(5.518968427161E-02,3.516692441528E-25));
#8607 = VECTOR('',#8608,1.);
#8608 = DIRECTION('',(1.,-7.469334339057E-40));
#8609 = ( GEOMETRIC_REPRESENTATION_CONTEXT(2) 
PARAMETRIC_REPRESENTATION_CONTEXT() REPRESENTATION_CONTEXT('2D SPACE',''
  ) );
#8610 = PCURVE('',#7897,#8611);
#8611 = DEFINITIONAL_REPRESENTATION('',(#8612),#8616);
#8612 = LINE('',#8613,#8614);
#8613 = CARTESIAN_POINT('',(7.284025,-7.362075));
#8614 = VECTOR('',#8615,1.);
#8615 = DIRECTION('',(0.707106781187,0.707106781187));
#8616 = ( GEOMETRIC_REPRESENTATION_CONTEXT(2) 
PARAMETRIC_REPRESENTATION_CONTEXT() REPRESENTATION_CONTEXT('2D SPACE',''
  ) );
#8617 = ORIENTED_EDGE('',*,*,#8618,.T.);
#8618 = EDGE_CURVE('',#8594,#8542,#8619,.T.);
#8619 = SURFACE_CURVE('',#8620,(#8624,#8631),.PCURVE_S1.);
#8620 = LINE('',#8621,#8622);
#8621 = CARTESIAN_POINT('',(9.205258685586,-0.249999985099,
    -13.35639995541));
#8622 = VECTOR('',#8623,1.);
#8623 = DIRECTION('',(6.310887241768E-30,1.,-9.011389889435E-24));
#8624 = PCURVE('',#8557,#8625);
#8625 = DEFINITIONAL_REPRESENTATION('',(#8626),#8630);
#8626 = LINE('',#8627,#8628);
#8627 = CARTESIAN_POINT('',(-0.,0.));
#8628 = VECTOR('',#8629,1.);
#8629 = DIRECTION('',(-5.02898540848E-39,1.));
#8630 = ( GEOMETRIC_REPRESENTATION_CONTEXT(2) 
PARAMETRIC_REPRESENTATION_CONTEXT() REPRESENTATION_CONTEXT('2D SPACE',''
  ) );
#8631 = PCURVE('',#7815,#8632);
#8632 = DEFINITIONAL_REPRESENTATION('',(#8633),#8637);
#8633 = LINE('',#8634,#8635);
#8634 = CARTESIAN_POINT('',(0.310799991616,-1.961423701832E-30));
#8635 = VECTOR('',#8636,1.);
#8636 = DIRECTION('',(8.792756774987E-45,1.));
#8637 = ( GEOMETRIC_REPRESENTATION_CONTEXT(2) 
PARAMETRIC_REPRESENTATION_CONTEXT() REPRESENTATION_CONTEXT('2D SPACE',''
  ) );
#8638 = ORIENTED_EDGE('',*,*,#8541,.T.);
#8639 = ORIENTED_EDGE('',*,*,#8640,.F.);
#8640 = EDGE_CURVE('',#8596,#8514,#8641,.T.);
#8641 = SURFACE_CURVE('',#8642,(#8646,#8653),.PCURVE_S1.);
#8642 = LINE('',#8643,#8644);
#8643 = CARTESIAN_POINT('',(8.985658685586,-0.249999985099,
    -13.57599995541));
#8644 = VECTOR('',#8645,1.);
#8645 = DIRECTION('',(6.310887241768E-30,1.,-9.011389889435E-24));
#8646 = PCURVE('',#8557,#8647);
#8647 = DEFINITIONAL_REPRESENTATION('',(#8648),#8652);
#8648 = LINE('',#8649,#8650);
#8649 = CARTESIAN_POINT('',(0.310561298297,1.978899833849E-24));
#8650 = VECTOR('',#8651,1.);
#8651 = DIRECTION('',(-5.02898540848E-39,1.));
#8652 = ( GEOMETRIC_REPRESENTATION_CONTEXT(2) 
PARAMETRIC_REPRESENTATION_CONTEXT() REPRESENTATION_CONTEXT('2D SPACE',''
  ) );
#8653 = PCURVE('',#8529,#8654);
#8654 = DEFINITIONAL_REPRESENTATION('',(#8655),#8659);
#8655 = LINE('',#8656,#8657);
#8656 = CARTESIAN_POINT('',(-0.,0.));
#8657 = VECTOR('',#8658,1.);
#8658 = DIRECTION('',(0.,1.));
#8659 = ( GEOMETRIC_REPRESENTATION_CONTEXT(2) 
PARAMETRIC_REPRESENTATION_CONTEXT() REPRESENTATION_CONTEXT('2D SPACE',''
  ) );
#8660 = ADVANCED_FACE('',(#8661),#8529,.F.);
#8661 = FACE_BOUND('',#8662,.T.);
#8662 = EDGE_LOOP('',(#8663,#8684,#8705,#8706));
#8663 = ORIENTED_EDGE('',*,*,#8664,.T.);
#8664 = EDGE_CURVE('',#8486,#7879,#8665,.T.);
#8665 = SURFACE_CURVE('',#8666,(#8670,#8677),.PCURVE_S1.);
#8666 = LINE('',#8667,#8668);
#8667 = CARTESIAN_POINT('',(8.985658685586,-0.249999985099,
    -13.73139995541));
#8668 = VECTOR('',#8669,1.);
#8669 = DIRECTION('',(-6.310887241768E-30,-1.,9.011389889435E-24));
#8670 = PCURVE('',#8529,#8671);
#8671 = DEFINITIONAL_REPRESENTATION('',(#8672),#8676);
#8672 = LINE('',#8673,#8674);
#8673 = CARTESIAN_POINT('',(0.1554,1.400369988818E-24));
#8674 = VECTOR('',#8675,1.);
#8675 = DIRECTION('',(0.,-1.));
#8676 = ( GEOMETRIC_REPRESENTATION_CONTEXT(2) 
PARAMETRIC_REPRESENTATION_CONTEXT() REPRESENTATION_CONTEXT('2D SPACE',''
  ) );
#8677 = PCURVE('',#8501,#8678);
#8678 = DEFINITIONAL_REPRESENTATION('',(#8679),#8683);
#8679 = LINE('',#8680,#8681);
#8680 = CARTESIAN_POINT('',(0.1554,1.400369988818E-24));
#8681 = VECTOR('',#8682,1.);
#8682 = DIRECTION('',(0.,-1.));
#8683 = ( GEOMETRIC_REPRESENTATION_CONTEXT(2) 
PARAMETRIC_REPRESENTATION_CONTEXT() REPRESENTATION_CONTEXT('2D SPACE',''
  ) );
#8684 = ORIENTED_EDGE('',*,*,#8685,.F.);
#8685 = EDGE_CURVE('',#8596,#7879,#8686,.T.);
#8686 = SURFACE_CURVE('',#8687,(#8691,#8698),.PCURVE_S1.);
#8687 = LINE('',#8688,#8689);
#8688 = CARTESIAN_POINT('',(8.985658685586,-0.249999985099,
    -9.843699955413));
#8689 = VECTOR('',#8690,1.);
#8690 = DIRECTION('',(-2.22044604925E-16,-9.011389889435E-24,-1.));
#8691 = PCURVE('',#8529,#8692);
#8692 = DEFINITIONAL_REPRESENTATION('',(#8693),#8697);
#8693 = LINE('',#8694,#8695);
#8694 = CARTESIAN_POINT('',(-3.7323,-3.363321048434E-23));
#8695 = VECTOR('',#8696,1.);
#8696 = DIRECTION('',(1.,0.));
#8697 = ( GEOMETRIC_REPRESENTATION_CONTEXT(2) 
PARAMETRIC_REPRESENTATION_CONTEXT() REPRESENTATION_CONTEXT('2D SPACE',''
  ) );
#8698 = PCURVE('',#7897,#8699);
#8699 = DEFINITIONAL_REPRESENTATION('',(#8700),#8704);
#8700 = LINE('',#8701,#8702);
#8701 = CARTESIAN_POINT('',(3.7323,-7.1815));
#8702 = VECTOR('',#8703,1.);
#8703 = DIRECTION('',(1.,-2.465190328816E-32));
#8704 = ( GEOMETRIC_REPRESENTATION_CONTEXT(2) 
PARAMETRIC_REPRESENTATION_CONTEXT() REPRESENTATION_CONTEXT('2D SPACE',''
  ) );
#8705 = ORIENTED_EDGE('',*,*,#8640,.T.);
#8706 = ORIENTED_EDGE('',*,*,#8513,.T.);
#8707 = ADVANCED_FACE('',(#8708),#8501,.F.);
#8708 = FACE_BOUND('',#8709,.T.);
#8709 = EDGE_LOOP('',(#8710,#8711,#8712,#8735));
#8710 = ORIENTED_EDGE('',*,*,#8664,.F.);
#8711 = ORIENTED_EDGE('',*,*,#8485,.T.);
#8712 = ORIENTED_EDGE('',*,*,#8713,.F.);
#8713 = EDGE_CURVE('',#8714,#8458,#8716,.T.);
#8714 = VERTEX_POINT('',#8715);
#8715 = CARTESIAN_POINT('',(8.985658685586,-0.249999985099,
    -13.88679995541));
#8716 = SURFACE_CURVE('',#8717,(#8721,#8728),.PCURVE_S1.);
#8717 = LINE('',#8718,#8719);
#8718 = CARTESIAN_POINT('',(8.985658685586,-0.249999985099,
    -13.88679995541));
#8719 = VECTOR('',#8720,1.);
#8720 = DIRECTION('',(6.310887241768E-30,1.,-9.011389889435E-24));
#8721 = PCURVE('',#8501,#8722);
#8722 = DEFINITIONAL_REPRESENTATION('',(#8723),#8727);
#8723 = LINE('',#8724,#8725);
#8724 = CARTESIAN_POINT('',(0.3108,2.800739977636E-24));
#8725 = VECTOR('',#8726,1.);
#8726 = DIRECTION('',(0.,1.));
#8727 = ( GEOMETRIC_REPRESENTATION_CONTEXT(2) 
PARAMETRIC_REPRESENTATION_CONTEXT() REPRESENTATION_CONTEXT('2D SPACE',''
  ) );
#8728 = PCURVE('',#8473,#8729);
#8729 = DEFINITIONAL_REPRESENTATION('',(#8730),#8734);
#8730 = LINE('',#8731,#8732);
#8731 = CARTESIAN_POINT('',(0.,0.));
#8732 = VECTOR('',#8733,1.);
#8733 = DIRECTION('',(-8.882865692855E-39,1.));
#8734 = ( GEOMETRIC_REPRESENTATION_CONTEXT(2) 
PARAMETRIC_REPRESENTATION_CONTEXT() REPRESENTATION_CONTEXT('2D SPACE',''
  ) );
#8735 = ORIENTED_EDGE('',*,*,#8736,.F.);
#8736 = EDGE_CURVE('',#7879,#8714,#8737,.T.);
#8737 = SURFACE_CURVE('',#8738,(#8742,#8749),.PCURVE_S1.);
#8738 = LINE('',#8739,#8740);
#8739 = CARTESIAN_POINT('',(8.985658685586,-0.249999985099,
    -9.843699955413));
#8740 = VECTOR('',#8741,1.);
#8741 = DIRECTION('',(-2.22044604925E-16,-9.011389889435E-24,-1.));
#8742 = PCURVE('',#8501,#8743);
#8743 = DEFINITIONAL_REPRESENTATION('',(#8744),#8748);
#8744 = LINE('',#8745,#8746);
#8745 = CARTESIAN_POINT('',(-3.7323,-3.363321048434E-23));
#8746 = VECTOR('',#8747,1.);
#8747 = DIRECTION('',(1.,0.));
#8748 = ( GEOMETRIC_REPRESENTATION_CONTEXT(2) 
PARAMETRIC_REPRESENTATION_CONTEXT() REPRESENTATION_CONTEXT('2D SPACE',''
  ) );
#8749 = PCURVE('',#7982,#8750);
#8750 = DEFINITIONAL_REPRESENTATION('',(#8751),#8755);
#8751 = LINE('',#8752,#8753);
#8752 = CARTESIAN_POINT('',(3.7323,-7.1815));
#8753 = VECTOR('',#8754,1.);
#8754 = DIRECTION('',(1.,-2.465190328816E-32));
#8755 = ( GEOMETRIC_REPRESENTATION_CONTEXT(2) 
PARAMETRIC_REPRESENTATION_CONTEXT() REPRESENTATION_CONTEXT('2D SPACE',''
  ) );
#8756 = ADVANCED_FACE('',(#8757),#8473,.F.);
#8757 = FACE_BOUND('',#8758,.T.);
#8758 = EDGE_LOOP('',(#8759,#8782,#8783,#8784));
#8759 = ORIENTED_EDGE('',*,*,#8760,.F.);
#8760 = EDGE_CURVE('',#8714,#8761,#8763,.T.);
#8761 = VERTEX_POINT('',#8762);
#8762 = CARTESIAN_POINT('',(9.205258685586,-0.249999985099,
    -14.10639995541));
#8763 = SURFACE_CURVE('',#8764,(#8768,#8775),.PCURVE_S1.);
#8764 = LINE('',#8765,#8766);
#8765 = CARTESIAN_POINT('',(5.246433685586,-0.249999985099,
    -10.14757495541));
#8766 = VECTOR('',#8767,1.);
#8767 = DIRECTION('',(0.707106781187,-6.372019361206E-24,-0.707106781187
    ));
#8768 = PCURVE('',#8473,#8769);
#8769 = DEFINITIONAL_REPRESENTATION('',(#8770),#8774);
#8770 = LINE('',#8771,#8772);
#8771 = CARTESIAN_POINT('',(-5.288062707765,-3.369563795715E-23));
#8772 = VECTOR('',#8773,1.);
#8773 = DIRECTION('',(1.,4.159222255571E-40));
#8774 = ( GEOMETRIC_REPRESENTATION_CONTEXT(2) 
PARAMETRIC_REPRESENTATION_CONTEXT() REPRESENTATION_CONTEXT('2D SPACE',''
  ) );
#8775 = PCURVE('',#7982,#8776);
#8776 = DEFINITIONAL_REPRESENTATION('',(#8777),#8781);
#8777 = LINE('',#8778,#8779);
#8778 = CARTESIAN_POINT('',(4.036175,-3.442275));
#8779 = VECTOR('',#8780,1.);
#8780 = DIRECTION('',(0.707106781187,-0.707106781187));
#8781 = ( GEOMETRIC_REPRESENTATION_CONTEXT(2) 
PARAMETRIC_REPRESENTATION_CONTEXT() REPRESENTATION_CONTEXT('2D SPACE',''
  ) );
#8782 = ORIENTED_EDGE('',*,*,#8713,.T.);
#8783 = ORIENTED_EDGE('',*,*,#8457,.T.);
#8784 = ORIENTED_EDGE('',*,*,#8785,.F.);
#8785 = EDGE_CURVE('',#8761,#8430,#8786,.T.);
#8786 = SURFACE_CURVE('',#8787,(#8791,#8798),.PCURVE_S1.);
#8787 = LINE('',#8788,#8789);
#8788 = CARTESIAN_POINT('',(9.205258685586,-0.249999985099,
    -14.10639995541));
#8789 = VECTOR('',#8790,1.);
#8790 = DIRECTION('',(6.310887241768E-30,1.,-9.011389889435E-24));
#8791 = PCURVE('',#8473,#8792);
#8792 = DEFINITIONAL_REPRESENTATION('',(#8793),#8797);
#8793 = LINE('',#8794,#8795);
#8794 = CARTESIAN_POINT('',(0.310561298297,1.978902605591E-24));
#8795 = VECTOR('',#8796,1.);
#8796 = DIRECTION('',(-8.882865692855E-39,1.));
#8797 = ( GEOMETRIC_REPRESENTATION_CONTEXT(2) 
PARAMETRIC_REPRESENTATION_CONTEXT() REPRESENTATION_CONTEXT('2D SPACE',''
  ) );
#8798 = PCURVE('',#8445,#8799);
#8799 = DEFINITIONAL_REPRESENTATION('',(#8800),#8804);
#8800 = LINE('',#8801,#8802);
#8801 = CARTESIAN_POINT('',(0.,0.));
#8802 = VECTOR('',#8803,1.);
#8803 = DIRECTION('',(-8.792756774987E-45,1.));
#8804 = ( GEOMETRIC_REPRESENTATION_CONTEXT(2) 
PARAMETRIC_REPRESENTATION_CONTEXT() REPRESENTATION_CONTEXT('2D SPACE',''
  ) );
#8805 = ADVANCED_FACE('',(#8806),#8445,.F.);
#8806 = FACE_BOUND('',#8807,.T.);
#8807 = EDGE_LOOP('',(#8808,#8829,#8850,#8851));
#8808 = ORIENTED_EDGE('',*,*,#8809,.T.);
#8809 = EDGE_CURVE('',#8402,#7939,#8810,.T.);
#8810 = SURFACE_CURVE('',#8811,(#8815,#8822),.PCURVE_S1.);
#8811 = LINE('',#8812,#8813);
#8812 = CARTESIAN_POINT('',(9.360658685586,-0.249999985099,
    -14.10639995541));
#8813 = VECTOR('',#8814,1.);
#8814 = DIRECTION('',(-6.310887241768E-30,-1.,9.011389889435E-24));
#8815 = PCURVE('',#8445,#8816);
#8816 = DEFINITIONAL_REPRESENTATION('',(#8817),#8821);
#8817 = LINE('',#8818,#8819);
#8818 = CARTESIAN_POINT('',(0.1554,9.807118773708E-31));
#8819 = VECTOR('',#8820,1.);
#8820 = DIRECTION('',(8.792756774987E-45,-1.));
#8821 = ( GEOMETRIC_REPRESENTATION_CONTEXT(2) 
PARAMETRIC_REPRESENTATION_CONTEXT() REPRESENTATION_CONTEXT('2D SPACE',''
  ) );
#8822 = PCURVE('',#8417,#8823);
#8823 = DEFINITIONAL_REPRESENTATION('',(#8824),#8828);
#8824 = LINE('',#8825,#8826);
#8825 = CARTESIAN_POINT('',(0.1554,9.807118773708E-31));
#8826 = VECTOR('',#8827,1.);
#8827 = DIRECTION('',(8.792756774987E-45,-1.));
#8828 = ( GEOMETRIC_REPRESENTATION_CONTEXT(2) 
PARAMETRIC_REPRESENTATION_CONTEXT() REPRESENTATION_CONTEXT('2D SPACE',''
  ) );
#8829 = ORIENTED_EDGE('',*,*,#8830,.F.);
#8830 = EDGE_CURVE('',#8761,#7939,#8831,.T.);
#8831 = SURFACE_CURVE('',#8832,(#8836,#8843),.PCURVE_S1.);
#8832 = LINE('',#8833,#8834);
#8833 = CARTESIAN_POINT('',(5.504708685586,-0.249999985099,
    -14.10639995541));
#8834 = VECTOR('',#8835,1.);
#8835 = DIRECTION('',(1.,-6.310887243769E-30,-2.22044604925E-16));
#8836 = PCURVE('',#8445,#8837);
#8837 = DEFINITIONAL_REPRESENTATION('',(#8838),#8842);
#8838 = LINE('',#8839,#8840);
#8839 = CARTESIAN_POINT('',(-3.70055,-2.335375378252E-29));
#8840 = VECTOR('',#8841,1.);
#8841 = DIRECTION('',(1.,-3.849659890377E-46));
#8842 = ( GEOMETRIC_REPRESENTATION_CONTEXT(2) 
PARAMETRIC_REPRESENTATION_CONTEXT() REPRESENTATION_CONTEXT('2D SPACE',''
  ) );
#8843 = PCURVE('',#7982,#8844);
#8844 = DEFINITIONAL_REPRESENTATION('',(#8845),#8849);
#8845 = LINE('',#8846,#8847);
#8846 = CARTESIAN_POINT('',(7.995,-3.70055));
#8847 = VECTOR('',#8848,1.);
#8848 = DIRECTION('',(-2.465190328816E-32,-1.));
#8849 = ( GEOMETRIC_REPRESENTATION_CONTEXT(2) 
PARAMETRIC_REPRESENTATION_CONTEXT() REPRESENTATION_CONTEXT('2D SPACE',''
  ) );
#8850 = ORIENTED_EDGE('',*,*,#8785,.T.);
#8851 = ORIENTED_EDGE('',*,*,#8429,.T.);
#8852 = ADVANCED_FACE('',(#8853),#8417,.F.);
#8853 = FACE_BOUND('',#8854,.T.);
#8854 = EDGE_LOOP('',(#8855,#8856,#8857,#8880));
#8855 = ORIENTED_EDGE('',*,*,#8809,.F.);
#8856 = ORIENTED_EDGE('',*,*,#8401,.T.);
#8857 = ORIENTED_EDGE('',*,*,#8858,.F.);
#8858 = EDGE_CURVE('',#8859,#8374,#8861,.T.);
#8859 = VERTEX_POINT('',#8860);
#8860 = CARTESIAN_POINT('',(9.516058685586,-0.249999985099,
    -14.10639995541));
#8861 = SURFACE_CURVE('',#8862,(#8866,#8873),.PCURVE_S1.);
#8862 = LINE('',#8863,#8864);
#8863 = CARTESIAN_POINT('',(9.516058685586,-0.249999985099,
    -14.10639995541));
#8864 = VECTOR('',#8865,1.);
#8865 = DIRECTION('',(6.310887241768E-30,1.,-9.011389889435E-24));
#8866 = PCURVE('',#8417,#8867);
#8867 = DEFINITIONAL_REPRESENTATION('',(#8868),#8872);
#8868 = LINE('',#8869,#8870);
#8869 = CARTESIAN_POINT('',(0.3108,1.961423754742E-30));
#8870 = VECTOR('',#8871,1.);
#8871 = DIRECTION('',(-8.792756774987E-45,1.));
#8872 = ( GEOMETRIC_REPRESENTATION_CONTEXT(2) 
PARAMETRIC_REPRESENTATION_CONTEXT() REPRESENTATION_CONTEXT('2D SPACE',''
  ) );
#8873 = PCURVE('',#8389,#8874);
#8874 = DEFINITIONAL_REPRESENTATION('',(#8875),#8879);
#8875 = LINE('',#8876,#8877);
#8876 = CARTESIAN_POINT('',(0.,0.));
#8877 = VECTOR('',#8878,1.);
#8878 = DIRECTION('',(5.02898540848E-39,1.));
#8879 = ( GEOMETRIC_REPRESENTATION_CONTEXT(2) 
PARAMETRIC_REPRESENTATION_CONTEXT() REPRESENTATION_CONTEXT('2D SPACE',''
  ) );
#8880 = ORIENTED_EDGE('',*,*,#8881,.F.);
#8881 = EDGE_CURVE('',#7939,#8859,#8882,.T.);
#8882 = SURFACE_CURVE('',#8883,(#8887,#8894),.PCURVE_S1.);
#8883 = LINE('',#8884,#8885);
#8884 = CARTESIAN_POINT('',(5.504708685586,-0.249999985099,
    -14.10639995541));
#8885 = VECTOR('',#8886,1.);
#8886 = DIRECTION('',(1.,-6.310887243769E-30,-2.22044604925E-16));
#8887 = PCURVE('',#8417,#8888);
#8888 = DEFINITIONAL_REPRESENTATION('',(#8889),#8893);
#8889 = LINE('',#8890,#8891);
#8890 = CARTESIAN_POINT('',(-3.70055,-2.335375378252E-29));
#8891 = VECTOR('',#8892,1.);
#8892 = DIRECTION('',(1.,-3.849659890377E-46));
#8893 = ( GEOMETRIC_REPRESENTATION_CONTEXT(2) 
PARAMETRIC_REPRESENTATION_CONTEXT() REPRESENTATION_CONTEXT('2D SPACE',''
  ) );
#8894 = PCURVE('',#7955,#8895);
#8895 = DEFINITIONAL_REPRESENTATION('',(#8896),#8900);
#8896 = LINE('',#8897,#8898);
#8897 = CARTESIAN_POINT('',(7.995,-3.70055));
#8898 = VECTOR('',#8899,1.);
#8899 = DIRECTION('',(-2.465190328816E-32,-1.));
#8900 = ( GEOMETRIC_REPRESENTATION_CONTEXT(2) 
PARAMETRIC_REPRESENTATION_CONTEXT() REPRESENTATION_CONTEXT('2D SPACE',''
  ) );
#8901 = ADVANCED_FACE('',(#8902),#8389,.F.);
#8902 = FACE_BOUND('',#8903,.T.);
#8903 = EDGE_LOOP('',(#8904,#8927,#8928,#8929));
#8904 = ORIENTED_EDGE('',*,*,#8905,.F.);
#8905 = EDGE_CURVE('',#8859,#8906,#8908,.T.);
#8906 = VERTEX_POINT('',#8907);
#8907 = CARTESIAN_POINT('',(9.735658685586,-0.249999985099,
    -13.88679995541));
#8908 = SURFACE_CURVE('',#8909,(#8913,#8920),.PCURVE_S1.);
#8909 = LINE('',#8910,#8911);
#8910 = CARTESIAN_POINT('',(9.586833685586,-0.249999985099,
    -14.03562495541));
#8911 = VECTOR('',#8912,1.);
#8912 = DIRECTION('',(0.707106781187,6.372010436264E-24,0.707106781187)
  );
#8913 = PCURVE('',#8389,#8914);
#8914 = DEFINITIONAL_REPRESENTATION('',(#8915),#8919);
#8915 = LINE('',#8916,#8917);
#8916 = CARTESIAN_POINT('',(0.100090964877,-6.377806727717E-25));
#8917 = VECTOR('',#8918,1.);
#8918 = DIRECTION('',(1.,7.469334339057E-40));
#8919 = ( GEOMETRIC_REPRESENTATION_CONTEXT(2) 
PARAMETRIC_REPRESENTATION_CONTEXT() REPRESENTATION_CONTEXT('2D SPACE',''
  ) );
#8920 = PCURVE('',#7955,#8921);
#8921 = DEFINITIONAL_REPRESENTATION('',(#8922),#8926);
#8922 = LINE('',#8923,#8924);
#8923 = CARTESIAN_POINT('',(7.924225,-7.782675));
#8924 = VECTOR('',#8925,1.);
#8925 = DIRECTION('',(-0.707106781187,-0.707106781187));
#8926 = ( GEOMETRIC_REPRESENTATION_CONTEXT(2) 
PARAMETRIC_REPRESENTATION_CONTEXT() REPRESENTATION_CONTEXT('2D SPACE',''
  ) );
#8927 = ORIENTED_EDGE('',*,*,#8858,.T.);
#8928 = ORIENTED_EDGE('',*,*,#8373,.T.);
#8929 = ORIENTED_EDGE('',*,*,#8930,.F.);
#8930 = EDGE_CURVE('',#8906,#8346,#8931,.T.);
#8931 = SURFACE_CURVE('',#8932,(#8936,#8943),.PCURVE_S1.);
#8932 = LINE('',#8933,#8934);
#8933 = CARTESIAN_POINT('',(9.735658685586,-0.249999985099,
    -13.88679995541));
#8934 = VECTOR('',#8935,1.);
#8935 = DIRECTION('',(6.310887241768E-30,1.,-9.011389889435E-24));
#8936 = PCURVE('',#8389,#8937);
#8937 = DEFINITIONAL_REPRESENTATION('',(#8938),#8942);
#8938 = LINE('',#8939,#8940);
#8939 = CARTESIAN_POINT('',(0.310561298297,-1.978899833849E-24));
#8940 = VECTOR('',#8941,1.);
#8941 = DIRECTION('',(5.02898540848E-39,1.));
#8942 = ( GEOMETRIC_REPRESENTATION_CONTEXT(2) 
PARAMETRIC_REPRESENTATION_CONTEXT() REPRESENTATION_CONTEXT('2D SPACE',''
  ) );
#8943 = PCURVE('',#8361,#8944);
#8944 = DEFINITIONAL_REPRESENTATION('',(#8945),#8949);
#8945 = LINE('',#8946,#8947);
#8946 = CARTESIAN_POINT('',(0.,0.));
#8947 = VECTOR('',#8948,1.);
#8948 = DIRECTION('',(0.,1.));
#8949 = ( GEOMETRIC_REPRESENTATION_CONTEXT(2) 
PARAMETRIC_REPRESENTATION_CONTEXT() REPRESENTATION_CONTEXT('2D SPACE',''
  ) );
#8950 = ADVANCED_FACE('',(#8951),#8361,.F.);
#8951 = FACE_BOUND('',#8952,.T.);
#8952 = EDGE_LOOP('',(#8953,#8974,#8995,#8996));
#8953 = ORIENTED_EDGE('',*,*,#8954,.T.);
#8954 = EDGE_CURVE('',#8323,#7910,#8955,.T.);
#8955 = SURFACE_CURVE('',#8956,(#8960,#8967),.PCURVE_S1.);
#8956 = LINE('',#8957,#8958);
#8957 = CARTESIAN_POINT('',(9.735658685586,-0.249999985099,
    -13.73139995541));
#8958 = VECTOR('',#8959,1.);
#8959 = DIRECTION('',(-6.310887241768E-30,-1.,9.011389889435E-24));
#8960 = PCURVE('',#8361,#8961);
#8961 = DEFINITIONAL_REPRESENTATION('',(#8962),#8966);
#8962 = LINE('',#8963,#8964);
#8963 = CARTESIAN_POINT('',(0.1554,-1.400369988818E-24));
#8964 = VECTOR('',#8965,1.);
#8965 = DIRECTION('',(0.,-1.));
#8966 = ( GEOMETRIC_REPRESENTATION_CONTEXT(2) 
PARAMETRIC_REPRESENTATION_CONTEXT() REPRESENTATION_CONTEXT('2D SPACE',''
  ) );
#8967 = PCURVE('',#8013,#8968);
#8968 = DEFINITIONAL_REPRESENTATION('',(#8969),#8973);
#8969 = LINE('',#8970,#8971);
#8970 = CARTESIAN_POINT('',(0.1554,-1.400369988818E-24));
#8971 = VECTOR('',#8972,1.);
#8972 = DIRECTION('',(0.,-1.));
#8973 = ( GEOMETRIC_REPRESENTATION_CONTEXT(2) 
PARAMETRIC_REPRESENTATION_CONTEXT() REPRESENTATION_CONTEXT('2D SPACE',''
  ) );
#8974 = ORIENTED_EDGE('',*,*,#8975,.F.);
#8975 = EDGE_CURVE('',#8906,#7910,#8976,.T.);
#8976 = SURFACE_CURVE('',#8977,(#8981,#8988),.PCURVE_S1.);
#8977 = LINE('',#8978,#8979);
#8978 = CARTESIAN_POINT('',(9.735658685586,-0.249999985099,
    -9.999099955413));
#8979 = VECTOR('',#8980,1.);
#8980 = DIRECTION('',(2.22044604925E-16,9.011389889435E-24,1.));
#8981 = PCURVE('',#8361,#8982);
#8982 = DEFINITIONAL_REPRESENTATION('',(#8983),#8987);
#8983 = LINE('',#8984,#8985);
#8984 = CARTESIAN_POINT('',(3.8877,-3.503358047316E-23));
#8985 = VECTOR('',#8986,1.);
#8986 = DIRECTION('',(1.,0.));
#8987 = ( GEOMETRIC_REPRESENTATION_CONTEXT(2) 
PARAMETRIC_REPRESENTATION_CONTEXT() REPRESENTATION_CONTEXT('2D SPACE',''
  ) );
#8988 = PCURVE('',#7955,#8989);
#8989 = DEFINITIONAL_REPRESENTATION('',(#8990),#8994);
#8990 = LINE('',#8991,#8992);
#8991 = CARTESIAN_POINT('',(3.8877,-7.9315));
#8992 = VECTOR('',#8993,1.);
#8993 = DIRECTION('',(-1.,2.465190328816E-32));
#8994 = ( GEOMETRIC_REPRESENTATION_CONTEXT(2) 
PARAMETRIC_REPRESENTATION_CONTEXT() REPRESENTATION_CONTEXT('2D SPACE',''
  ) );
#8995 = ORIENTED_EDGE('',*,*,#8930,.T.);
#8996 = ORIENTED_EDGE('',*,*,#8345,.T.);
#8997 = ADVANCED_FACE('',(#8998),#8013,.F.);
#8998 = FACE_BOUND('',#8999,.T.);
#8999 = EDGE_LOOP('',(#9000,#9001,#9002,#9003));
#9000 = ORIENTED_EDGE('',*,*,#8954,.F.);
#9001 = ORIENTED_EDGE('',*,*,#8322,.T.);
#9002 = ORIENTED_EDGE('',*,*,#8079,.F.);
#9003 = ORIENTED_EDGE('',*,*,#7997,.F.);
#9004 = ADVANCED_FACE('',(#9005),#7955,.F.);
#9005 = FACE_BOUND('',#9006,.T.);
#9006 = EDGE_LOOP('',(#9007,#9008,#9009,#9010));
#9007 = ORIENTED_EDGE('',*,*,#8881,.T.);
#9008 = ORIENTED_EDGE('',*,*,#8905,.T.);
#9009 = ORIENTED_EDGE('',*,*,#8975,.T.);
#9010 = ORIENTED_EDGE('',*,*,#7938,.T.);
#9011 = ADVANCED_FACE('',(#9012),#7982,.F.);
#9012 = FACE_BOUND('',#9013,.T.);
#9013 = EDGE_LOOP('',(#9014,#9015,#9016,#9017));
#9014 = ORIENTED_EDGE('',*,*,#8830,.T.);
#9015 = ORIENTED_EDGE('',*,*,#7967,.T.);
#9016 = ORIENTED_EDGE('',*,*,#8736,.T.);
#9017 = ORIENTED_EDGE('',*,*,#8760,.T.);
#9018 = ADVANCED_FACE('',(#9019),#7897,.F.);
#9019 = FACE_BOUND('',#9020,.T.);
#9020 = EDGE_LOOP('',(#9021,#9022,#9023,#9044));
#9021 = ORIENTED_EDGE('',*,*,#8685,.T.);
#9022 = ORIENTED_EDGE('',*,*,#7878,.T.);
#9023 = ORIENTED_EDGE('',*,*,#9024,.T.);
#9024 = EDGE_CURVE('',#7800,#8594,#9025,.T.);
#9025 = SURFACE_CURVE('',#9026,(#9030,#9037),.PCURVE_S1.);
#9026 = LINE('',#9027,#9028);
#9027 = CARTESIAN_POINT('',(5.660108681395,-0.249999985099,
    -13.35639995541));
#9028 = VECTOR('',#9029,1.);
#9029 = DIRECTION('',(-1.,6.310887243769E-30,2.22044604925E-16));
#9030 = PCURVE('',#7897,#9031);
#9031 = DEFINITIONAL_REPRESENTATION('',(#9032),#9036);
#9032 = LINE('',#9033,#9034);
#9033 = CARTESIAN_POINT('',(7.245,-3.855949995808));
#9034 = VECTOR('',#9035,1.);
#9035 = DIRECTION('',(2.465190328816E-32,1.));
#9036 = ( GEOMETRIC_REPRESENTATION_CONTEXT(2) 
PARAMETRIC_REPRESENTATION_CONTEXT() REPRESENTATION_CONTEXT('2D SPACE',''
  ) );
#9037 = PCURVE('',#7815,#9038);
#9038 = DEFINITIONAL_REPRESENTATION('',(#9039),#9043);
#9039 = LINE('',#9040,#9041);
#9040 = CARTESIAN_POINT('',(3.855949995808,-2.433446563344E-29));
#9041 = VECTOR('',#9042,1.);
#9042 = DIRECTION('',(1.,3.849659890377E-46));
#9043 = ( GEOMETRIC_REPRESENTATION_CONTEXT(2) 
PARAMETRIC_REPRESENTATION_CONTEXT() REPRESENTATION_CONTEXT('2D SPACE',''
  ) );
#9044 = ORIENTED_EDGE('',*,*,#8593,.T.);
#9045 = ADVANCED_FACE('',(#9046),#7864,.F.);
#9046 = FACE_BOUND('',#9047,.T.);
#9047 = EDGE_LOOP('',(#9048,#9049,#9050,#9051));
#9048 = ORIENTED_EDGE('',*,*,#7850,.T.);
#9049 = ORIENTED_EDGE('',*,*,#8053,.F.);
#9050 = ORIENTED_EDGE('',*,*,#8130,.T.);
#9051 = ORIENTED_EDGE('',*,*,#8300,.T.);
#9052 = ADVANCED_FACE('',(#9053),#7815,.F.);
#9053 = FACE_BOUND('',#9054,.T.);
#9054 = EDGE_LOOP('',(#9055,#9056,#9057,#9058));
#9055 = ORIENTED_EDGE('',*,*,#7797,.F.);
#9056 = ORIENTED_EDGE('',*,*,#8569,.T.);
#9057 = ORIENTED_EDGE('',*,*,#8618,.F.);
#9058 = ORIENTED_EDGE('',*,*,#9024,.F.);
#9059 = ADVANCED_FACE('',(#9060),#7503,.F.);
#9060 = FACE_BOUND('',#9061,.T.);
#9061 = EDGE_LOOP('',(#9062,#9063,#9086,#9114));
#9062 = ORIENTED_EDGE('',*,*,#7489,.T.);
#9063 = ORIENTED_EDGE('',*,*,#9064,.T.);
#9064 = EDGE_CURVE('',#7406,#9065,#9067,.T.);
#9065 = VERTEX_POINT('',#9066);
#9066 = CARTESIAN_POINT('',(-6.595621314414,0.980000014901,
    -12.11977995541));
#9067 = SURFACE_CURVE('',#9068,(#9072,#9079),.PCURVE_S1.);
#9068 = LINE('',#9069,#9070);
#9069 = CARTESIAN_POINT('',(-6.595621314414,0.990000014901,
    -12.11977995541));
#9070 = VECTOR('',#9071,1.);
#9071 = DIRECTION('',(0.,-1.,0.));
#9072 = PCURVE('',#7503,#9073);
#9073 = DEFINITIONAL_REPRESENTATION('',(#9074),#9078);
#9074 = LINE('',#9075,#9076);
#9075 = CARTESIAN_POINT('',(0.,0.));
#9076 = VECTOR('',#9077,1.);
#9077 = DIRECTION('',(0.,1.));
#9078 = ( GEOMETRIC_REPRESENTATION_CONTEXT(2) 
PARAMETRIC_REPRESENTATION_CONTEXT() REPRESENTATION_CONTEXT('2D SPACE',''
  ) );
#9079 = PCURVE('',#7421,#9080);
#9080 = DEFINITIONAL_REPRESENTATION('',(#9081),#9085);
#9081 = LINE('',#9082,#9083);
#9082 = CARTESIAN_POINT('',(0.51816,0.));
#9083 = VECTOR('',#9084,1.);
#9084 = DIRECTION('',(0.,1.));
#9085 = ( GEOMETRIC_REPRESENTATION_CONTEXT(2) 
PARAMETRIC_REPRESENTATION_CONTEXT() REPRESENTATION_CONTEXT('2D SPACE',''
  ) );
#9086 = ORIENTED_EDGE('',*,*,#9087,.T.);
#9087 = EDGE_CURVE('',#9065,#9088,#9090,.T.);
#9088 = VERTEX_POINT('',#9089);
#9089 = CARTESIAN_POINT('',(-7.957061314414,0.980000014901,
    -12.11977995541));
#9090 = SURFACE_CURVE('',#9091,(#9095,#9102),.PCURVE_S1.);
#9091 = LINE('',#9092,#9093);
#9092 = CARTESIAN_POINT('',(-7.957061314414,0.980000014901,
    -12.11977995541));
#9093 = VECTOR('',#9094,1.);
#9094 = DIRECTION('',(-1.,0.,0.));
#9095 = PCURVE('',#7503,#9096);
#9096 = DEFINITIONAL_REPRESENTATION('',(#9097),#9101);
#9097 = LINE('',#9098,#9099);
#9098 = CARTESIAN_POINT('',(1.36144,1.E-02));
#9099 = VECTOR('',#9100,1.);
#9100 = DIRECTION('',(1.,0.));
#9101 = ( GEOMETRIC_REPRESENTATION_CONTEXT(2) 
PARAMETRIC_REPRESENTATION_CONTEXT() REPRESENTATION_CONTEXT('2D SPACE',''
  ) );
#9102 = PCURVE('',#9103,#9108);
#9103 = PLANE('',#9104);
#9104 = AXIS2_PLACEMENT_3D('',#9105,#9106,#9107);
#9105 = CARTESIAN_POINT('',(-7.276341314414,0.980000014901,
    -12.37885995541));
#9106 = DIRECTION('',(0.,-1.,0.));
#9107 = DIRECTION('',(0.,0.,-1.));
#9108 = DEFINITIONAL_REPRESENTATION('',(#9109),#9113);
#9109 = LINE('',#9110,#9111);
#9110 = CARTESIAN_POINT('',(-0.25908,-0.68072));
#9111 = VECTOR('',#9112,1.);
#9112 = DIRECTION('',(0.,-1.));
#9113 = ( GEOMETRIC_REPRESENTATION_CONTEXT(2) 
PARAMETRIC_REPRESENTATION_CONTEXT() REPRESENTATION_CONTEXT('2D SPACE',''
  ) );
#9114 = ORIENTED_EDGE('',*,*,#9115,.F.);
#9115 = EDGE_CURVE('',#7462,#9088,#9116,.T.);
#9116 = SURFACE_CURVE('',#9117,(#9121,#9128),.PCURVE_S1.);
#9117 = LINE('',#9118,#9119);
#9118 = CARTESIAN_POINT('',(-7.957061314414,0.990000014901,
    -12.11977995541));
#9119 = VECTOR('',#9120,1.);
#9120 = DIRECTION('',(0.,-1.,0.));
#9121 = PCURVE('',#7503,#9122);
#9122 = DEFINITIONAL_REPRESENTATION('',(#9123),#9127);
#9123 = LINE('',#9124,#9125);
#9124 = CARTESIAN_POINT('',(1.36144,0.));
#9125 = VECTOR('',#9126,1.);
#9126 = DIRECTION('',(0.,1.));
#9127 = ( GEOMETRIC_REPRESENTATION_CONTEXT(2) 
PARAMETRIC_REPRESENTATION_CONTEXT() REPRESENTATION_CONTEXT('2D SPACE',''
  ) );
#9128 = PCURVE('',#7477,#9129);
#9129 = DEFINITIONAL_REPRESENTATION('',(#9130),#9134);
#9130 = LINE('',#9131,#9132);
#9131 = CARTESIAN_POINT('',(0.,-0.));
#9132 = VECTOR('',#9133,1.);
#9133 = DIRECTION('',(0.,1.));
#9134 = ( GEOMETRIC_REPRESENTATION_CONTEXT(2) 
PARAMETRIC_REPRESENTATION_CONTEXT() REPRESENTATION_CONTEXT('2D SPACE',''
  ) );
#9135 = ADVANCED_FACE('',(#9136),#9103,.F.);
#9136 = FACE_BOUND('',#9137,.T.);
#9137 = EDGE_LOOP('',(#9138,#9161,#9162,#9185));
#9138 = ORIENTED_EDGE('',*,*,#9139,.F.);
#9139 = EDGE_CURVE('',#9088,#9140,#9142,.T.);
#9140 = VERTEX_POINT('',#9141);
#9141 = CARTESIAN_POINT('',(-7.957061314414,0.980000014901,
    -12.63793995541));
#9142 = SURFACE_CURVE('',#9143,(#9147,#9154),.PCURVE_S1.);
#9143 = LINE('',#9144,#9145);
#9144 = CARTESIAN_POINT('',(-7.957061314414,0.980000014901,
    -12.63793995541));
#9145 = VECTOR('',#9146,1.);
#9146 = DIRECTION('',(0.,0.,-1.));
#9147 = PCURVE('',#9103,#9148);
#9148 = DEFINITIONAL_REPRESENTATION('',(#9149),#9153);
#9149 = LINE('',#9150,#9151);
#9150 = CARTESIAN_POINT('',(0.25908,-0.68072));
#9151 = VECTOR('',#9152,1.);
#9152 = DIRECTION('',(1.,0.));
#9153 = ( GEOMETRIC_REPRESENTATION_CONTEXT(2) 
PARAMETRIC_REPRESENTATION_CONTEXT() REPRESENTATION_CONTEXT('2D SPACE',''
  ) );
#9154 = PCURVE('',#7477,#9155);
#9155 = DEFINITIONAL_REPRESENTATION('',(#9156),#9160);
#9156 = LINE('',#9157,#9158);
#9157 = CARTESIAN_POINT('',(0.51816,1.E-02));
#9158 = VECTOR('',#9159,1.);
#9159 = DIRECTION('',(1.,0.));
#9160 = ( GEOMETRIC_REPRESENTATION_CONTEXT(2) 
PARAMETRIC_REPRESENTATION_CONTEXT() REPRESENTATION_CONTEXT('2D SPACE',''
  ) );
#9161 = ORIENTED_EDGE('',*,*,#9087,.F.);
#9162 = ORIENTED_EDGE('',*,*,#9163,.F.);
#9163 = EDGE_CURVE('',#9164,#9065,#9166,.T.);
#9164 = VERTEX_POINT('',#9165);
#9165 = CARTESIAN_POINT('',(-6.595621314414,0.980000014901,
    -12.63793995541));
#9166 = SURFACE_CURVE('',#9167,(#9171,#9178),.PCURVE_S1.);
#9167 = LINE('',#9168,#9169);
#9168 = CARTESIAN_POINT('',(-6.595621314414,0.980000014901,
    -12.11977995541));
#9169 = VECTOR('',#9170,1.);
#9170 = DIRECTION('',(0.,0.,1.));
#9171 = PCURVE('',#9103,#9172);
#9172 = DEFINITIONAL_REPRESENTATION('',(#9173),#9177);
#9173 = LINE('',#9174,#9175);
#9174 = CARTESIAN_POINT('',(-0.25908,0.68072));
#9175 = VECTOR('',#9176,1.);
#9176 = DIRECTION('',(-1.,0.));
#9177 = ( GEOMETRIC_REPRESENTATION_CONTEXT(2) 
PARAMETRIC_REPRESENTATION_CONTEXT() REPRESENTATION_CONTEXT('2D SPACE',''
  ) );
#9178 = PCURVE('',#7421,#9179);
#9179 = DEFINITIONAL_REPRESENTATION('',(#9180),#9184);
#9180 = LINE('',#9181,#9182);
#9181 = CARTESIAN_POINT('',(0.51816,1.E-02));
#9182 = VECTOR('',#9183,1.);
#9183 = DIRECTION('',(1.,0.));
#9184 = ( GEOMETRIC_REPRESENTATION_CONTEXT(2) 
PARAMETRIC_REPRESENTATION_CONTEXT() REPRESENTATION_CONTEXT('2D SPACE',''
  ) );
#9185 = ORIENTED_EDGE('',*,*,#9186,.F.);
#9186 = EDGE_CURVE('',#9140,#9164,#9187,.T.);
#9187 = SURFACE_CURVE('',#9188,(#9192,#9199),.PCURVE_S1.);
#9188 = LINE('',#9189,#9190);
#9189 = CARTESIAN_POINT('',(-6.595621314414,0.980000014901,
    -12.63793995541));
#9190 = VECTOR('',#9191,1.);
#9191 = DIRECTION('',(1.,0.,0.));
#9192 = PCURVE('',#9103,#9193);
#9193 = DEFINITIONAL_REPRESENTATION('',(#9194),#9198);
#9194 = LINE('',#9195,#9196);
#9195 = CARTESIAN_POINT('',(0.25908,0.68072));
#9196 = VECTOR('',#9197,1.);
#9197 = DIRECTION('',(0.,1.));
#9198 = ( GEOMETRIC_REPRESENTATION_CONTEXT(2) 
PARAMETRIC_REPRESENTATION_CONTEXT() REPRESENTATION_CONTEXT('2D SPACE',''
  ) );
#9199 = PCURVE('',#7449,#9200);
#9200 = DEFINITIONAL_REPRESENTATION('',(#9201),#9205);
#9201 = LINE('',#9202,#9203);
#9202 = CARTESIAN_POINT('',(1.36144,1.E-02));
#9203 = VECTOR('',#9204,1.);
#9204 = DIRECTION('',(1.,0.));
#9205 = ( GEOMETRIC_REPRESENTATION_CONTEXT(2) 
PARAMETRIC_REPRESENTATION_CONTEXT() REPRESENTATION_CONTEXT('2D SPACE',''
  ) );
#9206 = ADVANCED_FACE('',(#9207),#7477,.F.);
#9207 = FACE_BOUND('',#9208,.T.);
#9208 = EDGE_LOOP('',(#9209,#9210,#9211,#9212));
#9209 = ORIENTED_EDGE('',*,*,#7461,.F.);
#9210 = ORIENTED_EDGE('',*,*,#9115,.T.);
#9211 = ORIENTED_EDGE('',*,*,#9139,.T.);
#9212 = ORIENTED_EDGE('',*,*,#9213,.F.);
#9213 = EDGE_CURVE('',#7434,#9140,#9214,.T.);
#9214 = SURFACE_CURVE('',#9215,(#9219,#9226),.PCURVE_S1.);
#9215 = LINE('',#9216,#9217);
#9216 = CARTESIAN_POINT('',(-7.957061314414,0.990000014901,
    -12.63793995541));
#9217 = VECTOR('',#9218,1.);
#9218 = DIRECTION('',(0.,-1.,0.));
#9219 = PCURVE('',#7477,#9220);
#9220 = DEFINITIONAL_REPRESENTATION('',(#9221),#9225);
#9221 = LINE('',#9222,#9223);
#9222 = CARTESIAN_POINT('',(0.51816,0.));
#9223 = VECTOR('',#9224,1.);
#9224 = DIRECTION('',(0.,1.));
#9225 = ( GEOMETRIC_REPRESENTATION_CONTEXT(2) 
PARAMETRIC_REPRESENTATION_CONTEXT() REPRESENTATION_CONTEXT('2D SPACE',''
  ) );
#9226 = PCURVE('',#7449,#9227);
#9227 = DEFINITIONAL_REPRESENTATION('',(#9228),#9232);
#9228 = LINE('',#9229,#9230);
#9229 = CARTESIAN_POINT('',(0.,0.));
#9230 = VECTOR('',#9231,1.);
#9231 = DIRECTION('',(0.,1.));
#9232 = ( GEOMETRIC_REPRESENTATION_CONTEXT(2) 
PARAMETRIC_REPRESENTATION_CONTEXT() REPRESENTATION_CONTEXT('2D SPACE',''
  ) );
#9233 = ADVANCED_FACE('',(#9234),#7449,.F.);
#9234 = FACE_BOUND('',#9235,.T.);
#9235 = EDGE_LOOP('',(#9236,#9237,#9238,#9239));
#9236 = ORIENTED_EDGE('',*,*,#7433,.T.);
#9237 = ORIENTED_EDGE('',*,*,#9213,.T.);
#9238 = ORIENTED_EDGE('',*,*,#9186,.T.);
#9239 = ORIENTED_EDGE('',*,*,#9240,.F.);
#9240 = EDGE_CURVE('',#7404,#9164,#9241,.T.);
#9241 = SURFACE_CURVE('',#9242,(#9246,#9253),.PCURVE_S1.);
#9242 = LINE('',#9243,#9244);
#9243 = CARTESIAN_POINT('',(-6.595621314414,0.990000014901,
    -12.63793995541));
#9244 = VECTOR('',#9245,1.);
#9245 = DIRECTION('',(0.,-1.,0.));
#9246 = PCURVE('',#7449,#9247);
#9247 = DEFINITIONAL_REPRESENTATION('',(#9248),#9252);
#9248 = LINE('',#9249,#9250);
#9249 = CARTESIAN_POINT('',(1.36144,0.));
#9250 = VECTOR('',#9251,1.);
#9251 = DIRECTION('',(0.,1.));
#9252 = ( GEOMETRIC_REPRESENTATION_CONTEXT(2) 
PARAMETRIC_REPRESENTATION_CONTEXT() REPRESENTATION_CONTEXT('2D SPACE',''
  ) );
#9253 = PCURVE('',#7421,#9254);
#9254 = DEFINITIONAL_REPRESENTATION('',(#9255),#9259);
#9255 = LINE('',#9256,#9257);
#9256 = CARTESIAN_POINT('',(0.,0.));
#9257 = VECTOR('',#9258,1.);
#9258 = DIRECTION('',(0.,1.));
#9259 = ( GEOMETRIC_REPRESENTATION_CONTEXT(2) 
PARAMETRIC_REPRESENTATION_CONTEXT() REPRESENTATION_CONTEXT('2D SPACE',''
  ) );
#9260 = ADVANCED_FACE('',(#9261),#7421,.F.);
#9261 = FACE_BOUND('',#9262,.T.);
#9262 = EDGE_LOOP('',(#9263,#9264,#9265,#9266));
#9263 = ORIENTED_EDGE('',*,*,#7403,.F.);
#9264 = ORIENTED_EDGE('',*,*,#9240,.T.);
#9265 = ORIENTED_EDGE('',*,*,#9163,.T.);
#9266 = ORIENTED_EDGE('',*,*,#9064,.F.);
#9267 = ADVANCED_FACE('',(#9268),#7389,.F.);
#9268 = FACE_BOUND('',#9269,.F.);
#9269 = EDGE_LOOP('',(#9270,#9293,#9294,#9295));
#9270 = ORIENTED_EDGE('',*,*,#9271,.T.);
#9271 = EDGE_CURVE('',#9272,#7369,#9274,.T.);
#9272 = VERTEX_POINT('',#9273);
#9273 = CARTESIAN_POINT('',(2.115658685586,-0.239999985099,
    -13.73139995541));
#9274 = SEAM_CURVE('',#9275,(#9279,#9286),.PCURVE_S1.);
#9275 = LINE('',#9276,#9277);
#9276 = CARTESIAN_POINT('',(2.115658685586,1.490116113834E-08,
    -13.73139995541));
#9277 = VECTOR('',#9278,1.);
#9278 = DIRECTION('',(0.,1.,0.));
#9279 = PCURVE('',#7389,#9280);
#9280 = DEFINITIONAL_REPRESENTATION('',(#9281),#9285);
#9281 = LINE('',#9282,#9283);
#9282 = CARTESIAN_POINT('',(3.14159265359,0.));
#9283 = VECTOR('',#9284,1.);
#9284 = DIRECTION('',(0.,1.));
#9285 = ( GEOMETRIC_REPRESENTATION_CONTEXT(2) 
PARAMETRIC_REPRESENTATION_CONTEXT() REPRESENTATION_CONTEXT('2D SPACE',''
  ) );
#9286 = PCURVE('',#7389,#9287);
#9287 = DEFINITIONAL_REPRESENTATION('',(#9288),#9292);
#9288 = LINE('',#9289,#9290);
#9289 = CARTESIAN_POINT('',(-3.14159265359,0.));
#9290 = VECTOR('',#9291,1.);
#9291 = DIRECTION('',(0.,1.));
#9292 = ( GEOMETRIC_REPRESENTATION_CONTEXT(2) 
PARAMETRIC_REPRESENTATION_CONTEXT() REPRESENTATION_CONTEXT('2D SPACE',''
  ) );
#9293 = ORIENTED_EDGE('',*,*,#7368,.F.);
#9294 = ORIENTED_EDGE('',*,*,#9271,.F.);
#9295 = ORIENTED_EDGE('',*,*,#9296,.F.);
#9296 = EDGE_CURVE('',#9272,#9272,#9297,.T.);
#9297 = SURFACE_CURVE('',#9298,(#9303,#9310),.PCURVE_S1.);
#9298 = CIRCLE('',#9299,0.375);
#9299 = AXIS2_PLACEMENT_3D('',#9300,#9301,#9302);
#9300 = CARTESIAN_POINT('',(1.740658685586,-0.239999985099,
    -13.73139995541));
#9301 = DIRECTION('',(-6.310887241768E-30,-1.,9.011389889435E-24));
#9302 = DIRECTION('',(-1.,6.310887243769E-30,2.22044604925E-16));
#9303 = PCURVE('',#7389,#9304);
#9304 = DEFINITIONAL_REPRESENTATION('',(#9305),#9309);
#9305 = LINE('',#9306,#9307);
#9306 = CARTESIAN_POINT('',(6.28318530718,-0.24));
#9307 = VECTOR('',#9308,1.);
#9308 = DIRECTION('',(-1.,0.));
#9309 = ( GEOMETRIC_REPRESENTATION_CONTEXT(2) 
PARAMETRIC_REPRESENTATION_CONTEXT() REPRESENTATION_CONTEXT('2D SPACE',''
  ) );
#9310 = PCURVE('',#9311,#9316);
#9311 = PLANE('',#9312);
#9312 = AXIS2_PLACEMENT_3D('',#9313,#9314,#9315);
#9313 = CARTESIAN_POINT('',(1.804158685586,-0.239999985099,
    -6.111399955412));
#9314 = DIRECTION('',(6.310887241768E-30,1.,-9.011389889435E-24));
#9315 = DIRECTION('',(-2.22044604925E-16,-9.011389889435E-24,-1.));
#9316 = DEFINITIONAL_REPRESENTATION('',(#9317),#9325);
#9317 = ( BOUNDED_CURVE() B_SPLINE_CURVE(2,(#9318,#9319,#9320,#9321,
#9322,#9323,#9324),.UNSPECIFIED.,.T.,.F.) B_SPLINE_CURVE_WITH_KNOTS((1,2
    ,2,2,2,1),(-2.094395102393,0.,2.094395102393,4.188790204786,
6.28318530718,8.377580409573),.UNSPECIFIED.) CURVE() 
GEOMETRIC_REPRESENTATION_ITEM() RATIONAL_B_SPLINE_CURVE((1.,0.5,1.,0.5,
1.,0.5,1.)) REPRESENTATION_ITEM('') );
#9318 = CARTESIAN_POINT('',(7.62,0.4385));
#9319 = CARTESIAN_POINT('',(8.269519052838,0.4385));
#9320 = CARTESIAN_POINT('',(7.944759526419,-0.124));
#9321 = CARTESIAN_POINT('',(7.62,-0.6865));
#9322 = CARTESIAN_POINT('',(7.295240473581,-0.124));
#9323 = CARTESIAN_POINT('',(6.970480947162,0.4385));
#9324 = CARTESIAN_POINT('',(7.62,0.4385));
#9325 = ( GEOMETRIC_REPRESENTATION_CONTEXT(2) 
PARAMETRIC_REPRESENTATION_CONTEXT() REPRESENTATION_CONTEXT('2D SPACE',''
  ) );
#9326 = ADVANCED_FACE('',(#9327,#9473),#9311,.F.);
#9327 = FACE_BOUND('',#9328,.T.);
#9328 = EDGE_LOOP('',(#9329,#9354,#9377,#9405,#9428,#9451));
#9329 = ORIENTED_EDGE('',*,*,#9330,.F.);
#9330 = EDGE_CURVE('',#9331,#9333,#9335,.T.);
#9331 = VERTEX_POINT('',#9332);
#9332 = CARTESIAN_POINT('',(0.978658685586,-0.239999985099,
    -15.00139995541));
#9333 = VERTEX_POINT('',#9334);
#9334 = CARTESIAN_POINT('',(0.978658685586,-0.239999985099,
    -13.66789995541));
#9335 = SURFACE_CURVE('',#9336,(#9340,#9347),.PCURVE_S1.);
#9336 = LINE('',#9337,#9338);
#9337 = CARTESIAN_POINT('',(0.978658685586,-0.239999985099,
    -15.00139995541));
#9338 = VECTOR('',#9339,1.);
#9339 = DIRECTION('',(-1.942369941095E-16,9.011389889435E-24,1.));
#9340 = PCURVE('',#9311,#9341);
#9341 = DEFINITIONAL_REPRESENTATION('',(#9342),#9346);
#9342 = LINE('',#9343,#9344);
#9343 = CARTESIAN_POINT('',(8.89,0.8255));
#9344 = VECTOR('',#9345,1.);
#9345 = DIRECTION('',(-1.,4.162815990346E-16));
#9346 = ( GEOMETRIC_REPRESENTATION_CONTEXT(2) 
PARAMETRIC_REPRESENTATION_CONTEXT() REPRESENTATION_CONTEXT('2D SPACE',''
  ) );
#9347 = PCURVE('',#1487,#9348);
#9348 = DEFINITIONAL_REPRESENTATION('',(#9349),#9353);
#9349 = LINE('',#9350,#9351);
#9350 = CARTESIAN_POINT('',(9.011389889435E-26,1.E-02));
#9351 = VECTOR('',#9352,1.);
#9352 = DIRECTION('',(1.,0.));
#9353 = ( GEOMETRIC_REPRESENTATION_CONTEXT(2) 
PARAMETRIC_REPRESENTATION_CONTEXT() REPRESENTATION_CONTEXT('2D SPACE',''
  ) );
#9354 = ORIENTED_EDGE('',*,*,#9355,.F.);
#9355 = EDGE_CURVE('',#9356,#9331,#9358,.T.);
#9356 = VERTEX_POINT('',#9357);
#9357 = CARTESIAN_POINT('',(1.423158685586,-0.239999985099,
    -15.00139995541));
#9358 = SURFACE_CURVE('',#9359,(#9363,#9370),.PCURVE_S1.);
#9359 = LINE('',#9360,#9361);
#9360 = CARTESIAN_POINT('',(1.613658685586,-0.239999985099,
    -15.00139995541));
#9361 = VECTOR('',#9362,1.);
#9362 = DIRECTION('',(-1.,6.310887243769E-30,2.22044604925E-16));
#9363 = PCURVE('',#9311,#9364);
#9364 = DEFINITIONAL_REPRESENTATION('',(#9365),#9369);
#9365 = LINE('',#9366,#9367);
#9366 = CARTESIAN_POINT('',(8.89,0.1905));
#9367 = VECTOR('',#9368,1.);
#9368 = DIRECTION('',(2.465190328816E-32,1.));
#9369 = ( GEOMETRIC_REPRESENTATION_CONTEXT(2) 
PARAMETRIC_REPRESENTATION_CONTEXT() REPRESENTATION_CONTEXT('2D SPACE',''
  ) );
#9370 = PCURVE('',#1459,#9371);
#9371 = DEFINITIONAL_REPRESENTATION('',(#9372),#9376);
#9372 = LINE('',#9373,#9374);
#9373 = CARTESIAN_POINT('',(8.763,-0.24));
#9374 = VECTOR('',#9375,1.);
#9375 = DIRECTION('',(1.,6.310887243769E-30));
#9376 = ( GEOMETRIC_REPRESENTATION_CONTEXT(2) 
PARAMETRIC_REPRESENTATION_CONTEXT() REPRESENTATION_CONTEXT('2D SPACE',''
  ) );
#9377 = ORIENTED_EDGE('',*,*,#9378,.F.);
#9378 = EDGE_CURVE('',#9379,#9356,#9381,.T.);
#9379 = VERTEX_POINT('',#9380);
#9380 = CARTESIAN_POINT('',(2.058158685586,-0.239999985099,
    -15.00139995541));
#9381 = SURFACE_CURVE('',#9382,(#9387,#9398),.PCURVE_S1.);
#9382 = CIRCLE('',#9383,0.3175);
#9383 = AXIS2_PLACEMENT_3D('',#9384,#9385,#9386);
#9384 = CARTESIAN_POINT('',(1.740658685586,-0.239999985099,
    -15.00139995541));
#9385 = DIRECTION('',(-6.310887241768E-30,-1.,9.011389889435E-24));
#9386 = DIRECTION('',(2.150510740613E-16,-9.011389889435E-24,-1.));
#9387 = PCURVE('',#9311,#9388);
#9388 = DEFINITIONAL_REPRESENTATION('',(#9389),#9397);
#9389 = ( BOUNDED_CURVE() B_SPLINE_CURVE(2,(#9390,#9391,#9392,#9393,
#9394,#9395,#9396),.UNSPECIFIED.,.T.,.F.) B_SPLINE_CURVE_WITH_KNOTS((1,2
    ,2,2,2,1),(-2.094395102393,0.,2.094395102393,4.188790204786,
6.28318530718,8.377580409573),.UNSPECIFIED.) CURVE() 
GEOMETRIC_REPRESENTATION_ITEM() RATIONAL_B_SPLINE_CURVE((1.,0.5,1.,0.5,
1.,0.5,1.)) REPRESENTATION_ITEM('') );
#9390 = CARTESIAN_POINT('',(9.2075,6.35E-02));
#9391 = CARTESIAN_POINT('',(9.2075,-0.486426131403));
#9392 = CARTESIAN_POINT('',(8.73125,-0.211463065702));
#9393 = CARTESIAN_POINT('',(8.255,6.35E-02));
#9394 = CARTESIAN_POINT('',(8.73125,0.338463065702));
#9395 = CARTESIAN_POINT('',(9.2075,0.613426131403));
#9396 = CARTESIAN_POINT('',(9.2075,6.35E-02));
#9397 = ( GEOMETRIC_REPRESENTATION_CONTEXT(2) 
PARAMETRIC_REPRESENTATION_CONTEXT() REPRESENTATION_CONTEXT('2D SPACE',''
  ) );
#9398 = PCURVE('',#5556,#9399);
#9399 = DEFINITIONAL_REPRESENTATION('',(#9400),#9404);
#9400 = LINE('',#9401,#9402);
#9401 = CARTESIAN_POINT('',(3.14159265359,-0.24));
#9402 = VECTOR('',#9403,1.);
#9403 = DIRECTION('',(-1.,0.));
#9404 = ( GEOMETRIC_REPRESENTATION_CONTEXT(2) 
PARAMETRIC_REPRESENTATION_CONTEXT() REPRESENTATION_CONTEXT('2D SPACE',''
  ) );
#9405 = ORIENTED_EDGE('',*,*,#9406,.F.);
#9406 = EDGE_CURVE('',#9407,#9379,#9409,.T.);
#9407 = VERTEX_POINT('',#9408);
#9408 = CARTESIAN_POINT('',(2.502658685586,-0.239999985099,
    -15.00139995541));
#9409 = SURFACE_CURVE('',#9410,(#9414,#9421),.PCURVE_S1.);
#9410 = LINE('',#9411,#9412);
#9411 = CARTESIAN_POINT('',(2.883658685586,-0.239999985099,
    -15.00139995541));
#9412 = VECTOR('',#9413,1.);
#9413 = DIRECTION('',(-1.,6.310887243769E-30,2.22044604925E-16));
#9414 = PCURVE('',#9311,#9415);
#9415 = DEFINITIONAL_REPRESENTATION('',(#9416),#9420);
#9416 = LINE('',#9417,#9418);
#9417 = CARTESIAN_POINT('',(8.89,-1.0795));
#9418 = VECTOR('',#9419,1.);
#9419 = DIRECTION('',(2.465190328816E-32,1.));
#9420 = ( GEOMETRIC_REPRESENTATION_CONTEXT(2) 
PARAMETRIC_REPRESENTATION_CONTEXT() REPRESENTATION_CONTEXT('2D SPACE',''
  ) );
#9421 = PCURVE('',#1572,#9422);
#9422 = DEFINITIONAL_REPRESENTATION('',(#9423),#9427);
#9423 = LINE('',#9424,#9425);
#9424 = CARTESIAN_POINT('',(7.493,-0.24));
#9425 = VECTOR('',#9426,1.);
#9426 = DIRECTION('',(1.,6.310887243769E-30));
#9427 = ( GEOMETRIC_REPRESENTATION_CONTEXT(2) 
PARAMETRIC_REPRESENTATION_CONTEXT() REPRESENTATION_CONTEXT('2D SPACE',''
  ) );
#9428 = ORIENTED_EDGE('',*,*,#9429,.F.);
#9429 = EDGE_CURVE('',#9430,#9407,#9432,.T.);
#9430 = VERTEX_POINT('',#9431);
#9431 = CARTESIAN_POINT('',(2.502658685586,-0.239999985099,
    -13.66789995541));
#9432 = SURFACE_CURVE('',#9433,(#9437,#9444),.PCURVE_S1.);
#9433 = LINE('',#9434,#9435);
#9434 = CARTESIAN_POINT('',(2.502658685586,-0.239999985099,
    -13.66789995541));
#9435 = VECTOR('',#9436,1.);
#9436 = DIRECTION('',(1.052817792118E-15,-9.011389889435E-24,-1.));
#9437 = PCURVE('',#9311,#9438);
#9438 = DEFINITIONAL_REPRESENTATION('',(#9439),#9443);
#9439 = LINE('',#9440,#9441);
#9440 = CARTESIAN_POINT('',(7.5565,-0.6985));
#9441 = VECTOR('',#9442,1.);
#9442 = DIRECTION('',(1.,-1.274862397043E-15));
#9443 = ( GEOMETRIC_REPRESENTATION_CONTEXT(2) 
PARAMETRIC_REPRESENTATION_CONTEXT() REPRESENTATION_CONTEXT('2D SPACE',''
  ) );
#9444 = PCURVE('',#1544,#9445);
#9445 = DEFINITIONAL_REPRESENTATION('',(#9446),#9450);
#9446 = LINE('',#9447,#9448);
#9447 = CARTESIAN_POINT('',(-9.011389889435E-26,1.E-02));
#9448 = VECTOR('',#9449,1.);
#9449 = DIRECTION('',(1.,0.));
#9450 = ( GEOMETRIC_REPRESENTATION_CONTEXT(2) 
PARAMETRIC_REPRESENTATION_CONTEXT() REPRESENTATION_CONTEXT('2D SPACE',''
  ) );
#9451 = ORIENTED_EDGE('',*,*,#9452,.F.);
#9452 = EDGE_CURVE('',#9333,#9430,#9453,.T.);
#9453 = SURFACE_CURVE('',#9454,(#9459,#9466),.PCURVE_S1.);
#9454 = CIRCLE('',#9455,0.764886363636);
#9455 = AXIS2_PLACEMENT_3D('',#9456,#9457,#9458);
#9456 = CARTESIAN_POINT('',(1.740658685586,-0.239999985099,
    -13.73428631904));
#9457 = DIRECTION('',(6.310887241768E-30,1.,-9.011389889435E-24));
#9458 = DIRECTION('',(-2.22044604925E-16,-9.011389889435E-24,-1.));
#9459 = PCURVE('',#9311,#9460);
#9460 = DEFINITIONAL_REPRESENTATION('',(#9461),#9465);
#9461 = CIRCLE('',#9462,0.764886363636);
#9462 = AXIS2_PLACEMENT_2D('',#9463,#9464);
#9463 = CARTESIAN_POINT('',(7.622886363636,6.35E-02));
#9464 = DIRECTION('',(1.,0.));
#9465 = ( GEOMETRIC_REPRESENTATION_CONTEXT(2) 
PARAMETRIC_REPRESENTATION_CONTEXT() REPRESENTATION_CONTEXT('2D SPACE',''
  ) );
#9466 = PCURVE('',#1516,#9467);
#9467 = DEFINITIONAL_REPRESENTATION('',(#9468),#9472);
#9468 = LINE('',#9469,#9470);
#9469 = CARTESIAN_POINT('',(-3.14159265359,1.E-02));
#9470 = VECTOR('',#9471,1.);
#9471 = DIRECTION('',(1.,0.));
#9472 = ( GEOMETRIC_REPRESENTATION_CONTEXT(2) 
PARAMETRIC_REPRESENTATION_CONTEXT() REPRESENTATION_CONTEXT('2D SPACE',''
  ) );
#9473 = FACE_BOUND('',#9474,.T.);
#9474 = EDGE_LOOP('',(#9475));
#9475 = ORIENTED_EDGE('',*,*,#9296,.F.);
#9476 = ADVANCED_FACE('',(#9477),#7354,.F.);
#9477 = FACE_BOUND('',#9478,.F.);
#9478 = EDGE_LOOP('',(#9479,#9502,#9503,#9504));
#9479 = ORIENTED_EDGE('',*,*,#9480,.T.);
#9480 = EDGE_CURVE('',#9481,#7334,#9483,.T.);
#9481 = VERTEX_POINT('',#9482);
#9482 = CARTESIAN_POINT('',(-0.424341314414,-0.239999985099,
    -13.73139995541));
#9483 = SEAM_CURVE('',#9484,(#9488,#9495),.PCURVE_S1.);
#9484 = LINE('',#9485,#9486);
#9485 = CARTESIAN_POINT('',(-0.424341314414,1.490116113834E-08,
    -13.73139995541));
#9486 = VECTOR('',#9487,1.);
#9487 = DIRECTION('',(0.,1.,0.));
#9488 = PCURVE('',#7354,#9489);
#9489 = DEFINITIONAL_REPRESENTATION('',(#9490),#9494);
#9490 = LINE('',#9491,#9492);
#9491 = CARTESIAN_POINT('',(3.14159265359,0.));
#9492 = VECTOR('',#9493,1.);
#9493 = DIRECTION('',(0.,1.));
#9494 = ( GEOMETRIC_REPRESENTATION_CONTEXT(2) 
PARAMETRIC_REPRESENTATION_CONTEXT() REPRESENTATION_CONTEXT('2D SPACE',''
  ) );
#9495 = PCURVE('',#7354,#9496);
#9496 = DEFINITIONAL_REPRESENTATION('',(#9497),#9501);
#9497 = LINE('',#9498,#9499);
#9498 = CARTESIAN_POINT('',(-3.14159265359,0.));
#9499 = VECTOR('',#9500,1.);
#9500 = DIRECTION('',(0.,1.));
#9501 = ( GEOMETRIC_REPRESENTATION_CONTEXT(2) 
PARAMETRIC_REPRESENTATION_CONTEXT() REPRESENTATION_CONTEXT('2D SPACE',''
  ) );
#9502 = ORIENTED_EDGE('',*,*,#7333,.F.);
#9503 = ORIENTED_EDGE('',*,*,#9480,.F.);
#9504 = ORIENTED_EDGE('',*,*,#9505,.F.);
#9505 = EDGE_CURVE('',#9481,#9481,#9506,.T.);
#9506 = SURFACE_CURVE('',#9507,(#9512,#9519),.PCURVE_S1.);
#9507 = CIRCLE('',#9508,0.375);
#9508 = AXIS2_PLACEMENT_3D('',#9509,#9510,#9511);
#9509 = CARTESIAN_POINT('',(-0.799341314414,-0.239999985099,
    -13.73139995541));
#9510 = DIRECTION('',(-6.310887241768E-30,-1.,9.011389889435E-24));
#9511 = DIRECTION('',(-1.,6.310887243769E-30,2.22044604925E-16));
#9512 = PCURVE('',#7354,#9513);
#9513 = DEFINITIONAL_REPRESENTATION('',(#9514),#9518);
#9514 = LINE('',#9515,#9516);
#9515 = CARTESIAN_POINT('',(6.28318530718,-0.24));
#9516 = VECTOR('',#9517,1.);
#9517 = DIRECTION('',(-1.,0.));
#9518 = ( GEOMETRIC_REPRESENTATION_CONTEXT(2) 
PARAMETRIC_REPRESENTATION_CONTEXT() REPRESENTATION_CONTEXT('2D SPACE',''
  ) );
#9519 = PCURVE('',#9520,#9525);
#9520 = PLANE('',#9521);
#9521 = AXIS2_PLACEMENT_3D('',#9522,#9523,#9524);
#9522 = CARTESIAN_POINT('',(1.804158685586,-0.239999985099,
    -6.111399955412));
#9523 = DIRECTION('',(6.310887241768E-30,1.,-9.011389889435E-24));
#9524 = DIRECTION('',(-2.22044604925E-16,-9.011389889435E-24,-1.));
#9525 = DEFINITIONAL_REPRESENTATION('',(#9526),#9534);
#9526 = ( BOUNDED_CURVE() B_SPLINE_CURVE(2,(#9527,#9528,#9529,#9530,
#9531,#9532,#9533),.UNSPECIFIED.,.T.,.F.) B_SPLINE_CURVE_WITH_KNOTS((1,2
    ,2,2,2,1),(-2.094395102393,0.,2.094395102393,4.188790204786,
6.28318530718,8.377580409573),.UNSPECIFIED.) CURVE() 
GEOMETRIC_REPRESENTATION_ITEM() RATIONAL_B_SPLINE_CURVE((1.,0.5,1.,0.5,
1.,0.5,1.)) REPRESENTATION_ITEM('') );
#9527 = CARTESIAN_POINT('',(7.62,2.9785));
#9528 = CARTESIAN_POINT('',(8.269519052838,2.9785));
#9529 = CARTESIAN_POINT('',(7.944759526419,2.416));
#9530 = CARTESIAN_POINT('',(7.62,1.8535));
#9531 = CARTESIAN_POINT('',(7.295240473581,2.416));
#9532 = CARTESIAN_POINT('',(6.970480947162,2.9785));
#9533 = CARTESIAN_POINT('',(7.62,2.9785));
#9534 = ( GEOMETRIC_REPRESENTATION_CONTEXT(2) 
PARAMETRIC_REPRESENTATION_CONTEXT() REPRESENTATION_CONTEXT('2D SPACE',''
  ) );
#9535 = ADVANCED_FACE('',(#9536,#9682),#9520,.F.);
#9536 = FACE_BOUND('',#9537,.T.);
#9537 = EDGE_LOOP('',(#9538,#9563,#9586,#9614,#9637,#9660));
#9538 = ORIENTED_EDGE('',*,*,#9539,.F.);
#9539 = EDGE_CURVE('',#9540,#9542,#9544,.T.);
#9540 = VERTEX_POINT('',#9541);
#9541 = CARTESIAN_POINT('',(-1.561341314414,-0.239999985099,
    -15.00139995541));
#9542 = VERTEX_POINT('',#9543);
#9543 = CARTESIAN_POINT('',(-1.561341314414,-0.239999985099,
    -13.66789995541));
#9544 = SURFACE_CURVE('',#9545,(#9549,#9556),.PCURVE_S1.);
#9545 = LINE('',#9546,#9547);
#9546 = CARTESIAN_POINT('',(-1.561341314414,-0.239999985099,
    -15.00139995541));
#9547 = VECTOR('',#9548,1.);
#9548 = DIRECTION('',(2.22044604925E-16,9.011389889435E-24,1.));
#9549 = PCURVE('',#9520,#9550);
#9550 = DEFINITIONAL_REPRESENTATION('',(#9551),#9555);
#9551 = LINE('',#9552,#9553);
#9552 = CARTESIAN_POINT('',(8.89,3.3655));
#9553 = VECTOR('',#9554,1.);
#9554 = DIRECTION('',(-1.,2.465190328816E-32));
#9555 = ( GEOMETRIC_REPRESENTATION_CONTEXT(2) 
PARAMETRIC_REPRESENTATION_CONTEXT() REPRESENTATION_CONTEXT('2D SPACE',''
  ) );
#9556 = PCURVE('',#1374,#9557);
#9557 = DEFINITIONAL_REPRESENTATION('',(#9558),#9562);
#9558 = LINE('',#9559,#9560);
#9559 = CARTESIAN_POINT('',(9.011389889435E-26,1.E-02));
#9560 = VECTOR('',#9561,1.);
#9561 = DIRECTION('',(1.,0.));
#9562 = ( GEOMETRIC_REPRESENTATION_CONTEXT(2) 
PARAMETRIC_REPRESENTATION_CONTEXT() REPRESENTATION_CONTEXT('2D SPACE',''
  ) );
#9563 = ORIENTED_EDGE('',*,*,#9564,.F.);
#9564 = EDGE_CURVE('',#9565,#9540,#9567,.T.);
#9565 = VERTEX_POINT('',#9566);
#9566 = CARTESIAN_POINT('',(-1.116841314414,-0.239999985099,
    -15.00139995541));
#9567 = SURFACE_CURVE('',#9568,(#9572,#9579),.PCURVE_S1.);
#9568 = LINE('',#9569,#9570);
#9569 = CARTESIAN_POINT('',(0.343658685586,-0.239999985099,
    -15.00139995541));
#9570 = VECTOR('',#9571,1.);
#9571 = DIRECTION('',(-1.,6.310887243769E-30,2.22044604925E-16));
#9572 = PCURVE('',#9520,#9573);
#9573 = DEFINITIONAL_REPRESENTATION('',(#9574),#9578);
#9574 = LINE('',#9575,#9576);
#9575 = CARTESIAN_POINT('',(8.89,1.4605));
#9576 = VECTOR('',#9577,1.);
#9577 = DIRECTION('',(2.465190328816E-32,1.));
#9578 = ( GEOMETRIC_REPRESENTATION_CONTEXT(2) 
PARAMETRIC_REPRESENTATION_CONTEXT() REPRESENTATION_CONTEXT('2D SPACE',''
  ) );
#9579 = PCURVE('',#1346,#9580);
#9580 = DEFINITIONAL_REPRESENTATION('',(#9581),#9585);
#9581 = LINE('',#9582,#9583);
#9582 = CARTESIAN_POINT('',(10.033,-0.24));
#9583 = VECTOR('',#9584,1.);
#9584 = DIRECTION('',(1.,6.310887243769E-30));
#9585 = ( GEOMETRIC_REPRESENTATION_CONTEXT(2) 
PARAMETRIC_REPRESENTATION_CONTEXT() REPRESENTATION_CONTEXT('2D SPACE',''
  ) );
#9586 = ORIENTED_EDGE('',*,*,#9587,.F.);
#9587 = EDGE_CURVE('',#9588,#9565,#9590,.T.);
#9588 = VERTEX_POINT('',#9589);
#9589 = CARTESIAN_POINT('',(-0.481841314414,-0.239999985099,
    -15.00139995541));
#9590 = SURFACE_CURVE('',#9591,(#9596,#9607),.PCURVE_S1.);
#9591 = CIRCLE('',#9592,0.3175);
#9592 = AXIS2_PLACEMENT_3D('',#9593,#9594,#9595);
#9593 = CARTESIAN_POINT('',(-0.799341314414,-0.239999985099,
    -15.00139995541));
#9594 = DIRECTION('',(-6.310887241768E-30,-1.,9.011389889435E-24));
#9595 = DIRECTION('',(2.22044604925E-16,9.011389889435E-24,1.));
#9596 = PCURVE('',#9520,#9597);
#9597 = DEFINITIONAL_REPRESENTATION('',(#9598),#9606);
#9598 = ( BOUNDED_CURVE() B_SPLINE_CURVE(2,(#9599,#9600,#9601,#9602,
#9603,#9604,#9605),.UNSPECIFIED.,.T.,.F.) B_SPLINE_CURVE_WITH_KNOTS((1,2
    ,2,2,2,1),(-2.094395102393,0.,2.094395102393,4.188790204786,
6.28318530718,8.377580409573),.UNSPECIFIED.) CURVE() 
GEOMETRIC_REPRESENTATION_ITEM() RATIONAL_B_SPLINE_CURVE((1.,0.5,1.,0.5,
1.,0.5,1.)) REPRESENTATION_ITEM('') );
#9599 = CARTESIAN_POINT('',(8.5725,2.6035));
#9600 = CARTESIAN_POINT('',(8.5725,3.153426131403));
#9601 = CARTESIAN_POINT('',(9.04875,2.878463065702));
#9602 = CARTESIAN_POINT('',(9.525,2.6035));
#9603 = CARTESIAN_POINT('',(9.04875,2.328536934298));
#9604 = CARTESIAN_POINT('',(8.5725,2.053573868597));
#9605 = CARTESIAN_POINT('',(8.5725,2.6035));
#9606 = ( GEOMETRIC_REPRESENTATION_CONTEXT(2) 
PARAMETRIC_REPRESENTATION_CONTEXT() REPRESENTATION_CONTEXT('2D SPACE',''
  ) );
#9607 = PCURVE('',#5500,#9608);
#9608 = DEFINITIONAL_REPRESENTATION('',(#9609),#9613);
#9609 = LINE('',#9610,#9611);
#9610 = CARTESIAN_POINT('',(6.28318530718,-0.24));
#9611 = VECTOR('',#9612,1.);
#9612 = DIRECTION('',(-1.,0.));
#9613 = ( GEOMETRIC_REPRESENTATION_CONTEXT(2) 
PARAMETRIC_REPRESENTATION_CONTEXT() REPRESENTATION_CONTEXT('2D SPACE',''
  ) );
#9614 = ORIENTED_EDGE('',*,*,#9615,.F.);
#9615 = EDGE_CURVE('',#9616,#9588,#9618,.T.);
#9616 = VERTEX_POINT('',#9617);
#9617 = CARTESIAN_POINT('',(-3.734131441357E-02,-0.239999985099,
    -15.00139995541));
#9618 = SURFACE_CURVE('',#9619,(#9623,#9630),.PCURVE_S1.);
#9619 = LINE('',#9620,#9621);
#9620 = CARTESIAN_POINT('',(1.613658685586,-0.239999985099,
    -15.00139995541));
#9621 = VECTOR('',#9622,1.);
#9622 = DIRECTION('',(-1.,6.310887243769E-30,2.22044604925E-16));
#9623 = PCURVE('',#9520,#9624);
#9624 = DEFINITIONAL_REPRESENTATION('',(#9625),#9629);
#9625 = LINE('',#9626,#9627);
#9626 = CARTESIAN_POINT('',(8.89,0.1905));
#9627 = VECTOR('',#9628,1.);
#9628 = DIRECTION('',(2.465190328816E-32,1.));
#9629 = ( GEOMETRIC_REPRESENTATION_CONTEXT(2) 
PARAMETRIC_REPRESENTATION_CONTEXT() REPRESENTATION_CONTEXT('2D SPACE',''
  ) );
#9630 = PCURVE('',#1459,#9631);
#9631 = DEFINITIONAL_REPRESENTATION('',(#9632),#9636);
#9632 = LINE('',#9633,#9634);
#9633 = CARTESIAN_POINT('',(8.763,-0.24));
#9634 = VECTOR('',#9635,1.);
#9635 = DIRECTION('',(1.,6.310887243769E-30));
#9636 = ( GEOMETRIC_REPRESENTATION_CONTEXT(2) 
PARAMETRIC_REPRESENTATION_CONTEXT() REPRESENTATION_CONTEXT('2D SPACE',''
  ) );
#9637 = ORIENTED_EDGE('',*,*,#9638,.F.);
#9638 = EDGE_CURVE('',#9639,#9616,#9641,.T.);
#9639 = VERTEX_POINT('',#9640);
#9640 = CARTESIAN_POINT('',(-3.734131441357E-02,-0.239999985099,
    -13.66789995541));
#9641 = SURFACE_CURVE('',#9642,(#9646,#9653),.PCURVE_S1.);
#9642 = LINE('',#9643,#9644);
#9643 = CARTESIAN_POINT('',(-3.734131441357E-02,-0.239999985099,
    -13.66789995541));
#9644 = VECTOR('',#9645,1.);
#9645 = DIRECTION('',(1.026800192179E-15,-9.011389889435E-24,-1.));
#9646 = PCURVE('',#9520,#9647);
#9647 = DEFINITIONAL_REPRESENTATION('',(#9648),#9652);
#9648 = LINE('',#9649,#9650);
#9649 = CARTESIAN_POINT('',(7.5565,1.8415));
#9650 = VECTOR('',#9651,1.);
#9651 = DIRECTION('',(1.,-1.248844797104E-15));
#9652 = ( GEOMETRIC_REPRESENTATION_CONTEXT(2) 
PARAMETRIC_REPRESENTATION_CONTEXT() REPRESENTATION_CONTEXT('2D SPACE',''
  ) );
#9653 = PCURVE('',#1431,#9654);
#9654 = DEFINITIONAL_REPRESENTATION('',(#9655),#9659);
#9655 = LINE('',#9656,#9657);
#9656 = CARTESIAN_POINT('',(-9.011389889435E-26,1.E-02));
#9657 = VECTOR('',#9658,1.);
#9658 = DIRECTION('',(1.,0.));
#9659 = ( GEOMETRIC_REPRESENTATION_CONTEXT(2) 
PARAMETRIC_REPRESENTATION_CONTEXT() REPRESENTATION_CONTEXT('2D SPACE',''
  ) );
#9660 = ORIENTED_EDGE('',*,*,#9661,.F.);
#9661 = EDGE_CURVE('',#9542,#9639,#9662,.T.);
#9662 = SURFACE_CURVE('',#9663,(#9668,#9675),.PCURVE_S1.);
#9663 = CIRCLE('',#9664,0.764886363636);
#9664 = AXIS2_PLACEMENT_3D('',#9665,#9666,#9667);
#9665 = CARTESIAN_POINT('',(-0.799341314414,-0.239999985099,
    -13.73428631904));
#9666 = DIRECTION('',(6.310887241768E-30,1.,-9.011389889435E-24));
#9667 = DIRECTION('',(-2.22044604925E-16,-9.011389889435E-24,-1.));
#9668 = PCURVE('',#9520,#9669);
#9669 = DEFINITIONAL_REPRESENTATION('',(#9670),#9674);
#9670 = CIRCLE('',#9671,0.764886363636);
#9671 = AXIS2_PLACEMENT_2D('',#9672,#9673);
#9672 = CARTESIAN_POINT('',(7.622886363636,2.6035));
#9673 = DIRECTION('',(1.,0.));
#9674 = ( GEOMETRIC_REPRESENTATION_CONTEXT(2) 
PARAMETRIC_REPRESENTATION_CONTEXT() REPRESENTATION_CONTEXT('2D SPACE',''
  ) );
#9675 = PCURVE('',#1403,#9676);
#9676 = DEFINITIONAL_REPRESENTATION('',(#9677),#9681);
#9677 = LINE('',#9678,#9679);
#9678 = CARTESIAN_POINT('',(3.14159265359,1.E-02));
#9679 = VECTOR('',#9680,1.);
#9680 = DIRECTION('',(1.,0.));
#9681 = ( GEOMETRIC_REPRESENTATION_CONTEXT(2) 
PARAMETRIC_REPRESENTATION_CONTEXT() REPRESENTATION_CONTEXT('2D SPACE',''
  ) );
#9682 = FACE_BOUND('',#9683,.T.);
#9683 = EDGE_LOOP('',(#9684));
#9684 = ORIENTED_EDGE('',*,*,#9505,.F.);
#9685 = ADVANCED_FACE('',(#9686),#7319,.F.);
#9686 = FACE_BOUND('',#9687,.F.);
#9687 = EDGE_LOOP('',(#9688,#9711,#9712,#9713));
#9688 = ORIENTED_EDGE('',*,*,#9689,.T.);
#9689 = EDGE_CURVE('',#9690,#7299,#9692,.T.);
#9690 = VERTEX_POINT('',#9691);
#9691 = CARTESIAN_POINT('',(-2.964341314414,-0.239999985099,
    -13.73139995541));
#9692 = SEAM_CURVE('',#9693,(#9697,#9704),.PCURVE_S1.);
#9693 = LINE('',#9694,#9695);
#9694 = CARTESIAN_POINT('',(-2.964341314414,1.490116113834E-08,
    -13.73139995541));
#9695 = VECTOR('',#9696,1.);
#9696 = DIRECTION('',(0.,1.,0.));
#9697 = PCURVE('',#7319,#9698);
#9698 = DEFINITIONAL_REPRESENTATION('',(#9699),#9703);
#9699 = LINE('',#9700,#9701);
#9700 = CARTESIAN_POINT('',(3.14159265359,0.));
#9701 = VECTOR('',#9702,1.);
#9702 = DIRECTION('',(0.,1.));
#9703 = ( GEOMETRIC_REPRESENTATION_CONTEXT(2) 
PARAMETRIC_REPRESENTATION_CONTEXT() REPRESENTATION_CONTEXT('2D SPACE',''
  ) );
#9704 = PCURVE('',#7319,#9705);
#9705 = DEFINITIONAL_REPRESENTATION('',(#9706),#9710);
#9706 = LINE('',#9707,#9708);
#9707 = CARTESIAN_POINT('',(-3.14159265359,0.));
#9708 = VECTOR('',#9709,1.);
#9709 = DIRECTION('',(0.,1.));
#9710 = ( GEOMETRIC_REPRESENTATION_CONTEXT(2) 
PARAMETRIC_REPRESENTATION_CONTEXT() REPRESENTATION_CONTEXT('2D SPACE',''
  ) );
#9711 = ORIENTED_EDGE('',*,*,#7298,.F.);
#9712 = ORIENTED_EDGE('',*,*,#9689,.F.);
#9713 = ORIENTED_EDGE('',*,*,#9714,.F.);
#9714 = EDGE_CURVE('',#9690,#9690,#9715,.T.);
#9715 = SURFACE_CURVE('',#9716,(#9721,#9728),.PCURVE_S1.);
#9716 = CIRCLE('',#9717,0.375);
#9717 = AXIS2_PLACEMENT_3D('',#9718,#9719,#9720);
#9718 = CARTESIAN_POINT('',(-3.339341314414,-0.239999985099,
    -13.73139995541));
#9719 = DIRECTION('',(-6.310887241768E-30,-1.,9.011389889435E-24));
#9720 = DIRECTION('',(-1.,6.310887243769E-30,2.22044604925E-16));
#9721 = PCURVE('',#7319,#9722);
#9722 = DEFINITIONAL_REPRESENTATION('',(#9723),#9727);
#9723 = LINE('',#9724,#9725);
#9724 = CARTESIAN_POINT('',(6.28318530718,-0.24));
#9725 = VECTOR('',#9726,1.);
#9726 = DIRECTION('',(-1.,0.));
#9727 = ( GEOMETRIC_REPRESENTATION_CONTEXT(2) 
PARAMETRIC_REPRESENTATION_CONTEXT() REPRESENTATION_CONTEXT('2D SPACE',''
  ) );
#9728 = PCURVE('',#9729,#9734);
#9729 = PLANE('',#9730);
#9730 = AXIS2_PLACEMENT_3D('',#9731,#9732,#9733);
#9731 = CARTESIAN_POINT('',(1.804158685586,-0.239999985099,
    -6.111399955412));
#9732 = DIRECTION('',(6.310887241768E-30,1.,-9.011389889435E-24));
#9733 = DIRECTION('',(-2.22044604925E-16,-9.011389889435E-24,-1.));
#9734 = DEFINITIONAL_REPRESENTATION('',(#9735),#9743);
#9735 = ( BOUNDED_CURVE() B_SPLINE_CURVE(2,(#9736,#9737,#9738,#9739,
#9740,#9741,#9742),.UNSPECIFIED.,.T.,.F.) B_SPLINE_CURVE_WITH_KNOTS((1,2
    ,2,2,2,1),(-2.094395102393,0.,2.094395102393,4.188790204786,
6.28318530718,8.377580409573),.UNSPECIFIED.) CURVE() 
GEOMETRIC_REPRESENTATION_ITEM() RATIONAL_B_SPLINE_CURVE((1.,0.5,1.,0.5,
1.,0.5,1.)) REPRESENTATION_ITEM('') );
#9736 = CARTESIAN_POINT('',(7.62,5.5185));
#9737 = CARTESIAN_POINT('',(8.269519052838,5.5185));
#9738 = CARTESIAN_POINT('',(7.944759526419,4.956));
#9739 = CARTESIAN_POINT('',(7.62,4.3935));
#9740 = CARTESIAN_POINT('',(7.295240473581,4.956));
#9741 = CARTESIAN_POINT('',(6.970480947162,5.5185));
#9742 = CARTESIAN_POINT('',(7.62,5.5185));
#9743 = ( GEOMETRIC_REPRESENTATION_CONTEXT(2) 
PARAMETRIC_REPRESENTATION_CONTEXT() REPRESENTATION_CONTEXT('2D SPACE',''
  ) );
#9744 = ADVANCED_FACE('',(#9745,#9891),#9729,.F.);
#9745 = FACE_BOUND('',#9746,.T.);
#9746 = EDGE_LOOP('',(#9747,#9772,#9795,#9823,#9846,#9869));
#9747 = ORIENTED_EDGE('',*,*,#9748,.F.);
#9748 = EDGE_CURVE('',#9749,#9751,#9753,.T.);
#9749 = VERTEX_POINT('',#9750);
#9750 = CARTESIAN_POINT('',(-4.101341314414,-0.239999985099,
    -15.00139995541));
#9751 = VERTEX_POINT('',#9752);
#9752 = CARTESIAN_POINT('',(-4.101341314414,-0.239999985099,
    -13.66789995541));
#9753 = SURFACE_CURVE('',#9754,(#9758,#9765),.PCURVE_S1.);
#9754 = LINE('',#9755,#9756);
#9755 = CARTESIAN_POINT('',(-4.101341314414,-0.239999985099,
    -15.00139995541));
#9756 = VECTOR('',#9757,1.);
#9757 = DIRECTION('',(2.22044604925E-16,9.011389889435E-24,1.));
#9758 = PCURVE('',#9729,#9759);
#9759 = DEFINITIONAL_REPRESENTATION('',(#9760),#9764);
#9760 = LINE('',#9761,#9762);
#9761 = CARTESIAN_POINT('',(8.89,5.9055));
#9762 = VECTOR('',#9763,1.);
#9763 = DIRECTION('',(-1.,2.465190328816E-32));
#9764 = ( GEOMETRIC_REPRESENTATION_CONTEXT(2) 
PARAMETRIC_REPRESENTATION_CONTEXT() REPRESENTATION_CONTEXT('2D SPACE',''
  ) );
#9765 = PCURVE('',#1261,#9766);
#9766 = DEFINITIONAL_REPRESENTATION('',(#9767),#9771);
#9767 = LINE('',#9768,#9769);
#9768 = CARTESIAN_POINT('',(9.011389889435E-26,1.E-02));
#9769 = VECTOR('',#9770,1.);
#9770 = DIRECTION('',(1.,0.));
#9771 = ( GEOMETRIC_REPRESENTATION_CONTEXT(2) 
PARAMETRIC_REPRESENTATION_CONTEXT() REPRESENTATION_CONTEXT('2D SPACE',''
  ) );
#9772 = ORIENTED_EDGE('',*,*,#9773,.F.);
#9773 = EDGE_CURVE('',#9774,#9749,#9776,.T.);
#9774 = VERTEX_POINT('',#9775);
#9775 = CARTESIAN_POINT('',(-3.656841314414,-0.239999985099,
    -15.00139995541));
#9776 = SURFACE_CURVE('',#9777,(#9781,#9788),.PCURVE_S1.);
#9777 = LINE('',#9778,#9779);
#9778 = CARTESIAN_POINT('',(-0.926341314414,-0.239999985099,
    -15.00139995541));
#9779 = VECTOR('',#9780,1.);
#9780 = DIRECTION('',(-1.,6.310887243769E-30,2.22044604925E-16));
#9781 = PCURVE('',#9729,#9782);
#9782 = DEFINITIONAL_REPRESENTATION('',(#9783),#9787);
#9783 = LINE('',#9784,#9785);
#9784 = CARTESIAN_POINT('',(8.89,2.7305));
#9785 = VECTOR('',#9786,1.);
#9786 = DIRECTION('',(2.465190328816E-32,1.));
#9787 = ( GEOMETRIC_REPRESENTATION_CONTEXT(2) 
PARAMETRIC_REPRESENTATION_CONTEXT() REPRESENTATION_CONTEXT('2D SPACE',''
  ) );
#9788 = PCURVE('',#1233,#9789);
#9789 = DEFINITIONAL_REPRESENTATION('',(#9790),#9794);
#9790 = LINE('',#9791,#9792);
#9791 = CARTESIAN_POINT('',(11.303,-0.24));
#9792 = VECTOR('',#9793,1.);
#9793 = DIRECTION('',(1.,6.310887243769E-30));
#9794 = ( GEOMETRIC_REPRESENTATION_CONTEXT(2) 
PARAMETRIC_REPRESENTATION_CONTEXT() REPRESENTATION_CONTEXT('2D SPACE',''
  ) );
#9795 = ORIENTED_EDGE('',*,*,#9796,.F.);
#9796 = EDGE_CURVE('',#9797,#9774,#9799,.T.);
#9797 = VERTEX_POINT('',#9798);
#9798 = CARTESIAN_POINT('',(-3.021841314414,-0.239999985099,
    -15.00139995541));
#9799 = SURFACE_CURVE('',#9800,(#9805,#9816),.PCURVE_S1.);
#9800 = CIRCLE('',#9801,0.3175);
#9801 = AXIS2_PLACEMENT_3D('',#9802,#9803,#9804);
#9802 = CARTESIAN_POINT('',(-3.339341314414,-0.239999985099,
    -15.00139995541));
#9803 = DIRECTION('',(-6.310887241768E-30,-1.,9.011389889435E-24));
#9804 = DIRECTION('',(2.22044604925E-16,9.011389889435E-24,1.));
#9805 = PCURVE('',#9729,#9806);
#9806 = DEFINITIONAL_REPRESENTATION('',(#9807),#9815);
#9807 = ( BOUNDED_CURVE() B_SPLINE_CURVE(2,(#9808,#9809,#9810,#9811,
#9812,#9813,#9814),.UNSPECIFIED.,.T.,.F.) B_SPLINE_CURVE_WITH_KNOTS((1,2
    ,2,2,2,1),(-2.094395102393,0.,2.094395102393,4.188790204786,
6.28318530718,8.377580409573),.UNSPECIFIED.) CURVE() 
GEOMETRIC_REPRESENTATION_ITEM() RATIONAL_B_SPLINE_CURVE((1.,0.5,1.,0.5,
1.,0.5,1.)) REPRESENTATION_ITEM('') );
#9808 = CARTESIAN_POINT('',(8.5725,5.1435));
#9809 = CARTESIAN_POINT('',(8.5725,5.693426131403));
#9810 = CARTESIAN_POINT('',(9.04875,5.418463065702));
#9811 = CARTESIAN_POINT('',(9.525,5.1435));
#9812 = CARTESIAN_POINT('',(9.04875,4.868536934298));
#9813 = CARTESIAN_POINT('',(8.5725,4.593573868597));
#9814 = CARTESIAN_POINT('',(8.5725,5.1435));
#9815 = ( GEOMETRIC_REPRESENTATION_CONTEXT(2) 
PARAMETRIC_REPRESENTATION_CONTEXT() REPRESENTATION_CONTEXT('2D SPACE',''
  ) );
#9816 = PCURVE('',#5444,#9817);
#9817 = DEFINITIONAL_REPRESENTATION('',(#9818),#9822);
#9818 = LINE('',#9819,#9820);
#9819 = CARTESIAN_POINT('',(6.28318530718,-0.24));
#9820 = VECTOR('',#9821,1.);
#9821 = DIRECTION('',(-1.,0.));
#9822 = ( GEOMETRIC_REPRESENTATION_CONTEXT(2) 
PARAMETRIC_REPRESENTATION_CONTEXT() REPRESENTATION_CONTEXT('2D SPACE',''
  ) );
#9823 = ORIENTED_EDGE('',*,*,#9824,.F.);
#9824 = EDGE_CURVE('',#9825,#9797,#9827,.T.);
#9825 = VERTEX_POINT('',#9826);
#9826 = CARTESIAN_POINT('',(-2.577341314414,-0.239999985099,
    -15.00139995541));
#9827 = SURFACE_CURVE('',#9828,(#9832,#9839),.PCURVE_S1.);
#9828 = LINE('',#9829,#9830);
#9829 = CARTESIAN_POINT('',(0.343658685586,-0.239999985099,
    -15.00139995541));
#9830 = VECTOR('',#9831,1.);
#9831 = DIRECTION('',(-1.,6.310887243769E-30,2.22044604925E-16));
#9832 = PCURVE('',#9729,#9833);
#9833 = DEFINITIONAL_REPRESENTATION('',(#9834),#9838);
#9834 = LINE('',#9835,#9836);
#9835 = CARTESIAN_POINT('',(8.89,1.4605));
#9836 = VECTOR('',#9837,1.);
#9837 = DIRECTION('',(2.465190328816E-32,1.));
#9838 = ( GEOMETRIC_REPRESENTATION_CONTEXT(2) 
PARAMETRIC_REPRESENTATION_CONTEXT() REPRESENTATION_CONTEXT('2D SPACE',''
  ) );
#9839 = PCURVE('',#1346,#9840);
#9840 = DEFINITIONAL_REPRESENTATION('',(#9841),#9845);
#9841 = LINE('',#9842,#9843);
#9842 = CARTESIAN_POINT('',(10.033,-0.24));
#9843 = VECTOR('',#9844,1.);
#9844 = DIRECTION('',(1.,6.310887243769E-30));
#9845 = ( GEOMETRIC_REPRESENTATION_CONTEXT(2) 
PARAMETRIC_REPRESENTATION_CONTEXT() REPRESENTATION_CONTEXT('2D SPACE',''
  ) );
#9846 = ORIENTED_EDGE('',*,*,#9847,.F.);
#9847 = EDGE_CURVE('',#9848,#9825,#9850,.T.);
#9848 = VERTEX_POINT('',#9849);
#9849 = CARTESIAN_POINT('',(-2.577341314414,-0.239999985099,
    -13.66789995541));
#9850 = SURFACE_CURVE('',#9851,(#9855,#9862),.PCURVE_S1.);
#9851 = LINE('',#9852,#9853);
#9852 = CARTESIAN_POINT('',(-2.577341314414,-0.239999985099,
    -13.66789995541));
#9853 = VECTOR('',#9854,1.);
#9854 = DIRECTION('',(1.443081791213E-15,-9.011389889435E-24,-1.));
#9855 = PCURVE('',#9729,#9856);
#9856 = DEFINITIONAL_REPRESENTATION('',(#9857),#9861);
#9857 = LINE('',#9858,#9859);
#9858 = CARTESIAN_POINT('',(7.5565,4.3815));
#9859 = VECTOR('',#9860,1.);
#9860 = DIRECTION('',(1.,-1.665126396138E-15));
#9861 = ( GEOMETRIC_REPRESENTATION_CONTEXT(2) 
PARAMETRIC_REPRESENTATION_CONTEXT() REPRESENTATION_CONTEXT('2D SPACE',''
  ) );
#9862 = PCURVE('',#1318,#9863);
#9863 = DEFINITIONAL_REPRESENTATION('',(#9864),#9868);
#9864 = LINE('',#9865,#9866);
#9865 = CARTESIAN_POINT('',(-9.011389889435E-26,1.E-02));
#9866 = VECTOR('',#9867,1.);
#9867 = DIRECTION('',(1.,0.));
#9868 = ( GEOMETRIC_REPRESENTATION_CONTEXT(2) 
PARAMETRIC_REPRESENTATION_CONTEXT() REPRESENTATION_CONTEXT('2D SPACE',''
  ) );
#9869 = ORIENTED_EDGE('',*,*,#9870,.F.);
#9870 = EDGE_CURVE('',#9751,#9848,#9871,.T.);
#9871 = SURFACE_CURVE('',#9872,(#9877,#9884),.PCURVE_S1.);
#9872 = CIRCLE('',#9873,0.764886363636);
#9873 = AXIS2_PLACEMENT_3D('',#9874,#9875,#9876);
#9874 = CARTESIAN_POINT('',(-3.339341314414,-0.239999985099,
    -13.73428631904));
#9875 = DIRECTION('',(6.310887241768E-30,1.,-9.011389889435E-24));
#9876 = DIRECTION('',(-2.22044604925E-16,-9.011389889435E-24,-1.));
#9877 = PCURVE('',#9729,#9878);
#9878 = DEFINITIONAL_REPRESENTATION('',(#9879),#9883);
#9879 = CIRCLE('',#9880,0.764886363636);
#9880 = AXIS2_PLACEMENT_2D('',#9881,#9882);
#9881 = CARTESIAN_POINT('',(7.622886363636,5.1435));
#9882 = DIRECTION('',(1.,0.));
#9883 = ( GEOMETRIC_REPRESENTATION_CONTEXT(2) 
PARAMETRIC_REPRESENTATION_CONTEXT() REPRESENTATION_CONTEXT('2D SPACE',''
  ) );
#9884 = PCURVE('',#1290,#9885);
#9885 = DEFINITIONAL_REPRESENTATION('',(#9886),#9890);
#9886 = LINE('',#9887,#9888);
#9887 = CARTESIAN_POINT('',(-3.14159265359,1.E-02));
#9888 = VECTOR('',#9889,1.);
#9889 = DIRECTION('',(1.,0.));
#9890 = ( GEOMETRIC_REPRESENTATION_CONTEXT(2) 
PARAMETRIC_REPRESENTATION_CONTEXT() REPRESENTATION_CONTEXT('2D SPACE',''
  ) );
#9891 = FACE_BOUND('',#9892,.T.);
#9892 = EDGE_LOOP('',(#9893));
#9893 = ORIENTED_EDGE('',*,*,#9714,.F.);
#9894 = ADVANCED_FACE('',(#9895),#7284,.F.);
#9895 = FACE_BOUND('',#9896,.F.);
#9896 = EDGE_LOOP('',(#9897,#9920,#9921,#9922));
#9897 = ORIENTED_EDGE('',*,*,#9898,.T.);
#9898 = EDGE_CURVE('',#9899,#7264,#9901,.T.);
#9899 = VERTEX_POINT('',#9900);
#9900 = CARTESIAN_POINT('',(6.445658685586,-0.239999985099,
    -13.73139995541));
#9901 = SEAM_CURVE('',#9902,(#9906,#9913),.PCURVE_S1.);
#9902 = LINE('',#9903,#9904);
#9903 = CARTESIAN_POINT('',(6.445658685586,1.490116113834E-08,
    -13.73139995541));
#9904 = VECTOR('',#9905,1.);
#9905 = DIRECTION('',(0.,1.,0.));
#9906 = PCURVE('',#7284,#9907);
#9907 = DEFINITIONAL_REPRESENTATION('',(#9908),#9912);
#9908 = LINE('',#9909,#9910);
#9909 = CARTESIAN_POINT('',(3.14159265359,0.));
#9910 = VECTOR('',#9911,1.);
#9911 = DIRECTION('',(0.,1.));
#9912 = ( GEOMETRIC_REPRESENTATION_CONTEXT(2) 
PARAMETRIC_REPRESENTATION_CONTEXT() REPRESENTATION_CONTEXT('2D SPACE',''
  ) );
#9913 = PCURVE('',#7284,#9914);
#9914 = DEFINITIONAL_REPRESENTATION('',(#9915),#9919);
#9915 = LINE('',#9916,#9917);
#9916 = CARTESIAN_POINT('',(-3.14159265359,0.));
#9917 = VECTOR('',#9918,1.);
#9918 = DIRECTION('',(0.,1.));
#9919 = ( GEOMETRIC_REPRESENTATION_CONTEXT(2) 
PARAMETRIC_REPRESENTATION_CONTEXT() REPRESENTATION_CONTEXT('2D SPACE',''
  ) );
#9920 = ORIENTED_EDGE('',*,*,#7263,.F.);
#9921 = ORIENTED_EDGE('',*,*,#9898,.F.);
#9922 = ORIENTED_EDGE('',*,*,#9923,.F.);
#9923 = EDGE_CURVE('',#9899,#9899,#9924,.T.);
#9924 = SURFACE_CURVE('',#9925,(#9930,#9937),.PCURVE_S1.);
#9925 = CIRCLE('',#9926,0.375);
#9926 = AXIS2_PLACEMENT_3D('',#9927,#9928,#9929);
#9927 = CARTESIAN_POINT('',(6.820658685586,-0.239999985099,
    -13.73139995541));
#9928 = DIRECTION('',(-6.310887241768E-30,-1.,9.011389889435E-24));
#9929 = DIRECTION('',(1.,-6.310887243769E-30,-2.22044604925E-16));
#9930 = PCURVE('',#7284,#9931);
#9931 = DEFINITIONAL_REPRESENTATION('',(#9932),#9936);
#9932 = LINE('',#9933,#9934);
#9933 = CARTESIAN_POINT('',(6.28318530718,-0.24));
#9934 = VECTOR('',#9935,1.);
#9935 = DIRECTION('',(-1.,0.));
#9936 = ( GEOMETRIC_REPRESENTATION_CONTEXT(2) 
PARAMETRIC_REPRESENTATION_CONTEXT() REPRESENTATION_CONTEXT('2D SPACE',''
  ) );
#9937 = PCURVE('',#9938,#9943);
#9938 = PLANE('',#9939);
#9939 = AXIS2_PLACEMENT_3D('',#9940,#9941,#9942);
#9940 = CARTESIAN_POINT('',(1.804158685586,-0.239999985099,
    -6.111399955412));
#9941 = DIRECTION('',(6.310887241768E-30,1.,-9.011389889435E-24));
#9942 = DIRECTION('',(-2.22044604925E-16,-9.011389889435E-24,-1.));
#9943 = DEFINITIONAL_REPRESENTATION('',(#9944),#9952);
#9944 = ( BOUNDED_CURVE() B_SPLINE_CURVE(2,(#9945,#9946,#9947,#9948,
#9949,#9950,#9951),.UNSPECIFIED.,.T.,.F.) B_SPLINE_CURVE_WITH_KNOTS((1,2
    ,2,2,2,1),(-2.094395102393,0.,2.094395102393,4.188790204786,
6.28318530718,8.377580409573),.UNSPECIFIED.) CURVE() 
GEOMETRIC_REPRESENTATION_ITEM() RATIONAL_B_SPLINE_CURVE((1.,0.5,1.,0.5,
1.,0.5,1.)) REPRESENTATION_ITEM('') );
#9945 = CARTESIAN_POINT('',(7.62,-5.3915));
#9946 = CARTESIAN_POINT('',(6.970480947162,-5.3915));
#9947 = CARTESIAN_POINT('',(7.295240473581,-4.829));
#9948 = CARTESIAN_POINT('',(7.62,-4.2665));
#9949 = CARTESIAN_POINT('',(7.944759526419,-4.829));
#9950 = CARTESIAN_POINT('',(8.269519052838,-5.3915));
#9951 = CARTESIAN_POINT('',(7.62,-5.3915));
#9952 = ( GEOMETRIC_REPRESENTATION_CONTEXT(2) 
PARAMETRIC_REPRESENTATION_CONTEXT() REPRESENTATION_CONTEXT('2D SPACE',''
  ) );
#9953 = ADVANCED_FACE('',(#9954,#10100),#9938,.F.);
#9954 = FACE_BOUND('',#9955,.T.);
#9955 = EDGE_LOOP('',(#9956,#9981,#10004,#10032,#10055,#10078));
#9956 = ORIENTED_EDGE('',*,*,#9957,.F.);
#9957 = EDGE_CURVE('',#9958,#9960,#9962,.T.);
#9958 = VERTEX_POINT('',#9959);
#9959 = CARTESIAN_POINT('',(6.058658685586,-0.239999985099,
    -15.00139995541));
#9960 = VERTEX_POINT('',#9961);
#9961 = CARTESIAN_POINT('',(6.058658685586,-0.239999985099,
    -13.66789995541));
#9962 = SURFACE_CURVE('',#9963,(#9967,#9974),.PCURVE_S1.);
#9963 = LINE('',#9964,#9965);
#9964 = CARTESIAN_POINT('',(6.058658685586,-0.239999985099,
    -15.00139995541));
#9965 = VECTOR('',#9966,1.);
#9966 = DIRECTION('',(2.22044604925E-16,9.011389889435E-24,1.));
#9967 = PCURVE('',#9938,#9968);
#9968 = DEFINITIONAL_REPRESENTATION('',(#9969),#9973);
#9969 = LINE('',#9970,#9971);
#9970 = CARTESIAN_POINT('',(8.89,-4.2545));
#9971 = VECTOR('',#9972,1.);
#9972 = DIRECTION('',(-1.,2.465190328816E-32));
#9973 = ( GEOMETRIC_REPRESENTATION_CONTEXT(2) 
PARAMETRIC_REPRESENTATION_CONTEXT() REPRESENTATION_CONTEXT('2D SPACE',''
  ) );
#9974 = PCURVE('',#1713,#9975);
#9975 = DEFINITIONAL_REPRESENTATION('',(#9976),#9980);
#9976 = LINE('',#9977,#9978);
#9977 = CARTESIAN_POINT('',(9.011389889435E-26,1.E-02));
#9978 = VECTOR('',#9979,1.);
#9979 = DIRECTION('',(1.,0.));
#9980 = ( GEOMETRIC_REPRESENTATION_CONTEXT(2) 
PARAMETRIC_REPRESENTATION_CONTEXT() REPRESENTATION_CONTEXT('2D SPACE',''
  ) );
#9981 = ORIENTED_EDGE('',*,*,#9982,.F.);
#9982 = EDGE_CURVE('',#9983,#9958,#9985,.T.);
#9983 = VERTEX_POINT('',#9984);
#9984 = CARTESIAN_POINT('',(6.503158685586,-0.239999985099,
    -15.00139995541));
#9985 = SURFACE_CURVE('',#9986,(#9990,#9997),.PCURVE_S1.);
#9986 = LINE('',#9987,#9988);
#9987 = CARTESIAN_POINT('',(4.153658685586,-0.239999985099,
    -15.00139995541));
#9988 = VECTOR('',#9989,1.);
#9989 = DIRECTION('',(-1.,6.310887243769E-30,2.22044604925E-16));
#9990 = PCURVE('',#9938,#9991);
#9991 = DEFINITIONAL_REPRESENTATION('',(#9992),#9996);
#9992 = LINE('',#9993,#9994);
#9993 = CARTESIAN_POINT('',(8.89,-2.3495));
#9994 = VECTOR('',#9995,1.);
#9995 = DIRECTION('',(2.465190328816E-32,1.));
#9996 = ( GEOMETRIC_REPRESENTATION_CONTEXT(2) 
PARAMETRIC_REPRESENTATION_CONTEXT() REPRESENTATION_CONTEXT('2D SPACE',''
  ) );
#9997 = PCURVE('',#1685,#9998);
#9998 = DEFINITIONAL_REPRESENTATION('',(#9999),#10003);
#9999 = LINE('',#10000,#10001);
#10000 = CARTESIAN_POINT('',(6.223,-0.24));
#10001 = VECTOR('',#10002,1.);
#10002 = DIRECTION('',(1.,6.310887243769E-30));
#10003 = ( GEOMETRIC_REPRESENTATION_CONTEXT(2) 
PARAMETRIC_REPRESENTATION_CONTEXT() REPRESENTATION_CONTEXT('2D SPACE',''
  ) );
#10004 = ORIENTED_EDGE('',*,*,#10005,.F.);
#10005 = EDGE_CURVE('',#10006,#9983,#10008,.T.);
#10006 = VERTEX_POINT('',#10007);
#10007 = CARTESIAN_POINT('',(7.138158685586,-0.239999985099,
    -15.00139995541));
#10008 = SURFACE_CURVE('',#10009,(#10014,#10025),.PCURVE_S1.);
#10009 = CIRCLE('',#10010,0.3175);
#10010 = AXIS2_PLACEMENT_3D('',#10011,#10012,#10013);
#10011 = CARTESIAN_POINT('',(6.820658685586,-0.239999985099,
    -15.00139995541));
#10012 = DIRECTION('',(-6.310887241768E-30,-1.,9.011389889435E-24));
#10013 = DIRECTION('',(2.22044604925E-16,9.011389889435E-24,1.));
#10014 = PCURVE('',#9938,#10015);
#10015 = DEFINITIONAL_REPRESENTATION('',(#10016),#10024);
#10016 = ( BOUNDED_CURVE() B_SPLINE_CURVE(2,(#10017,#10018,#10019,#10020
    ,#10021,#10022,#10023),.UNSPECIFIED.,.T.,.F.) 
B_SPLINE_CURVE_WITH_KNOTS((1,2,2,2,2,1),(-2.094395102393,0.,
    2.094395102393,4.188790204786,6.28318530718,8.377580409573),
.UNSPECIFIED.) CURVE() GEOMETRIC_REPRESENTATION_ITEM() 
RATIONAL_B_SPLINE_CURVE((1.,0.5,1.,0.5,1.,0.5,1.)) REPRESENTATION_ITEM(
  '') );
#10017 = CARTESIAN_POINT('',(8.5725,-5.0165));
#10018 = CARTESIAN_POINT('',(8.5725,-4.466573868597));
#10019 = CARTESIAN_POINT('',(9.04875,-4.741536934298));
#10020 = CARTESIAN_POINT('',(9.525,-5.0165));
#10021 = CARTESIAN_POINT('',(9.04875,-5.291463065702));
#10022 = CARTESIAN_POINT('',(8.5725,-5.566426131403));
#10023 = CARTESIAN_POINT('',(8.5725,-5.0165));
#10024 = ( GEOMETRIC_REPRESENTATION_CONTEXT(2) 
PARAMETRIC_REPRESENTATION_CONTEXT() REPRESENTATION_CONTEXT('2D SPACE',''
  ) );
#10025 = PCURVE('',#5668,#10026);
#10026 = DEFINITIONAL_REPRESENTATION('',(#10027),#10031);
#10027 = LINE('',#10028,#10029);
#10028 = CARTESIAN_POINT('',(6.28318530718,-0.24));
#10029 = VECTOR('',#10030,1.);
#10030 = DIRECTION('',(-1.,0.));
#10031 = ( GEOMETRIC_REPRESENTATION_CONTEXT(2) 
PARAMETRIC_REPRESENTATION_CONTEXT() REPRESENTATION_CONTEXT('2D SPACE',''
  ) );
#10032 = ORIENTED_EDGE('',*,*,#10033,.F.);
#10033 = EDGE_CURVE('',#10034,#10006,#10036,.T.);
#10034 = VERTEX_POINT('',#10035);
#10035 = CARTESIAN_POINT('',(7.582658685586,-0.239999985099,
    -15.00139995541));
#10036 = SURFACE_CURVE('',#10037,(#10041,#10048),.PCURVE_S1.);
#10037 = LINE('',#10038,#10039);
#10038 = CARTESIAN_POINT('',(5.423658685586,-0.239999985099,
    -15.00139995541));
#10039 = VECTOR('',#10040,1.);
#10040 = DIRECTION('',(-1.,6.310887243769E-30,2.22044604925E-16));
#10041 = PCURVE('',#9938,#10042);
#10042 = DEFINITIONAL_REPRESENTATION('',(#10043),#10047);
#10043 = LINE('',#10044,#10045);
#10044 = CARTESIAN_POINT('',(8.89,-3.6195));
#10045 = VECTOR('',#10046,1.);
#10046 = DIRECTION('',(2.465190328816E-32,1.));
#10047 = ( GEOMETRIC_REPRESENTATION_CONTEXT(2) 
PARAMETRIC_REPRESENTATION_CONTEXT() REPRESENTATION_CONTEXT('2D SPACE',''
  ) );
#10048 = PCURVE('',#1798,#10049);
#10049 = DEFINITIONAL_REPRESENTATION('',(#10050),#10054);
#10050 = LINE('',#10051,#10052);
#10051 = CARTESIAN_POINT('',(4.953,-0.24));
#10052 = VECTOR('',#10053,1.);
#10053 = DIRECTION('',(1.,6.310887243769E-30));
#10054 = ( GEOMETRIC_REPRESENTATION_CONTEXT(2) 
PARAMETRIC_REPRESENTATION_CONTEXT() REPRESENTATION_CONTEXT('2D SPACE',''
  ) );
#10055 = ORIENTED_EDGE('',*,*,#10056,.F.);
#10056 = EDGE_CURVE('',#10057,#10034,#10059,.T.);
#10057 = VERTEX_POINT('',#10058);
#10058 = CARTESIAN_POINT('',(7.582658685586,-0.239999985099,
    -13.66789995541));
#10059 = SURFACE_CURVE('',#10060,(#10064,#10071),.PCURVE_S1.);
#10060 = LINE('',#10061,#10062);
#10061 = CARTESIAN_POINT('',(7.582658685586,-0.239999985099,
    -13.66789995541));
#10062 = VECTOR('',#10063,1.);
#10063 = DIRECTION('',(-2.22044604925E-16,-9.011389889435E-24,-1.));
#10064 = PCURVE('',#9938,#10065);
#10065 = DEFINITIONAL_REPRESENTATION('',(#10066),#10070);
#10066 = LINE('',#10067,#10068);
#10067 = CARTESIAN_POINT('',(7.5565,-5.7785));
#10068 = VECTOR('',#10069,1.);
#10069 = DIRECTION('',(1.,-2.465190328816E-32));
#10070 = ( GEOMETRIC_REPRESENTATION_CONTEXT(2) 
PARAMETRIC_REPRESENTATION_CONTEXT() REPRESENTATION_CONTEXT('2D SPACE',''
  ) );
#10071 = PCURVE('',#1770,#10072);
#10072 = DEFINITIONAL_REPRESENTATION('',(#10073),#10077);
#10073 = LINE('',#10074,#10075);
#10074 = CARTESIAN_POINT('',(-9.011389889435E-26,1.E-02));
#10075 = VECTOR('',#10076,1.);
#10076 = DIRECTION('',(1.,0.));
#10077 = ( GEOMETRIC_REPRESENTATION_CONTEXT(2) 
PARAMETRIC_REPRESENTATION_CONTEXT() REPRESENTATION_CONTEXT('2D SPACE',''
  ) );
#10078 = ORIENTED_EDGE('',*,*,#10079,.F.);
#10079 = EDGE_CURVE('',#9960,#10057,#10080,.T.);
#10080 = SURFACE_CURVE('',#10081,(#10086,#10093),.PCURVE_S1.);
#10081 = CIRCLE('',#10082,0.764886363636);
#10082 = AXIS2_PLACEMENT_3D('',#10083,#10084,#10085);
#10083 = CARTESIAN_POINT('',(6.820658685586,-0.239999985099,
    -13.73428631904));
#10084 = DIRECTION('',(6.310887241768E-30,1.,-9.011389889435E-24));
#10085 = DIRECTION('',(-2.22044604925E-16,-9.011389889435E-24,-1.));
#10086 = PCURVE('',#9938,#10087);
#10087 = DEFINITIONAL_REPRESENTATION('',(#10088),#10092);
#10088 = CIRCLE('',#10089,0.764886363636);
#10089 = AXIS2_PLACEMENT_2D('',#10090,#10091);
#10090 = CARTESIAN_POINT('',(7.622886363636,-5.0165));
#10091 = DIRECTION('',(1.,0.));
#10092 = ( GEOMETRIC_REPRESENTATION_CONTEXT(2) 
PARAMETRIC_REPRESENTATION_CONTEXT() REPRESENTATION_CONTEXT('2D SPACE',''
  ) );
#10093 = PCURVE('',#1742,#10094);
#10094 = DEFINITIONAL_REPRESENTATION('',(#10095),#10099);
#10095 = LINE('',#10096,#10097);
#10096 = CARTESIAN_POINT('',(-3.14159265359,1.E-02));
#10097 = VECTOR('',#10098,1.);
#10098 = DIRECTION('',(1.,0.));
#10099 = ( GEOMETRIC_REPRESENTATION_CONTEXT(2) 
PARAMETRIC_REPRESENTATION_CONTEXT() REPRESENTATION_CONTEXT('2D SPACE',''
  ) );
#10100 = FACE_BOUND('',#10101,.T.);
#10101 = EDGE_LOOP('',(#10102));
#10102 = ORIENTED_EDGE('',*,*,#9923,.F.);
#10103 = ADVANCED_FACE('',(#10104),#7249,.F.);
#10104 = FACE_BOUND('',#10105,.F.);
#10105 = EDGE_LOOP('',(#10106,#10129,#10130,#10131));
#10106 = ORIENTED_EDGE('',*,*,#10107,.T.);
#10107 = EDGE_CURVE('',#10108,#7229,#10110,.T.);
#10108 = VERTEX_POINT('',#10109);
#10109 = CARTESIAN_POINT('',(4.655658685586,-0.239999985099,
    -13.73139995541));
#10110 = SEAM_CURVE('',#10111,(#10115,#10122),.PCURVE_S1.);
#10111 = LINE('',#10112,#10113);
#10112 = CARTESIAN_POINT('',(4.655658685586,1.490116113834E-08,
    -13.73139995541));
#10113 = VECTOR('',#10114,1.);
#10114 = DIRECTION('',(0.,1.,0.));
#10115 = PCURVE('',#7249,#10116);
#10116 = DEFINITIONAL_REPRESENTATION('',(#10117),#10121);
#10117 = LINE('',#10118,#10119);
#10118 = CARTESIAN_POINT('',(3.14159265359,0.));
#10119 = VECTOR('',#10120,1.);
#10120 = DIRECTION('',(0.,1.));
#10121 = ( GEOMETRIC_REPRESENTATION_CONTEXT(2) 
PARAMETRIC_REPRESENTATION_CONTEXT() REPRESENTATION_CONTEXT('2D SPACE',''
  ) );
#10122 = PCURVE('',#7249,#10123);
#10123 = DEFINITIONAL_REPRESENTATION('',(#10124),#10128);
#10124 = LINE('',#10125,#10126);
#10125 = CARTESIAN_POINT('',(-3.14159265359,0.));
#10126 = VECTOR('',#10127,1.);
#10127 = DIRECTION('',(0.,1.));
#10128 = ( GEOMETRIC_REPRESENTATION_CONTEXT(2) 
PARAMETRIC_REPRESENTATION_CONTEXT() REPRESENTATION_CONTEXT('2D SPACE',''
  ) );
#10129 = ORIENTED_EDGE('',*,*,#7228,.F.);
#10130 = ORIENTED_EDGE('',*,*,#10107,.F.);
#10131 = ORIENTED_EDGE('',*,*,#10132,.F.);
#10132 = EDGE_CURVE('',#10108,#10108,#10133,.T.);
#10133 = SURFACE_CURVE('',#10134,(#10139,#10146),.PCURVE_S1.);
#10134 = CIRCLE('',#10135,0.375);
#10135 = AXIS2_PLACEMENT_3D('',#10136,#10137,#10138);
#10136 = CARTESIAN_POINT('',(4.280658685586,-0.239999985099,
    -13.73139995541));
#10137 = DIRECTION('',(-6.310887241768E-30,-1.,9.011389889435E-24));
#10138 = DIRECTION('',(-1.,6.310887243769E-30,2.22044604925E-16));
#10139 = PCURVE('',#7249,#10140);
#10140 = DEFINITIONAL_REPRESENTATION('',(#10141),#10145);
#10141 = LINE('',#10142,#10143);
#10142 = CARTESIAN_POINT('',(6.28318530718,-0.24));
#10143 = VECTOR('',#10144,1.);
#10144 = DIRECTION('',(-1.,0.));
#10145 = ( GEOMETRIC_REPRESENTATION_CONTEXT(2) 
PARAMETRIC_REPRESENTATION_CONTEXT() REPRESENTATION_CONTEXT('2D SPACE',''
  ) );
#10146 = PCURVE('',#10147,#10152);
#10147 = PLANE('',#10148);
#10148 = AXIS2_PLACEMENT_3D('',#10149,#10150,#10151);
#10149 = CARTESIAN_POINT('',(1.804158685586,-0.239999985099,
    -6.111399955412));
#10150 = DIRECTION('',(6.310887241768E-30,1.,-9.011389889435E-24));
#10151 = DIRECTION('',(-2.22044604925E-16,-9.011389889435E-24,-1.));
#10152 = DEFINITIONAL_REPRESENTATION('',(#10153),#10161);
#10153 = ( BOUNDED_CURVE() B_SPLINE_CURVE(2,(#10154,#10155,#10156,#10157
    ,#10158,#10159,#10160),.UNSPECIFIED.,.T.,.F.) 
B_SPLINE_CURVE_WITH_KNOTS((1,2,2,2,2,1),(-2.094395102393,0.,
    2.094395102393,4.188790204786,6.28318530718,8.377580409573),
.UNSPECIFIED.) CURVE() GEOMETRIC_REPRESENTATION_ITEM() 
RATIONAL_B_SPLINE_CURVE((1.,0.5,1.,0.5,1.,0.5,1.)) REPRESENTATION_ITEM(
  '') );
#10154 = CARTESIAN_POINT('',(7.62,-2.1015));
#10155 = CARTESIAN_POINT('',(8.269519052838,-2.1015));
#10156 = CARTESIAN_POINT('',(7.944759526419,-2.664));
#10157 = CARTESIAN_POINT('',(7.62,-3.2265));
#10158 = CARTESIAN_POINT('',(7.295240473581,-2.664));
#10159 = CARTESIAN_POINT('',(6.970480947162,-2.1015));
#10160 = CARTESIAN_POINT('',(7.62,-2.1015));
#10161 = ( GEOMETRIC_REPRESENTATION_CONTEXT(2) 
PARAMETRIC_REPRESENTATION_CONTEXT() REPRESENTATION_CONTEXT('2D SPACE',''
  ) );
#10162 = ADVANCED_FACE('',(#10163,#10309),#10147,.F.);
#10163 = FACE_BOUND('',#10164,.T.);
#10164 = EDGE_LOOP('',(#10165,#10190,#10213,#10241,#10264,#10287));
#10165 = ORIENTED_EDGE('',*,*,#10166,.F.);
#10166 = EDGE_CURVE('',#10167,#10169,#10171,.T.);
#10167 = VERTEX_POINT('',#10168);
#10168 = CARTESIAN_POINT('',(3.518658685586,-0.239999985099,
    -15.00139995541));
#10169 = VERTEX_POINT('',#10170);
#10170 = CARTESIAN_POINT('',(3.518658685586,-0.239999985099,
    -13.66789995541));
#10171 = SURFACE_CURVE('',#10172,(#10176,#10183),.PCURVE_S1.);
#10172 = LINE('',#10173,#10174);
#10173 = CARTESIAN_POINT('',(3.518658685586,-0.239999985099,
    -15.00139995541));
#10174 = VECTOR('',#10175,1.);
#10175 = DIRECTION('',(2.22044604925E-16,9.011389889435E-24,1.));
#10176 = PCURVE('',#10147,#10177);
#10177 = DEFINITIONAL_REPRESENTATION('',(#10178),#10182);
#10178 = LINE('',#10179,#10180);
#10179 = CARTESIAN_POINT('',(8.89,-1.7145));
#10180 = VECTOR('',#10181,1.);
#10181 = DIRECTION('',(-1.,2.465190328816E-32));
#10182 = ( GEOMETRIC_REPRESENTATION_CONTEXT(2) 
PARAMETRIC_REPRESENTATION_CONTEXT() REPRESENTATION_CONTEXT('2D SPACE',''
  ) );
#10183 = PCURVE('',#1600,#10184);
#10184 = DEFINITIONAL_REPRESENTATION('',(#10185),#10189);
#10185 = LINE('',#10186,#10187);
#10186 = CARTESIAN_POINT('',(9.011389889435E-26,1.E-02));
#10187 = VECTOR('',#10188,1.);
#10188 = DIRECTION('',(1.,0.));
#10189 = ( GEOMETRIC_REPRESENTATION_CONTEXT(2) 
PARAMETRIC_REPRESENTATION_CONTEXT() REPRESENTATION_CONTEXT('2D SPACE',''
  ) );
#10190 = ORIENTED_EDGE('',*,*,#10191,.F.);
#10191 = EDGE_CURVE('',#10192,#10167,#10194,.T.);
#10192 = VERTEX_POINT('',#10193);
#10193 = CARTESIAN_POINT('',(3.963158685586,-0.239999985099,
    -15.00139995541));
#10194 = SURFACE_CURVE('',#10195,(#10199,#10206),.PCURVE_S1.);
#10195 = LINE('',#10196,#10197);
#10196 = CARTESIAN_POINT('',(2.883658685586,-0.239999985099,
    -15.00139995541));
#10197 = VECTOR('',#10198,1.);
#10198 = DIRECTION('',(-1.,6.310887243769E-30,2.22044604925E-16));
#10199 = PCURVE('',#10147,#10200);
#10200 = DEFINITIONAL_REPRESENTATION('',(#10201),#10205);
#10201 = LINE('',#10202,#10203);
#10202 = CARTESIAN_POINT('',(8.89,-1.0795));
#10203 = VECTOR('',#10204,1.);
#10204 = DIRECTION('',(2.465190328816E-32,1.));
#10205 = ( GEOMETRIC_REPRESENTATION_CONTEXT(2) 
PARAMETRIC_REPRESENTATION_CONTEXT() REPRESENTATION_CONTEXT('2D SPACE',''
  ) );
#10206 = PCURVE('',#1572,#10207);
#10207 = DEFINITIONAL_REPRESENTATION('',(#10208),#10212);
#10208 = LINE('',#10209,#10210);
#10209 = CARTESIAN_POINT('',(7.493,-0.24));
#10210 = VECTOR('',#10211,1.);
#10211 = DIRECTION('',(1.,6.310887243769E-30));
#10212 = ( GEOMETRIC_REPRESENTATION_CONTEXT(2) 
PARAMETRIC_REPRESENTATION_CONTEXT() REPRESENTATION_CONTEXT('2D SPACE',''
  ) );
#10213 = ORIENTED_EDGE('',*,*,#10214,.F.);
#10214 = EDGE_CURVE('',#10215,#10192,#10217,.T.);
#10215 = VERTEX_POINT('',#10216);
#10216 = CARTESIAN_POINT('',(4.598158685586,-0.239999985099,
    -15.00139995541));
#10217 = SURFACE_CURVE('',#10218,(#10223,#10234),.PCURVE_S1.);
#10218 = CIRCLE('',#10219,0.3175);
#10219 = AXIS2_PLACEMENT_3D('',#10220,#10221,#10222);
#10220 = CARTESIAN_POINT('',(4.280658685586,-0.239999985099,
    -15.00139995541));
#10221 = DIRECTION('',(-6.310887241768E-30,-1.,9.011389889435E-24));
#10222 = DIRECTION('',(2.22044604925E-16,9.011389889435E-24,1.));
#10223 = PCURVE('',#10147,#10224);
#10224 = DEFINITIONAL_REPRESENTATION('',(#10225),#10233);
#10225 = ( BOUNDED_CURVE() B_SPLINE_CURVE(2,(#10226,#10227,#10228,#10229
    ,#10230,#10231,#10232),.UNSPECIFIED.,.T.,.F.) 
B_SPLINE_CURVE_WITH_KNOTS((1,2,2,2,2,1),(-2.094395102393,0.,
    2.094395102393,4.188790204786,6.28318530718,8.377580409573),
.UNSPECIFIED.) CURVE() GEOMETRIC_REPRESENTATION_ITEM() 
RATIONAL_B_SPLINE_CURVE((1.,0.5,1.,0.5,1.,0.5,1.)) REPRESENTATION_ITEM(
  '') );
#10226 = CARTESIAN_POINT('',(8.5725,-2.4765));
#10227 = CARTESIAN_POINT('',(8.5725,-1.926573868597));
#10228 = CARTESIAN_POINT('',(9.04875,-2.201536934298));
#10229 = CARTESIAN_POINT('',(9.525,-2.4765));
#10230 = CARTESIAN_POINT('',(9.04875,-2.751463065702));
#10231 = CARTESIAN_POINT('',(8.5725,-3.026426131403));
#10232 = CARTESIAN_POINT('',(8.5725,-2.4765));
#10233 = ( GEOMETRIC_REPRESENTATION_CONTEXT(2) 
PARAMETRIC_REPRESENTATION_CONTEXT() REPRESENTATION_CONTEXT('2D SPACE',''
  ) );
#10234 = PCURVE('',#5612,#10235);
#10235 = DEFINITIONAL_REPRESENTATION('',(#10236),#10240);
#10236 = LINE('',#10237,#10238);
#10237 = CARTESIAN_POINT('',(12.566370614359,-0.24));
#10238 = VECTOR('',#10239,1.);
#10239 = DIRECTION('',(-1.,0.));
#10240 = ( GEOMETRIC_REPRESENTATION_CONTEXT(2) 
PARAMETRIC_REPRESENTATION_CONTEXT() REPRESENTATION_CONTEXT('2D SPACE',''
  ) );
#10241 = ORIENTED_EDGE('',*,*,#10242,.F.);
#10242 = EDGE_CURVE('',#10243,#10215,#10245,.T.);
#10243 = VERTEX_POINT('',#10244);
#10244 = CARTESIAN_POINT('',(5.042658685586,-0.239999985099,
    -15.00139995541));
#10245 = SURFACE_CURVE('',#10246,(#10250,#10257),.PCURVE_S1.);
#10246 = LINE('',#10247,#10248);
#10247 = CARTESIAN_POINT('',(4.153658685586,-0.239999985099,
    -15.00139995541));
#10248 = VECTOR('',#10249,1.);
#10249 = DIRECTION('',(-1.,6.310887243769E-30,2.22044604925E-16));
#10250 = PCURVE('',#10147,#10251);
#10251 = DEFINITIONAL_REPRESENTATION('',(#10252),#10256);
#10252 = LINE('',#10253,#10254);
#10253 = CARTESIAN_POINT('',(8.89,-2.3495));
#10254 = VECTOR('',#10255,1.);
#10255 = DIRECTION('',(2.465190328816E-32,1.));
#10256 = ( GEOMETRIC_REPRESENTATION_CONTEXT(2) 
PARAMETRIC_REPRESENTATION_CONTEXT() REPRESENTATION_CONTEXT('2D SPACE',''
  ) );
#10257 = PCURVE('',#1685,#10258);
#10258 = DEFINITIONAL_REPRESENTATION('',(#10259),#10263);
#10259 = LINE('',#10260,#10261);
#10260 = CARTESIAN_POINT('',(6.223,-0.24));
#10261 = VECTOR('',#10262,1.);
#10262 = DIRECTION('',(1.,6.310887243769E-30));
#10263 = ( GEOMETRIC_REPRESENTATION_CONTEXT(2) 
PARAMETRIC_REPRESENTATION_CONTEXT() REPRESENTATION_CONTEXT('2D SPACE',''
  ) );
#10264 = ORIENTED_EDGE('',*,*,#10265,.F.);
#10265 = EDGE_CURVE('',#10266,#10243,#10268,.T.);
#10266 = VERTEX_POINT('',#10267);
#10267 = CARTESIAN_POINT('',(5.042658685586,-0.239999985099,
    -13.66789995541));
#10268 = SURFACE_CURVE('',#10269,(#10273,#10280),.PCURVE_S1.);
#10269 = LINE('',#10270,#10271);
#10270 = CARTESIAN_POINT('',(5.042658685586,-0.239999985099,
    -13.66789995541));
#10271 = VECTOR('',#10272,1.);
#10272 = DIRECTION('',(-2.22044604925E-16,-9.011389889435E-24,-1.));
#10273 = PCURVE('',#10147,#10274);
#10274 = DEFINITIONAL_REPRESENTATION('',(#10275),#10279);
#10275 = LINE('',#10276,#10277);
#10276 = CARTESIAN_POINT('',(7.5565,-3.2385));
#10277 = VECTOR('',#10278,1.);
#10278 = DIRECTION('',(1.,-2.465190328816E-32));
#10279 = ( GEOMETRIC_REPRESENTATION_CONTEXT(2) 
PARAMETRIC_REPRESENTATION_CONTEXT() REPRESENTATION_CONTEXT('2D SPACE',''
  ) );
#10280 = PCURVE('',#1657,#10281);
#10281 = DEFINITIONAL_REPRESENTATION('',(#10282),#10286);
#10282 = LINE('',#10283,#10284);
#10283 = CARTESIAN_POINT('',(-9.011389889435E-26,1.E-02));
#10284 = VECTOR('',#10285,1.);
#10285 = DIRECTION('',(1.,0.));
#10286 = ( GEOMETRIC_REPRESENTATION_CONTEXT(2) 
PARAMETRIC_REPRESENTATION_CONTEXT() REPRESENTATION_CONTEXT('2D SPACE',''
  ) );
#10287 = ORIENTED_EDGE('',*,*,#10288,.F.);
#10288 = EDGE_CURVE('',#10169,#10266,#10289,.T.);
#10289 = SURFACE_CURVE('',#10290,(#10295,#10302),.PCURVE_S1.);
#10290 = CIRCLE('',#10291,0.764886363636);
#10291 = AXIS2_PLACEMENT_3D('',#10292,#10293,#10294);
#10292 = CARTESIAN_POINT('',(4.280658685586,-0.239999985099,
    -13.73428631904));
#10293 = DIRECTION('',(6.310887241768E-30,1.,-9.011389889435E-24));
#10294 = DIRECTION('',(-2.22044604925E-16,-9.011389889435E-24,-1.));
#10295 = PCURVE('',#10147,#10296);
#10296 = DEFINITIONAL_REPRESENTATION('',(#10297),#10301);
#10297 = CIRCLE('',#10298,0.764886363636);
#10298 = AXIS2_PLACEMENT_2D('',#10299,#10300);
#10299 = CARTESIAN_POINT('',(7.622886363636,-2.4765));
#10300 = DIRECTION('',(1.,0.));
#10301 = ( GEOMETRIC_REPRESENTATION_CONTEXT(2) 
PARAMETRIC_REPRESENTATION_CONTEXT() REPRESENTATION_CONTEXT('2D SPACE',''
  ) );
#10302 = PCURVE('',#1629,#10303);
#10303 = DEFINITIONAL_REPRESENTATION('',(#10304),#10308);
#10304 = LINE('',#10305,#10306);
#10305 = CARTESIAN_POINT('',(-3.14159265359,1.E-02));
#10306 = VECTOR('',#10307,1.);
#10307 = DIRECTION('',(1.,0.));
#10308 = ( GEOMETRIC_REPRESENTATION_CONTEXT(2) 
PARAMETRIC_REPRESENTATION_CONTEXT() REPRESENTATION_CONTEXT('2D SPACE',''
  ) );
#10309 = FACE_BOUND('',#10310,.T.);
#10310 = EDGE_LOOP('',(#10311));
#10311 = ORIENTED_EDGE('',*,*,#10132,.F.);
#10312 = ADVANCED_FACE('',(#10313),#7214,.F.);
#10313 = FACE_BOUND('',#10314,.T.);
#10314 = EDGE_LOOP('',(#10315,#10316,#10339,#10367));
#10315 = ORIENTED_EDGE('',*,*,#7200,.F.);
#10316 = ORIENTED_EDGE('',*,*,#10317,.T.);
#10317 = EDGE_CURVE('',#7117,#10318,#10320,.T.);
#10318 = VERTEX_POINT('',#10319);
#10319 = CARTESIAN_POINT('',(-5.498341314414,0.980000014901,
    -11.64479995541));
#10320 = SURFACE_CURVE('',#10321,(#10325,#10332),.PCURVE_S1.);
#10321 = LINE('',#10322,#10323);
#10322 = CARTESIAN_POINT('',(-5.498341314414,0.990000014901,
    -11.64479995541));
#10323 = VECTOR('',#10324,1.);
#10324 = DIRECTION('',(0.,-1.,0.));
#10325 = PCURVE('',#7214,#10326);
#10326 = DEFINITIONAL_REPRESENTATION('',(#10327),#10331);
#10327 = LINE('',#10328,#10329);
#10328 = CARTESIAN_POINT('',(0.,0.));
#10329 = VECTOR('',#10330,1.);
#10330 = DIRECTION('',(0.,1.));
#10331 = ( GEOMETRIC_REPRESENTATION_CONTEXT(2) 
PARAMETRIC_REPRESENTATION_CONTEXT() REPRESENTATION_CONTEXT('2D SPACE',''
  ) );
#10332 = PCURVE('',#7132,#10333);
#10333 = DEFINITIONAL_REPRESENTATION('',(#10334),#10338);
#10334 = LINE('',#10335,#10336);
#10335 = CARTESIAN_POINT('',(0.4826,0.));
#10336 = VECTOR('',#10337,1.);
#10337 = DIRECTION('',(0.,1.));
#10338 = ( GEOMETRIC_REPRESENTATION_CONTEXT(2) 
PARAMETRIC_REPRESENTATION_CONTEXT() REPRESENTATION_CONTEXT('2D SPACE',''
  ) );
#10339 = ORIENTED_EDGE('',*,*,#10340,.T.);
#10340 = EDGE_CURVE('',#10318,#10341,#10343,.T.);
#10341 = VERTEX_POINT('',#10342);
#10342 = CARTESIAN_POINT('',(-6.260341314414,0.980000014901,
    -11.64479995541));
#10343 = SURFACE_CURVE('',#10344,(#10348,#10355),.PCURVE_S1.);
#10344 = LINE('',#10345,#10346);
#10345 = CARTESIAN_POINT('',(-6.260341314414,0.980000014901,
    -11.64479995541));
#10346 = VECTOR('',#10347,1.);
#10347 = DIRECTION('',(-1.,0.,0.));
#10348 = PCURVE('',#7214,#10349);
#10349 = DEFINITIONAL_REPRESENTATION('',(#10350),#10354);
#10350 = LINE('',#10351,#10352);
#10351 = CARTESIAN_POINT('',(0.762,1.E-02));
#10352 = VECTOR('',#10353,1.);
#10353 = DIRECTION('',(1.,0.));
#10354 = ( GEOMETRIC_REPRESENTATION_CONTEXT(2) 
PARAMETRIC_REPRESENTATION_CONTEXT() REPRESENTATION_CONTEXT('2D SPACE',''
  ) );
#10355 = PCURVE('',#10356,#10361);
#10356 = PLANE('',#10357);
#10357 = AXIS2_PLACEMENT_3D('',#10358,#10359,#10360);
#10358 = CARTESIAN_POINT('',(-5.879341314414,0.980000014901,
    -11.88609995541));
#10359 = DIRECTION('',(0.,-1.,0.));
#10360 = DIRECTION('',(0.,0.,-1.));
#10361 = DEFINITIONAL_REPRESENTATION('',(#10362),#10366);
#10362 = LINE('',#10363,#10364);
#10363 = CARTESIAN_POINT('',(-0.2413,-0.381));
#10364 = VECTOR('',#10365,1.);
#10365 = DIRECTION('',(0.,-1.));
#10366 = ( GEOMETRIC_REPRESENTATION_CONTEXT(2) 
PARAMETRIC_REPRESENTATION_CONTEXT() REPRESENTATION_CONTEXT('2D SPACE',''
  ) );
#10367 = ORIENTED_EDGE('',*,*,#10368,.F.);
#10368 = EDGE_CURVE('',#7173,#10341,#10369,.T.);
#10369 = SURFACE_CURVE('',#10370,(#10374,#10381),.PCURVE_S1.);
#10370 = LINE('',#10371,#10372);
#10371 = CARTESIAN_POINT('',(-6.260341314414,0.990000014901,
    -11.64479995541));
#10372 = VECTOR('',#10373,1.);
#10373 = DIRECTION('',(0.,-1.,0.));
#10374 = PCURVE('',#7214,#10375);
#10375 = DEFINITIONAL_REPRESENTATION('',(#10376),#10380);
#10376 = LINE('',#10377,#10378);
#10377 = CARTESIAN_POINT('',(0.762,0.));
#10378 = VECTOR('',#10379,1.);
#10379 = DIRECTION('',(0.,1.));
#10380 = ( GEOMETRIC_REPRESENTATION_CONTEXT(2) 
PARAMETRIC_REPRESENTATION_CONTEXT() REPRESENTATION_CONTEXT('2D SPACE',''
  ) );
#10381 = PCURVE('',#7188,#10382);
#10382 = DEFINITIONAL_REPRESENTATION('',(#10383),#10387);
#10383 = LINE('',#10384,#10385);
#10384 = CARTESIAN_POINT('',(0.,-0.));
#10385 = VECTOR('',#10386,1.);
#10386 = DIRECTION('',(0.,1.));
#10387 = ( GEOMETRIC_REPRESENTATION_CONTEXT(2) 
PARAMETRIC_REPRESENTATION_CONTEXT() REPRESENTATION_CONTEXT('2D SPACE',''
  ) );
#10388 = ADVANCED_FACE('',(#10389),#10356,.F.);
#10389 = FACE_BOUND('',#10390,.T.);
#10390 = EDGE_LOOP('',(#10391,#10416,#10437,#10438));
#10391 = ORIENTED_EDGE('',*,*,#10392,.F.);
#10392 = EDGE_CURVE('',#10393,#10395,#10397,.T.);
#10393 = VERTEX_POINT('',#10394);
#10394 = CARTESIAN_POINT('',(-6.260341314414,0.980000014901,
    -12.12739995541));
#10395 = VERTEX_POINT('',#10396);
#10396 = CARTESIAN_POINT('',(-5.498341314414,0.980000014901,
    -12.12739995541));
#10397 = SURFACE_CURVE('',#10398,(#10402,#10409),.PCURVE_S1.);
#10398 = LINE('',#10399,#10400);
#10399 = CARTESIAN_POINT('',(-5.498341314414,0.980000014901,
    -12.12739995541));
#10400 = VECTOR('',#10401,1.);
#10401 = DIRECTION('',(1.,0.,0.));
#10402 = PCURVE('',#10356,#10403);
#10403 = DEFINITIONAL_REPRESENTATION('',(#10404),#10408);
#10404 = LINE('',#10405,#10406);
#10405 = CARTESIAN_POINT('',(0.2413,0.381));
#10406 = VECTOR('',#10407,1.);
#10407 = DIRECTION('',(0.,1.));
#10408 = ( GEOMETRIC_REPRESENTATION_CONTEXT(2) 
PARAMETRIC_REPRESENTATION_CONTEXT() REPRESENTATION_CONTEXT('2D SPACE',''
  ) );
#10409 = PCURVE('',#7160,#10410);
#10410 = DEFINITIONAL_REPRESENTATION('',(#10411),#10415);
#10411 = LINE('',#10412,#10413);
#10412 = CARTESIAN_POINT('',(0.762,1.E-02));
#10413 = VECTOR('',#10414,1.);
#10414 = DIRECTION('',(1.,0.));
#10415 = ( GEOMETRIC_REPRESENTATION_CONTEXT(2) 
PARAMETRIC_REPRESENTATION_CONTEXT() REPRESENTATION_CONTEXT('2D SPACE',''
  ) );
#10416 = ORIENTED_EDGE('',*,*,#10417,.F.);
#10417 = EDGE_CURVE('',#10341,#10393,#10418,.T.);
#10418 = SURFACE_CURVE('',#10419,(#10423,#10430),.PCURVE_S1.);
#10419 = LINE('',#10420,#10421);
#10420 = CARTESIAN_POINT('',(-6.260341314414,0.980000014901,
    -12.12739995541));
#10421 = VECTOR('',#10422,1.);
#10422 = DIRECTION('',(0.,0.,-1.));
#10423 = PCURVE('',#10356,#10424);
#10424 = DEFINITIONAL_REPRESENTATION('',(#10425),#10429);
#10425 = LINE('',#10426,#10427);
#10426 = CARTESIAN_POINT('',(0.2413,-0.381));
#10427 = VECTOR('',#10428,1.);
#10428 = DIRECTION('',(1.,0.));
#10429 = ( GEOMETRIC_REPRESENTATION_CONTEXT(2) 
PARAMETRIC_REPRESENTATION_CONTEXT() REPRESENTATION_CONTEXT('2D SPACE',''
  ) );
#10430 = PCURVE('',#7188,#10431);
#10431 = DEFINITIONAL_REPRESENTATION('',(#10432),#10436);
#10432 = LINE('',#10433,#10434);
#10433 = CARTESIAN_POINT('',(0.4826,1.E-02));
#10434 = VECTOR('',#10435,1.);
#10435 = DIRECTION('',(1.,0.));
#10436 = ( GEOMETRIC_REPRESENTATION_CONTEXT(2) 
PARAMETRIC_REPRESENTATION_CONTEXT() REPRESENTATION_CONTEXT('2D SPACE',''
  ) );
#10437 = ORIENTED_EDGE('',*,*,#10340,.F.);
#10438 = ORIENTED_EDGE('',*,*,#10439,.F.);
#10439 = EDGE_CURVE('',#10395,#10318,#10440,.T.);
#10440 = SURFACE_CURVE('',#10441,(#10445,#10452),.PCURVE_S1.);
#10441 = LINE('',#10442,#10443);
#10442 = CARTESIAN_POINT('',(-5.498341314414,0.980000014901,
    -11.64479995541));
#10443 = VECTOR('',#10444,1.);
#10444 = DIRECTION('',(0.,0.,1.));
#10445 = PCURVE('',#10356,#10446);
#10446 = DEFINITIONAL_REPRESENTATION('',(#10447),#10451);
#10447 = LINE('',#10448,#10449);
#10448 = CARTESIAN_POINT('',(-0.2413,0.381));
#10449 = VECTOR('',#10450,1.);
#10450 = DIRECTION('',(-1.,0.));
#10451 = ( GEOMETRIC_REPRESENTATION_CONTEXT(2) 
PARAMETRIC_REPRESENTATION_CONTEXT() REPRESENTATION_CONTEXT('2D SPACE',''
  ) );
#10452 = PCURVE('',#7132,#10453);
#10453 = DEFINITIONAL_REPRESENTATION('',(#10454),#10458);
#10454 = LINE('',#10455,#10456);
#10455 = CARTESIAN_POINT('',(0.4826,1.E-02));
#10456 = VECTOR('',#10457,1.);
#10457 = DIRECTION('',(1.,0.));
#10458 = ( GEOMETRIC_REPRESENTATION_CONTEXT(2) 
PARAMETRIC_REPRESENTATION_CONTEXT() REPRESENTATION_CONTEXT('2D SPACE',''
  ) );
#10459 = ADVANCED_FACE('',(#10460),#7188,.F.);
#10460 = FACE_BOUND('',#10461,.T.);
#10461 = EDGE_LOOP('',(#10462,#10463,#10464,#10465));
#10462 = ORIENTED_EDGE('',*,*,#7172,.F.);
#10463 = ORIENTED_EDGE('',*,*,#10368,.T.);
#10464 = ORIENTED_EDGE('',*,*,#10417,.T.);
#10465 = ORIENTED_EDGE('',*,*,#10466,.F.);
#10466 = EDGE_CURVE('',#7145,#10393,#10467,.T.);
#10467 = SURFACE_CURVE('',#10468,(#10472,#10479),.PCURVE_S1.);
#10468 = LINE('',#10469,#10470);
#10469 = CARTESIAN_POINT('',(-6.260341314414,0.990000014901,
    -12.12739995541));
#10470 = VECTOR('',#10471,1.);
#10471 = DIRECTION('',(0.,-1.,0.));
#10472 = PCURVE('',#7188,#10473);
#10473 = DEFINITIONAL_REPRESENTATION('',(#10474),#10478);
#10474 = LINE('',#10475,#10476);
#10475 = CARTESIAN_POINT('',(0.4826,0.));
#10476 = VECTOR('',#10477,1.);
#10477 = DIRECTION('',(0.,1.));
#10478 = ( GEOMETRIC_REPRESENTATION_CONTEXT(2) 
PARAMETRIC_REPRESENTATION_CONTEXT() REPRESENTATION_CONTEXT('2D SPACE',''
  ) );
#10479 = PCURVE('',#7160,#10480);
#10480 = DEFINITIONAL_REPRESENTATION('',(#10481),#10485);
#10481 = LINE('',#10482,#10483);
#10482 = CARTESIAN_POINT('',(0.,0.));
#10483 = VECTOR('',#10484,1.);
#10484 = DIRECTION('',(0.,1.));
#10485 = ( GEOMETRIC_REPRESENTATION_CONTEXT(2) 
PARAMETRIC_REPRESENTATION_CONTEXT() REPRESENTATION_CONTEXT('2D SPACE',''
  ) );
#10486 = ADVANCED_FACE('',(#10487),#7160,.F.);
#10487 = FACE_BOUND('',#10488,.T.);
#10488 = EDGE_LOOP('',(#10489,#10490,#10491,#10492));
#10489 = ORIENTED_EDGE('',*,*,#7144,.F.);
#10490 = ORIENTED_EDGE('',*,*,#10466,.T.);
#10491 = ORIENTED_EDGE('',*,*,#10392,.T.);
#10492 = ORIENTED_EDGE('',*,*,#10493,.F.);
#10493 = EDGE_CURVE('',#7115,#10395,#10494,.T.);
#10494 = SURFACE_CURVE('',#10495,(#10499,#10506),.PCURVE_S1.);
#10495 = LINE('',#10496,#10497);
#10496 = CARTESIAN_POINT('',(-5.498341314414,0.990000014901,
    -12.12739995541));
#10497 = VECTOR('',#10498,1.);
#10498 = DIRECTION('',(0.,-1.,0.));
#10499 = PCURVE('',#7160,#10500);
#10500 = DEFINITIONAL_REPRESENTATION('',(#10501),#10505);
#10501 = LINE('',#10502,#10503);
#10502 = CARTESIAN_POINT('',(0.762,0.));
#10503 = VECTOR('',#10504,1.);
#10504 = DIRECTION('',(0.,1.));
#10505 = ( GEOMETRIC_REPRESENTATION_CONTEXT(2) 
PARAMETRIC_REPRESENTATION_CONTEXT() REPRESENTATION_CONTEXT('2D SPACE',''
  ) );
#10506 = PCURVE('',#7132,#10507);
#10507 = DEFINITIONAL_REPRESENTATION('',(#10508),#10512);
#10508 = LINE('',#10509,#10510);
#10509 = CARTESIAN_POINT('',(0.,0.));
#10510 = VECTOR('',#10511,1.);
#10511 = DIRECTION('',(0.,1.));
#10512 = ( GEOMETRIC_REPRESENTATION_CONTEXT(2) 
PARAMETRIC_REPRESENTATION_CONTEXT() REPRESENTATION_CONTEXT('2D SPACE',''
  ) );
#10513 = ADVANCED_FACE('',(#10514),#7132,.F.);
#10514 = FACE_BOUND('',#10515,.T.);
#10515 = EDGE_LOOP('',(#10516,#10517,#10518,#10519));
#10516 = ORIENTED_EDGE('',*,*,#7114,.F.);
#10517 = ORIENTED_EDGE('',*,*,#10493,.T.);
#10518 = ORIENTED_EDGE('',*,*,#10439,.T.);
#10519 = ORIENTED_EDGE('',*,*,#10317,.F.);
#10520 = ADVANCED_FACE('',(#10521),#6935,.F.);
#10521 = FACE_BOUND('',#10522,.T.);
#10522 = EDGE_LOOP('',(#10523,#10524,#10547,#10575));
#10523 = ORIENTED_EDGE('',*,*,#6921,.F.);
#10524 = ORIENTED_EDGE('',*,*,#10525,.T.);
#10525 = EDGE_CURVE('',#6838,#10526,#10528,.T.);
#10526 = VERTEX_POINT('',#10527);
#10527 = CARTESIAN_POINT('',(-6.166361314414,0.980000014901,
    -10.84977995541));
#10528 = SURFACE_CURVE('',#10529,(#10533,#10540),.PCURVE_S1.);
#10529 = LINE('',#10530,#10531);
#10530 = CARTESIAN_POINT('',(-6.166361314414,0.990000014901,
    -10.84977995541));
#10531 = VECTOR('',#10532,1.);
#10532 = DIRECTION('',(0.,-1.,0.));
#10533 = PCURVE('',#6935,#10534);
#10534 = DEFINITIONAL_REPRESENTATION('',(#10535),#10539);
#10535 = LINE('',#10536,#10537);
#10536 = CARTESIAN_POINT('',(0.,-0.));
#10537 = VECTOR('',#10538,1.);
#10538 = DIRECTION('',(0.,1.));
#10539 = ( GEOMETRIC_REPRESENTATION_CONTEXT(2) 
PARAMETRIC_REPRESENTATION_CONTEXT() REPRESENTATION_CONTEXT('2D SPACE',''
  ) );
#10540 = PCURVE('',#6853,#10541);
#10541 = DEFINITIONAL_REPRESENTATION('',(#10542),#10546);
#10542 = LINE('',#10543,#10544);
#10543 = CARTESIAN_POINT('',(0.57404,0.));
#10544 = VECTOR('',#10545,1.);
#10545 = DIRECTION('',(0.,1.));
#10546 = ( GEOMETRIC_REPRESENTATION_CONTEXT(2) 
PARAMETRIC_REPRESENTATION_CONTEXT() REPRESENTATION_CONTEXT('2D SPACE',''
  ) );
#10547 = ORIENTED_EDGE('',*,*,#10548,.T.);
#10548 = EDGE_CURVE('',#10526,#10549,#10551,.T.);
#10549 = VERTEX_POINT('',#10550);
#10550 = CARTESIAN_POINT('',(-6.166361314414,0.980000014901,
    -11.36793995541));
#10551 = SURFACE_CURVE('',#10552,(#10556,#10563),.PCURVE_S1.);
#10552 = LINE('',#10553,#10554);
#10553 = CARTESIAN_POINT('',(-6.166361314414,0.980000014901,
    -11.36793995541));
#10554 = VECTOR('',#10555,1.);
#10555 = DIRECTION('',(0.,0.,-1.));
#10556 = PCURVE('',#6935,#10557);
#10557 = DEFINITIONAL_REPRESENTATION('',(#10558),#10562);
#10558 = LINE('',#10559,#10560);
#10559 = CARTESIAN_POINT('',(0.51816,1.E-02));
#10560 = VECTOR('',#10561,1.);
#10561 = DIRECTION('',(1.,0.));
#10562 = ( GEOMETRIC_REPRESENTATION_CONTEXT(2) 
PARAMETRIC_REPRESENTATION_CONTEXT() REPRESENTATION_CONTEXT('2D SPACE',''
  ) );
#10563 = PCURVE('',#10564,#10569);
#10564 = PLANE('',#10565);
#10565 = AXIS2_PLACEMENT_3D('',#10566,#10567,#10568);
#10566 = CARTESIAN_POINT('',(-5.879341314414,0.980000014901,
    -11.10885995541));
#10567 = DIRECTION('',(0.,-1.,0.));
#10568 = DIRECTION('',(0.,0.,-1.));
#10569 = DEFINITIONAL_REPRESENTATION('',(#10570),#10574);
#10570 = LINE('',#10571,#10572);
#10571 = CARTESIAN_POINT('',(0.25908,-0.28702));
#10572 = VECTOR('',#10573,1.);
#10573 = DIRECTION('',(1.,0.));
#10574 = ( GEOMETRIC_REPRESENTATION_CONTEXT(2) 
PARAMETRIC_REPRESENTATION_CONTEXT() REPRESENTATION_CONTEXT('2D SPACE',''
  ) );
#10575 = ORIENTED_EDGE('',*,*,#10576,.F.);
#10576 = EDGE_CURVE('',#6894,#10549,#10577,.T.);
#10577 = SURFACE_CURVE('',#10578,(#10582,#10589),.PCURVE_S1.);
#10578 = LINE('',#10579,#10580);
#10579 = CARTESIAN_POINT('',(-6.166361314414,0.990000014901,
    -11.36793995541));
#10580 = VECTOR('',#10581,1.);
#10581 = DIRECTION('',(0.,-1.,0.));
#10582 = PCURVE('',#6935,#10583);
#10583 = DEFINITIONAL_REPRESENTATION('',(#10584),#10588);
#10584 = LINE('',#10585,#10586);
#10585 = CARTESIAN_POINT('',(0.51816,0.));
#10586 = VECTOR('',#10587,1.);
#10587 = DIRECTION('',(0.,1.));
#10588 = ( GEOMETRIC_REPRESENTATION_CONTEXT(2) 
PARAMETRIC_REPRESENTATION_CONTEXT() REPRESENTATION_CONTEXT('2D SPACE',''
  ) );
#10589 = PCURVE('',#6909,#10590);
#10590 = DEFINITIONAL_REPRESENTATION('',(#10591),#10595);
#10591 = LINE('',#10592,#10593);
#10592 = CARTESIAN_POINT('',(0.,0.));
#10593 = VECTOR('',#10594,1.);
#10594 = DIRECTION('',(0.,1.));
#10595 = ( GEOMETRIC_REPRESENTATION_CONTEXT(2) 
PARAMETRIC_REPRESENTATION_CONTEXT() REPRESENTATION_CONTEXT('2D SPACE',''
  ) );
#10596 = ADVANCED_FACE('',(#10597),#10564,.F.);
#10597 = FACE_BOUND('',#10598,.T.);
#10598 = EDGE_LOOP('',(#10599,#10600,#10623,#10646));
#10599 = ORIENTED_EDGE('',*,*,#10548,.F.);
#10600 = ORIENTED_EDGE('',*,*,#10601,.F.);
#10601 = EDGE_CURVE('',#10602,#10526,#10604,.T.);
#10602 = VERTEX_POINT('',#10603);
#10603 = CARTESIAN_POINT('',(-5.592321314414,0.980000014901,
    -10.84977995541));
#10604 = SURFACE_CURVE('',#10605,(#10609,#10616),.PCURVE_S1.);
#10605 = LINE('',#10606,#10607);
#10606 = CARTESIAN_POINT('',(-6.166361314414,0.980000014901,
    -10.84977995541));
#10607 = VECTOR('',#10608,1.);
#10608 = DIRECTION('',(-1.,0.,0.));
#10609 = PCURVE('',#10564,#10610);
#10610 = DEFINITIONAL_REPRESENTATION('',(#10611),#10615);
#10611 = LINE('',#10612,#10613);
#10612 = CARTESIAN_POINT('',(-0.25908,-0.28702));
#10613 = VECTOR('',#10614,1.);
#10614 = DIRECTION('',(0.,-1.));
#10615 = ( GEOMETRIC_REPRESENTATION_CONTEXT(2) 
PARAMETRIC_REPRESENTATION_CONTEXT() REPRESENTATION_CONTEXT('2D SPACE',''
  ) );
#10616 = PCURVE('',#6853,#10617);
#10617 = DEFINITIONAL_REPRESENTATION('',(#10618),#10622);
#10618 = LINE('',#10619,#10620);
#10619 = CARTESIAN_POINT('',(0.57404,1.E-02));
#10620 = VECTOR('',#10621,1.);
#10621 = DIRECTION('',(1.,0.));
#10622 = ( GEOMETRIC_REPRESENTATION_CONTEXT(2) 
PARAMETRIC_REPRESENTATION_CONTEXT() REPRESENTATION_CONTEXT('2D SPACE',''
  ) );
#10623 = ORIENTED_EDGE('',*,*,#10624,.F.);
#10624 = EDGE_CURVE('',#10625,#10602,#10627,.T.);
#10625 = VERTEX_POINT('',#10626);
#10626 = CARTESIAN_POINT('',(-5.592321314414,0.980000014901,
    -11.36793995541));
#10627 = SURFACE_CURVE('',#10628,(#10632,#10639),.PCURVE_S1.);
#10628 = LINE('',#10629,#10630);
#10629 = CARTESIAN_POINT('',(-5.592321314414,0.980000014901,
    -10.84977995541));
#10630 = VECTOR('',#10631,1.);
#10631 = DIRECTION('',(0.,0.,1.));
#10632 = PCURVE('',#10564,#10633);
#10633 = DEFINITIONAL_REPRESENTATION('',(#10634),#10638);
#10634 = LINE('',#10635,#10636);
#10635 = CARTESIAN_POINT('',(-0.25908,0.28702));
#10636 = VECTOR('',#10637,1.);
#10637 = DIRECTION('',(-1.,0.));
#10638 = ( GEOMETRIC_REPRESENTATION_CONTEXT(2) 
PARAMETRIC_REPRESENTATION_CONTEXT() REPRESENTATION_CONTEXT('2D SPACE',''
  ) );
#10639 = PCURVE('',#6881,#10640);
#10640 = DEFINITIONAL_REPRESENTATION('',(#10641),#10645);
#10641 = LINE('',#10642,#10643);
#10642 = CARTESIAN_POINT('',(0.51816,1.E-02));
#10643 = VECTOR('',#10644,1.);
#10644 = DIRECTION('',(1.,0.));
#10645 = ( GEOMETRIC_REPRESENTATION_CONTEXT(2) 
PARAMETRIC_REPRESENTATION_CONTEXT() REPRESENTATION_CONTEXT('2D SPACE',''
  ) );
#10646 = ORIENTED_EDGE('',*,*,#10647,.F.);
#10647 = EDGE_CURVE('',#10549,#10625,#10648,.T.);
#10648 = SURFACE_CURVE('',#10649,(#10653,#10660),.PCURVE_S1.);
#10649 = LINE('',#10650,#10651);
#10650 = CARTESIAN_POINT('',(-5.592321314414,0.980000014901,
    -11.36793995541));
#10651 = VECTOR('',#10652,1.);
#10652 = DIRECTION('',(1.,0.,0.));
#10653 = PCURVE('',#10564,#10654);
#10654 = DEFINITIONAL_REPRESENTATION('',(#10655),#10659);
#10655 = LINE('',#10656,#10657);
#10656 = CARTESIAN_POINT('',(0.25908,0.28702));
#10657 = VECTOR('',#10658,1.);
#10658 = DIRECTION('',(0.,1.));
#10659 = ( GEOMETRIC_REPRESENTATION_CONTEXT(2) 
PARAMETRIC_REPRESENTATION_CONTEXT() REPRESENTATION_CONTEXT('2D SPACE',''
  ) );
#10660 = PCURVE('',#6909,#10661);
#10661 = DEFINITIONAL_REPRESENTATION('',(#10662),#10666);
#10662 = LINE('',#10663,#10664);
#10663 = CARTESIAN_POINT('',(0.57404,1.E-02));
#10664 = VECTOR('',#10665,1.);
#10665 = DIRECTION('',(1.,0.));
#10666 = ( GEOMETRIC_REPRESENTATION_CONTEXT(2) 
PARAMETRIC_REPRESENTATION_CONTEXT() REPRESENTATION_CONTEXT('2D SPACE',''
  ) );
#10667 = ADVANCED_FACE('',(#10668),#6909,.F.);
#10668 = FACE_BOUND('',#10669,.T.);
#10669 = EDGE_LOOP('',(#10670,#10671,#10672,#10673));
#10670 = ORIENTED_EDGE('',*,*,#6893,.F.);
#10671 = ORIENTED_EDGE('',*,*,#10576,.T.);
#10672 = ORIENTED_EDGE('',*,*,#10647,.T.);
#10673 = ORIENTED_EDGE('',*,*,#10674,.F.);
#10674 = EDGE_CURVE('',#6866,#10625,#10675,.T.);
#10675 = SURFACE_CURVE('',#10676,(#10680,#10687),.PCURVE_S1.);
#10676 = LINE('',#10677,#10678);
#10677 = CARTESIAN_POINT('',(-5.592321314414,0.990000014901,
    -11.36793995541));
#10678 = VECTOR('',#10679,1.);
#10679 = DIRECTION('',(0.,-1.,0.));
#10680 = PCURVE('',#6909,#10681);
#10681 = DEFINITIONAL_REPRESENTATION('',(#10682),#10686);
#10682 = LINE('',#10683,#10684);
#10683 = CARTESIAN_POINT('',(0.57404,0.));
#10684 = VECTOR('',#10685,1.);
#10685 = DIRECTION('',(0.,1.));
#10686 = ( GEOMETRIC_REPRESENTATION_CONTEXT(2) 
PARAMETRIC_REPRESENTATION_CONTEXT() REPRESENTATION_CONTEXT('2D SPACE',''
  ) );
#10687 = PCURVE('',#6881,#10688);
#10688 = DEFINITIONAL_REPRESENTATION('',(#10689),#10693);
#10689 = LINE('',#10690,#10691);
#10690 = CARTESIAN_POINT('',(0.,0.));
#10691 = VECTOR('',#10692,1.);
#10692 = DIRECTION('',(0.,1.));
#10693 = ( GEOMETRIC_REPRESENTATION_CONTEXT(2) 
PARAMETRIC_REPRESENTATION_CONTEXT() REPRESENTATION_CONTEXT('2D SPACE',''
  ) );
#10694 = ADVANCED_FACE('',(#10695),#6881,.F.);
#10695 = FACE_BOUND('',#10696,.T.);
#10696 = EDGE_LOOP('',(#10697,#10698,#10699,#10700));
#10697 = ORIENTED_EDGE('',*,*,#6865,.T.);
#10698 = ORIENTED_EDGE('',*,*,#10674,.T.);
#10699 = ORIENTED_EDGE('',*,*,#10624,.T.);
#10700 = ORIENTED_EDGE('',*,*,#10701,.F.);
#10701 = EDGE_CURVE('',#6836,#10602,#10702,.T.);
#10702 = SURFACE_CURVE('',#10703,(#10707,#10714),.PCURVE_S1.);
#10703 = LINE('',#10704,#10705);
#10704 = CARTESIAN_POINT('',(-5.592321314414,0.990000014901,
    -10.84977995541));
#10705 = VECTOR('',#10706,1.);
#10706 = DIRECTION('',(0.,-1.,0.));
#10707 = PCURVE('',#6881,#10708);
#10708 = DEFINITIONAL_REPRESENTATION('',(#10709),#10713);
#10709 = LINE('',#10710,#10711);
#10710 = CARTESIAN_POINT('',(0.51816,0.));
#10711 = VECTOR('',#10712,1.);
#10712 = DIRECTION('',(0.,1.));
#10713 = ( GEOMETRIC_REPRESENTATION_CONTEXT(2) 
PARAMETRIC_REPRESENTATION_CONTEXT() REPRESENTATION_CONTEXT('2D SPACE',''
  ) );
#10714 = PCURVE('',#6853,#10715);
#10715 = DEFINITIONAL_REPRESENTATION('',(#10716),#10720);
#10716 = LINE('',#10717,#10718);
#10717 = CARTESIAN_POINT('',(0.,0.));
#10718 = VECTOR('',#10719,1.);
#10719 = DIRECTION('',(0.,1.));
#10720 = ( GEOMETRIC_REPRESENTATION_CONTEXT(2) 
PARAMETRIC_REPRESENTATION_CONTEXT() REPRESENTATION_CONTEXT('2D SPACE',''
  ) );
#10721 = ADVANCED_FACE('',(#10722),#6853,.F.);
#10722 = FACE_BOUND('',#10723,.T.);
#10723 = EDGE_LOOP('',(#10724,#10725,#10726,#10727));
#10724 = ORIENTED_EDGE('',*,*,#6835,.F.);
#10725 = ORIENTED_EDGE('',*,*,#10701,.T.);
#10726 = ORIENTED_EDGE('',*,*,#10601,.T.);
#10727 = ORIENTED_EDGE('',*,*,#10525,.F.);
#10728 = ADVANCED_FACE('',(#10729),#6791,.F.);
#10729 = FACE_BOUND('',#10730,.T.);
#10730 = EDGE_LOOP('',(#10731,#10732,#10755,#10783));
#10731 = ORIENTED_EDGE('',*,*,#6777,.F.);
#10732 = ORIENTED_EDGE('',*,*,#10733,.T.);
#10733 = EDGE_CURVE('',#6694,#10734,#10736,.T.);
#10734 = VERTEX_POINT('',#10735);
#10735 = CARTESIAN_POINT('',(-5.498341314414,0.980000014901,
    -10.09539995541));
#10736 = SURFACE_CURVE('',#10737,(#10741,#10748),.PCURVE_S1.);
#10737 = LINE('',#10738,#10739);
#10738 = CARTESIAN_POINT('',(-5.498341314414,0.990000014901,
    -10.09539995541));
#10739 = VECTOR('',#10740,1.);
#10740 = DIRECTION('',(0.,-1.,0.));
#10741 = PCURVE('',#6791,#10742);
#10742 = DEFINITIONAL_REPRESENTATION('',(#10743),#10747);
#10743 = LINE('',#10744,#10745);
#10744 = CARTESIAN_POINT('',(0.,0.));
#10745 = VECTOR('',#10746,1.);
#10746 = DIRECTION('',(0.,1.));
#10747 = ( GEOMETRIC_REPRESENTATION_CONTEXT(2) 
PARAMETRIC_REPRESENTATION_CONTEXT() REPRESENTATION_CONTEXT('2D SPACE',''
  ) );
#10748 = PCURVE('',#6709,#10749);
#10749 = DEFINITIONAL_REPRESENTATION('',(#10750),#10754);
#10750 = LINE('',#10751,#10752);
#10751 = CARTESIAN_POINT('',(0.4826,0.));
#10752 = VECTOR('',#10753,1.);
#10753 = DIRECTION('',(0.,1.));
#10754 = ( GEOMETRIC_REPRESENTATION_CONTEXT(2) 
PARAMETRIC_REPRESENTATION_CONTEXT() REPRESENTATION_CONTEXT('2D SPACE',''
  ) );
#10755 = ORIENTED_EDGE('',*,*,#10756,.T.);
#10756 = EDGE_CURVE('',#10734,#10757,#10759,.T.);
#10757 = VERTEX_POINT('',#10758);
#10758 = CARTESIAN_POINT('',(-6.260341314414,0.980000014901,
    -10.09539995541));
#10759 = SURFACE_CURVE('',#10760,(#10764,#10771),.PCURVE_S1.);
#10760 = LINE('',#10761,#10762);
#10761 = CARTESIAN_POINT('',(-6.260341314414,0.980000014901,
    -10.09539995541));
#10762 = VECTOR('',#10763,1.);
#10763 = DIRECTION('',(-1.,0.,0.));
#10764 = PCURVE('',#6791,#10765);
#10765 = DEFINITIONAL_REPRESENTATION('',(#10766),#10770);
#10766 = LINE('',#10767,#10768);
#10767 = CARTESIAN_POINT('',(0.762,1.E-02));
#10768 = VECTOR('',#10769,1.);
#10769 = DIRECTION('',(1.,0.));
#10770 = ( GEOMETRIC_REPRESENTATION_CONTEXT(2) 
PARAMETRIC_REPRESENTATION_CONTEXT() REPRESENTATION_CONTEXT('2D SPACE',''
  ) );
#10771 = PCURVE('',#10772,#10777);
#10772 = PLANE('',#10773);
#10773 = AXIS2_PLACEMENT_3D('',#10774,#10775,#10776);
#10774 = CARTESIAN_POINT('',(-5.879341314414,0.980000014901,
    -10.33669995541));
#10775 = DIRECTION('',(0.,-1.,0.));
#10776 = DIRECTION('',(0.,0.,-1.));
#10777 = DEFINITIONAL_REPRESENTATION('',(#10778),#10782);
#10778 = LINE('',#10779,#10780);
#10779 = CARTESIAN_POINT('',(-0.2413,-0.381));
#10780 = VECTOR('',#10781,1.);
#10781 = DIRECTION('',(0.,-1.));
#10782 = ( GEOMETRIC_REPRESENTATION_CONTEXT(2) 
PARAMETRIC_REPRESENTATION_CONTEXT() REPRESENTATION_CONTEXT('2D SPACE',''
  ) );
#10783 = ORIENTED_EDGE('',*,*,#10784,.F.);
#10784 = EDGE_CURVE('',#6750,#10757,#10785,.T.);
#10785 = SURFACE_CURVE('',#10786,(#10790,#10797),.PCURVE_S1.);
#10786 = LINE('',#10787,#10788);
#10787 = CARTESIAN_POINT('',(-6.260341314414,0.990000014901,
    -10.09539995541));
#10788 = VECTOR('',#10789,1.);
#10789 = DIRECTION('',(0.,-1.,0.));
#10790 = PCURVE('',#6791,#10791);
#10791 = DEFINITIONAL_REPRESENTATION('',(#10792),#10796);
#10792 = LINE('',#10793,#10794);
#10793 = CARTESIAN_POINT('',(0.762,0.));
#10794 = VECTOR('',#10795,1.);
#10795 = DIRECTION('',(0.,1.));
#10796 = ( GEOMETRIC_REPRESENTATION_CONTEXT(2) 
PARAMETRIC_REPRESENTATION_CONTEXT() REPRESENTATION_CONTEXT('2D SPACE',''
  ) );
#10797 = PCURVE('',#6765,#10798);
#10798 = DEFINITIONAL_REPRESENTATION('',(#10799),#10803);
#10799 = LINE('',#10800,#10801);
#10800 = CARTESIAN_POINT('',(0.,-0.));
#10801 = VECTOR('',#10802,1.);
#10802 = DIRECTION('',(0.,1.));
#10803 = ( GEOMETRIC_REPRESENTATION_CONTEXT(2) 
PARAMETRIC_REPRESENTATION_CONTEXT() REPRESENTATION_CONTEXT('2D SPACE',''
  ) );
#10804 = ADVANCED_FACE('',(#10805),#10772,.F.);
#10805 = FACE_BOUND('',#10806,.T.);
#10806 = EDGE_LOOP('',(#10807,#10832,#10853,#10854));
#10807 = ORIENTED_EDGE('',*,*,#10808,.F.);
#10808 = EDGE_CURVE('',#10809,#10811,#10813,.T.);
#10809 = VERTEX_POINT('',#10810);
#10810 = CARTESIAN_POINT('',(-6.260341314414,0.980000014901,
    -10.57799995541));
#10811 = VERTEX_POINT('',#10812);
#10812 = CARTESIAN_POINT('',(-5.498341314414,0.980000014901,
    -10.57799995541));
#10813 = SURFACE_CURVE('',#10814,(#10818,#10825),.PCURVE_S1.);
#10814 = LINE('',#10815,#10816);
#10815 = CARTESIAN_POINT('',(-5.498341314414,0.980000014901,
    -10.57799995541));
#10816 = VECTOR('',#10817,1.);
#10817 = DIRECTION('',(1.,0.,0.));
#10818 = PCURVE('',#10772,#10819);
#10819 = DEFINITIONAL_REPRESENTATION('',(#10820),#10824);
#10820 = LINE('',#10821,#10822);
#10821 = CARTESIAN_POINT('',(0.2413,0.381));
#10822 = VECTOR('',#10823,1.);
#10823 = DIRECTION('',(0.,1.));
#10824 = ( GEOMETRIC_REPRESENTATION_CONTEXT(2) 
PARAMETRIC_REPRESENTATION_CONTEXT() REPRESENTATION_CONTEXT('2D SPACE',''
  ) );
#10825 = PCURVE('',#6737,#10826);
#10826 = DEFINITIONAL_REPRESENTATION('',(#10827),#10831);
#10827 = LINE('',#10828,#10829);
#10828 = CARTESIAN_POINT('',(0.762,1.E-02));
#10829 = VECTOR('',#10830,1.);
#10830 = DIRECTION('',(1.,0.));
#10831 = ( GEOMETRIC_REPRESENTATION_CONTEXT(2) 
PARAMETRIC_REPRESENTATION_CONTEXT() REPRESENTATION_CONTEXT('2D SPACE',''
  ) );
#10832 = ORIENTED_EDGE('',*,*,#10833,.F.);
#10833 = EDGE_CURVE('',#10757,#10809,#10834,.T.);
#10834 = SURFACE_CURVE('',#10835,(#10839,#10846),.PCURVE_S1.);
#10835 = LINE('',#10836,#10837);
#10836 = CARTESIAN_POINT('',(-6.260341314414,0.980000014901,
    -10.57799995541));
#10837 = VECTOR('',#10838,1.);
#10838 = DIRECTION('',(0.,0.,-1.));
#10839 = PCURVE('',#10772,#10840);
#10840 = DEFINITIONAL_REPRESENTATION('',(#10841),#10845);
#10841 = LINE('',#10842,#10843);
#10842 = CARTESIAN_POINT('',(0.2413,-0.381));
#10843 = VECTOR('',#10844,1.);
#10844 = DIRECTION('',(1.,0.));
#10845 = ( GEOMETRIC_REPRESENTATION_CONTEXT(2) 
PARAMETRIC_REPRESENTATION_CONTEXT() REPRESENTATION_CONTEXT('2D SPACE',''
  ) );
#10846 = PCURVE('',#6765,#10847);
#10847 = DEFINITIONAL_REPRESENTATION('',(#10848),#10852);
#10848 = LINE('',#10849,#10850);
#10849 = CARTESIAN_POINT('',(0.4826,1.E-02));
#10850 = VECTOR('',#10851,1.);
#10851 = DIRECTION('',(1.,0.));
#10852 = ( GEOMETRIC_REPRESENTATION_CONTEXT(2) 
PARAMETRIC_REPRESENTATION_CONTEXT() REPRESENTATION_CONTEXT('2D SPACE',''
  ) );
#10853 = ORIENTED_EDGE('',*,*,#10756,.F.);
#10854 = ORIENTED_EDGE('',*,*,#10855,.F.);
#10855 = EDGE_CURVE('',#10811,#10734,#10856,.T.);
#10856 = SURFACE_CURVE('',#10857,(#10861,#10868),.PCURVE_S1.);
#10857 = LINE('',#10858,#10859);
#10858 = CARTESIAN_POINT('',(-5.498341314414,0.980000014901,
    -10.09539995541));
#10859 = VECTOR('',#10860,1.);
#10860 = DIRECTION('',(0.,0.,1.));
#10861 = PCURVE('',#10772,#10862);
#10862 = DEFINITIONAL_REPRESENTATION('',(#10863),#10867);
#10863 = LINE('',#10864,#10865);
#10864 = CARTESIAN_POINT('',(-0.2413,0.381));
#10865 = VECTOR('',#10866,1.);
#10866 = DIRECTION('',(-1.,0.));
#10867 = ( GEOMETRIC_REPRESENTATION_CONTEXT(2) 
PARAMETRIC_REPRESENTATION_CONTEXT() REPRESENTATION_CONTEXT('2D SPACE',''
  ) );
#10868 = PCURVE('',#6709,#10869);
#10869 = DEFINITIONAL_REPRESENTATION('',(#10870),#10874);
#10870 = LINE('',#10871,#10872);
#10871 = CARTESIAN_POINT('',(0.4826,1.E-02));
#10872 = VECTOR('',#10873,1.);
#10873 = DIRECTION('',(1.,0.));
#10874 = ( GEOMETRIC_REPRESENTATION_CONTEXT(2) 
PARAMETRIC_REPRESENTATION_CONTEXT() REPRESENTATION_CONTEXT('2D SPACE',''
  ) );
#10875 = ADVANCED_FACE('',(#10876),#6765,.F.);
#10876 = FACE_BOUND('',#10877,.T.);
#10877 = EDGE_LOOP('',(#10878,#10879,#10880,#10881));
#10878 = ORIENTED_EDGE('',*,*,#6749,.F.);
#10879 = ORIENTED_EDGE('',*,*,#10784,.T.);
#10880 = ORIENTED_EDGE('',*,*,#10833,.T.);
#10881 = ORIENTED_EDGE('',*,*,#10882,.F.);
#10882 = EDGE_CURVE('',#6722,#10809,#10883,.T.);
#10883 = SURFACE_CURVE('',#10884,(#10888,#10895),.PCURVE_S1.);
#10884 = LINE('',#10885,#10886);
#10885 = CARTESIAN_POINT('',(-6.260341314414,0.990000014901,
    -10.57799995541));
#10886 = VECTOR('',#10887,1.);
#10887 = DIRECTION('',(0.,-1.,0.));
#10888 = PCURVE('',#6765,#10889);
#10889 = DEFINITIONAL_REPRESENTATION('',(#10890),#10894);
#10890 = LINE('',#10891,#10892);
#10891 = CARTESIAN_POINT('',(0.4826,0.));
#10892 = VECTOR('',#10893,1.);
#10893 = DIRECTION('',(0.,1.));
#10894 = ( GEOMETRIC_REPRESENTATION_CONTEXT(2) 
PARAMETRIC_REPRESENTATION_CONTEXT() REPRESENTATION_CONTEXT('2D SPACE',''
  ) );
#10895 = PCURVE('',#6737,#10896);
#10896 = DEFINITIONAL_REPRESENTATION('',(#10897),#10901);
#10897 = LINE('',#10898,#10899);
#10898 = CARTESIAN_POINT('',(0.,0.));
#10899 = VECTOR('',#10900,1.);
#10900 = DIRECTION('',(0.,1.));
#10901 = ( GEOMETRIC_REPRESENTATION_CONTEXT(2) 
PARAMETRIC_REPRESENTATION_CONTEXT() REPRESENTATION_CONTEXT('2D SPACE',''
  ) );
#10902 = ADVANCED_FACE('',(#10903),#6737,.F.);
#10903 = FACE_BOUND('',#10904,.T.);
#10904 = EDGE_LOOP('',(#10905,#10906,#10907,#10908));
#10905 = ORIENTED_EDGE('',*,*,#6721,.F.);
#10906 = ORIENTED_EDGE('',*,*,#10882,.T.);
#10907 = ORIENTED_EDGE('',*,*,#10808,.T.);
#10908 = ORIENTED_EDGE('',*,*,#10909,.F.);
#10909 = EDGE_CURVE('',#6692,#10811,#10910,.T.);
#10910 = SURFACE_CURVE('',#10911,(#10915,#10922),.PCURVE_S1.);
#10911 = LINE('',#10912,#10913);
#10912 = CARTESIAN_POINT('',(-5.498341314414,0.990000014901,
    -10.57799995541));
#10913 = VECTOR('',#10914,1.);
#10914 = DIRECTION('',(0.,-1.,0.));
#10915 = PCURVE('',#6737,#10916);
#10916 = DEFINITIONAL_REPRESENTATION('',(#10917),#10921);
#10917 = LINE('',#10918,#10919);
#10918 = CARTESIAN_POINT('',(0.762,0.));
#10919 = VECTOR('',#10920,1.);
#10920 = DIRECTION('',(0.,1.));
#10921 = ( GEOMETRIC_REPRESENTATION_CONTEXT(2) 
PARAMETRIC_REPRESENTATION_CONTEXT() REPRESENTATION_CONTEXT('2D SPACE',''
  ) );
#10922 = PCURVE('',#6709,#10923);
#10923 = DEFINITIONAL_REPRESENTATION('',(#10924),#10928);
#10924 = LINE('',#10925,#10926);
#10925 = CARTESIAN_POINT('',(0.,0.));
#10926 = VECTOR('',#10927,1.);
#10927 = DIRECTION('',(0.,1.));
#10928 = ( GEOMETRIC_REPRESENTATION_CONTEXT(2) 
PARAMETRIC_REPRESENTATION_CONTEXT() REPRESENTATION_CONTEXT('2D SPACE',''
  ) );
#10929 = ADVANCED_FACE('',(#10930),#6709,.F.);
#10930 = FACE_BOUND('',#10931,.T.);
#10931 = EDGE_LOOP('',(#10932,#10933,#10934,#10935));
#10932 = ORIENTED_EDGE('',*,*,#6691,.F.);
#10933 = ORIENTED_EDGE('',*,*,#10909,.T.);
#10934 = ORIENTED_EDGE('',*,*,#10855,.T.);
#10935 = ORIENTED_EDGE('',*,*,#10733,.F.);
#10936 = ADVANCED_FACE('',(#10937,#11018),#6439,.F.);
#10937 = FACE_BOUND('',#10938,.F.);
#10938 = EDGE_LOOP('',(#10939,#10969,#10990,#10991,#10992));
#10939 = ORIENTED_EDGE('',*,*,#10940,.F.);
#10940 = EDGE_CURVE('',#10941,#10943,#10945,.T.);
#10941 = VERTEX_POINT('',#10942);
#10942 = CARTESIAN_POINT('',(-5.879341314414,-0.239999985099,
    1.133600044588));
#10943 = VERTEX_POINT('',#10944);
#10944 = CARTESIAN_POINT('',(-5.879341314414,-0.249999985099,
    1.133600044588));
#10945 = SURFACE_CURVE('',#10946,(#10950,#10957),.PCURVE_S1.);
#10946 = LINE('',#10947,#10948);
#10947 = CARTESIAN_POINT('',(-5.879341314414,-0.249999985099,
    1.133600044588));
#10948 = VECTOR('',#10949,1.);
#10949 = DIRECTION('',(-6.310887241768E-30,-1.,9.011389889435E-24));
#10950 = PCURVE('',#6439,#10951);
#10951 = DEFINITIONAL_REPRESENTATION('',(#10952),#10956);
#10952 = LINE('',#10953,#10954);
#10953 = CARTESIAN_POINT('',(3.14159265359,-0.25));
#10954 = VECTOR('',#10955,1.);
#10955 = DIRECTION('',(0.,-1.));
#10956 = ( GEOMETRIC_REPRESENTATION_CONTEXT(2) 
PARAMETRIC_REPRESENTATION_CONTEXT() REPRESENTATION_CONTEXT('2D SPACE',''
  ) );
#10957 = PCURVE('',#10958,#10963);
#10958 = PLANE('',#10959);
#10959 = AXIS2_PLACEMENT_3D('',#10960,#10961,#10962);
#10960 = CARTESIAN_POINT('',(-6.034741314414,-0.249999985099,
    1.133600044588));
#10961 = DIRECTION('',(2.22044604925E-16,9.011389889435E-24,1.));
#10962 = DIRECTION('',(1.,-6.310887243769E-30,-2.22044604925E-16));
#10963 = DEFINITIONAL_REPRESENTATION('',(#10964),#10968);
#10964 = LINE('',#10965,#10966);
#10965 = CARTESIAN_POINT('',(0.1554,9.807118773708E-31));
#10966 = VECTOR('',#10967,1.);
#10967 = DIRECTION('',(8.792756774987E-45,-1.));
#10968 = ( GEOMETRIC_REPRESENTATION_CONTEXT(2) 
PARAMETRIC_REPRESENTATION_CONTEXT() REPRESENTATION_CONTEXT('2D SPACE',''
  ) );
#10969 = ORIENTED_EDGE('',*,*,#10970,.T.);
#10970 = EDGE_CURVE('',#10941,#6419,#10971,.T.);
#10971 = SEAM_CURVE('',#10972,(#10976,#10983),.PCURVE_S1.);
#10972 = LINE('',#10973,#10974);
#10973 = CARTESIAN_POINT('',(-5.879341314414,1.490116113834E-08,
    1.133600044588));
#10974 = VECTOR('',#10975,1.);
#10975 = DIRECTION('',(0.,1.,0.));
#10976 = PCURVE('',#6439,#10977);
#10977 = DEFINITIONAL_REPRESENTATION('',(#10978),#10982);
#10978 = LINE('',#10979,#10980);
#10979 = CARTESIAN_POINT('',(-3.14159265359,0.));
#10980 = VECTOR('',#10981,1.);
#10981 = DIRECTION('',(0.,1.));
#10982 = ( GEOMETRIC_REPRESENTATION_CONTEXT(2) 
PARAMETRIC_REPRESENTATION_CONTEXT() REPRESENTATION_CONTEXT('2D SPACE',''
  ) );
#10983 = PCURVE('',#6439,#10984);
#10984 = DEFINITIONAL_REPRESENTATION('',(#10985),#10989);
#10985 = LINE('',#10986,#10987);
#10986 = CARTESIAN_POINT('',(3.14159265359,0.));
#10987 = VECTOR('',#10988,1.);
#10988 = DIRECTION('',(0.,1.));
#10989 = ( GEOMETRIC_REPRESENTATION_CONTEXT(2) 
PARAMETRIC_REPRESENTATION_CONTEXT() REPRESENTATION_CONTEXT('2D SPACE',''
  ) );
#10990 = ORIENTED_EDGE('',*,*,#6418,.F.);
#10991 = ORIENTED_EDGE('',*,*,#10970,.F.);
#10992 = ORIENTED_EDGE('',*,*,#10993,.T.);
#10993 = EDGE_CURVE('',#10941,#10943,#10994,.T.);
#10994 = SURFACE_CURVE('',#10995,(#10999,#11006),.PCURVE_S1.);
#10995 = LINE('',#10996,#10997);
#10996 = CARTESIAN_POINT('',(-5.879341314414,-0.249999985099,
    1.133600044588));
#10997 = VECTOR('',#10998,1.);
#10998 = DIRECTION('',(-6.310887241768E-30,-1.,9.011389889435E-24));
#10999 = PCURVE('',#6439,#11000);
#11000 = DEFINITIONAL_REPRESENTATION('',(#11001),#11005);
#11001 = LINE('',#11002,#11003);
#11002 = CARTESIAN_POINT('',(-3.14159265359,-0.25));
#11003 = VECTOR('',#11004,1.);
#11004 = DIRECTION('',(0.,-1.));
#11005 = ( GEOMETRIC_REPRESENTATION_CONTEXT(2) 
PARAMETRIC_REPRESENTATION_CONTEXT() REPRESENTATION_CONTEXT('2D SPACE',''
  ) );
#11006 = PCURVE('',#11007,#11012);
#11007 = PLANE('',#11008);
#11008 = AXIS2_PLACEMENT_3D('',#11009,#11010,#11011);
#11009 = CARTESIAN_POINT('',(-6.034741314414,-0.249999985099,
    1.133600044588));
#11010 = DIRECTION('',(2.22044604925E-16,9.011389889435E-24,1.));
#11011 = DIRECTION('',(1.,-6.310887243769E-30,-2.22044604925E-16));
#11012 = DEFINITIONAL_REPRESENTATION('',(#11013),#11017);
#11013 = LINE('',#11014,#11015);
#11014 = CARTESIAN_POINT('',(0.1554,9.807118773708E-31));
#11015 = VECTOR('',#11016,1.);
#11016 = DIRECTION('',(8.792756774987E-45,-1.));
#11017 = ( GEOMETRIC_REPRESENTATION_CONTEXT(2) 
PARAMETRIC_REPRESENTATION_CONTEXT() REPRESENTATION_CONTEXT('2D SPACE',''
  ) );
#11018 = FACE_BOUND('',#11019,.F.);
#11019 = EDGE_LOOP('',(#11020,#11051,#11080,#11109));
#11020 = ORIENTED_EDGE('',*,*,#11021,.T.);
#11021 = EDGE_CURVE('',#11022,#11024,#11026,.T.);
#11022 = VERTEX_POINT('',#11023);
#11023 = CARTESIAN_POINT('',(-5.504341314414,-0.249999985099,
    1.508600044588));
#11024 = VERTEX_POINT('',#11025);
#11025 = CARTESIAN_POINT('',(-5.879341314414,-0.249999985099,
    1.133600044588));
#11026 = SURFACE_CURVE('',#11027,(#11032,#11039),.PCURVE_S1.);
#11027 = CIRCLE('',#11028,0.375);
#11028 = AXIS2_PLACEMENT_3D('',#11029,#11030,#11031);
#11029 = CARTESIAN_POINT('',(-5.879341314414,-0.249999985099,
    1.508600044588));
#11030 = DIRECTION('',(6.310887241768E-30,1.,-9.011389889435E-24));
#11031 = DIRECTION('',(-2.22044604925E-16,-9.011389889435E-24,-1.));
#11032 = PCURVE('',#6439,#11033);
#11033 = DEFINITIONAL_REPRESENTATION('',(#11034),#11038);
#11034 = LINE('',#11035,#11036);
#11035 = CARTESIAN_POINT('',(-3.14159265359,-0.25));
#11036 = VECTOR('',#11037,1.);
#11037 = DIRECTION('',(1.,0.));
#11038 = ( GEOMETRIC_REPRESENTATION_CONTEXT(2) 
PARAMETRIC_REPRESENTATION_CONTEXT() REPRESENTATION_CONTEXT('2D SPACE',''
  ) );
#11039 = PCURVE('',#11040,#11045);
#11040 = PLANE('',#11041);
#11041 = AXIS2_PLACEMENT_3D('',#11042,#11043,#11044);
#11042 = CARTESIAN_POINT('',(1.804158685586,-0.249999985099,
    -6.111399955412));
#11043 = DIRECTION('',(6.310887241768E-30,1.,-9.011389889435E-24));
#11044 = DIRECTION('',(-2.22044604925E-16,-9.011389889435E-24,-1.));
#11045 = DEFINITIONAL_REPRESENTATION('',(#11046),#11050);
#11046 = CIRCLE('',#11047,0.375);
#11047 = AXIS2_PLACEMENT_2D('',#11048,#11049);
#11048 = CARTESIAN_POINT('',(-7.62,7.6835));
#11049 = DIRECTION('',(1.,0.));
#11050 = ( GEOMETRIC_REPRESENTATION_CONTEXT(2) 
PARAMETRIC_REPRESENTATION_CONTEXT() REPRESENTATION_CONTEXT('2D SPACE',''
  ) );
#11051 = ORIENTED_EDGE('',*,*,#11052,.T.);
#11052 = EDGE_CURVE('',#11024,#11053,#11055,.T.);
#11053 = VERTEX_POINT('',#11054);
#11054 = CARTESIAN_POINT('',(-6.254341314414,-0.249999985099,
    1.508600044588));
#11055 = SURFACE_CURVE('',#11056,(#11061,#11068),.PCURVE_S1.);
#11056 = CIRCLE('',#11057,0.375);
#11057 = AXIS2_PLACEMENT_3D('',#11058,#11059,#11060);
#11058 = CARTESIAN_POINT('',(-5.879341314414,-0.249999985099,
    1.508600044588));
#11059 = DIRECTION('',(6.310887241768E-30,1.,-9.011389889435E-24));
#11060 = DIRECTION('',(-2.22044604925E-16,-9.011389889435E-24,-1.));
#11061 = PCURVE('',#6439,#11062);
#11062 = DEFINITIONAL_REPRESENTATION('',(#11063),#11067);
#11063 = LINE('',#11064,#11065);
#11064 = CARTESIAN_POINT('',(-3.14159265359,-0.25));
#11065 = VECTOR('',#11066,1.);
#11066 = DIRECTION('',(1.,0.));
#11067 = ( GEOMETRIC_REPRESENTATION_CONTEXT(2) 
PARAMETRIC_REPRESENTATION_CONTEXT() REPRESENTATION_CONTEXT('2D SPACE',''
  ) );
#11068 = PCURVE('',#11069,#11074);
#11069 = PLANE('',#11070);
#11070 = AXIS2_PLACEMENT_3D('',#11071,#11072,#11073);
#11071 = CARTESIAN_POINT('',(1.804158685586,-0.249999985099,
    -6.111399955412));
#11072 = DIRECTION('',(6.310887241768E-30,1.,-9.011389889435E-24));
#11073 = DIRECTION('',(-2.22044604925E-16,-9.011389889435E-24,-1.));
#11074 = DEFINITIONAL_REPRESENTATION('',(#11075),#11079);
#11075 = CIRCLE('',#11076,0.375);
#11076 = AXIS2_PLACEMENT_2D('',#11077,#11078);
#11077 = CARTESIAN_POINT('',(-7.62,7.6835));
#11078 = DIRECTION('',(1.,0.));
#11079 = ( GEOMETRIC_REPRESENTATION_CONTEXT(2) 
PARAMETRIC_REPRESENTATION_CONTEXT() REPRESENTATION_CONTEXT('2D SPACE',''
  ) );
#11080 = ORIENTED_EDGE('',*,*,#11081,.T.);
#11081 = EDGE_CURVE('',#11053,#11082,#11084,.T.);
#11082 = VERTEX_POINT('',#11083);
#11083 = CARTESIAN_POINT('',(-5.879341314414,-0.249999985099,
    1.883600044588));
#11084 = SURFACE_CURVE('',#11085,(#11090,#11097),.PCURVE_S1.);
#11085 = CIRCLE('',#11086,0.375);
#11086 = AXIS2_PLACEMENT_3D('',#11087,#11088,#11089);
#11087 = CARTESIAN_POINT('',(-5.879341314414,-0.249999985099,
    1.508600044588));
#11088 = DIRECTION('',(6.310887241768E-30,1.,-9.011389889435E-24));
#11089 = DIRECTION('',(-2.22044604925E-16,-9.011389889435E-24,-1.));
#11090 = PCURVE('',#6439,#11091);
#11091 = DEFINITIONAL_REPRESENTATION('',(#11092),#11096);
#11092 = LINE('',#11093,#11094);
#11093 = CARTESIAN_POINT('',(-3.14159265359,-0.25));
#11094 = VECTOR('',#11095,1.);
#11095 = DIRECTION('',(1.,0.));
#11096 = ( GEOMETRIC_REPRESENTATION_CONTEXT(2) 
PARAMETRIC_REPRESENTATION_CONTEXT() REPRESENTATION_CONTEXT('2D SPACE',''
  ) );
#11097 = PCURVE('',#11098,#11103);
#11098 = PLANE('',#11099);
#11099 = AXIS2_PLACEMENT_3D('',#11100,#11101,#11102);
#11100 = CARTESIAN_POINT('',(1.804158685586,-0.249999985099,
    -6.111399955412));
#11101 = DIRECTION('',(6.310887241768E-30,1.,-9.011389889435E-24));
#11102 = DIRECTION('',(-2.22044604925E-16,-9.011389889435E-24,-1.));
#11103 = DEFINITIONAL_REPRESENTATION('',(#11104),#11108);
#11104 = CIRCLE('',#11105,0.375);
#11105 = AXIS2_PLACEMENT_2D('',#11106,#11107);
#11106 = CARTESIAN_POINT('',(-7.62,7.6835));
#11107 = DIRECTION('',(1.,0.));
#11108 = ( GEOMETRIC_REPRESENTATION_CONTEXT(2) 
PARAMETRIC_REPRESENTATION_CONTEXT() REPRESENTATION_CONTEXT('2D SPACE',''
  ) );
#11109 = ORIENTED_EDGE('',*,*,#11110,.T.);
#11110 = EDGE_CURVE('',#11082,#11022,#11111,.T.);
#11111 = SURFACE_CURVE('',#11112,(#11117,#11124),.PCURVE_S1.);
#11112 = CIRCLE('',#11113,0.375);
#11113 = AXIS2_PLACEMENT_3D('',#11114,#11115,#11116);
#11114 = CARTESIAN_POINT('',(-5.879341314414,-0.249999985099,
    1.508600044588));
#11115 = DIRECTION('',(6.310887241768E-30,1.,-9.011389889435E-24));
#11116 = DIRECTION('',(-2.22044604925E-16,-9.011389889435E-24,-1.));
#11117 = PCURVE('',#6439,#11118);
#11118 = DEFINITIONAL_REPRESENTATION('',(#11119),#11123);
#11119 = LINE('',#11120,#11121);
#11120 = CARTESIAN_POINT('',(-3.14159265359,-0.25));
#11121 = VECTOR('',#11122,1.);
#11122 = DIRECTION('',(1.,0.));
#11123 = ( GEOMETRIC_REPRESENTATION_CONTEXT(2) 
PARAMETRIC_REPRESENTATION_CONTEXT() REPRESENTATION_CONTEXT('2D SPACE',''
  ) );
#11124 = PCURVE('',#11125,#11130);
#11125 = PLANE('',#11126);
#11126 = AXIS2_PLACEMENT_3D('',#11127,#11128,#11129);
#11127 = CARTESIAN_POINT('',(1.804158685586,-0.249999985099,
    -6.111399955412));
#11128 = DIRECTION('',(6.310887241768E-30,1.,-9.011389889435E-24));
#11129 = DIRECTION('',(-2.22044604925E-16,-9.011389889435E-24,-1.));
#11130 = DEFINITIONAL_REPRESENTATION('',(#11131),#11135);
#11131 = CIRCLE('',#11132,0.375);
#11132 = AXIS2_PLACEMENT_2D('',#11133,#11134);
#11133 = CARTESIAN_POINT('',(-7.62,7.6835));
#11134 = DIRECTION('',(1.,0.));
#11135 = ( GEOMETRIC_REPRESENTATION_CONTEXT(2) 
PARAMETRIC_REPRESENTATION_CONTEXT() REPRESENTATION_CONTEXT('2D SPACE',''
  ) );
#11136 = ADVANCED_FACE('',(#11137),#11069,.F.);
#11137 = FACE_BOUND('',#11138,.T.);
#11138 = EDGE_LOOP('',(#11139,#11162,#11163,#11191));
#11139 = ORIENTED_EDGE('',*,*,#11140,.T.);
#11140 = EDGE_CURVE('',#11141,#10943,#11143,.T.);
#11141 = VERTEX_POINT('',#11142);
#11142 = CARTESIAN_POINT('',(-6.034741314414,-0.249999985099,
    1.133600044588));
#11143 = SURFACE_CURVE('',#11144,(#11148,#11155),.PCURVE_S1.);
#11144 = LINE('',#11145,#11146);
#11145 = CARTESIAN_POINT('',(-2.115291314414,-0.249999985099,
    1.133600044588));
#11146 = VECTOR('',#11147,1.);
#11147 = DIRECTION('',(1.,-6.310887243769E-30,-2.22044604925E-16));
#11148 = PCURVE('',#11069,#11149);
#11149 = DEFINITIONAL_REPRESENTATION('',(#11150),#11154);
#11150 = LINE('',#11151,#11152);
#11151 = CARTESIAN_POINT('',(-7.245,3.91945));
#11152 = VECTOR('',#11153,1.);
#11153 = DIRECTION('',(-2.465190328816E-32,-1.));
#11154 = ( GEOMETRIC_REPRESENTATION_CONTEXT(2) 
PARAMETRIC_REPRESENTATION_CONTEXT() REPRESENTATION_CONTEXT('2D SPACE',''
  ) );
#11155 = PCURVE('',#11007,#11156);
#11156 = DEFINITIONAL_REPRESENTATION('',(#11157),#11161);
#11157 = LINE('',#11158,#11159);
#11158 = CARTESIAN_POINT('',(3.91945,2.473520700775E-29));
#11159 = VECTOR('',#11160,1.);
#11160 = DIRECTION('',(1.,-3.849659890377E-46));
#11161 = ( GEOMETRIC_REPRESENTATION_CONTEXT(2) 
PARAMETRIC_REPRESENTATION_CONTEXT() REPRESENTATION_CONTEXT('2D SPACE',''
  ) );
#11162 = ORIENTED_EDGE('',*,*,#11052,.T.);
#11163 = ORIENTED_EDGE('',*,*,#11164,.T.);
#11164 = EDGE_CURVE('',#11053,#11165,#11167,.T.);
#11165 = VERTEX_POINT('',#11166);
#11166 = CARTESIAN_POINT('',(-6.254341314414,-0.249999985099,
    1.353200044588));
#11167 = SURFACE_CURVE('',#11168,(#11172,#11179),.PCURVE_S1.);
#11168 = LINE('',#11169,#11170);
#11169 = CARTESIAN_POINT('',(-6.254341314414,-0.249999985099,
    -2.223699955413));
#11170 = VECTOR('',#11171,1.);
#11171 = DIRECTION('',(-2.22044604925E-16,-9.011389889435E-24,-1.));
#11172 = PCURVE('',#11069,#11173);
#11173 = DEFINITIONAL_REPRESENTATION('',(#11174),#11178);
#11174 = LINE('',#11175,#11176);
#11175 = CARTESIAN_POINT('',(-3.8877,8.0585));
#11176 = VECTOR('',#11177,1.);
#11177 = DIRECTION('',(1.,-2.465190328816E-32));
#11178 = ( GEOMETRIC_REPRESENTATION_CONTEXT(2) 
PARAMETRIC_REPRESENTATION_CONTEXT() REPRESENTATION_CONTEXT('2D SPACE',''
  ) );
#11179 = PCURVE('',#11180,#11185);
#11180 = PLANE('',#11181);
#11181 = AXIS2_PLACEMENT_3D('',#11182,#11183,#11184);
#11182 = CARTESIAN_POINT('',(-6.254341314414,-0.249999985099,
    1.664000044588));
#11183 = DIRECTION('',(1.,-6.310887243769E-30,-2.22044604925E-16));
#11184 = DIRECTION('',(-2.22044604925E-16,-9.011389889435E-24,-1.));
#11185 = DEFINITIONAL_REPRESENTATION('',(#11186),#11190);
#11186 = LINE('',#11187,#11188);
#11187 = CARTESIAN_POINT('',(3.8877,3.503358047316E-23));
#11188 = VECTOR('',#11189,1.);
#11189 = DIRECTION('',(1.,0.));
#11190 = ( GEOMETRIC_REPRESENTATION_CONTEXT(2) 
PARAMETRIC_REPRESENTATION_CONTEXT() REPRESENTATION_CONTEXT('2D SPACE',''
  ) );
#11191 = ORIENTED_EDGE('',*,*,#11192,.T.);
#11192 = EDGE_CURVE('',#11165,#11141,#11193,.T.);
#11193 = SURFACE_CURVE('',#11194,(#11198,#11205),.PCURVE_S1.);
#11194 = LINE('',#11195,#11196);
#11195 = CARTESIAN_POINT('',(-2.373566314414,-0.249999985099,
    -2.527574955413));
#11196 = VECTOR('',#11197,1.);
#11197 = DIRECTION('',(0.707106781187,-6.372019361206E-24,
    -0.707106781187));
#11198 = PCURVE('',#11069,#11199);
#11199 = DEFINITIONAL_REPRESENTATION('',(#11200),#11204);
#11200 = LINE('',#11201,#11202);
#11201 = CARTESIAN_POINT('',(-3.583825,4.177725));
#11202 = VECTOR('',#11203,1.);
#11203 = DIRECTION('',(0.707106781187,-0.707106781187));
#11204 = ( GEOMETRIC_REPRESENTATION_CONTEXT(2) 
PARAMETRIC_REPRESENTATION_CONTEXT() REPRESENTATION_CONTEXT('2D SPACE',''
  ) );
#11205 = PCURVE('',#11206,#11211);
#11206 = PLANE('',#11207);
#11207 = AXIS2_PLACEMENT_3D('',#11208,#11209,#11210);
#11208 = CARTESIAN_POINT('',(-6.254341314414,-0.249999985099,
    1.353200044588));
#11209 = DIRECTION('',(0.707106781187,6.372010436264E-24,0.707106781187)
  );
#11210 = DIRECTION('',(0.707106781187,-6.372019361206E-24,
    -0.707106781187));
#11211 = DEFINITIONAL_REPRESENTATION('',(#11212),#11216);
#11212 = LINE('',#11213,#11214);
#11213 = CARTESIAN_POINT('',(5.488244637518,3.497120108931E-23));
#11214 = VECTOR('',#11215,1.);
#11215 = DIRECTION('',(1.,-5.589537798604E-40));
#11216 = ( GEOMETRIC_REPRESENTATION_CONTEXT(2) 
PARAMETRIC_REPRESENTATION_CONTEXT() REPRESENTATION_CONTEXT('2D SPACE',''
  ) );
#11217 = ADVANCED_FACE('',(#11218),#11206,.F.);
#11218 = FACE_BOUND('',#11219,.T.);
#11219 = EDGE_LOOP('',(#11220,#11221,#11244,#11272));
#11220 = ORIENTED_EDGE('',*,*,#11192,.F.);
#11221 = ORIENTED_EDGE('',*,*,#11222,.T.);
#11222 = EDGE_CURVE('',#11165,#11223,#11225,.T.);
#11223 = VERTEX_POINT('',#11224);
#11224 = CARTESIAN_POINT('',(-6.254341314414,-0.239999985099,
    1.353200044588));
#11225 = SURFACE_CURVE('',#11226,(#11230,#11237),.PCURVE_S1.);
#11226 = LINE('',#11227,#11228);
#11227 = CARTESIAN_POINT('',(-6.254341314414,-0.249999985099,
    1.353200044588));
#11228 = VECTOR('',#11229,1.);
#11229 = DIRECTION('',(6.310887241768E-30,1.,-9.011389889435E-24));
#11230 = PCURVE('',#11206,#11231);
#11231 = DEFINITIONAL_REPRESENTATION('',(#11232),#11236);
#11232 = LINE('',#11233,#11234);
#11233 = CARTESIAN_POINT('',(0.,0.));
#11234 = VECTOR('',#11235,1.);
#11235 = DIRECTION('',(1.949414192059E-39,1.));
#11236 = ( GEOMETRIC_REPRESENTATION_CONTEXT(2) 
PARAMETRIC_REPRESENTATION_CONTEXT() REPRESENTATION_CONTEXT('2D SPACE',''
  ) );
#11237 = PCURVE('',#11180,#11238);
#11238 = DEFINITIONAL_REPRESENTATION('',(#11239),#11243);
#11239 = LINE('',#11240,#11241);
#11240 = CARTESIAN_POINT('',(0.3108,2.800739977636E-24));
#11241 = VECTOR('',#11242,1.);
#11242 = DIRECTION('',(0.,1.));
#11243 = ( GEOMETRIC_REPRESENTATION_CONTEXT(2) 
PARAMETRIC_REPRESENTATION_CONTEXT() REPRESENTATION_CONTEXT('2D SPACE',''
  ) );
#11244 = ORIENTED_EDGE('',*,*,#11245,.T.);
#11245 = EDGE_CURVE('',#11223,#11246,#11248,.T.);
#11246 = VERTEX_POINT('',#11247);
#11247 = CARTESIAN_POINT('',(-6.034741314414,-0.239999985099,
    1.133600044588));
#11248 = SURFACE_CURVE('',#11249,(#11253,#11260),.PCURVE_S1.);
#11249 = LINE('',#11250,#11251);
#11250 = CARTESIAN_POINT('',(-6.254341314414,-0.239999985099,
    1.353200044588));
#11251 = VECTOR('',#11252,1.);
#11252 = DIRECTION('',(0.707106781187,-6.372019361206E-24,
    -0.707106781187));
#11253 = PCURVE('',#11206,#11254);
#11254 = DEFINITIONAL_REPRESENTATION('',(#11255),#11259);
#11255 = LINE('',#11256,#11257);
#11256 = CARTESIAN_POINT('',(-6.372019361206E-26,1.E-02));
#11257 = VECTOR('',#11258,1.);
#11258 = DIRECTION('',(1.,-5.589537798604E-40));
#11259 = ( GEOMETRIC_REPRESENTATION_CONTEXT(2) 
PARAMETRIC_REPRESENTATION_CONTEXT() REPRESENTATION_CONTEXT('2D SPACE',''
  ) );
#11260 = PCURVE('',#11261,#11266);
#11261 = PLANE('',#11262);
#11262 = AXIS2_PLACEMENT_3D('',#11263,#11264,#11265);
#11263 = CARTESIAN_POINT('',(1.804158685586,-0.239999985099,
    -6.111399955412));
#11264 = DIRECTION('',(6.310887241768E-30,1.,-9.011389889435E-24));
#11265 = DIRECTION('',(-2.22044604925E-16,-9.011389889435E-24,-1.));
#11266 = DEFINITIONAL_REPRESENTATION('',(#11267),#11271);
#11267 = LINE('',#11268,#11269);
#11268 = CARTESIAN_POINT('',(-7.4646,8.0585));
#11269 = VECTOR('',#11270,1.);
#11270 = DIRECTION('',(0.707106781187,-0.707106781187));
#11271 = ( GEOMETRIC_REPRESENTATION_CONTEXT(2) 
PARAMETRIC_REPRESENTATION_CONTEXT() REPRESENTATION_CONTEXT('2D SPACE',''
  ) );
#11272 = ORIENTED_EDGE('',*,*,#11273,.F.);
#11273 = EDGE_CURVE('',#11141,#11246,#11274,.T.);
#11274 = SURFACE_CURVE('',#11275,(#11279,#11286),.PCURVE_S1.);
#11275 = LINE('',#11276,#11277);
#11276 = CARTESIAN_POINT('',(-6.034741314414,-0.249999985099,
    1.133600044588));
#11277 = VECTOR('',#11278,1.);
#11278 = DIRECTION('',(6.310887241768E-30,1.,-9.011389889435E-24));
#11279 = PCURVE('',#11206,#11280);
#11280 = DEFINITIONAL_REPRESENTATION('',(#11281),#11285);
#11281 = LINE('',#11282,#11283);
#11282 = CARTESIAN_POINT('',(0.310561298297,1.978902605591E-24));
#11283 = VECTOR('',#11284,1.);
#11284 = DIRECTION('',(1.949414192059E-39,1.));
#11285 = ( GEOMETRIC_REPRESENTATION_CONTEXT(2) 
PARAMETRIC_REPRESENTATION_CONTEXT() REPRESENTATION_CONTEXT('2D SPACE',''
  ) );
#11286 = PCURVE('',#11007,#11287);
#11287 = DEFINITIONAL_REPRESENTATION('',(#11288),#11292);
#11288 = LINE('',#11289,#11290);
#11289 = CARTESIAN_POINT('',(0.,0.));
#11290 = VECTOR('',#11291,1.);
#11291 = DIRECTION('',(-8.792756774987E-45,1.));
#11292 = ( GEOMETRIC_REPRESENTATION_CONTEXT(2) 
PARAMETRIC_REPRESENTATION_CONTEXT() REPRESENTATION_CONTEXT('2D SPACE',''
  ) );
#11293 = ADVANCED_FACE('',(#11294,#11440),#11261,.F.);
#11294 = FACE_BOUND('',#11295,.T.);
#11295 = EDGE_LOOP('',(#11296,#11321,#11344,#11372,#11395,#11418));
#11296 = ORIENTED_EDGE('',*,*,#11297,.F.);
#11297 = EDGE_CURVE('',#11298,#11300,#11302,.T.);
#11298 = VERTEX_POINT('',#11299);
#11299 = CARTESIAN_POINT('',(-5.117341314414,-0.239999985099,
    2.778600044587));
#11300 = VERTEX_POINT('',#11301);
#11301 = CARTESIAN_POINT('',(-5.117341314414,-0.239999985099,
    1.445100044587));
#11302 = SURFACE_CURVE('',#11303,(#11307,#11314),.PCURVE_S1.);
#11303 = LINE('',#11304,#11305);
#11304 = CARTESIAN_POINT('',(-5.117341314414,-0.239999985099,
    2.778600044587));
#11305 = VECTOR('',#11306,1.);
#11306 = DIRECTION('',(-2.22044604925E-16,-9.011389889435E-24,-1.));
#11307 = PCURVE('',#11261,#11308);
#11308 = DEFINITIONAL_REPRESENTATION('',(#11309),#11313);
#11309 = LINE('',#11310,#11311);
#11310 = CARTESIAN_POINT('',(-8.89,6.9215));
#11311 = VECTOR('',#11312,1.);
#11312 = DIRECTION('',(1.,-2.465190328816E-32));
#11313 = ( GEOMETRIC_REPRESENTATION_CONTEXT(2) 
PARAMETRIC_REPRESENTATION_CONTEXT() REPRESENTATION_CONTEXT('2D SPACE',''
  ) );
#11314 = PCURVE('',#923,#11315);
#11315 = DEFINITIONAL_REPRESENTATION('',(#11316),#11320);
#11316 = LINE('',#11317,#11318);
#11317 = CARTESIAN_POINT('',(-9.011389889435E-26,1.E-02));
#11318 = VECTOR('',#11319,1.);
#11319 = DIRECTION('',(1.,0.));
#11320 = ( GEOMETRIC_REPRESENTATION_CONTEXT(2) 
PARAMETRIC_REPRESENTATION_CONTEXT() REPRESENTATION_CONTEXT('2D SPACE',''
  ) );
#11321 = ORIENTED_EDGE('',*,*,#11322,.F.);
#11322 = EDGE_CURVE('',#11323,#11298,#11325,.T.);
#11323 = VERTEX_POINT('',#11324);
#11324 = CARTESIAN_POINT('',(-5.561841314414,-0.239999985099,
    2.778600044587));
#11325 = SURFACE_CURVE('',#11326,(#11330,#11337),.PCURVE_S1.);
#11326 = LINE('',#11327,#11328);
#11327 = CARTESIAN_POINT('',(-1.878841314414,-0.239999985099,
    2.778600044587));
#11328 = VECTOR('',#11329,1.);
#11329 = DIRECTION('',(1.,-6.310887243769E-30,-2.22044604925E-16));
#11330 = PCURVE('',#11261,#11331);
#11331 = DEFINITIONAL_REPRESENTATION('',(#11332),#11336);
#11332 = LINE('',#11333,#11334);
#11333 = CARTESIAN_POINT('',(-8.89,3.683));
#11334 = VECTOR('',#11335,1.);
#11335 = DIRECTION('',(-2.465190328816E-32,-1.));
#11336 = ( GEOMETRIC_REPRESENTATION_CONTEXT(2) 
PARAMETRIC_REPRESENTATION_CONTEXT() REPRESENTATION_CONTEXT('2D SPACE',''
  ) );
#11337 = PCURVE('',#895,#11338);
#11338 = DEFINITIONAL_REPRESENTATION('',(#11339),#11343);
#11339 = LINE('',#11340,#11341);
#11340 = CARTESIAN_POINT('',(4.8895,-0.24));
#11341 = VECTOR('',#11342,1.);
#11342 = DIRECTION('',(1.,-6.310887243769E-30));
#11343 = ( GEOMETRIC_REPRESENTATION_CONTEXT(2) 
PARAMETRIC_REPRESENTATION_CONTEXT() REPRESENTATION_CONTEXT('2D SPACE',''
  ) );
#11344 = ORIENTED_EDGE('',*,*,#11345,.F.);
#11345 = EDGE_CURVE('',#11346,#11323,#11348,.T.);
#11346 = VERTEX_POINT('',#11347);
#11347 = CARTESIAN_POINT('',(-6.196841314414,-0.239999985099,
    2.778600044587));
#11348 = SURFACE_CURVE('',#11349,(#11354,#11365),.PCURVE_S1.);
#11349 = CIRCLE('',#11350,0.3175);
#11350 = AXIS2_PLACEMENT_3D('',#11351,#11352,#11353);
#11351 = CARTESIAN_POINT('',(-5.879341314414,-0.239999985099,
    2.778600044587));
#11352 = DIRECTION('',(-6.310887241768E-30,-1.,9.011389889435E-24));
#11353 = DIRECTION('',(-2.22044604925E-16,-9.011389889435E-24,-1.));
#11354 = PCURVE('',#11261,#11355);
#11355 = DEFINITIONAL_REPRESENTATION('',(#11356),#11364);
#11356 = ( BOUNDED_CURVE() B_SPLINE_CURVE(2,(#11357,#11358,#11359,#11360
    ,#11361,#11362,#11363),.UNSPECIFIED.,.T.,.F.) 
B_SPLINE_CURVE_WITH_KNOTS((1,2,2,2,2,1),(-2.094395102393,0.,
    2.094395102393,4.188790204786,6.28318530718,8.377580409573),
.UNSPECIFIED.) CURVE() GEOMETRIC_REPRESENTATION_ITEM() 
RATIONAL_B_SPLINE_CURVE((1.,0.5,1.,0.5,1.,0.5,1.)) REPRESENTATION_ITEM(
  '') );
#11357 = CARTESIAN_POINT('',(-8.5725,7.6835));
#11358 = CARTESIAN_POINT('',(-8.5725,7.133573868597));
#11359 = CARTESIAN_POINT('',(-9.04875,7.408536934298));
#11360 = CARTESIAN_POINT('',(-9.525,7.6835));
#11361 = CARTESIAN_POINT('',(-9.04875,7.958463065702));
#11362 = CARTESIAN_POINT('',(-8.5725,8.233426131403));
#11363 = CARTESIAN_POINT('',(-8.5725,7.6835));
#11364 = ( GEOMETRIC_REPRESENTATION_CONTEXT(2) 
PARAMETRIC_REPRESENTATION_CONTEXT() REPRESENTATION_CONTEXT('2D SPACE',''
  ) );
#11365 = PCURVE('',#5238,#11366);
#11366 = DEFINITIONAL_REPRESENTATION('',(#11367),#11371);
#11367 = LINE('',#11368,#11369);
#11368 = CARTESIAN_POINT('',(6.28318530718,-0.24));
#11369 = VECTOR('',#11370,1.);
#11370 = DIRECTION('',(-1.,0.));
#11371 = ( GEOMETRIC_REPRESENTATION_CONTEXT(2) 
PARAMETRIC_REPRESENTATION_CONTEXT() REPRESENTATION_CONTEXT('2D SPACE',''
  ) );
#11372 = ORIENTED_EDGE('',*,*,#11373,.F.);
#11373 = EDGE_CURVE('',#11374,#11346,#11376,.T.);
#11374 = VERTEX_POINT('',#11375);
#11375 = CARTESIAN_POINT('',(-6.641341314414,-0.239999985099,
    2.778600044587));
#11376 = SURFACE_CURVE('',#11377,(#11381,#11388),.PCURVE_S1.);
#11377 = LINE('',#11378,#11379);
#11378 = CARTESIAN_POINT('',(-2.482091314414,-0.239999985099,
    2.778600044587));
#11379 = VECTOR('',#11380,1.);
#11380 = DIRECTION('',(1.,-6.310887243769E-30,-2.22044604925E-16));
#11381 = PCURVE('',#11261,#11382);
#11382 = DEFINITIONAL_REPRESENTATION('',(#11383),#11387);
#11383 = LINE('',#11384,#11385);
#11384 = CARTESIAN_POINT('',(-8.89,4.28625));
#11385 = VECTOR('',#11386,1.);
#11386 = DIRECTION('',(-2.465190328816E-32,-1.));
#11387 = ( GEOMETRIC_REPRESENTATION_CONTEXT(2) 
PARAMETRIC_REPRESENTATION_CONTEXT() REPRESENTATION_CONTEXT('2D SPACE',''
  ) );
#11388 = PCURVE('',#1008,#11389);
#11389 = DEFINITIONAL_REPRESENTATION('',(#11390),#11394);
#11390 = LINE('',#11391,#11392);
#11391 = CARTESIAN_POINT('',(4.28625,-0.24));
#11392 = VECTOR('',#11393,1.);
#11393 = DIRECTION('',(1.,-6.310887243769E-30));
#11394 = ( GEOMETRIC_REPRESENTATION_CONTEXT(2) 
PARAMETRIC_REPRESENTATION_CONTEXT() REPRESENTATION_CONTEXT('2D SPACE',''
  ) );
#11395 = ORIENTED_EDGE('',*,*,#11396,.F.);
#11396 = EDGE_CURVE('',#11397,#11374,#11399,.T.);
#11397 = VERTEX_POINT('',#11398);
#11398 = CARTESIAN_POINT('',(-6.641341314414,-0.239999985099,
    1.445100044587));
#11399 = SURFACE_CURVE('',#11400,(#11404,#11411),.PCURVE_S1.);
#11400 = LINE('',#11401,#11402);
#11401 = CARTESIAN_POINT('',(-6.641341314414,-0.239999985099,
    1.445100044587));
#11402 = VECTOR('',#11403,1.);
#11403 = DIRECTION('',(2.22044604925E-16,9.011389889435E-24,1.));
#11404 = PCURVE('',#11261,#11405);
#11405 = DEFINITIONAL_REPRESENTATION('',(#11406),#11410);
#11406 = LINE('',#11407,#11408);
#11407 = CARTESIAN_POINT('',(-7.5565,8.4455));
#11408 = VECTOR('',#11409,1.);
#11409 = DIRECTION('',(-1.,2.465190328816E-32));
#11410 = ( GEOMETRIC_REPRESENTATION_CONTEXT(2) 
PARAMETRIC_REPRESENTATION_CONTEXT() REPRESENTATION_CONTEXT('2D SPACE',''
  ) );
#11411 = PCURVE('',#980,#11412);
#11412 = DEFINITIONAL_REPRESENTATION('',(#11413),#11417);
#11413 = LINE('',#11414,#11415);
#11414 = CARTESIAN_POINT('',(9.011389889435E-26,1.E-02));
#11415 = VECTOR('',#11416,1.);
#11416 = DIRECTION('',(1.,0.));
#11417 = ( GEOMETRIC_REPRESENTATION_CONTEXT(2) 
PARAMETRIC_REPRESENTATION_CONTEXT() REPRESENTATION_CONTEXT('2D SPACE',''
  ) );
#11418 = ORIENTED_EDGE('',*,*,#11419,.F.);
#11419 = EDGE_CURVE('',#11300,#11397,#11420,.T.);
#11420 = SURFACE_CURVE('',#11421,(#11426,#11433),.PCURVE_S1.);
#11421 = CIRCLE('',#11422,0.764886363636);
#11422 = AXIS2_PLACEMENT_3D('',#11423,#11424,#11425);
#11423 = CARTESIAN_POINT('',(-5.879341314414,-0.239999985099,
    1.511486408224));
#11424 = DIRECTION('',(6.310887241768E-30,1.,-9.011389889435E-24));
#11425 = DIRECTION('',(-2.22044604925E-16,-9.011389889435E-24,-1.));
#11426 = PCURVE('',#11261,#11427);
#11427 = DEFINITIONAL_REPRESENTATION('',(#11428),#11432);
#11428 = CIRCLE('',#11429,0.764886363636);
#11429 = AXIS2_PLACEMENT_2D('',#11430,#11431);
#11430 = CARTESIAN_POINT('',(-7.622886363636,7.6835));
#11431 = DIRECTION('',(1.,0.));
#11432 = ( GEOMETRIC_REPRESENTATION_CONTEXT(2) 
PARAMETRIC_REPRESENTATION_CONTEXT() REPRESENTATION_CONTEXT('2D SPACE',''
  ) );
#11433 = PCURVE('',#952,#11434);
#11434 = DEFINITIONAL_REPRESENTATION('',(#11435),#11439);
#11435 = LINE('',#11436,#11437);
#11436 = CARTESIAN_POINT('',(-8.881784197001E-16,1.E-02));
#11437 = VECTOR('',#11438,1.);
#11438 = DIRECTION('',(1.,0.));
#11439 = ( GEOMETRIC_REPRESENTATION_CONTEXT(2) 
PARAMETRIC_REPRESENTATION_CONTEXT() REPRESENTATION_CONTEXT('2D SPACE',''
  ) );
#11440 = FACE_BOUND('',#11441,.T.);
#11441 = EDGE_LOOP('',(#11442,#11472,#11500,#11528,#11556,#11584,#11612,
    #11640,#11668,#11689,#11710,#11711));
#11442 = ORIENTED_EDGE('',*,*,#11443,.F.);
#11443 = EDGE_CURVE('',#11444,#11446,#11448,.T.);
#11444 = VERTEX_POINT('',#11445);
#11445 = CARTESIAN_POINT('',(-6.254341314414,-0.239999985099,
    1.664000044588));
#11446 = VERTEX_POINT('',#11447);
#11447 = CARTESIAN_POINT('',(-6.254341314414,-0.239999985099,
    1.508600044588));
#11448 = SURFACE_CURVE('',#11449,(#11453,#11460),.PCURVE_S1.);
#11449 = LINE('',#11450,#11451);
#11450 = CARTESIAN_POINT('',(-6.254341314414,-0.239999985099,
    1.664000044588));
#11451 = VECTOR('',#11452,1.);
#11452 = DIRECTION('',(-2.22044604925E-16,-9.011389889435E-24,-1.));
#11453 = PCURVE('',#11261,#11454);
#11454 = DEFINITIONAL_REPRESENTATION('',(#11455),#11459);
#11455 = LINE('',#11456,#11457);
#11456 = CARTESIAN_POINT('',(-7.7754,8.0585));
#11457 = VECTOR('',#11458,1.);
#11458 = DIRECTION('',(1.,-2.465190328816E-32));
#11459 = ( GEOMETRIC_REPRESENTATION_CONTEXT(2) 
PARAMETRIC_REPRESENTATION_CONTEXT() REPRESENTATION_CONTEXT('2D SPACE',''
  ) );
#11460 = PCURVE('',#11461,#11466);
#11461 = PLANE('',#11462);
#11462 = AXIS2_PLACEMENT_3D('',#11463,#11464,#11465);
#11463 = CARTESIAN_POINT('',(-6.254341314414,-0.249999985099,
    1.664000044588));
#11464 = DIRECTION('',(1.,-6.310887243769E-30,-2.22044604925E-16));
#11465 = DIRECTION('',(-2.22044604925E-16,-9.011389889435E-24,-1.));
#11466 = DEFINITIONAL_REPRESENTATION('',(#11467),#11471);
#11467 = LINE('',#11468,#11469);
#11468 = CARTESIAN_POINT('',(-9.011389889435E-26,1.E-02));
#11469 = VECTOR('',#11470,1.);
#11470 = DIRECTION('',(1.,0.));
#11471 = ( GEOMETRIC_REPRESENTATION_CONTEXT(2) 
PARAMETRIC_REPRESENTATION_CONTEXT() REPRESENTATION_CONTEXT('2D SPACE',''
  ) );
#11472 = ORIENTED_EDGE('',*,*,#11473,.F.);
#11473 = EDGE_CURVE('',#11474,#11444,#11476,.T.);
#11474 = VERTEX_POINT('',#11475);
#11475 = CARTESIAN_POINT('',(-6.034741314414,-0.239999985099,
    1.883600044588));
#11476 = SURFACE_CURVE('',#11477,(#11481,#11488),.PCURVE_S1.);
#11477 = LINE('',#11478,#11479);
#11478 = CARTESIAN_POINT('',(-6.034741314414,-0.239999985099,
    1.883600044588));
#11479 = VECTOR('',#11480,1.);
#11480 = DIRECTION('',(-0.707106781187,-6.372010436264E-24,
    -0.707106781187));
#11481 = PCURVE('',#11261,#11482);
#11482 = DEFINITIONAL_REPRESENTATION('',(#11483),#11487);
#11483 = LINE('',#11484,#11485);
#11484 = CARTESIAN_POINT('',(-7.995,7.8389));
#11485 = VECTOR('',#11486,1.);
#11486 = DIRECTION('',(0.707106781187,0.707106781187));
#11487 = ( GEOMETRIC_REPRESENTATION_CONTEXT(2) 
PARAMETRIC_REPRESENTATION_CONTEXT() REPRESENTATION_CONTEXT('2D SPACE',''
  ) );
#11488 = PCURVE('',#11489,#11494);
#11489 = PLANE('',#11490);
#11490 = AXIS2_PLACEMENT_3D('',#11491,#11492,#11493);
#11491 = CARTESIAN_POINT('',(-6.034741314414,-0.249999985099,
    1.883600044588));
#11492 = DIRECTION('',(0.707106781187,-6.372019361206E-24,
    -0.707106781187));
#11493 = DIRECTION('',(-0.707106781187,-6.372010436264E-24,
    -0.707106781187));
#11494 = DEFINITIONAL_REPRESENTATION('',(#11495),#11499);
#11495 = LINE('',#11496,#11497);
#11496 = CARTESIAN_POINT('',(-6.372010436264E-26,1.E-02));
#11497 = VECTOR('',#11498,1.);
#11498 = DIRECTION('',(1.,-7.469334339057E-40));
#11499 = ( GEOMETRIC_REPRESENTATION_CONTEXT(2) 
PARAMETRIC_REPRESENTATION_CONTEXT() REPRESENTATION_CONTEXT('2D SPACE',''
  ) );
#11500 = ORIENTED_EDGE('',*,*,#11501,.F.);
#11501 = EDGE_CURVE('',#11502,#11474,#11504,.T.);
#11502 = VERTEX_POINT('',#11503);
#11503 = CARTESIAN_POINT('',(-5.879341314414,-0.239999985099,
    1.883600044588));
#11504 = SURFACE_CURVE('',#11505,(#11509,#11516),.PCURVE_S1.);
#11505 = LINE('',#11506,#11507);
#11506 = CARTESIAN_POINT('',(-5.723941314414,-0.239999985099,
    1.883600044588));
#11507 = VECTOR('',#11508,1.);
#11508 = DIRECTION('',(-1.,6.310887243769E-30,2.22044604925E-16));
#11509 = PCURVE('',#11261,#11510);
#11510 = DEFINITIONAL_REPRESENTATION('',(#11511),#11515);
#11511 = LINE('',#11512,#11513);
#11512 = CARTESIAN_POINT('',(-7.995,7.5281));
#11513 = VECTOR('',#11514,1.);
#11514 = DIRECTION('',(2.465190328816E-32,1.));
#11515 = ( GEOMETRIC_REPRESENTATION_CONTEXT(2) 
PARAMETRIC_REPRESENTATION_CONTEXT() REPRESENTATION_CONTEXT('2D SPACE',''
  ) );
#11516 = PCURVE('',#11517,#11522);
#11517 = PLANE('',#11518);
#11518 = AXIS2_PLACEMENT_3D('',#11519,#11520,#11521);
#11519 = CARTESIAN_POINT('',(-5.723941314414,-0.249999985099,
    1.883600044588));
#11520 = DIRECTION('',(-2.22044604925E-16,-9.011389889435E-24,-1.));
#11521 = DIRECTION('',(-1.,6.310887243769E-30,2.22044604925E-16));
#11522 = DEFINITIONAL_REPRESENTATION('',(#11523),#11527);
#11523 = LINE('',#11524,#11525);
#11524 = CARTESIAN_POINT('',(6.310887243769E-32,1.E-02));
#11525 = VECTOR('',#11526,1.);
#11526 = DIRECTION('',(1.,3.849659890377E-46));
#11527 = ( GEOMETRIC_REPRESENTATION_CONTEXT(2) 
PARAMETRIC_REPRESENTATION_CONTEXT() REPRESENTATION_CONTEXT('2D SPACE',''
  ) );
#11528 = ORIENTED_EDGE('',*,*,#11529,.F.);
#11529 = EDGE_CURVE('',#11530,#11502,#11532,.T.);
#11530 = VERTEX_POINT('',#11531);
#11531 = CARTESIAN_POINT('',(-5.723941314414,-0.239999985099,
    1.883600044588));
#11532 = SURFACE_CURVE('',#11533,(#11537,#11544),.PCURVE_S1.);
#11533 = LINE('',#11534,#11535);
#11534 = CARTESIAN_POINT('',(-5.723941314414,-0.239999985099,
    1.883600044588));
#11535 = VECTOR('',#11536,1.);
#11536 = DIRECTION('',(-1.,6.310887243769E-30,2.22044604925E-16));
#11537 = PCURVE('',#11261,#11538);
#11538 = DEFINITIONAL_REPRESENTATION('',(#11539),#11543);
#11539 = LINE('',#11540,#11541);
#11540 = CARTESIAN_POINT('',(-7.995,7.5281));
#11541 = VECTOR('',#11542,1.);
#11542 = DIRECTION('',(2.465190328816E-32,1.));
#11543 = ( GEOMETRIC_REPRESENTATION_CONTEXT(2) 
PARAMETRIC_REPRESENTATION_CONTEXT() REPRESENTATION_CONTEXT('2D SPACE',''
  ) );
#11544 = PCURVE('',#11545,#11550);
#11545 = PLANE('',#11546);
#11546 = AXIS2_PLACEMENT_3D('',#11547,#11548,#11549);
#11547 = CARTESIAN_POINT('',(-5.723941314414,-0.249999985099,
    1.883600044588));
#11548 = DIRECTION('',(-2.22044604925E-16,-9.011389889435E-24,-1.));
#11549 = DIRECTION('',(-1.,6.310887243769E-30,2.22044604925E-16));
#11550 = DEFINITIONAL_REPRESENTATION('',(#11551),#11555);
#11551 = LINE('',#11552,#11553);
#11552 = CARTESIAN_POINT('',(6.310887243769E-32,1.E-02));
#11553 = VECTOR('',#11554,1.);
#11554 = DIRECTION('',(1.,3.849659890377E-46));
#11555 = ( GEOMETRIC_REPRESENTATION_CONTEXT(2) 
PARAMETRIC_REPRESENTATION_CONTEXT() REPRESENTATION_CONTEXT('2D SPACE',''
  ) );
#11556 = ORIENTED_EDGE('',*,*,#11557,.F.);
#11557 = EDGE_CURVE('',#11558,#11530,#11560,.T.);
#11558 = VERTEX_POINT('',#11559);
#11559 = CARTESIAN_POINT('',(-5.504341314414,-0.239999985099,
    1.664000044588));
#11560 = SURFACE_CURVE('',#11561,(#11565,#11572),.PCURVE_S1.);
#11561 = LINE('',#11562,#11563);
#11562 = CARTESIAN_POINT('',(-5.504341314414,-0.239999985099,
    1.664000044588));
#11563 = VECTOR('',#11564,1.);
#11564 = DIRECTION('',(-0.707106781187,6.372019361206E-24,0.707106781187
    ));
#11565 = PCURVE('',#11261,#11566);
#11566 = DEFINITIONAL_REPRESENTATION('',(#11567),#11571);
#11567 = LINE('',#11568,#11569);
#11568 = CARTESIAN_POINT('',(-7.7754,7.3085));
#11569 = VECTOR('',#11570,1.);
#11570 = DIRECTION('',(-0.707106781187,0.707106781187));
#11571 = ( GEOMETRIC_REPRESENTATION_CONTEXT(2) 
PARAMETRIC_REPRESENTATION_CONTEXT() REPRESENTATION_CONTEXT('2D SPACE',''
  ) );
#11572 = PCURVE('',#11573,#11578);
#11573 = PLANE('',#11574);
#11574 = AXIS2_PLACEMENT_3D('',#11575,#11576,#11577);
#11575 = CARTESIAN_POINT('',(-5.504341314414,-0.249999985099,
    1.664000044588));
#11576 = DIRECTION('',(-0.707106781187,-6.372010436264E-24,
    -0.707106781187));
#11577 = DIRECTION('',(-0.707106781187,6.372019361206E-24,0.707106781187
    ));
#11578 = DEFINITIONAL_REPRESENTATION('',(#11579),#11583);
#11579 = LINE('',#11580,#11581);
#11580 = CARTESIAN_POINT('',(6.372019361206E-26,1.E-02));
#11581 = VECTOR('',#11582,1.);
#11582 = DIRECTION('',(1.,5.589537798604E-40));
#11583 = ( GEOMETRIC_REPRESENTATION_CONTEXT(2) 
PARAMETRIC_REPRESENTATION_CONTEXT() REPRESENTATION_CONTEXT('2D SPACE',''
  ) );
#11584 = ORIENTED_EDGE('',*,*,#11585,.F.);
#11585 = EDGE_CURVE('',#11586,#11558,#11588,.T.);
#11586 = VERTEX_POINT('',#11587);
#11587 = CARTESIAN_POINT('',(-5.504341314414,-0.239999985099,
    1.508600044588));
#11588 = SURFACE_CURVE('',#11589,(#11593,#11600),.PCURVE_S1.);
#11589 = LINE('',#11590,#11591);
#11590 = CARTESIAN_POINT('',(-5.504341314414,-0.239999985099,
    1.353200044588));
#11591 = VECTOR('',#11592,1.);
#11592 = DIRECTION('',(2.22044604925E-16,9.011389889435E-24,1.));
#11593 = PCURVE('',#11261,#11594);
#11594 = DEFINITIONAL_REPRESENTATION('',(#11595),#11599);
#11595 = LINE('',#11596,#11597);
#11596 = CARTESIAN_POINT('',(-7.4646,7.3085));
#11597 = VECTOR('',#11598,1.);
#11598 = DIRECTION('',(-1.,2.465190328816E-32));
#11599 = ( GEOMETRIC_REPRESENTATION_CONTEXT(2) 
PARAMETRIC_REPRESENTATION_CONTEXT() REPRESENTATION_CONTEXT('2D SPACE',''
  ) );
#11600 = PCURVE('',#11601,#11606);
#11601 = PLANE('',#11602);
#11602 = AXIS2_PLACEMENT_3D('',#11603,#11604,#11605);
#11603 = CARTESIAN_POINT('',(-5.504341314414,-0.249999985099,
    1.353200044588));
#11604 = DIRECTION('',(-1.,6.310887243769E-30,2.22044604925E-16));
#11605 = DIRECTION('',(2.22044604925E-16,9.011389889435E-24,1.));
#11606 = DEFINITIONAL_REPRESENTATION('',(#11607),#11611);
#11607 = LINE('',#11608,#11609);
#11608 = CARTESIAN_POINT('',(9.011389889435E-26,1.E-02));
#11609 = VECTOR('',#11610,1.);
#11610 = DIRECTION('',(1.,0.));
#11611 = ( GEOMETRIC_REPRESENTATION_CONTEXT(2) 
PARAMETRIC_REPRESENTATION_CONTEXT() REPRESENTATION_CONTEXT('2D SPACE',''
  ) );
#11612 = ORIENTED_EDGE('',*,*,#11613,.F.);
#11613 = EDGE_CURVE('',#11614,#11586,#11616,.T.);
#11614 = VERTEX_POINT('',#11615);
#11615 = CARTESIAN_POINT('',(-5.504341314414,-0.239999985099,
    1.353200044588));
#11616 = SURFACE_CURVE('',#11617,(#11621,#11628),.PCURVE_S1.);
#11617 = LINE('',#11618,#11619);
#11618 = CARTESIAN_POINT('',(-5.504341314414,-0.239999985099,
    1.353200044588));
#11619 = VECTOR('',#11620,1.);
#11620 = DIRECTION('',(2.22044604925E-16,9.011389889435E-24,1.));
#11621 = PCURVE('',#11261,#11622);
#11622 = DEFINITIONAL_REPRESENTATION('',(#11623),#11627);
#11623 = LINE('',#11624,#11625);
#11624 = CARTESIAN_POINT('',(-7.4646,7.3085));
#11625 = VECTOR('',#11626,1.);
#11626 = DIRECTION('',(-1.,2.465190328816E-32));
#11627 = ( GEOMETRIC_REPRESENTATION_CONTEXT(2) 
PARAMETRIC_REPRESENTATION_CONTEXT() REPRESENTATION_CONTEXT('2D SPACE',''
  ) );
#11628 = PCURVE('',#11629,#11634);
#11629 = PLANE('',#11630);
#11630 = AXIS2_PLACEMENT_3D('',#11631,#11632,#11633);
#11631 = CARTESIAN_POINT('',(-5.504341314414,-0.249999985099,
    1.353200044588));
#11632 = DIRECTION('',(-1.,6.310887243769E-30,2.22044604925E-16));
#11633 = DIRECTION('',(2.22044604925E-16,9.011389889435E-24,1.));
#11634 = DEFINITIONAL_REPRESENTATION('',(#11635),#11639);
#11635 = LINE('',#11636,#11637);
#11636 = CARTESIAN_POINT('',(9.011389889435E-26,1.E-02));
#11637 = VECTOR('',#11638,1.);
#11638 = DIRECTION('',(1.,0.));
#11639 = ( GEOMETRIC_REPRESENTATION_CONTEXT(2) 
PARAMETRIC_REPRESENTATION_CONTEXT() REPRESENTATION_CONTEXT('2D SPACE',''
  ) );
#11640 = ORIENTED_EDGE('',*,*,#11641,.F.);
#11641 = EDGE_CURVE('',#11642,#11614,#11644,.T.);
#11642 = VERTEX_POINT('',#11643);
#11643 = CARTESIAN_POINT('',(-5.723941314414,-0.239999985099,
    1.133600044588));
#11644 = SURFACE_CURVE('',#11645,(#11649,#11656),.PCURVE_S1.);
#11645 = LINE('',#11646,#11647);
#11646 = CARTESIAN_POINT('',(-5.723941314414,-0.239999985099,
    1.133600044588));
#11647 = VECTOR('',#11648,1.);
#11648 = DIRECTION('',(0.707106781187,6.372010436264E-24,0.707106781187)
  );
#11649 = PCURVE('',#11261,#11650);
#11650 = DEFINITIONAL_REPRESENTATION('',(#11651),#11655);
#11651 = LINE('',#11652,#11653);
#11652 = CARTESIAN_POINT('',(-7.245,7.5281));
#11653 = VECTOR('',#11654,1.);
#11654 = DIRECTION('',(-0.707106781187,-0.707106781187));
#11655 = ( GEOMETRIC_REPRESENTATION_CONTEXT(2) 
PARAMETRIC_REPRESENTATION_CONTEXT() REPRESENTATION_CONTEXT('2D SPACE',''
  ) );
#11656 = PCURVE('',#11657,#11662);
#11657 = PLANE('',#11658);
#11658 = AXIS2_PLACEMENT_3D('',#11659,#11660,#11661);
#11659 = CARTESIAN_POINT('',(-5.723941314414,-0.249999985099,
    1.133600044588));
#11660 = DIRECTION('',(-0.707106781187,6.372019361206E-24,0.707106781187
    ));
#11661 = DIRECTION('',(0.707106781187,6.372010436264E-24,0.707106781187)
  );
#11662 = DEFINITIONAL_REPRESENTATION('',(#11663),#11667);
#11663 = LINE('',#11664,#11665);
#11664 = CARTESIAN_POINT('',(6.372010436264E-26,1.E-02));
#11665 = VECTOR('',#11666,1.);
#11666 = DIRECTION('',(1.,7.469334339057E-40));
#11667 = ( GEOMETRIC_REPRESENTATION_CONTEXT(2) 
PARAMETRIC_REPRESENTATION_CONTEXT() REPRESENTATION_CONTEXT('2D SPACE',''
  ) );
#11668 = ORIENTED_EDGE('',*,*,#11669,.F.);
#11669 = EDGE_CURVE('',#10941,#11642,#11670,.T.);
#11670 = SURFACE_CURVE('',#11671,(#11675,#11682),.PCURVE_S1.);
#11671 = LINE('',#11672,#11673);
#11672 = CARTESIAN_POINT('',(-6.034741314414,-0.239999985099,
    1.133600044588));
#11673 = VECTOR('',#11674,1.);
#11674 = DIRECTION('',(1.,-6.310887243769E-30,-2.22044604925E-16));
#11675 = PCURVE('',#11261,#11676);
#11676 = DEFINITIONAL_REPRESENTATION('',(#11677),#11681);
#11677 = LINE('',#11678,#11679);
#11678 = CARTESIAN_POINT('',(-7.245,7.8389));
#11679 = VECTOR('',#11680,1.);
#11680 = DIRECTION('',(-2.465190328816E-32,-1.));
#11681 = ( GEOMETRIC_REPRESENTATION_CONTEXT(2) 
PARAMETRIC_REPRESENTATION_CONTEXT() REPRESENTATION_CONTEXT('2D SPACE',''
  ) );
#11682 = PCURVE('',#10958,#11683);
#11683 = DEFINITIONAL_REPRESENTATION('',(#11684),#11688);
#11684 = LINE('',#11685,#11686);
#11685 = CARTESIAN_POINT('',(-6.310887243769E-32,1.E-02));
#11686 = VECTOR('',#11687,1.);
#11687 = DIRECTION('',(1.,-3.849659890377E-46));
#11688 = ( GEOMETRIC_REPRESENTATION_CONTEXT(2) 
PARAMETRIC_REPRESENTATION_CONTEXT() REPRESENTATION_CONTEXT('2D SPACE',''
  ) );
#11689 = ORIENTED_EDGE('',*,*,#11690,.F.);
#11690 = EDGE_CURVE('',#11246,#10941,#11691,.T.);
#11691 = SURFACE_CURVE('',#11692,(#11696,#11703),.PCURVE_S1.);
#11692 = LINE('',#11693,#11694);
#11693 = CARTESIAN_POINT('',(-6.034741314414,-0.239999985099,
    1.133600044588));
#11694 = VECTOR('',#11695,1.);
#11695 = DIRECTION('',(1.,-6.310887243769E-30,-2.22044604925E-16));
#11696 = PCURVE('',#11261,#11697);
#11697 = DEFINITIONAL_REPRESENTATION('',(#11698),#11702);
#11698 = LINE('',#11699,#11700);
#11699 = CARTESIAN_POINT('',(-7.245,7.8389));
#11700 = VECTOR('',#11701,1.);
#11701 = DIRECTION('',(-2.465190328816E-32,-1.));
#11702 = ( GEOMETRIC_REPRESENTATION_CONTEXT(2) 
PARAMETRIC_REPRESENTATION_CONTEXT() REPRESENTATION_CONTEXT('2D SPACE',''
  ) );
#11703 = PCURVE('',#11007,#11704);
#11704 = DEFINITIONAL_REPRESENTATION('',(#11705),#11709);
#11705 = LINE('',#11706,#11707);
#11706 = CARTESIAN_POINT('',(-6.310887243769E-32,1.E-02));
#11707 = VECTOR('',#11708,1.);
#11708 = DIRECTION('',(1.,-3.849659890377E-46));
#11709 = ( GEOMETRIC_REPRESENTATION_CONTEXT(2) 
PARAMETRIC_REPRESENTATION_CONTEXT() REPRESENTATION_CONTEXT('2D SPACE',''
  ) );
#11710 = ORIENTED_EDGE('',*,*,#11245,.F.);
#11711 = ORIENTED_EDGE('',*,*,#11712,.F.);
#11712 = EDGE_CURVE('',#11446,#11223,#11713,.T.);
#11713 = SURFACE_CURVE('',#11714,(#11718,#11725),.PCURVE_S1.);
#11714 = LINE('',#11715,#11716);
#11715 = CARTESIAN_POINT('',(-6.254341314414,-0.239999985099,
    1.664000044588));
#11716 = VECTOR('',#11717,1.);
#11717 = DIRECTION('',(-2.22044604925E-16,-9.011389889435E-24,-1.));
#11718 = PCURVE('',#11261,#11719);
#11719 = DEFINITIONAL_REPRESENTATION('',(#11720),#11724);
#11720 = LINE('',#11721,#11722);
#11721 = CARTESIAN_POINT('',(-7.7754,8.0585));
#11722 = VECTOR('',#11723,1.);
#11723 = DIRECTION('',(1.,-2.465190328816E-32));
#11724 = ( GEOMETRIC_REPRESENTATION_CONTEXT(2) 
PARAMETRIC_REPRESENTATION_CONTEXT() REPRESENTATION_CONTEXT('2D SPACE',''
  ) );
#11725 = PCURVE('',#11180,#11726);
#11726 = DEFINITIONAL_REPRESENTATION('',(#11727),#11731);
#11727 = LINE('',#11728,#11729);
#11728 = CARTESIAN_POINT('',(-9.011389889435E-26,1.E-02));
#11729 = VECTOR('',#11730,1.);
#11730 = DIRECTION('',(1.,0.));
#11731 = ( GEOMETRIC_REPRESENTATION_CONTEXT(2) 
PARAMETRIC_REPRESENTATION_CONTEXT() REPRESENTATION_CONTEXT('2D SPACE',''
  ) );
#11732 = ADVANCED_FACE('',(#11733),#11657,.F.);
#11733 = FACE_BOUND('',#11734,.T.);
#11734 = EDGE_LOOP('',(#11735,#11760,#11781,#11782));
#11735 = ORIENTED_EDGE('',*,*,#11736,.F.);
#11736 = EDGE_CURVE('',#11737,#11739,#11741,.T.);
#11737 = VERTEX_POINT('',#11738);
#11738 = CARTESIAN_POINT('',(-5.723941314414,-0.249999985099,
    1.133600044588));
#11739 = VERTEX_POINT('',#11740);
#11740 = CARTESIAN_POINT('',(-5.504341314414,-0.249999985099,
    1.353200044588));
#11741 = SURFACE_CURVE('',#11742,(#11746,#11753),.PCURVE_S1.);
#11742 = LINE('',#11743,#11744);
#11743 = CARTESIAN_POINT('',(-5.653166314414,-0.249999985099,
    1.204375044588));
#11744 = VECTOR('',#11745,1.);
#11745 = DIRECTION('',(0.707106781187,6.372010436264E-24,0.707106781187)
  );
#11746 = PCURVE('',#11657,#11747);
#11747 = DEFINITIONAL_REPRESENTATION('',(#11748),#11752);
#11748 = LINE('',#11749,#11750);
#11749 = CARTESIAN_POINT('',(0.100090964877,-6.377806727717E-25));
#11750 = VECTOR('',#11751,1.);
#11751 = DIRECTION('',(1.,7.469334339057E-40));
#11752 = ( GEOMETRIC_REPRESENTATION_CONTEXT(2) 
PARAMETRIC_REPRESENTATION_CONTEXT() REPRESENTATION_CONTEXT('2D SPACE',''
  ) );
#11753 = PCURVE('',#11040,#11754);
#11754 = DEFINITIONAL_REPRESENTATION('',(#11755),#11759);
#11755 = LINE('',#11756,#11757);
#11756 = CARTESIAN_POINT('',(-7.315775,7.457325));
#11757 = VECTOR('',#11758,1.);
#11758 = DIRECTION('',(-0.707106781187,-0.707106781187));
#11759 = ( GEOMETRIC_REPRESENTATION_CONTEXT(2) 
PARAMETRIC_REPRESENTATION_CONTEXT() REPRESENTATION_CONTEXT('2D SPACE',''
  ) );
#11760 = ORIENTED_EDGE('',*,*,#11761,.T.);
#11761 = EDGE_CURVE('',#11737,#11642,#11762,.T.);
#11762 = SURFACE_CURVE('',#11763,(#11767,#11774),.PCURVE_S1.);
#11763 = LINE('',#11764,#11765);
#11764 = CARTESIAN_POINT('',(-5.723941314414,-0.249999985099,
    1.133600044588));
#11765 = VECTOR('',#11766,1.);
#11766 = DIRECTION('',(6.310887241768E-30,1.,-9.011389889435E-24));
#11767 = PCURVE('',#11657,#11768);
#11768 = DEFINITIONAL_REPRESENTATION('',(#11769),#11773);
#11769 = LINE('',#11770,#11771);
#11770 = CARTESIAN_POINT('',(0.,0.));
#11771 = VECTOR('',#11772,1.);
#11772 = DIRECTION('',(5.02898540848E-39,1.));
#11773 = ( GEOMETRIC_REPRESENTATION_CONTEXT(2) 
PARAMETRIC_REPRESENTATION_CONTEXT() REPRESENTATION_CONTEXT('2D SPACE',''
  ) );
#11774 = PCURVE('',#10958,#11775);
#11775 = DEFINITIONAL_REPRESENTATION('',(#11776),#11780);
#11776 = LINE('',#11777,#11778);
#11777 = CARTESIAN_POINT('',(0.3108,1.961423754742E-30));
#11778 = VECTOR('',#11779,1.);
#11779 = DIRECTION('',(-8.792756774987E-45,1.));
#11780 = ( GEOMETRIC_REPRESENTATION_CONTEXT(2) 
PARAMETRIC_REPRESENTATION_CONTEXT() REPRESENTATION_CONTEXT('2D SPACE',''
  ) );
#11781 = ORIENTED_EDGE('',*,*,#11641,.T.);
#11782 = ORIENTED_EDGE('',*,*,#11783,.F.);
#11783 = EDGE_CURVE('',#11739,#11614,#11784,.T.);
#11784 = SURFACE_CURVE('',#11785,(#11789,#11796),.PCURVE_S1.);
#11785 = LINE('',#11786,#11787);
#11786 = CARTESIAN_POINT('',(-5.504341314414,-0.249999985099,
    1.353200044588));
#11787 = VECTOR('',#11788,1.);
#11788 = DIRECTION('',(6.310887241768E-30,1.,-9.011389889435E-24));
#11789 = PCURVE('',#11657,#11790);
#11790 = DEFINITIONAL_REPRESENTATION('',(#11791),#11795);
#11791 = LINE('',#11792,#11793);
#11792 = CARTESIAN_POINT('',(0.310561298297,-1.978899833849E-24));
#11793 = VECTOR('',#11794,1.);
#11794 = DIRECTION('',(5.02898540848E-39,1.));
#11795 = ( GEOMETRIC_REPRESENTATION_CONTEXT(2) 
PARAMETRIC_REPRESENTATION_CONTEXT() REPRESENTATION_CONTEXT('2D SPACE',''
  ) );
#11796 = PCURVE('',#11629,#11797);
#11797 = DEFINITIONAL_REPRESENTATION('',(#11798),#11802);
#11798 = LINE('',#11799,#11800);
#11799 = CARTESIAN_POINT('',(0.,0.));
#11800 = VECTOR('',#11801,1.);
#11801 = DIRECTION('',(0.,1.));
#11802 = ( GEOMETRIC_REPRESENTATION_CONTEXT(2) 
PARAMETRIC_REPRESENTATION_CONTEXT() REPRESENTATION_CONTEXT('2D SPACE',''
  ) );
#11803 = ADVANCED_FACE('',(#11804),#11629,.F.);
#11804 = FACE_BOUND('',#11805,.T.);
#11805 = EDGE_LOOP('',(#11806,#11827,#11848,#11849));
#11806 = ORIENTED_EDGE('',*,*,#11807,.T.);
#11807 = EDGE_CURVE('',#11586,#11022,#11808,.T.);
#11808 = SURFACE_CURVE('',#11809,(#11813,#11820),.PCURVE_S1.);
#11809 = LINE('',#11810,#11811);
#11810 = CARTESIAN_POINT('',(-5.504341314414,-0.249999985099,
    1.508600044588));
#11811 = VECTOR('',#11812,1.);
#11812 = DIRECTION('',(-6.310887241768E-30,-1.,9.011389889435E-24));
#11813 = PCURVE('',#11629,#11814);
#11814 = DEFINITIONAL_REPRESENTATION('',(#11815),#11819);
#11815 = LINE('',#11816,#11817);
#11816 = CARTESIAN_POINT('',(0.1554,-1.400369988818E-24));
#11817 = VECTOR('',#11818,1.);
#11818 = DIRECTION('',(0.,-1.));
#11819 = ( GEOMETRIC_REPRESENTATION_CONTEXT(2) 
PARAMETRIC_REPRESENTATION_CONTEXT() REPRESENTATION_CONTEXT('2D SPACE',''
  ) );
#11820 = PCURVE('',#11601,#11821);
#11821 = DEFINITIONAL_REPRESENTATION('',(#11822),#11826);
#11822 = LINE('',#11823,#11824);
#11823 = CARTESIAN_POINT('',(0.1554,-1.400369988818E-24));
#11824 = VECTOR('',#11825,1.);
#11825 = DIRECTION('',(0.,-1.));
#11826 = ( GEOMETRIC_REPRESENTATION_CONTEXT(2) 
PARAMETRIC_REPRESENTATION_CONTEXT() REPRESENTATION_CONTEXT('2D SPACE',''
  ) );
#11827 = ORIENTED_EDGE('',*,*,#11828,.F.);
#11828 = EDGE_CURVE('',#11739,#11022,#11829,.T.);
#11829 = SURFACE_CURVE('',#11830,(#11834,#11841),.PCURVE_S1.);
#11830 = LINE('',#11831,#11832);
#11831 = CARTESIAN_POINT('',(-5.504341314414,-0.249999985099,
    -2.379099955412));
#11832 = VECTOR('',#11833,1.);
#11833 = DIRECTION('',(2.22044604925E-16,9.011389889435E-24,1.));
#11834 = PCURVE('',#11629,#11835);
#11835 = DEFINITIONAL_REPRESENTATION('',(#11836),#11840);
#11836 = LINE('',#11837,#11838);
#11837 = CARTESIAN_POINT('',(-3.7323,3.363321048434E-23));
#11838 = VECTOR('',#11839,1.);
#11839 = DIRECTION('',(1.,0.));
#11840 = ( GEOMETRIC_REPRESENTATION_CONTEXT(2) 
PARAMETRIC_REPRESENTATION_CONTEXT() REPRESENTATION_CONTEXT('2D SPACE',''
  ) );
#11841 = PCURVE('',#11040,#11842);
#11842 = DEFINITIONAL_REPRESENTATION('',(#11843),#11847);
#11843 = LINE('',#11844,#11845);
#11844 = CARTESIAN_POINT('',(-3.7323,7.3085));
#11845 = VECTOR('',#11846,1.);
#11846 = DIRECTION('',(-1.,2.465190328816E-32));
#11847 = ( GEOMETRIC_REPRESENTATION_CONTEXT(2) 
PARAMETRIC_REPRESENTATION_CONTEXT() REPRESENTATION_CONTEXT('2D SPACE',''
  ) );
#11848 = ORIENTED_EDGE('',*,*,#11783,.T.);
#11849 = ORIENTED_EDGE('',*,*,#11613,.T.);
#11850 = ADVANCED_FACE('',(#11851),#11601,.F.);
#11851 = FACE_BOUND('',#11852,.T.);
#11852 = EDGE_LOOP('',(#11853,#11854,#11855,#11878));
#11853 = ORIENTED_EDGE('',*,*,#11807,.F.);
#11854 = ORIENTED_EDGE('',*,*,#11585,.T.);
#11855 = ORIENTED_EDGE('',*,*,#11856,.F.);
#11856 = EDGE_CURVE('',#11857,#11558,#11859,.T.);
#11857 = VERTEX_POINT('',#11858);
#11858 = CARTESIAN_POINT('',(-5.504341314414,-0.249999985099,
    1.664000044588));
#11859 = SURFACE_CURVE('',#11860,(#11864,#11871),.PCURVE_S1.);
#11860 = LINE('',#11861,#11862);
#11861 = CARTESIAN_POINT('',(-5.504341314414,-0.249999985099,
    1.664000044588));
#11862 = VECTOR('',#11863,1.);
#11863 = DIRECTION('',(6.310887241768E-30,1.,-9.011389889435E-24));
#11864 = PCURVE('',#11601,#11865);
#11865 = DEFINITIONAL_REPRESENTATION('',(#11866),#11870);
#11866 = LINE('',#11867,#11868);
#11867 = CARTESIAN_POINT('',(0.3108,-2.800739977636E-24));
#11868 = VECTOR('',#11869,1.);
#11869 = DIRECTION('',(0.,1.));
#11870 = ( GEOMETRIC_REPRESENTATION_CONTEXT(2) 
PARAMETRIC_REPRESENTATION_CONTEXT() REPRESENTATION_CONTEXT('2D SPACE',''
  ) );
#11871 = PCURVE('',#11573,#11872);
#11872 = DEFINITIONAL_REPRESENTATION('',(#11873),#11877);
#11873 = LINE('',#11874,#11875);
#11874 = CARTESIAN_POINT('',(0.,0.));
#11875 = VECTOR('',#11876,1.);
#11876 = DIRECTION('',(-1.949414192059E-39,1.));
#11877 = ( GEOMETRIC_REPRESENTATION_CONTEXT(2) 
PARAMETRIC_REPRESENTATION_CONTEXT() REPRESENTATION_CONTEXT('2D SPACE',''
  ) );
#11878 = ORIENTED_EDGE('',*,*,#11879,.F.);
#11879 = EDGE_CURVE('',#11022,#11857,#11880,.T.);
#11880 = SURFACE_CURVE('',#11881,(#11885,#11892),.PCURVE_S1.);
#11881 = LINE('',#11882,#11883);
#11882 = CARTESIAN_POINT('',(-5.504341314414,-0.249999985099,
    -2.379099955412));
#11883 = VECTOR('',#11884,1.);
#11884 = DIRECTION('',(2.22044604925E-16,9.011389889435E-24,1.));
#11885 = PCURVE('',#11601,#11886);
#11886 = DEFINITIONAL_REPRESENTATION('',(#11887),#11891);
#11887 = LINE('',#11888,#11889);
#11888 = CARTESIAN_POINT('',(-3.7323,3.363321048434E-23));
#11889 = VECTOR('',#11890,1.);
#11890 = DIRECTION('',(1.,0.));
#11891 = ( GEOMETRIC_REPRESENTATION_CONTEXT(2) 
PARAMETRIC_REPRESENTATION_CONTEXT() REPRESENTATION_CONTEXT('2D SPACE',''
  ) );
#11892 = PCURVE('',#11125,#11893);
#11893 = DEFINITIONAL_REPRESENTATION('',(#11894),#11898);
#11894 = LINE('',#11895,#11896);
#11895 = CARTESIAN_POINT('',(-3.7323,7.3085));
#11896 = VECTOR('',#11897,1.);
#11897 = DIRECTION('',(-1.,2.465190328816E-32));
#11898 = ( GEOMETRIC_REPRESENTATION_CONTEXT(2) 
PARAMETRIC_REPRESENTATION_CONTEXT() REPRESENTATION_CONTEXT('2D SPACE',''
  ) );
#11899 = ADVANCED_FACE('',(#11900),#11573,.F.);
#11900 = FACE_BOUND('',#11901,.T.);
#11901 = EDGE_LOOP('',(#11902,#11925,#11926,#11927));
#11902 = ORIENTED_EDGE('',*,*,#11903,.F.);
#11903 = EDGE_CURVE('',#11857,#11904,#11906,.T.);
#11904 = VERTEX_POINT('',#11905);
#11905 = CARTESIAN_POINT('',(-5.723941314414,-0.249999985099,
    1.883600044588));
#11906 = SURFACE_CURVE('',#11907,(#11911,#11918),.PCURVE_S1.);
#11907 = LINE('',#11908,#11909);
#11908 = CARTESIAN_POINT('',(-1.733366314414,-0.249999985099,
    -2.106974955412));
#11909 = VECTOR('',#11910,1.);
#11910 = DIRECTION('',(-0.707106781187,6.372019361206E-24,0.707106781187
    ));
#11911 = PCURVE('',#11573,#11912);
#11912 = DEFINITIONAL_REPRESENTATION('',(#11913),#11917);
#11913 = LINE('',#11914,#11915);
#11914 = CARTESIAN_POINT('',(-5.33296398837,3.398174978651E-23));
#11915 = VECTOR('',#11916,1.);
#11916 = DIRECTION('',(1.,5.589537798604E-40));
#11917 = ( GEOMETRIC_REPRESENTATION_CONTEXT(2) 
PARAMETRIC_REPRESENTATION_CONTEXT() REPRESENTATION_CONTEXT('2D SPACE',''
  ) );
#11918 = PCURVE('',#11125,#11919);
#11919 = DEFINITIONAL_REPRESENTATION('',(#11920),#11924);
#11920 = LINE('',#11921,#11922);
#11921 = CARTESIAN_POINT('',(-4.004425,3.537525));
#11922 = VECTOR('',#11923,1.);
#11923 = DIRECTION('',(-0.707106781187,0.707106781187));
#11924 = ( GEOMETRIC_REPRESENTATION_CONTEXT(2) 
PARAMETRIC_REPRESENTATION_CONTEXT() REPRESENTATION_CONTEXT('2D SPACE',''
  ) );
#11925 = ORIENTED_EDGE('',*,*,#11856,.T.);
#11926 = ORIENTED_EDGE('',*,*,#11557,.T.);
#11927 = ORIENTED_EDGE('',*,*,#11928,.F.);
#11928 = EDGE_CURVE('',#11904,#11530,#11929,.T.);
#11929 = SURFACE_CURVE('',#11930,(#11934,#11941),.PCURVE_S1.);
#11930 = LINE('',#11931,#11932);
#11931 = CARTESIAN_POINT('',(-5.723941314414,-0.249999985099,
    1.883600044588));
#11932 = VECTOR('',#11933,1.);
#11933 = DIRECTION('',(6.310887241768E-30,1.,-9.011389889435E-24));
#11934 = PCURVE('',#11573,#11935);
#11935 = DEFINITIONAL_REPRESENTATION('',(#11936),#11940);
#11936 = LINE('',#11937,#11938);
#11937 = CARTESIAN_POINT('',(0.310561298297,-1.978902605591E-24));
#11938 = VECTOR('',#11939,1.);
#11939 = DIRECTION('',(-1.949414192059E-39,1.));
#11940 = ( GEOMETRIC_REPRESENTATION_CONTEXT(2) 
PARAMETRIC_REPRESENTATION_CONTEXT() REPRESENTATION_CONTEXT('2D SPACE',''
  ) );
#11941 = PCURVE('',#11545,#11942);
#11942 = DEFINITIONAL_REPRESENTATION('',(#11943),#11947);
#11943 = LINE('',#11944,#11945);
#11944 = CARTESIAN_POINT('',(0.,0.));
#11945 = VECTOR('',#11946,1.);
#11946 = DIRECTION('',(8.792756774987E-45,1.));
#11947 = ( GEOMETRIC_REPRESENTATION_CONTEXT(2) 
PARAMETRIC_REPRESENTATION_CONTEXT() REPRESENTATION_CONTEXT('2D SPACE',''
  ) );
#11948 = ADVANCED_FACE('',(#11949),#11545,.F.);
#11949 = FACE_BOUND('',#11950,.T.);
#11950 = EDGE_LOOP('',(#11951,#11972,#11993,#11994));
#11951 = ORIENTED_EDGE('',*,*,#11952,.T.);
#11952 = EDGE_CURVE('',#11502,#11082,#11953,.T.);
#11953 = SURFACE_CURVE('',#11954,(#11958,#11965),.PCURVE_S1.);
#11954 = LINE('',#11955,#11956);
#11955 = CARTESIAN_POINT('',(-5.879341314414,-0.249999985099,
    1.883600044588));
#11956 = VECTOR('',#11957,1.);
#11957 = DIRECTION('',(-6.310887241768E-30,-1.,9.011389889435E-24));
#11958 = PCURVE('',#11545,#11959);
#11959 = DEFINITIONAL_REPRESENTATION('',(#11960),#11964);
#11960 = LINE('',#11961,#11962);
#11961 = CARTESIAN_POINT('',(0.1554,-9.807118773708E-31));
#11962 = VECTOR('',#11963,1.);
#11963 = DIRECTION('',(-8.792756774987E-45,-1.));
#11964 = ( GEOMETRIC_REPRESENTATION_CONTEXT(2) 
PARAMETRIC_REPRESENTATION_CONTEXT() REPRESENTATION_CONTEXT('2D SPACE',''
  ) );
#11965 = PCURVE('',#11517,#11966);
#11966 = DEFINITIONAL_REPRESENTATION('',(#11967),#11971);
#11967 = LINE('',#11968,#11969);
#11968 = CARTESIAN_POINT('',(0.1554,-9.807118773708E-31));
#11969 = VECTOR('',#11970,1.);
#11970 = DIRECTION('',(-8.792756774987E-45,-1.));
#11971 = ( GEOMETRIC_REPRESENTATION_CONTEXT(2) 
PARAMETRIC_REPRESENTATION_CONTEXT() REPRESENTATION_CONTEXT('2D SPACE',''
  ) );
#11972 = ORIENTED_EDGE('',*,*,#11973,.F.);
#11973 = EDGE_CURVE('',#11904,#11082,#11974,.T.);
#11974 = SURFACE_CURVE('',#11975,(#11979,#11986),.PCURVE_S1.);
#11975 = LINE('',#11976,#11977);
#11976 = CARTESIAN_POINT('',(-1.959891314414,-0.249999985099,
    1.883600044588));
#11977 = VECTOR('',#11978,1.);
#11978 = DIRECTION('',(-1.,6.310887243769E-30,2.22044604925E-16));
#11979 = PCURVE('',#11545,#11980);
#11980 = DEFINITIONAL_REPRESENTATION('',(#11981),#11985);
#11981 = LINE('',#11982,#11983);
#11982 = CARTESIAN_POINT('',(-3.76405,2.375449513038E-29));
#11983 = VECTOR('',#11984,1.);
#11984 = DIRECTION('',(1.,3.849659890377E-46));
#11985 = ( GEOMETRIC_REPRESENTATION_CONTEXT(2) 
PARAMETRIC_REPRESENTATION_CONTEXT() REPRESENTATION_CONTEXT('2D SPACE',''
  ) );
#11986 = PCURVE('',#11125,#11987);
#11987 = DEFINITIONAL_REPRESENTATION('',(#11988),#11992);
#11988 = LINE('',#11989,#11990);
#11989 = CARTESIAN_POINT('',(-7.995,3.76405));
#11990 = VECTOR('',#11991,1.);
#11991 = DIRECTION('',(2.465190328816E-32,1.));
#11992 = ( GEOMETRIC_REPRESENTATION_CONTEXT(2) 
PARAMETRIC_REPRESENTATION_CONTEXT() REPRESENTATION_CONTEXT('2D SPACE',''
  ) );
#11993 = ORIENTED_EDGE('',*,*,#11928,.T.);
#11994 = ORIENTED_EDGE('',*,*,#11529,.T.);
#11995 = ADVANCED_FACE('',(#11996),#11517,.F.);
#11996 = FACE_BOUND('',#11997,.T.);
#11997 = EDGE_LOOP('',(#11998,#11999,#12000,#12023));
#11998 = ORIENTED_EDGE('',*,*,#11952,.F.);
#11999 = ORIENTED_EDGE('',*,*,#11501,.T.);
#12000 = ORIENTED_EDGE('',*,*,#12001,.F.);
#12001 = EDGE_CURVE('',#12002,#11474,#12004,.T.);
#12002 = VERTEX_POINT('',#12003);
#12003 = CARTESIAN_POINT('',(-6.034741314414,-0.249999985099,
    1.883600044588));
#12004 = SURFACE_CURVE('',#12005,(#12009,#12016),.PCURVE_S1.);
#12005 = LINE('',#12006,#12007);
#12006 = CARTESIAN_POINT('',(-6.034741314414,-0.249999985099,
    1.883600044588));
#12007 = VECTOR('',#12008,1.);
#12008 = DIRECTION('',(6.310887241768E-30,1.,-9.011389889435E-24));
#12009 = PCURVE('',#11517,#12010);
#12010 = DEFINITIONAL_REPRESENTATION('',(#12011),#12015);
#12011 = LINE('',#12012,#12013);
#12012 = CARTESIAN_POINT('',(0.3108,-1.961423754742E-30));
#12013 = VECTOR('',#12014,1.);
#12014 = DIRECTION('',(8.792756774987E-45,1.));
#12015 = ( GEOMETRIC_REPRESENTATION_CONTEXT(2) 
PARAMETRIC_REPRESENTATION_CONTEXT() REPRESENTATION_CONTEXT('2D SPACE',''
  ) );
#12016 = PCURVE('',#11489,#12017);
#12017 = DEFINITIONAL_REPRESENTATION('',(#12018),#12022);
#12018 = LINE('',#12019,#12020);
#12019 = CARTESIAN_POINT('',(-0.,0.));
#12020 = VECTOR('',#12021,1.);
#12021 = DIRECTION('',(-5.02898540848E-39,1.));
#12022 = ( GEOMETRIC_REPRESENTATION_CONTEXT(2) 
PARAMETRIC_REPRESENTATION_CONTEXT() REPRESENTATION_CONTEXT('2D SPACE',''
  ) );
#12023 = ORIENTED_EDGE('',*,*,#12024,.F.);
#12024 = EDGE_CURVE('',#11082,#12002,#12025,.T.);
#12025 = SURFACE_CURVE('',#12026,(#12030,#12037),.PCURVE_S1.);
#12026 = LINE('',#12027,#12028);
#12027 = CARTESIAN_POINT('',(-1.959891314414,-0.249999985099,
    1.883600044588));
#12028 = VECTOR('',#12029,1.);
#12029 = DIRECTION('',(-1.,6.310887243769E-30,2.22044604925E-16));
#12030 = PCURVE('',#11517,#12031);
#12031 = DEFINITIONAL_REPRESENTATION('',(#12032),#12036);
#12032 = LINE('',#12033,#12034);
#12033 = CARTESIAN_POINT('',(-3.76405,2.375449513038E-29));
#12034 = VECTOR('',#12035,1.);
#12035 = DIRECTION('',(1.,3.849659890377E-46));
#12036 = ( GEOMETRIC_REPRESENTATION_CONTEXT(2) 
PARAMETRIC_REPRESENTATION_CONTEXT() REPRESENTATION_CONTEXT('2D SPACE',''
  ) );
#12037 = PCURVE('',#11098,#12038);
#12038 = DEFINITIONAL_REPRESENTATION('',(#12039),#12043);
#12039 = LINE('',#12040,#12041);
#12040 = CARTESIAN_POINT('',(-7.995,3.76405));
#12041 = VECTOR('',#12042,1.);
#12042 = DIRECTION('',(2.465190328816E-32,1.));
#12043 = ( GEOMETRIC_REPRESENTATION_CONTEXT(2) 
PARAMETRIC_REPRESENTATION_CONTEXT() REPRESENTATION_CONTEXT('2D SPACE',''
  ) );
#12044 = ADVANCED_FACE('',(#12045),#11489,.F.);
#12045 = FACE_BOUND('',#12046,.T.);
#12046 = EDGE_LOOP('',(#12047,#12070,#12071,#12072));
#12047 = ORIENTED_EDGE('',*,*,#12048,.F.);
#12048 = EDGE_CURVE('',#12002,#12049,#12051,.T.);
#12049 = VERTEX_POINT('',#12050);
#12050 = CARTESIAN_POINT('',(-6.254341314414,-0.249999985099,
    1.664000044588));
#12051 = SURFACE_CURVE('',#12052,(#12056,#12063),.PCURVE_S1.);
#12052 = LINE('',#12053,#12054);
#12053 = CARTESIAN_POINT('',(-6.073766314414,-0.249999985099,
    1.844575044587));
#12054 = VECTOR('',#12055,1.);
#12055 = DIRECTION('',(-0.707106781187,-6.372010436264E-24,
    -0.707106781187));
#12056 = PCURVE('',#11489,#12057);
#12057 = DEFINITIONAL_REPRESENTATION('',(#12058),#12062);
#12058 = LINE('',#12059,#12060);
#12059 = CARTESIAN_POINT('',(5.518968427161E-02,3.516692441528E-25));
#12060 = VECTOR('',#12061,1.);
#12061 = DIRECTION('',(1.,-7.469334339057E-40));
#12062 = ( GEOMETRIC_REPRESENTATION_CONTEXT(2) 
PARAMETRIC_REPRESENTATION_CONTEXT() REPRESENTATION_CONTEXT('2D SPACE',''
  ) );
#12063 = PCURVE('',#11098,#12064);
#12064 = DEFINITIONAL_REPRESENTATION('',(#12065),#12069);
#12065 = LINE('',#12066,#12067);
#12066 = CARTESIAN_POINT('',(-7.955975,7.877925));
#12067 = VECTOR('',#12068,1.);
#12068 = DIRECTION('',(0.707106781187,0.707106781187));
#12069 = ( GEOMETRIC_REPRESENTATION_CONTEXT(2) 
PARAMETRIC_REPRESENTATION_CONTEXT() REPRESENTATION_CONTEXT('2D SPACE',''
  ) );
#12070 = ORIENTED_EDGE('',*,*,#12001,.T.);
#12071 = ORIENTED_EDGE('',*,*,#11473,.T.);
#12072 = ORIENTED_EDGE('',*,*,#12073,.F.);
#12073 = EDGE_CURVE('',#12049,#11444,#12074,.T.);
#12074 = SURFACE_CURVE('',#12075,(#12079,#12086),.PCURVE_S1.);
#12075 = LINE('',#12076,#12077);
#12076 = CARTESIAN_POINT('',(-6.254341314414,-0.249999985099,
    1.664000044588));
#12077 = VECTOR('',#12078,1.);
#12078 = DIRECTION('',(6.310887241768E-30,1.,-9.011389889435E-24));
#12079 = PCURVE('',#11489,#12080);
#12080 = DEFINITIONAL_REPRESENTATION('',(#12081),#12085);
#12081 = LINE('',#12082,#12083);
#12082 = CARTESIAN_POINT('',(0.310561298297,1.978899833849E-24));
#12083 = VECTOR('',#12084,1.);
#12084 = DIRECTION('',(-5.02898540848E-39,1.));
#12085 = ( GEOMETRIC_REPRESENTATION_CONTEXT(2) 
PARAMETRIC_REPRESENTATION_CONTEXT() REPRESENTATION_CONTEXT('2D SPACE',''
  ) );
#12086 = PCURVE('',#11461,#12087);
#12087 = DEFINITIONAL_REPRESENTATION('',(#12088),#12092);
#12088 = LINE('',#12089,#12090);
#12089 = CARTESIAN_POINT('',(-0.,0.));
#12090 = VECTOR('',#12091,1.);
#12091 = DIRECTION('',(0.,1.));
#12092 = ( GEOMETRIC_REPRESENTATION_CONTEXT(2) 
PARAMETRIC_REPRESENTATION_CONTEXT() REPRESENTATION_CONTEXT('2D SPACE',''
  ) );
#12093 = ADVANCED_FACE('',(#12094),#11461,.F.);
#12094 = FACE_BOUND('',#12095,.T.);
#12095 = EDGE_LOOP('',(#12096,#12117,#12138,#12139));
#12096 = ORIENTED_EDGE('',*,*,#12097,.T.);
#12097 = EDGE_CURVE('',#11446,#11053,#12098,.T.);
#12098 = SURFACE_CURVE('',#12099,(#12103,#12110),.PCURVE_S1.);
#12099 = LINE('',#12100,#12101);
#12100 = CARTESIAN_POINT('',(-6.254341314414,-0.249999985099,
    1.508600044588));
#12101 = VECTOR('',#12102,1.);
#12102 = DIRECTION('',(-6.310887241768E-30,-1.,9.011389889435E-24));
#12103 = PCURVE('',#11461,#12104);
#12104 = DEFINITIONAL_REPRESENTATION('',(#12105),#12109);
#12105 = LINE('',#12106,#12107);
#12106 = CARTESIAN_POINT('',(0.1554,1.400369988818E-24));
#12107 = VECTOR('',#12108,1.);
#12108 = DIRECTION('',(0.,-1.));
#12109 = ( GEOMETRIC_REPRESENTATION_CONTEXT(2) 
PARAMETRIC_REPRESENTATION_CONTEXT() REPRESENTATION_CONTEXT('2D SPACE',''
  ) );
#12110 = PCURVE('',#11180,#12111);
#12111 = DEFINITIONAL_REPRESENTATION('',(#12112),#12116);
#12112 = LINE('',#12113,#12114);
#12113 = CARTESIAN_POINT('',(0.1554,1.400369988818E-24));
#12114 = VECTOR('',#12115,1.);
#12115 = DIRECTION('',(0.,-1.));
#12116 = ( GEOMETRIC_REPRESENTATION_CONTEXT(2) 
PARAMETRIC_REPRESENTATION_CONTEXT() REPRESENTATION_CONTEXT('2D SPACE',''
  ) );
#12117 = ORIENTED_EDGE('',*,*,#12118,.F.);
#12118 = EDGE_CURVE('',#12049,#11053,#12119,.T.);
#12119 = SURFACE_CURVE('',#12120,(#12124,#12131),.PCURVE_S1.);
#12120 = LINE('',#12121,#12122);
#12121 = CARTESIAN_POINT('',(-6.254341314414,-0.249999985099,
    -2.223699955413));
#12122 = VECTOR('',#12123,1.);
#12123 = DIRECTION('',(-2.22044604925E-16,-9.011389889435E-24,-1.));
#12124 = PCURVE('',#11461,#12125);
#12125 = DEFINITIONAL_REPRESENTATION('',(#12126),#12130);
#12126 = LINE('',#12127,#12128);
#12127 = CARTESIAN_POINT('',(3.8877,3.503358047316E-23));
#12128 = VECTOR('',#12129,1.);
#12129 = DIRECTION('',(1.,0.));
#12130 = ( GEOMETRIC_REPRESENTATION_CONTEXT(2) 
PARAMETRIC_REPRESENTATION_CONTEXT() REPRESENTATION_CONTEXT('2D SPACE',''
  ) );
#12131 = PCURVE('',#11098,#12132);
#12132 = DEFINITIONAL_REPRESENTATION('',(#12133),#12137);
#12133 = LINE('',#12134,#12135);
#12134 = CARTESIAN_POINT('',(-3.8877,8.0585));
#12135 = VECTOR('',#12136,1.);
#12136 = DIRECTION('',(1.,-2.465190328816E-32));
#12137 = ( GEOMETRIC_REPRESENTATION_CONTEXT(2) 
PARAMETRIC_REPRESENTATION_CONTEXT() REPRESENTATION_CONTEXT('2D SPACE',''
  ) );
#12138 = ORIENTED_EDGE('',*,*,#12073,.T.);
#12139 = ORIENTED_EDGE('',*,*,#11443,.T.);
#12140 = ADVANCED_FACE('',(#12141),#11180,.F.);
#12141 = FACE_BOUND('',#12142,.T.);
#12142 = EDGE_LOOP('',(#12143,#12144,#12145,#12146));
#12143 = ORIENTED_EDGE('',*,*,#12097,.F.);
#12144 = ORIENTED_EDGE('',*,*,#11712,.T.);
#12145 = ORIENTED_EDGE('',*,*,#11222,.F.);
#12146 = ORIENTED_EDGE('',*,*,#11164,.F.);
#12147 = ADVANCED_FACE('',(#12148),#11098,.F.);
#12148 = FACE_BOUND('',#12149,.T.);
#12149 = EDGE_LOOP('',(#12150,#12151,#12152,#12153));
#12150 = ORIENTED_EDGE('',*,*,#12024,.T.);
#12151 = ORIENTED_EDGE('',*,*,#12048,.T.);
#12152 = ORIENTED_EDGE('',*,*,#12118,.T.);
#12153 = ORIENTED_EDGE('',*,*,#11081,.T.);
#12154 = ADVANCED_FACE('',(#12155),#11125,.F.);
#12155 = FACE_BOUND('',#12156,.T.);
#12156 = EDGE_LOOP('',(#12157,#12158,#12159,#12160));
#12157 = ORIENTED_EDGE('',*,*,#11879,.T.);
#12158 = ORIENTED_EDGE('',*,*,#11903,.T.);
#12159 = ORIENTED_EDGE('',*,*,#11973,.T.);
#12160 = ORIENTED_EDGE('',*,*,#11110,.T.);
#12161 = ADVANCED_FACE('',(#12162),#11040,.F.);
#12162 = FACE_BOUND('',#12163,.T.);
#12163 = EDGE_LOOP('',(#12164,#12165,#12166,#12187));
#12164 = ORIENTED_EDGE('',*,*,#11828,.T.);
#12165 = ORIENTED_EDGE('',*,*,#11021,.T.);
#12166 = ORIENTED_EDGE('',*,*,#12167,.T.);
#12167 = EDGE_CURVE('',#10943,#11737,#12168,.T.);
#12168 = SURFACE_CURVE('',#12169,(#12173,#12180),.PCURVE_S1.);
#12169 = LINE('',#12170,#12171);
#12170 = CARTESIAN_POINT('',(-2.115291314414,-0.249999985099,
    1.133600044588));
#12171 = VECTOR('',#12172,1.);
#12172 = DIRECTION('',(1.,-6.310887243769E-30,-2.22044604925E-16));
#12173 = PCURVE('',#11040,#12174);
#12174 = DEFINITIONAL_REPRESENTATION('',(#12175),#12179);
#12175 = LINE('',#12176,#12177);
#12176 = CARTESIAN_POINT('',(-7.245,3.91945));
#12177 = VECTOR('',#12178,1.);
#12178 = DIRECTION('',(-2.465190328816E-32,-1.));
#12179 = ( GEOMETRIC_REPRESENTATION_CONTEXT(2) 
PARAMETRIC_REPRESENTATION_CONTEXT() REPRESENTATION_CONTEXT('2D SPACE',''
  ) );
#12180 = PCURVE('',#10958,#12181);
#12181 = DEFINITIONAL_REPRESENTATION('',(#12182),#12186);
#12182 = LINE('',#12183,#12184);
#12183 = CARTESIAN_POINT('',(3.91945,2.473520700775E-29));
#12184 = VECTOR('',#12185,1.);
#12185 = DIRECTION('',(1.,-3.849659890377E-46));
#12186 = ( GEOMETRIC_REPRESENTATION_CONTEXT(2) 
PARAMETRIC_REPRESENTATION_CONTEXT() REPRESENTATION_CONTEXT('2D SPACE',''
  ) );
#12187 = ORIENTED_EDGE('',*,*,#11736,.T.);
#12188 = ADVANCED_FACE('',(#12189),#11007,.F.);
#12189 = FACE_BOUND('',#12190,.T.);
#12190 = EDGE_LOOP('',(#12191,#12192,#12193,#12194));
#12191 = ORIENTED_EDGE('',*,*,#10993,.T.);
#12192 = ORIENTED_EDGE('',*,*,#11140,.F.);
#12193 = ORIENTED_EDGE('',*,*,#11273,.T.);
#12194 = ORIENTED_EDGE('',*,*,#11690,.T.);
#12195 = ADVANCED_FACE('',(#12196),#10958,.F.);
#12196 = FACE_BOUND('',#12197,.T.);
#12197 = EDGE_LOOP('',(#12198,#12199,#12200,#12201));
#12198 = ORIENTED_EDGE('',*,*,#10940,.F.);
#12199 = ORIENTED_EDGE('',*,*,#11669,.T.);
#12200 = ORIENTED_EDGE('',*,*,#11761,.F.);
#12201 = ORIENTED_EDGE('',*,*,#12167,.F.);
#12202 = ADVANCED_FACE('',(#12203),#6404,.F.);
#12203 = FACE_BOUND('',#12204,.F.);
#12204 = EDGE_LOOP('',(#12205,#12228,#12229,#12230));
#12205 = ORIENTED_EDGE('',*,*,#12206,.T.);
#12206 = EDGE_CURVE('',#12207,#6384,#12209,.T.);
#12207 = VERTEX_POINT('',#12208);
#12208 = CARTESIAN_POINT('',(4.655658685586,-0.239999985099,
    1.508600044588));
#12209 = SEAM_CURVE('',#12210,(#12214,#12221),.PCURVE_S1.);
#12210 = LINE('',#12211,#12212);
#12211 = CARTESIAN_POINT('',(4.655658685586,1.490116113834E-08,
    1.508600044588));
#12212 = VECTOR('',#12213,1.);
#12213 = DIRECTION('',(0.,1.,0.));
#12214 = PCURVE('',#6404,#12215);
#12215 = DEFINITIONAL_REPRESENTATION('',(#12216),#12220);
#12216 = LINE('',#12217,#12218);
#12217 = CARTESIAN_POINT('',(3.14159265359,0.));
#12218 = VECTOR('',#12219,1.);
#12219 = DIRECTION('',(0.,1.));
#12220 = ( GEOMETRIC_REPRESENTATION_CONTEXT(2) 
PARAMETRIC_REPRESENTATION_CONTEXT() REPRESENTATION_CONTEXT('2D SPACE',''
  ) );
#12221 = PCURVE('',#6404,#12222);
#12222 = DEFINITIONAL_REPRESENTATION('',(#12223),#12227);
#12223 = LINE('',#12224,#12225);
#12224 = CARTESIAN_POINT('',(-3.14159265359,0.));
#12225 = VECTOR('',#12226,1.);
#12226 = DIRECTION('',(0.,1.));
#12227 = ( GEOMETRIC_REPRESENTATION_CONTEXT(2) 
PARAMETRIC_REPRESENTATION_CONTEXT() REPRESENTATION_CONTEXT('2D SPACE',''
  ) );
#12228 = ORIENTED_EDGE('',*,*,#6383,.F.);
#12229 = ORIENTED_EDGE('',*,*,#12206,.F.);
#12230 = ORIENTED_EDGE('',*,*,#12231,.F.);
#12231 = EDGE_CURVE('',#12207,#12207,#12232,.T.);
#12232 = SURFACE_CURVE('',#12233,(#12238,#12245),.PCURVE_S1.);
#12233 = CIRCLE('',#12234,0.375);
#12234 = AXIS2_PLACEMENT_3D('',#12235,#12236,#12237);
#12235 = CARTESIAN_POINT('',(4.280658685586,-0.239999985099,
    1.508600044588));
#12236 = DIRECTION('',(-6.310887241768E-30,-1.,9.011389889435E-24));
#12237 = DIRECTION('',(-1.,6.310887243769E-30,2.22044604925E-16));
#12238 = PCURVE('',#6404,#12239);
#12239 = DEFINITIONAL_REPRESENTATION('',(#12240),#12244);
#12240 = LINE('',#12241,#12242);
#12241 = CARTESIAN_POINT('',(6.28318530718,-0.24));
#12242 = VECTOR('',#12243,1.);
#12243 = DIRECTION('',(-1.,0.));
#12244 = ( GEOMETRIC_REPRESENTATION_CONTEXT(2) 
PARAMETRIC_REPRESENTATION_CONTEXT() REPRESENTATION_CONTEXT('2D SPACE',''
  ) );
#12245 = PCURVE('',#12246,#12251);
#12246 = PLANE('',#12247);
#12247 = AXIS2_PLACEMENT_3D('',#12248,#12249,#12250);
#12248 = CARTESIAN_POINT('',(1.804158685586,-0.239999985099,
    -6.111399955412));
#12249 = DIRECTION('',(6.310887241768E-30,1.,-9.011389889435E-24));
#12250 = DIRECTION('',(-2.22044604925E-16,-9.011389889435E-24,-1.));
#12251 = DEFINITIONAL_REPRESENTATION('',(#12252),#12260);
#12252 = ( BOUNDED_CURVE() B_SPLINE_CURVE(2,(#12253,#12254,#12255,#12256
    ,#12257,#12258,#12259),.UNSPECIFIED.,.T.,.F.) 
B_SPLINE_CURVE_WITH_KNOTS((1,2,2,2,2,1),(-2.094395102393,0.,
    2.094395102393,4.188790204786,6.28318530718,8.377580409573),
.UNSPECIFIED.) CURVE() GEOMETRIC_REPRESENTATION_ITEM() 
RATIONAL_B_SPLINE_CURVE((1.,0.5,1.,0.5,1.,0.5,1.)) REPRESENTATION_ITEM(
  '') );
#12253 = CARTESIAN_POINT('',(-7.62,-2.1015));
#12254 = CARTESIAN_POINT('',(-6.970480947162,-2.1015));
#12255 = CARTESIAN_POINT('',(-7.295240473581,-2.664));
#12256 = CARTESIAN_POINT('',(-7.62,-3.2265));
#12257 = CARTESIAN_POINT('',(-7.944759526419,-2.664));
#12258 = CARTESIAN_POINT('',(-8.269519052838,-2.1015));
#12259 = CARTESIAN_POINT('',(-7.62,-2.1015));
#12260 = ( GEOMETRIC_REPRESENTATION_CONTEXT(2) 
PARAMETRIC_REPRESENTATION_CONTEXT() REPRESENTATION_CONTEXT('2D SPACE',''
  ) );
#12261 = ADVANCED_FACE('',(#12262,#12408),#12246,.F.);
#12262 = FACE_BOUND('',#12263,.T.);
#12263 = EDGE_LOOP('',(#12264,#12289,#12312,#12340,#12363,#12386));
#12264 = ORIENTED_EDGE('',*,*,#12265,.F.);
#12265 = EDGE_CURVE('',#12266,#12268,#12270,.T.);
#12266 = VERTEX_POINT('',#12267);
#12267 = CARTESIAN_POINT('',(5.042658685586,-0.239999985099,
    2.778600044587));
#12268 = VERTEX_POINT('',#12269);
#12269 = CARTESIAN_POINT('',(5.042658685586,-0.239999985099,
    1.445100044587));
#12270 = SURFACE_CURVE('',#12271,(#12275,#12282),.PCURVE_S1.);
#12271 = LINE('',#12272,#12273);
#12272 = CARTESIAN_POINT('',(5.042658685586,-0.239999985099,
    2.778600044587));
#12273 = VECTOR('',#12274,1.);
#12274 = DIRECTION('',(-2.22044604925E-16,-9.011389889435E-24,-1.));
#12275 = PCURVE('',#12246,#12276);
#12276 = DEFINITIONAL_REPRESENTATION('',(#12277),#12281);
#12277 = LINE('',#12278,#12279);
#12278 = CARTESIAN_POINT('',(-8.89,-3.2385));
#12279 = VECTOR('',#12280,1.);
#12280 = DIRECTION('',(1.,-2.465190328816E-32));
#12281 = ( GEOMETRIC_REPRESENTATION_CONTEXT(2) 
PARAMETRIC_REPRESENTATION_CONTEXT() REPRESENTATION_CONTEXT('2D SPACE',''
  ) );
#12282 = PCURVE('',#471,#12283);
#12283 = DEFINITIONAL_REPRESENTATION('',(#12284),#12288);
#12284 = LINE('',#12285,#12286);
#12285 = CARTESIAN_POINT('',(-9.011389889435E-26,1.E-02));
#12286 = VECTOR('',#12287,1.);
#12287 = DIRECTION('',(1.,0.));
#12288 = ( GEOMETRIC_REPRESENTATION_CONTEXT(2) 
PARAMETRIC_REPRESENTATION_CONTEXT() REPRESENTATION_CONTEXT('2D SPACE',''
  ) );
#12289 = ORIENTED_EDGE('',*,*,#12290,.F.);
#12290 = EDGE_CURVE('',#12291,#12266,#12293,.T.);
#12291 = VERTEX_POINT('',#12292);
#12292 = CARTESIAN_POINT('',(4.598158685586,-0.239999985099,
    2.778600044587));
#12293 = SURFACE_CURVE('',#12294,(#12298,#12305),.PCURVE_S1.);
#12294 = LINE('',#12295,#12296);
#12295 = CARTESIAN_POINT('',(3.201158685586,-0.239999985099,
    2.778600044587));
#12296 = VECTOR('',#12297,1.);
#12297 = DIRECTION('',(1.,-6.310887243769E-30,-2.22044604925E-16));
#12298 = PCURVE('',#12246,#12299);
#12299 = DEFINITIONAL_REPRESENTATION('',(#12300),#12304);
#12300 = LINE('',#12301,#12302);
#12301 = CARTESIAN_POINT('',(-8.89,-1.397));
#12302 = VECTOR('',#12303,1.);
#12303 = DIRECTION('',(-2.465190328816E-32,-1.));
#12304 = ( GEOMETRIC_REPRESENTATION_CONTEXT(2) 
PARAMETRIC_REPRESENTATION_CONTEXT() REPRESENTATION_CONTEXT('2D SPACE',''
  ) );
#12305 = PCURVE('',#443,#12306);
#12306 = DEFINITIONAL_REPRESENTATION('',(#12307),#12311);
#12307 = LINE('',#12308,#12309);
#12308 = CARTESIAN_POINT('',(9.9695,-0.24));
#12309 = VECTOR('',#12310,1.);
#12310 = DIRECTION('',(1.,-6.310887243769E-30));
#12311 = ( GEOMETRIC_REPRESENTATION_CONTEXT(2) 
PARAMETRIC_REPRESENTATION_CONTEXT() REPRESENTATION_CONTEXT('2D SPACE',''
  ) );
#12312 = ORIENTED_EDGE('',*,*,#12313,.F.);
#12313 = EDGE_CURVE('',#12314,#12291,#12316,.T.);
#12314 = VERTEX_POINT('',#12315);
#12315 = CARTESIAN_POINT('',(3.963158685586,-0.239999985099,
    2.778600044587));
#12316 = SURFACE_CURVE('',#12317,(#12322,#12333),.PCURVE_S1.);
#12317 = CIRCLE('',#12318,0.3175);
#12318 = AXIS2_PLACEMENT_3D('',#12319,#12320,#12321);
#12319 = CARTESIAN_POINT('',(4.280658685586,-0.239999985099,
    2.778600044587));
#12320 = DIRECTION('',(-6.310887241768E-30,-1.,9.011389889435E-24));
#12321 = DIRECTION('',(-2.22044604925E-16,-9.011389889435E-24,-1.));
#12322 = PCURVE('',#12246,#12323);
#12323 = DEFINITIONAL_REPRESENTATION('',(#12324),#12332);
#12324 = ( BOUNDED_CURVE() B_SPLINE_CURVE(2,(#12325,#12326,#12327,#12328
    ,#12329,#12330,#12331),.UNSPECIFIED.,.T.,.F.) 
B_SPLINE_CURVE_WITH_KNOTS((1,2,2,2,2,1),(-2.094395102393,0.,
    2.094395102393,4.188790204786,6.28318530718,8.377580409573),
.UNSPECIFIED.) CURVE() GEOMETRIC_REPRESENTATION_ITEM() 
RATIONAL_B_SPLINE_CURVE((1.,0.5,1.,0.5,1.,0.5,1.)) REPRESENTATION_ITEM(
  '') );
#12325 = CARTESIAN_POINT('',(-8.5725,-2.4765));
#12326 = CARTESIAN_POINT('',(-8.5725,-3.026426131403));
#12327 = CARTESIAN_POINT('',(-9.04875,-2.751463065702));
#12328 = CARTESIAN_POINT('',(-9.525,-2.4765));
#12329 = CARTESIAN_POINT('',(-9.04875,-2.201536934298));
#12330 = CARTESIAN_POINT('',(-8.5725,-1.926573868597));
#12331 = CARTESIAN_POINT('',(-8.5725,-2.4765));
#12332 = ( GEOMETRIC_REPRESENTATION_CONTEXT(2) 
PARAMETRIC_REPRESENTATION_CONTEXT() REPRESENTATION_CONTEXT('2D SPACE',''
  ) );
#12333 = PCURVE('',#5018,#12334);
#12334 = DEFINITIONAL_REPRESENTATION('',(#12335),#12339);
#12335 = LINE('',#12336,#12337);
#12336 = CARTESIAN_POINT('',(6.28318530718,-0.24));
#12337 = VECTOR('',#12338,1.);
#12338 = DIRECTION('',(-1.,0.));
#12339 = ( GEOMETRIC_REPRESENTATION_CONTEXT(2) 
PARAMETRIC_REPRESENTATION_CONTEXT() REPRESENTATION_CONTEXT('2D SPACE',''
  ) );
#12340 = ORIENTED_EDGE('',*,*,#12341,.F.);
#12341 = EDGE_CURVE('',#12342,#12314,#12344,.T.);
#12342 = VERTEX_POINT('',#12343);
#12343 = CARTESIAN_POINT('',(3.518658685586,-0.239999985099,
    2.778600044587));
#12344 = SURFACE_CURVE('',#12345,(#12349,#12356),.PCURVE_S1.);
#12345 = LINE('',#12346,#12347);
#12346 = CARTESIAN_POINT('',(1.931158685586,-0.239999985099,
    2.778600044587));
#12347 = VECTOR('',#12348,1.);
#12348 = DIRECTION('',(1.,-6.310887243769E-30,-2.22044604925E-16));
#12349 = PCURVE('',#12246,#12350);
#12350 = DEFINITIONAL_REPRESENTATION('',(#12351),#12355);
#12351 = LINE('',#12352,#12353);
#12352 = CARTESIAN_POINT('',(-8.89,-0.127));
#12353 = VECTOR('',#12354,1.);
#12354 = DIRECTION('',(-2.465190328816E-32,-1.));
#12355 = ( GEOMETRIC_REPRESENTATION_CONTEXT(2) 
PARAMETRIC_REPRESENTATION_CONTEXT() REPRESENTATION_CONTEXT('2D SPACE',''
  ) );
#12356 = PCURVE('',#556,#12357);
#12357 = DEFINITIONAL_REPRESENTATION('',(#12358),#12362);
#12358 = LINE('',#12359,#12360);
#12359 = CARTESIAN_POINT('',(8.6995,-0.24));
#12360 = VECTOR('',#12361,1.);
#12361 = DIRECTION('',(1.,-6.310887243769E-30));
#12362 = ( GEOMETRIC_REPRESENTATION_CONTEXT(2) 
PARAMETRIC_REPRESENTATION_CONTEXT() REPRESENTATION_CONTEXT('2D SPACE',''
  ) );
#12363 = ORIENTED_EDGE('',*,*,#12364,.F.);
#12364 = EDGE_CURVE('',#12365,#12342,#12367,.T.);
#12365 = VERTEX_POINT('',#12366);
#12366 = CARTESIAN_POINT('',(3.518658685586,-0.239999985099,
    1.445100044587));
#12367 = SURFACE_CURVE('',#12368,(#12372,#12379),.PCURVE_S1.);
#12368 = LINE('',#12369,#12370);
#12369 = CARTESIAN_POINT('',(3.518658685586,-0.239999985099,
    1.445100044587));
#12370 = VECTOR('',#12371,1.);
#12371 = DIRECTION('',(2.22044604925E-16,9.011389889435E-24,1.));
#12372 = PCURVE('',#12246,#12373);
#12373 = DEFINITIONAL_REPRESENTATION('',(#12374),#12378);
#12374 = LINE('',#12375,#12376);
#12375 = CARTESIAN_POINT('',(-7.5565,-1.7145));
#12376 = VECTOR('',#12377,1.);
#12377 = DIRECTION('',(-1.,2.465190328816E-32));
#12378 = ( GEOMETRIC_REPRESENTATION_CONTEXT(2) 
PARAMETRIC_REPRESENTATION_CONTEXT() REPRESENTATION_CONTEXT('2D SPACE',''
  ) );
#12379 = PCURVE('',#528,#12380);
#12380 = DEFINITIONAL_REPRESENTATION('',(#12381),#12385);
#12381 = LINE('',#12382,#12383);
#12382 = CARTESIAN_POINT('',(9.011389889435E-26,1.E-02));
#12383 = VECTOR('',#12384,1.);
#12384 = DIRECTION('',(1.,0.));
#12385 = ( GEOMETRIC_REPRESENTATION_CONTEXT(2) 
PARAMETRIC_REPRESENTATION_CONTEXT() REPRESENTATION_CONTEXT('2D SPACE',''
  ) );
#12386 = ORIENTED_EDGE('',*,*,#12387,.F.);
#12387 = EDGE_CURVE('',#12268,#12365,#12388,.T.);
#12388 = SURFACE_CURVE('',#12389,(#12394,#12401),.PCURVE_S1.);
#12389 = CIRCLE('',#12390,0.764886363636);
#12390 = AXIS2_PLACEMENT_3D('',#12391,#12392,#12393);
#12391 = CARTESIAN_POINT('',(4.280658685586,-0.239999985099,
    1.511486408224));
#12392 = DIRECTION('',(6.310887241768E-30,1.,-9.011389889435E-24));
#12393 = DIRECTION('',(-2.22044604925E-16,-9.011389889435E-24,-1.));
#12394 = PCURVE('',#12246,#12395);
#12395 = DEFINITIONAL_REPRESENTATION('',(#12396),#12400);
#12396 = CIRCLE('',#12397,0.764886363636);
#12397 = AXIS2_PLACEMENT_2D('',#12398,#12399);
#12398 = CARTESIAN_POINT('',(-7.622886363636,-2.4765));
#12399 = DIRECTION('',(1.,0.));
#12400 = ( GEOMETRIC_REPRESENTATION_CONTEXT(2) 
PARAMETRIC_REPRESENTATION_CONTEXT() REPRESENTATION_CONTEXT('2D SPACE',''
  ) );
#12401 = PCURVE('',#500,#12402);
#12402 = DEFINITIONAL_REPRESENTATION('',(#12403),#12407);
#12403 = LINE('',#12404,#12405);
#12404 = CARTESIAN_POINT('',(-6.28318530718,1.E-02));
#12405 = VECTOR('',#12406,1.);
#12406 = DIRECTION('',(1.,0.));
#12407 = ( GEOMETRIC_REPRESENTATION_CONTEXT(2) 
PARAMETRIC_REPRESENTATION_CONTEXT() REPRESENTATION_CONTEXT('2D SPACE',''
  ) );
#12408 = FACE_BOUND('',#12409,.T.);
#12409 = EDGE_LOOP('',(#12410));
#12410 = ORIENTED_EDGE('',*,*,#12231,.F.);
#12411 = ADVANCED_FACE('',(#12412),#6369,.F.);
#12412 = FACE_BOUND('',#12413,.F.);
#12413 = EDGE_LOOP('',(#12414,#12437,#12438,#12439));
#12414 = ORIENTED_EDGE('',*,*,#12415,.T.);
#12415 = EDGE_CURVE('',#12416,#6349,#12418,.T.);
#12416 = VERTEX_POINT('',#12417);
#12417 = CARTESIAN_POINT('',(2.115658685586,-0.239999985099,
    1.508600044588));
#12418 = SEAM_CURVE('',#12419,(#12423,#12430),.PCURVE_S1.);
#12419 = LINE('',#12420,#12421);
#12420 = CARTESIAN_POINT('',(2.115658685586,1.490116113834E-08,
    1.508600044588));
#12421 = VECTOR('',#12422,1.);
#12422 = DIRECTION('',(0.,1.,0.));
#12423 = PCURVE('',#6369,#12424);
#12424 = DEFINITIONAL_REPRESENTATION('',(#12425),#12429);
#12425 = LINE('',#12426,#12427);
#12426 = CARTESIAN_POINT('',(3.14159265359,0.));
#12427 = VECTOR('',#12428,1.);
#12428 = DIRECTION('',(0.,1.));
#12429 = ( GEOMETRIC_REPRESENTATION_CONTEXT(2) 
PARAMETRIC_REPRESENTATION_CONTEXT() REPRESENTATION_CONTEXT('2D SPACE',''
  ) );
#12430 = PCURVE('',#6369,#12431);
#12431 = DEFINITIONAL_REPRESENTATION('',(#12432),#12436);
#12432 = LINE('',#12433,#12434);
#12433 = CARTESIAN_POINT('',(-3.14159265359,0.));
#12434 = VECTOR('',#12435,1.);
#12435 = DIRECTION('',(0.,1.));
#12436 = ( GEOMETRIC_REPRESENTATION_CONTEXT(2) 
PARAMETRIC_REPRESENTATION_CONTEXT() REPRESENTATION_CONTEXT('2D SPACE',''
  ) );
#12437 = ORIENTED_EDGE('',*,*,#6348,.F.);
#12438 = ORIENTED_EDGE('',*,*,#12415,.F.);
#12439 = ORIENTED_EDGE('',*,*,#12440,.F.);
#12440 = EDGE_CURVE('',#12416,#12416,#12441,.T.);
#12441 = SURFACE_CURVE('',#12442,(#12447,#12454),.PCURVE_S1.);
#12442 = CIRCLE('',#12443,0.375);
#12443 = AXIS2_PLACEMENT_3D('',#12444,#12445,#12446);
#12444 = CARTESIAN_POINT('',(1.740658685586,-0.239999985099,
    1.508600044588));
#12445 = DIRECTION('',(-6.310887241768E-30,-1.,9.011389889435E-24));
#12446 = DIRECTION('',(-1.,6.310887243769E-30,2.22044604925E-16));
#12447 = PCURVE('',#6369,#12448);
#12448 = DEFINITIONAL_REPRESENTATION('',(#12449),#12453);
#12449 = LINE('',#12450,#12451);
#12450 = CARTESIAN_POINT('',(6.28318530718,-0.24));
#12451 = VECTOR('',#12452,1.);
#12452 = DIRECTION('',(-1.,0.));
#12453 = ( GEOMETRIC_REPRESENTATION_CONTEXT(2) 
PARAMETRIC_REPRESENTATION_CONTEXT() REPRESENTATION_CONTEXT('2D SPACE',''
  ) );
#12454 = PCURVE('',#12455,#12460);
#12455 = PLANE('',#12456);
#12456 = AXIS2_PLACEMENT_3D('',#12457,#12458,#12459);
#12457 = CARTESIAN_POINT('',(1.804158685586,-0.239999985099,
    -6.111399955412));
#12458 = DIRECTION('',(6.310887241768E-30,1.,-9.011389889435E-24));
#12459 = DIRECTION('',(-2.22044604925E-16,-9.011389889435E-24,-1.));
#12460 = DEFINITIONAL_REPRESENTATION('',(#12461),#12469);
#12461 = ( BOUNDED_CURVE() B_SPLINE_CURVE(2,(#12462,#12463,#12464,#12465
    ,#12466,#12467,#12468),.UNSPECIFIED.,.T.,.F.) 
B_SPLINE_CURVE_WITH_KNOTS((1,2,2,2,2,1),(-2.094395102393,0.,
    2.094395102393,4.188790204786,6.28318530718,8.377580409573),
.UNSPECIFIED.) CURVE() GEOMETRIC_REPRESENTATION_ITEM() 
RATIONAL_B_SPLINE_CURVE((1.,0.5,1.,0.5,1.,0.5,1.)) REPRESENTATION_ITEM(
  '') );
#12462 = CARTESIAN_POINT('',(-7.62,0.4385));
#12463 = CARTESIAN_POINT('',(-6.970480947162,0.4385));
#12464 = CARTESIAN_POINT('',(-7.295240473581,-0.124));
#12465 = CARTESIAN_POINT('',(-7.62,-0.6865));
#12466 = CARTESIAN_POINT('',(-7.944759526419,-0.124));
#12467 = CARTESIAN_POINT('',(-8.269519052838,0.4385));
#12468 = CARTESIAN_POINT('',(-7.62,0.4385));
#12469 = ( GEOMETRIC_REPRESENTATION_CONTEXT(2) 
PARAMETRIC_REPRESENTATION_CONTEXT() REPRESENTATION_CONTEXT('2D SPACE',''
  ) );
#12470 = ADVANCED_FACE('',(#12471,#12617),#12455,.F.);
#12471 = FACE_BOUND('',#12472,.T.);
#12472 = EDGE_LOOP('',(#12473,#12498,#12521,#12549,#12572,#12595));
#12473 = ORIENTED_EDGE('',*,*,#12474,.F.);
#12474 = EDGE_CURVE('',#12475,#12477,#12479,.T.);
#12475 = VERTEX_POINT('',#12476);
#12476 = CARTESIAN_POINT('',(2.502658685586,-0.239999985099,
    2.778600044587));
#12477 = VERTEX_POINT('',#12478);
#12478 = CARTESIAN_POINT('',(2.502658685586,-0.239999985099,
    1.445100044587));
#12479 = SURFACE_CURVE('',#12480,(#12484,#12491),.PCURVE_S1.);
#12480 = LINE('',#12481,#12482);
#12481 = CARTESIAN_POINT('',(2.502658685586,-0.239999985099,
    2.778600044587));
#12482 = VECTOR('',#12483,1.);
#12483 = DIRECTION('',(-2.480622048647E-16,-9.011389889435E-24,-1.));
#12484 = PCURVE('',#12455,#12485);
#12485 = DEFINITIONAL_REPRESENTATION('',(#12486),#12490);
#12486 = LINE('',#12487,#12488);
#12487 = CARTESIAN_POINT('',(-8.89,-0.6985));
#12488 = VECTOR('',#12489,1.);
#12489 = DIRECTION('',(1.,2.601759993966E-17));
#12490 = ( GEOMETRIC_REPRESENTATION_CONTEXT(2) 
PARAMETRIC_REPRESENTATION_CONTEXT() REPRESENTATION_CONTEXT('2D SPACE',''
  ) );
#12491 = PCURVE('',#584,#12492);
#12492 = DEFINITIONAL_REPRESENTATION('',(#12493),#12497);
#12493 = LINE('',#12494,#12495);
#12494 = CARTESIAN_POINT('',(-9.011389889435E-26,1.E-02));
#12495 = VECTOR('',#12496,1.);
#12496 = DIRECTION('',(1.,0.));
#12497 = ( GEOMETRIC_REPRESENTATION_CONTEXT(2) 
PARAMETRIC_REPRESENTATION_CONTEXT() REPRESENTATION_CONTEXT('2D SPACE',''
  ) );
#12498 = ORIENTED_EDGE('',*,*,#12499,.F.);
#12499 = EDGE_CURVE('',#12500,#12475,#12502,.T.);
#12500 = VERTEX_POINT('',#12501);
#12501 = CARTESIAN_POINT('',(2.058158685586,-0.239999985099,
    2.778600044587));
#12502 = SURFACE_CURVE('',#12503,(#12507,#12514),.PCURVE_S1.);
#12503 = LINE('',#12504,#12505);
#12504 = CARTESIAN_POINT('',(1.931158685586,-0.239999985099,
    2.778600044587));
#12505 = VECTOR('',#12506,1.);
#12506 = DIRECTION('',(1.,-6.310887243769E-30,-2.22044604925E-16));
#12507 = PCURVE('',#12455,#12508);
#12508 = DEFINITIONAL_REPRESENTATION('',(#12509),#12513);
#12509 = LINE('',#12510,#12511);
#12510 = CARTESIAN_POINT('',(-8.89,-0.127));
#12511 = VECTOR('',#12512,1.);
#12512 = DIRECTION('',(-2.465190328816E-32,-1.));
#12513 = ( GEOMETRIC_REPRESENTATION_CONTEXT(2) 
PARAMETRIC_REPRESENTATION_CONTEXT() REPRESENTATION_CONTEXT('2D SPACE',''
  ) );
#12514 = PCURVE('',#556,#12515);
#12515 = DEFINITIONAL_REPRESENTATION('',(#12516),#12520);
#12516 = LINE('',#12517,#12518);
#12517 = CARTESIAN_POINT('',(8.6995,-0.24));
#12518 = VECTOR('',#12519,1.);
#12519 = DIRECTION('',(1.,-6.310887243769E-30));
#12520 = ( GEOMETRIC_REPRESENTATION_CONTEXT(2) 
PARAMETRIC_REPRESENTATION_CONTEXT() REPRESENTATION_CONTEXT('2D SPACE',''
  ) );
#12521 = ORIENTED_EDGE('',*,*,#12522,.F.);
#12522 = EDGE_CURVE('',#12523,#12500,#12525,.T.);
#12523 = VERTEX_POINT('',#12524);
#12524 = CARTESIAN_POINT('',(1.423158685586,-0.239999985099,
    2.778600044587));
#12525 = SURFACE_CURVE('',#12526,(#12531,#12542),.PCURVE_S1.);
#12526 = CIRCLE('',#12527,0.3175);
#12527 = AXIS2_PLACEMENT_3D('',#12528,#12529,#12530);
#12528 = CARTESIAN_POINT('',(1.740658685586,-0.239999985099,
    2.778600044587));
#12529 = DIRECTION('',(-6.310887241768E-30,-1.,9.011389889435E-24));
#12530 = DIRECTION('',(-2.22044604925E-16,-9.011389889435E-24,-1.));
#12531 = PCURVE('',#12455,#12532);
#12532 = DEFINITIONAL_REPRESENTATION('',(#12533),#12541);
#12533 = ( BOUNDED_CURVE() B_SPLINE_CURVE(2,(#12534,#12535,#12536,#12537
    ,#12538,#12539,#12540),.UNSPECIFIED.,.T.,.F.) 
B_SPLINE_CURVE_WITH_KNOTS((1,2,2,2,2,1),(-2.094395102393,0.,
    2.094395102393,4.188790204786,6.28318530718,8.377580409573),
.UNSPECIFIED.) CURVE() GEOMETRIC_REPRESENTATION_ITEM() 
RATIONAL_B_SPLINE_CURVE((1.,0.5,1.,0.5,1.,0.5,1.)) REPRESENTATION_ITEM(
  '') );
#12534 = CARTESIAN_POINT('',(-8.5725,6.35E-02));
#12535 = CARTESIAN_POINT('',(-8.5725,-0.486426131403));
#12536 = CARTESIAN_POINT('',(-9.04875,-0.211463065702));
#12537 = CARTESIAN_POINT('',(-9.525,6.35E-02));
#12538 = CARTESIAN_POINT('',(-9.04875,0.338463065702));
#12539 = CARTESIAN_POINT('',(-8.5725,0.613426131403));
#12540 = CARTESIAN_POINT('',(-8.5725,6.35E-02));
#12541 = ( GEOMETRIC_REPRESENTATION_CONTEXT(2) 
PARAMETRIC_REPRESENTATION_CONTEXT() REPRESENTATION_CONTEXT('2D SPACE',''
  ) );
#12542 = PCURVE('',#5074,#12543);
#12543 = DEFINITIONAL_REPRESENTATION('',(#12544),#12548);
#12544 = LINE('',#12545,#12546);
#12545 = CARTESIAN_POINT('',(6.28318530718,-0.24));
#12546 = VECTOR('',#12547,1.);
#12547 = DIRECTION('',(-1.,0.));
#12548 = ( GEOMETRIC_REPRESENTATION_CONTEXT(2) 
PARAMETRIC_REPRESENTATION_CONTEXT() REPRESENTATION_CONTEXT('2D SPACE',''
  ) );
#12549 = ORIENTED_EDGE('',*,*,#12550,.F.);
#12550 = EDGE_CURVE('',#12551,#12523,#12553,.T.);
#12551 = VERTEX_POINT('',#12552);
#12552 = CARTESIAN_POINT('',(0.978658685586,-0.239999985099,
    2.778600044587));
#12553 = SURFACE_CURVE('',#12554,(#12558,#12565),.PCURVE_S1.);
#12554 = LINE('',#12555,#12556);
#12555 = CARTESIAN_POINT('',(0.661158685586,-0.239999985099,
    2.778600044587));
#12556 = VECTOR('',#12557,1.);
#12557 = DIRECTION('',(1.,-6.310887243769E-30,-2.22044604925E-16));
#12558 = PCURVE('',#12455,#12559);
#12559 = DEFINITIONAL_REPRESENTATION('',(#12560),#12564);
#12560 = LINE('',#12561,#12562);
#12561 = CARTESIAN_POINT('',(-8.89,1.143));
#12562 = VECTOR('',#12563,1.);
#12563 = DIRECTION('',(-2.465190328816E-32,-1.));
#12564 = ( GEOMETRIC_REPRESENTATION_CONTEXT(2) 
PARAMETRIC_REPRESENTATION_CONTEXT() REPRESENTATION_CONTEXT('2D SPACE',''
  ) );
#12565 = PCURVE('',#669,#12566);
#12566 = DEFINITIONAL_REPRESENTATION('',(#12567),#12571);
#12567 = LINE('',#12568,#12569);
#12568 = CARTESIAN_POINT('',(7.4295,-0.24));
#12569 = VECTOR('',#12570,1.);
#12570 = DIRECTION('',(1.,-6.310887243769E-30));
#12571 = ( GEOMETRIC_REPRESENTATION_CONTEXT(2) 
PARAMETRIC_REPRESENTATION_CONTEXT() REPRESENTATION_CONTEXT('2D SPACE',''
  ) );
#12572 = ORIENTED_EDGE('',*,*,#12573,.F.);
#12573 = EDGE_CURVE('',#12574,#12551,#12576,.T.);
#12574 = VERTEX_POINT('',#12575);
#12575 = CARTESIAN_POINT('',(0.978658685586,-0.239999985099,
    1.445100044587));
#12576 = SURFACE_CURVE('',#12577,(#12581,#12588),.PCURVE_S1.);
#12577 = LINE('',#12578,#12579);
#12578 = CARTESIAN_POINT('',(0.978658685586,-0.239999985099,
    1.445100044587));
#12579 = VECTOR('',#12580,1.);
#12580 = DIRECTION('',(2.22044604925E-16,9.011389889435E-24,1.));
#12581 = PCURVE('',#12455,#12582);
#12582 = DEFINITIONAL_REPRESENTATION('',(#12583),#12587);
#12583 = LINE('',#12584,#12585);
#12584 = CARTESIAN_POINT('',(-7.5565,0.8255));
#12585 = VECTOR('',#12586,1.);
#12586 = DIRECTION('',(-1.,2.465190328816E-32));
#12587 = ( GEOMETRIC_REPRESENTATION_CONTEXT(2) 
PARAMETRIC_REPRESENTATION_CONTEXT() REPRESENTATION_CONTEXT('2D SPACE',''
  ) );
#12588 = PCURVE('',#641,#12589);
#12589 = DEFINITIONAL_REPRESENTATION('',(#12590),#12594);
#12590 = LINE('',#12591,#12592);
#12591 = CARTESIAN_POINT('',(9.011389889435E-26,1.E-02));
#12592 = VECTOR('',#12593,1.);
#12593 = DIRECTION('',(1.,0.));
#12594 = ( GEOMETRIC_REPRESENTATION_CONTEXT(2) 
PARAMETRIC_REPRESENTATION_CONTEXT() REPRESENTATION_CONTEXT('2D SPACE',''
  ) );
#12595 = ORIENTED_EDGE('',*,*,#12596,.F.);
#12596 = EDGE_CURVE('',#12477,#12574,#12597,.T.);
#12597 = SURFACE_CURVE('',#12598,(#12603,#12610),.PCURVE_S1.);
#12598 = CIRCLE('',#12599,0.764886363636);
#12599 = AXIS2_PLACEMENT_3D('',#12600,#12601,#12602);
#12600 = CARTESIAN_POINT('',(1.740658685586,-0.239999985099,
    1.511486408224));
#12601 = DIRECTION('',(6.310887241768E-30,1.,-9.011389889435E-24));
#12602 = DIRECTION('',(-2.22044604925E-16,-9.011389889435E-24,-1.));
#12603 = PCURVE('',#12455,#12604);
#12604 = DEFINITIONAL_REPRESENTATION('',(#12605),#12609);
#12605 = CIRCLE('',#12606,0.764886363636);
#12606 = AXIS2_PLACEMENT_2D('',#12607,#12608);
#12607 = CARTESIAN_POINT('',(-7.622886363636,6.35E-02));
#12608 = DIRECTION('',(1.,0.));
#12609 = ( GEOMETRIC_REPRESENTATION_CONTEXT(2) 
PARAMETRIC_REPRESENTATION_CONTEXT() REPRESENTATION_CONTEXT('2D SPACE',''
  ) );
#12610 = PCURVE('',#613,#12611);
#12611 = DEFINITIONAL_REPRESENTATION('',(#12612),#12616);
#12612 = LINE('',#12613,#12614);
#12613 = CARTESIAN_POINT('',(0.,1.E-02));
#12614 = VECTOR('',#12615,1.);
#12615 = DIRECTION('',(1.,0.));
#12616 = ( GEOMETRIC_REPRESENTATION_CONTEXT(2) 
PARAMETRIC_REPRESENTATION_CONTEXT() REPRESENTATION_CONTEXT('2D SPACE',''
  ) );
#12617 = FACE_BOUND('',#12618,.T.);
#12618 = EDGE_LOOP('',(#12619));
#12619 = ORIENTED_EDGE('',*,*,#12440,.F.);
#12620 = ADVANCED_FACE('',(#12621),#6334,.F.);
#12621 = FACE_BOUND('',#12622,.F.);
#12622 = EDGE_LOOP('',(#12623,#12646,#12647,#12648));
#12623 = ORIENTED_EDGE('',*,*,#12624,.T.);
#12624 = EDGE_CURVE('',#12625,#6314,#12627,.T.);
#12625 = VERTEX_POINT('',#12626);
#12626 = CARTESIAN_POINT('',(-0.424341314414,-0.239999985099,
    1.508600044588));
#12627 = SEAM_CURVE('',#12628,(#12632,#12639),.PCURVE_S1.);
#12628 = LINE('',#12629,#12630);
#12629 = CARTESIAN_POINT('',(-0.424341314414,1.490116113834E-08,
    1.508600044588));
#12630 = VECTOR('',#12631,1.);
#12631 = DIRECTION('',(0.,1.,0.));
#12632 = PCURVE('',#6334,#12633);
#12633 = DEFINITIONAL_REPRESENTATION('',(#12634),#12638);
#12634 = LINE('',#12635,#12636);
#12635 = CARTESIAN_POINT('',(3.14159265359,0.));
#12636 = VECTOR('',#12637,1.);
#12637 = DIRECTION('',(0.,1.));
#12638 = ( GEOMETRIC_REPRESENTATION_CONTEXT(2) 
PARAMETRIC_REPRESENTATION_CONTEXT() REPRESENTATION_CONTEXT('2D SPACE',''
  ) );
#12639 = PCURVE('',#6334,#12640);
#12640 = DEFINITIONAL_REPRESENTATION('',(#12641),#12645);
#12641 = LINE('',#12642,#12643);
#12642 = CARTESIAN_POINT('',(-3.14159265359,0.));
#12643 = VECTOR('',#12644,1.);
#12644 = DIRECTION('',(0.,1.));
#12645 = ( GEOMETRIC_REPRESENTATION_CONTEXT(2) 
PARAMETRIC_REPRESENTATION_CONTEXT() REPRESENTATION_CONTEXT('2D SPACE',''
  ) );
#12646 = ORIENTED_EDGE('',*,*,#6313,.F.);
#12647 = ORIENTED_EDGE('',*,*,#12624,.F.);
#12648 = ORIENTED_EDGE('',*,*,#12649,.F.);
#12649 = EDGE_CURVE('',#12625,#12625,#12650,.T.);
#12650 = SURFACE_CURVE('',#12651,(#12656,#12663),.PCURVE_S1.);
#12651 = CIRCLE('',#12652,0.375);
#12652 = AXIS2_PLACEMENT_3D('',#12653,#12654,#12655);
#12653 = CARTESIAN_POINT('',(-0.799341314414,-0.239999985099,
    1.508600044588));
#12654 = DIRECTION('',(-6.310887241768E-30,-1.,9.011389889435E-24));
#12655 = DIRECTION('',(-1.,6.310887243769E-30,2.22044604925E-16));
#12656 = PCURVE('',#6334,#12657);
#12657 = DEFINITIONAL_REPRESENTATION('',(#12658),#12662);
#12658 = LINE('',#12659,#12660);
#12659 = CARTESIAN_POINT('',(6.28318530718,-0.24));
#12660 = VECTOR('',#12661,1.);
#12661 = DIRECTION('',(-1.,0.));
#12662 = ( GEOMETRIC_REPRESENTATION_CONTEXT(2) 
PARAMETRIC_REPRESENTATION_CONTEXT() REPRESENTATION_CONTEXT('2D SPACE',''
  ) );
#12663 = PCURVE('',#12664,#12669);
#12664 = PLANE('',#12665);
#12665 = AXIS2_PLACEMENT_3D('',#12666,#12667,#12668);
#12666 = CARTESIAN_POINT('',(1.804158685586,-0.239999985099,
    -6.111399955412));
#12667 = DIRECTION('',(6.310887241768E-30,1.,-9.011389889435E-24));
#12668 = DIRECTION('',(-2.22044604925E-16,-9.011389889435E-24,-1.));
#12669 = DEFINITIONAL_REPRESENTATION('',(#12670),#12678);
#12670 = ( BOUNDED_CURVE() B_SPLINE_CURVE(2,(#12671,#12672,#12673,#12674
    ,#12675,#12676,#12677),.UNSPECIFIED.,.T.,.F.) 
B_SPLINE_CURVE_WITH_KNOTS((1,2,2,2,2,1),(-2.094395102393,0.,
    2.094395102393,4.188790204786,6.28318530718,8.377580409573),
.UNSPECIFIED.) CURVE() GEOMETRIC_REPRESENTATION_ITEM() 
RATIONAL_B_SPLINE_CURVE((1.,0.5,1.,0.5,1.,0.5,1.)) REPRESENTATION_ITEM(
  '') );
#12671 = CARTESIAN_POINT('',(-7.62,2.9785));
#12672 = CARTESIAN_POINT('',(-6.970480947162,2.9785));
#12673 = CARTESIAN_POINT('',(-7.295240473581,2.416));
#12674 = CARTESIAN_POINT('',(-7.62,1.8535));
#12675 = CARTESIAN_POINT('',(-7.944759526419,2.416));
#12676 = CARTESIAN_POINT('',(-8.269519052838,2.9785));
#12677 = CARTESIAN_POINT('',(-7.62,2.9785));
#12678 = ( GEOMETRIC_REPRESENTATION_CONTEXT(2) 
PARAMETRIC_REPRESENTATION_CONTEXT() REPRESENTATION_CONTEXT('2D SPACE',''
  ) );
#12679 = ADVANCED_FACE('',(#12680,#12826),#12664,.F.);
#12680 = FACE_BOUND('',#12681,.T.);
#12681 = EDGE_LOOP('',(#12682,#12712,#12735,#12758,#12782,#12805));
#12682 = ORIENTED_EDGE('',*,*,#12683,.F.);
#12683 = EDGE_CURVE('',#12684,#12686,#12688,.T.);
#12684 = VERTEX_POINT('',#12685);
#12685 = CARTESIAN_POINT('',(-1.116841314414,-0.239999985099,
    2.778600044587));
#12686 = VERTEX_POINT('',#12687);
#12687 = CARTESIAN_POINT('',(-0.481841314414,-0.239999985099,
    2.778600044587));
#12688 = SURFACE_CURVE('',#12689,(#12694,#12705),.PCURVE_S1.);
#12689 = CIRCLE('',#12690,0.3175);
#12690 = AXIS2_PLACEMENT_3D('',#12691,#12692,#12693);
#12691 = CARTESIAN_POINT('',(-0.799341314414,-0.239999985099,
    2.778600044587));
#12692 = DIRECTION('',(-6.310887241768E-30,-1.,9.011389889435E-24));
#12693 = DIRECTION('',(-2.22044604925E-16,-9.011389889435E-24,-1.));
#12694 = PCURVE('',#12664,#12695);
#12695 = DEFINITIONAL_REPRESENTATION('',(#12696),#12704);
#12696 = ( BOUNDED_CURVE() B_SPLINE_CURVE(2,(#12697,#12698,#12699,#12700
    ,#12701,#12702,#12703),.UNSPECIFIED.,.T.,.F.) 
B_SPLINE_CURVE_WITH_KNOTS((1,2,2,2,2,1),(-2.094395102393,0.,
    2.094395102393,4.188790204786,6.28318530718,8.377580409573),
.UNSPECIFIED.) CURVE() GEOMETRIC_REPRESENTATION_ITEM() 
RATIONAL_B_SPLINE_CURVE((1.,0.5,1.,0.5,1.,0.5,1.)) REPRESENTATION_ITEM(
  '') );
#12697 = CARTESIAN_POINT('',(-8.5725,2.6035));
#12698 = CARTESIAN_POINT('',(-8.5725,2.053573868597));
#12699 = CARTESIAN_POINT('',(-9.04875,2.328536934298));
#12700 = CARTESIAN_POINT('',(-9.525,2.6035));
#12701 = CARTESIAN_POINT('',(-9.04875,2.878463065702));
#12702 = CARTESIAN_POINT('',(-8.5725,3.153426131403));
#12703 = CARTESIAN_POINT('',(-8.5725,2.6035));
#12704 = ( GEOMETRIC_REPRESENTATION_CONTEXT(2) 
PARAMETRIC_REPRESENTATION_CONTEXT() REPRESENTATION_CONTEXT('2D SPACE',''
  ) );
#12705 = PCURVE('',#5130,#12706);
#12706 = DEFINITIONAL_REPRESENTATION('',(#12707),#12711);
#12707 = LINE('',#12708,#12709);
#12708 = CARTESIAN_POINT('',(12.566370614359,-0.24));
#12709 = VECTOR('',#12710,1.);
#12710 = DIRECTION('',(-1.,0.));
#12711 = ( GEOMETRIC_REPRESENTATION_CONTEXT(2) 
PARAMETRIC_REPRESENTATION_CONTEXT() REPRESENTATION_CONTEXT('2D SPACE',''
  ) );
#12712 = ORIENTED_EDGE('',*,*,#12713,.F.);
#12713 = EDGE_CURVE('',#12714,#12684,#12716,.T.);
#12714 = VERTEX_POINT('',#12715);
#12715 = CARTESIAN_POINT('',(-1.561341314414,-0.239999985099,
    2.778600044587));
#12716 = SURFACE_CURVE('',#12717,(#12721,#12728),.PCURVE_S1.);
#12717 = LINE('',#12718,#12719);
#12718 = CARTESIAN_POINT('',(-0.608841314414,-0.239999985099,
    2.778600044587));
#12719 = VECTOR('',#12720,1.);
#12720 = DIRECTION('',(1.,-6.310887243769E-30,-2.22044604925E-16));
#12721 = PCURVE('',#12664,#12722);
#12722 = DEFINITIONAL_REPRESENTATION('',(#12723),#12727);
#12723 = LINE('',#12724,#12725);
#12724 = CARTESIAN_POINT('',(-8.89,2.413));
#12725 = VECTOR('',#12726,1.);
#12726 = DIRECTION('',(-2.465190328816E-32,-1.));
#12727 = ( GEOMETRIC_REPRESENTATION_CONTEXT(2) 
PARAMETRIC_REPRESENTATION_CONTEXT() REPRESENTATION_CONTEXT('2D SPACE',''
  ) );
#12728 = PCURVE('',#782,#12729);
#12729 = DEFINITIONAL_REPRESENTATION('',(#12730),#12734);
#12730 = LINE('',#12731,#12732);
#12731 = CARTESIAN_POINT('',(6.1595,-0.24));
#12732 = VECTOR('',#12733,1.);
#12733 = DIRECTION('',(1.,-6.310887243769E-30));
#12734 = ( GEOMETRIC_REPRESENTATION_CONTEXT(2) 
PARAMETRIC_REPRESENTATION_CONTEXT() REPRESENTATION_CONTEXT('2D SPACE',''
  ) );
#12735 = ORIENTED_EDGE('',*,*,#12736,.F.);
#12736 = EDGE_CURVE('',#12737,#12714,#12739,.T.);
#12737 = VERTEX_POINT('',#12738);
#12738 = CARTESIAN_POINT('',(-1.561341314414,-0.239999985099,
    1.445100044587));
#12739 = SURFACE_CURVE('',#12740,(#12744,#12751),.PCURVE_S1.);
#12740 = LINE('',#12741,#12742);
#12741 = CARTESIAN_POINT('',(-1.561341314414,-0.239999985099,
    1.445100044587));
#12742 = VECTOR('',#12743,1.);
#12743 = DIRECTION('',(2.22044604925E-16,9.011389889435E-24,1.));
#12744 = PCURVE('',#12664,#12745);
#12745 = DEFINITIONAL_REPRESENTATION('',(#12746),#12750);
#12746 = LINE('',#12747,#12748);
#12747 = CARTESIAN_POINT('',(-7.5565,3.3655));
#12748 = VECTOR('',#12749,1.);
#12749 = DIRECTION('',(-1.,2.465190328816E-32));
#12750 = ( GEOMETRIC_REPRESENTATION_CONTEXT(2) 
PARAMETRIC_REPRESENTATION_CONTEXT() REPRESENTATION_CONTEXT('2D SPACE',''
  ) );
#12751 = PCURVE('',#754,#12752);
#12752 = DEFINITIONAL_REPRESENTATION('',(#12753),#12757);
#12753 = LINE('',#12754,#12755);
#12754 = CARTESIAN_POINT('',(9.011389889435E-26,1.E-02));
#12755 = VECTOR('',#12756,1.);
#12756 = DIRECTION('',(1.,0.));
#12757 = ( GEOMETRIC_REPRESENTATION_CONTEXT(2) 
PARAMETRIC_REPRESENTATION_CONTEXT() REPRESENTATION_CONTEXT('2D SPACE',''
  ) );
#12758 = ORIENTED_EDGE('',*,*,#12759,.F.);
#12759 = EDGE_CURVE('',#12760,#12737,#12762,.T.);
#12760 = VERTEX_POINT('',#12761);
#12761 = CARTESIAN_POINT('',(-3.734131441357E-02,-0.239999985099,
    1.445100044587));
#12762 = SURFACE_CURVE('',#12763,(#12768,#12775),.PCURVE_S1.);
#12763 = CIRCLE('',#12764,0.764886363636);
#12764 = AXIS2_PLACEMENT_3D('',#12765,#12766,#12767);
#12765 = CARTESIAN_POINT('',(-0.799341314414,-0.239999985099,
    1.511486408224));
#12766 = DIRECTION('',(6.310887241768E-30,1.,-9.011389889435E-24));
#12767 = DIRECTION('',(-2.22044604925E-16,-9.011389889435E-24,-1.));
#12768 = PCURVE('',#12664,#12769);
#12769 = DEFINITIONAL_REPRESENTATION('',(#12770),#12774);
#12770 = CIRCLE('',#12771,0.764886363636);
#12771 = AXIS2_PLACEMENT_2D('',#12772,#12773);
#12772 = CARTESIAN_POINT('',(-7.622886363636,2.6035));
#12773 = DIRECTION('',(1.,0.));
#12774 = ( GEOMETRIC_REPRESENTATION_CONTEXT(2) 
PARAMETRIC_REPRESENTATION_CONTEXT() REPRESENTATION_CONTEXT('2D SPACE',''
  ) );
#12775 = PCURVE('',#726,#12776);
#12776 = DEFINITIONAL_REPRESENTATION('',(#12777),#12781);
#12777 = LINE('',#12778,#12779);
#12778 = CARTESIAN_POINT('',(0.,1.E-02));
#12779 = VECTOR('',#12780,1.);
#12780 = DIRECTION('',(1.,0.));
#12781 = ( GEOMETRIC_REPRESENTATION_CONTEXT(2) 
PARAMETRIC_REPRESENTATION_CONTEXT() REPRESENTATION_CONTEXT('2D SPACE',''
  ) );
#12782 = ORIENTED_EDGE('',*,*,#12783,.F.);
#12783 = EDGE_CURVE('',#12784,#12760,#12786,.T.);
#12784 = VERTEX_POINT('',#12785);
#12785 = CARTESIAN_POINT('',(-3.734131441357E-02,-0.239999985099,
    2.778600044587));
#12786 = SURFACE_CURVE('',#12787,(#12791,#12798),.PCURVE_S1.);
#12787 = LINE('',#12788,#12789);
#12788 = CARTESIAN_POINT('',(-3.734131441357E-02,-0.239999985099,
    2.778600044587));
#12789 = VECTOR('',#12790,1.);
#12790 = DIRECTION('',(-2.22044604925E-16,-9.011389889435E-24,-1.));
#12791 = PCURVE('',#12664,#12792);
#12792 = DEFINITIONAL_REPRESENTATION('',(#12793),#12797);
#12793 = LINE('',#12794,#12795);
#12794 = CARTESIAN_POINT('',(-8.89,1.8415));
#12795 = VECTOR('',#12796,1.);
#12796 = DIRECTION('',(1.,-2.465190328816E-32));
#12797 = ( GEOMETRIC_REPRESENTATION_CONTEXT(2) 
PARAMETRIC_REPRESENTATION_CONTEXT() REPRESENTATION_CONTEXT('2D SPACE',''
  ) );
#12798 = PCURVE('',#697,#12799);
#12799 = DEFINITIONAL_REPRESENTATION('',(#12800),#12804);
#12800 = LINE('',#12801,#12802);
#12801 = CARTESIAN_POINT('',(-9.011389889435E-26,1.E-02));
#12802 = VECTOR('',#12803,1.);
#12803 = DIRECTION('',(1.,0.));
#12804 = ( GEOMETRIC_REPRESENTATION_CONTEXT(2) 
PARAMETRIC_REPRESENTATION_CONTEXT() REPRESENTATION_CONTEXT('2D SPACE',''
  ) );
#12805 = ORIENTED_EDGE('',*,*,#12806,.F.);
#12806 = EDGE_CURVE('',#12686,#12784,#12807,.T.);
#12807 = SURFACE_CURVE('',#12808,(#12812,#12819),.PCURVE_S1.);
#12808 = LINE('',#12809,#12810);
#12809 = CARTESIAN_POINT('',(0.661158685586,-0.239999985099,
    2.778600044587));
#12810 = VECTOR('',#12811,1.);
#12811 = DIRECTION('',(1.,-6.310887243769E-30,-2.22044604925E-16));
#12812 = PCURVE('',#12664,#12813);
#12813 = DEFINITIONAL_REPRESENTATION('',(#12814),#12818);
#12814 = LINE('',#12815,#12816);
#12815 = CARTESIAN_POINT('',(-8.89,1.143));
#12816 = VECTOR('',#12817,1.);
#12817 = DIRECTION('',(-2.465190328816E-32,-1.));
#12818 = ( GEOMETRIC_REPRESENTATION_CONTEXT(2) 
PARAMETRIC_REPRESENTATION_CONTEXT() REPRESENTATION_CONTEXT('2D SPACE',''
  ) );
#12819 = PCURVE('',#669,#12820);
#12820 = DEFINITIONAL_REPRESENTATION('',(#12821),#12825);
#12821 = LINE('',#12822,#12823);
#12822 = CARTESIAN_POINT('',(7.4295,-0.24));
#12823 = VECTOR('',#12824,1.);
#12824 = DIRECTION('',(1.,-6.310887243769E-30));
#12825 = ( GEOMETRIC_REPRESENTATION_CONTEXT(2) 
PARAMETRIC_REPRESENTATION_CONTEXT() REPRESENTATION_CONTEXT('2D SPACE',''
  ) );
#12826 = FACE_BOUND('',#12827,.T.);
#12827 = EDGE_LOOP('',(#12828));
#12828 = ORIENTED_EDGE('',*,*,#12649,.F.);
#12829 = ADVANCED_FACE('',(#12830),#6299,.F.);
#12830 = FACE_BOUND('',#12831,.F.);
#12831 = EDGE_LOOP('',(#12832,#12855,#12856,#12857));
#12832 = ORIENTED_EDGE('',*,*,#12833,.T.);
#12833 = EDGE_CURVE('',#12834,#6279,#12836,.T.);
#12834 = VERTEX_POINT('',#12835);
#12835 = CARTESIAN_POINT('',(-2.964341314414,-0.239999985099,
    1.508600044588));
#12836 = SEAM_CURVE('',#12837,(#12841,#12848),.PCURVE_S1.);
#12837 = LINE('',#12838,#12839);
#12838 = CARTESIAN_POINT('',(-2.964341314414,1.490116113834E-08,
    1.508600044588));
#12839 = VECTOR('',#12840,1.);
#12840 = DIRECTION('',(0.,1.,0.));
#12841 = PCURVE('',#6299,#12842);
#12842 = DEFINITIONAL_REPRESENTATION('',(#12843),#12847);
#12843 = LINE('',#12844,#12845);
#12844 = CARTESIAN_POINT('',(3.14159265359,0.));
#12845 = VECTOR('',#12846,1.);
#12846 = DIRECTION('',(0.,1.));
#12847 = ( GEOMETRIC_REPRESENTATION_CONTEXT(2) 
PARAMETRIC_REPRESENTATION_CONTEXT() REPRESENTATION_CONTEXT('2D SPACE',''
  ) );
#12848 = PCURVE('',#6299,#12849);
#12849 = DEFINITIONAL_REPRESENTATION('',(#12850),#12854);
#12850 = LINE('',#12851,#12852);
#12851 = CARTESIAN_POINT('',(-3.14159265359,0.));
#12852 = VECTOR('',#12853,1.);
#12853 = DIRECTION('',(0.,1.));
#12854 = ( GEOMETRIC_REPRESENTATION_CONTEXT(2) 
PARAMETRIC_REPRESENTATION_CONTEXT() REPRESENTATION_CONTEXT('2D SPACE',''
  ) );
#12855 = ORIENTED_EDGE('',*,*,#6278,.F.);
#12856 = ORIENTED_EDGE('',*,*,#12833,.F.);
#12857 = ORIENTED_EDGE('',*,*,#12858,.F.);
#12858 = EDGE_CURVE('',#12834,#12834,#12859,.T.);
#12859 = SURFACE_CURVE('',#12860,(#12865,#12872),.PCURVE_S1.);
#12860 = CIRCLE('',#12861,0.375);
#12861 = AXIS2_PLACEMENT_3D('',#12862,#12863,#12864);
#12862 = CARTESIAN_POINT('',(-3.339341314414,-0.239999985099,
    1.508600044588));
#12863 = DIRECTION('',(-6.310887241768E-30,-1.,9.011389889435E-24));
#12864 = DIRECTION('',(-1.,6.310887243769E-30,2.22044604925E-16));
#12865 = PCURVE('',#6299,#12866);
#12866 = DEFINITIONAL_REPRESENTATION('',(#12867),#12871);
#12867 = LINE('',#12868,#12869);
#12868 = CARTESIAN_POINT('',(6.28318530718,-0.24));
#12869 = VECTOR('',#12870,1.);
#12870 = DIRECTION('',(-1.,0.));
#12871 = ( GEOMETRIC_REPRESENTATION_CONTEXT(2) 
PARAMETRIC_REPRESENTATION_CONTEXT() REPRESENTATION_CONTEXT('2D SPACE',''
  ) );
#12872 = PCURVE('',#12873,#12878);
#12873 = PLANE('',#12874);
#12874 = AXIS2_PLACEMENT_3D('',#12875,#12876,#12877);
#12875 = CARTESIAN_POINT('',(1.804158685586,-0.239999985099,
    -6.111399955412));
#12876 = DIRECTION('',(6.310887241768E-30,1.,-9.011389889435E-24));
#12877 = DIRECTION('',(-2.22044604925E-16,-9.011389889435E-24,-1.));
#12878 = DEFINITIONAL_REPRESENTATION('',(#12879),#12887);
#12879 = ( BOUNDED_CURVE() B_SPLINE_CURVE(2,(#12880,#12881,#12882,#12883
    ,#12884,#12885,#12886),.UNSPECIFIED.,.T.,.F.) 
B_SPLINE_CURVE_WITH_KNOTS((1,2,2,2,2,1),(-2.094395102393,0.,
    2.094395102393,4.188790204786,6.28318530718,8.377580409573),
.UNSPECIFIED.) CURVE() GEOMETRIC_REPRESENTATION_ITEM() 
RATIONAL_B_SPLINE_CURVE((1.,0.5,1.,0.5,1.,0.5,1.)) REPRESENTATION_ITEM(
  '') );
#12880 = CARTESIAN_POINT('',(-7.62,5.5185));
#12881 = CARTESIAN_POINT('',(-6.970480947162,5.5185));
#12882 = CARTESIAN_POINT('',(-7.295240473581,4.956));
#12883 = CARTESIAN_POINT('',(-7.62,4.3935));
#12884 = CARTESIAN_POINT('',(-7.944759526419,4.956));
#12885 = CARTESIAN_POINT('',(-8.269519052838,5.5185));
#12886 = CARTESIAN_POINT('',(-7.62,5.5185));
#12887 = ( GEOMETRIC_REPRESENTATION_CONTEXT(2) 
PARAMETRIC_REPRESENTATION_CONTEXT() REPRESENTATION_CONTEXT('2D SPACE',''
  ) );
#12888 = ADVANCED_FACE('',(#12889,#13035),#12873,.F.);
#12889 = FACE_BOUND('',#12890,.T.);
#12890 = EDGE_LOOP('',(#12891,#12916,#12939,#12967,#12990,#13013));
#12891 = ORIENTED_EDGE('',*,*,#12892,.F.);
#12892 = EDGE_CURVE('',#12893,#12895,#12897,.T.);
#12893 = VERTEX_POINT('',#12894);
#12894 = CARTESIAN_POINT('',(-2.577341314414,-0.239999985099,
    2.778600044587));
#12895 = VERTEX_POINT('',#12896);
#12896 = CARTESIAN_POINT('',(-2.577341314414,-0.239999985099,
    1.445100044587));
#12897 = SURFACE_CURVE('',#12898,(#12902,#12909),.PCURVE_S1.);
#12898 = LINE('',#12899,#12900);
#12899 = CARTESIAN_POINT('',(-2.577341314414,-0.239999985099,
    2.778600044587));
#12900 = VECTOR('',#12901,1.);
#12901 = DIRECTION('',(1.942369941095E-16,-9.011389889435E-24,-1.));
#12902 = PCURVE('',#12873,#12903);
#12903 = DEFINITIONAL_REPRESENTATION('',(#12904),#12908);
#12904 = LINE('',#12905,#12906);
#12905 = CARTESIAN_POINT('',(-8.89,4.3815));
#12906 = VECTOR('',#12907,1.);
#12907 = DIRECTION('',(1.,-4.162815990346E-16));
#12908 = ( GEOMETRIC_REPRESENTATION_CONTEXT(2) 
PARAMETRIC_REPRESENTATION_CONTEXT() REPRESENTATION_CONTEXT('2D SPACE',''
  ) );
#12909 = PCURVE('',#810,#12910);
#12910 = DEFINITIONAL_REPRESENTATION('',(#12911),#12915);
#12911 = LINE('',#12912,#12913);
#12912 = CARTESIAN_POINT('',(-9.011389889435E-26,1.E-02));
#12913 = VECTOR('',#12914,1.);
#12914 = DIRECTION('',(1.,0.));
#12915 = ( GEOMETRIC_REPRESENTATION_CONTEXT(2) 
PARAMETRIC_REPRESENTATION_CONTEXT() REPRESENTATION_CONTEXT('2D SPACE',''
  ) );
#12916 = ORIENTED_EDGE('',*,*,#12917,.F.);
#12917 = EDGE_CURVE('',#12918,#12893,#12920,.T.);
#12918 = VERTEX_POINT('',#12919);
#12919 = CARTESIAN_POINT('',(-3.021841314414,-0.239999985099,
    2.778600044587));
#12920 = SURFACE_CURVE('',#12921,(#12925,#12932),.PCURVE_S1.);
#12921 = LINE('',#12922,#12923);
#12922 = CARTESIAN_POINT('',(-0.608841314414,-0.239999985099,
    2.778600044587));
#12923 = VECTOR('',#12924,1.);
#12924 = DIRECTION('',(1.,-6.310887243769E-30,-2.22044604925E-16));
#12925 = PCURVE('',#12873,#12926);
#12926 = DEFINITIONAL_REPRESENTATION('',(#12927),#12931);
#12927 = LINE('',#12928,#12929);
#12928 = CARTESIAN_POINT('',(-8.89,2.413));
#12929 = VECTOR('',#12930,1.);
#12930 = DIRECTION('',(-2.465190328816E-32,-1.));
#12931 = ( GEOMETRIC_REPRESENTATION_CONTEXT(2) 
PARAMETRIC_REPRESENTATION_CONTEXT() REPRESENTATION_CONTEXT('2D SPACE',''
  ) );
#12932 = PCURVE('',#782,#12933);
#12933 = DEFINITIONAL_REPRESENTATION('',(#12934),#12938);
#12934 = LINE('',#12935,#12936);
#12935 = CARTESIAN_POINT('',(6.1595,-0.24));
#12936 = VECTOR('',#12937,1.);
#12937 = DIRECTION('',(1.,-6.310887243769E-30));
#12938 = ( GEOMETRIC_REPRESENTATION_CONTEXT(2) 
PARAMETRIC_REPRESENTATION_CONTEXT() REPRESENTATION_CONTEXT('2D SPACE',''
  ) );
#12939 = ORIENTED_EDGE('',*,*,#12940,.F.);
#12940 = EDGE_CURVE('',#12941,#12918,#12943,.T.);
#12941 = VERTEX_POINT('',#12942);
#12942 = CARTESIAN_POINT('',(-3.656841314414,-0.239999985099,
    2.778600044587));
#12943 = SURFACE_CURVE('',#12944,(#12949,#12960),.PCURVE_S1.);
#12944 = CIRCLE('',#12945,0.3175);
#12945 = AXIS2_PLACEMENT_3D('',#12946,#12947,#12948);
#12946 = CARTESIAN_POINT('',(-3.339341314414,-0.239999985099,
    2.778600044587));
#12947 = DIRECTION('',(-6.310887241768E-30,-1.,9.011389889435E-24));
#12948 = DIRECTION('',(-2.22044604925E-16,-9.011389889435E-24,-1.));
#12949 = PCURVE('',#12873,#12950);
#12950 = DEFINITIONAL_REPRESENTATION('',(#12951),#12959);
#12951 = ( BOUNDED_CURVE() B_SPLINE_CURVE(2,(#12952,#12953,#12954,#12955
    ,#12956,#12957,#12958),.UNSPECIFIED.,.T.,.F.) 
B_SPLINE_CURVE_WITH_KNOTS((1,2,2,2,2,1),(-2.094395102393,0.,
    2.094395102393,4.188790204786,6.28318530718,8.377580409573),
.UNSPECIFIED.) CURVE() GEOMETRIC_REPRESENTATION_ITEM() 
RATIONAL_B_SPLINE_CURVE((1.,0.5,1.,0.5,1.,0.5,1.)) REPRESENTATION_ITEM(
  '') );
#12952 = CARTESIAN_POINT('',(-8.5725,5.1435));
#12953 = CARTESIAN_POINT('',(-8.5725,4.593573868597));
#12954 = CARTESIAN_POINT('',(-9.04875,4.868536934298));
#12955 = CARTESIAN_POINT('',(-9.525,5.1435));
#12956 = CARTESIAN_POINT('',(-9.04875,5.418463065702));
#12957 = CARTESIAN_POINT('',(-8.5725,5.693426131403));
#12958 = CARTESIAN_POINT('',(-8.5725,5.1435));
#12959 = ( GEOMETRIC_REPRESENTATION_CONTEXT(2) 
PARAMETRIC_REPRESENTATION_CONTEXT() REPRESENTATION_CONTEXT('2D SPACE',''
  ) );
#12960 = PCURVE('',#5186,#12961);
#12961 = DEFINITIONAL_REPRESENTATION('',(#12962),#12966);
#12962 = LINE('',#12963,#12964);
#12963 = CARTESIAN_POINT('',(6.28318530718,-0.24));
#12964 = VECTOR('',#12965,1.);
#12965 = DIRECTION('',(-1.,0.));
#12966 = ( GEOMETRIC_REPRESENTATION_CONTEXT(2) 
PARAMETRIC_REPRESENTATION_CONTEXT() REPRESENTATION_CONTEXT('2D SPACE',''
  ) );
#12967 = ORIENTED_EDGE('',*,*,#12968,.F.);
#12968 = EDGE_CURVE('',#12969,#12941,#12971,.T.);
#12969 = VERTEX_POINT('',#12970);
#12970 = CARTESIAN_POINT('',(-4.101341314414,-0.239999985099,
    2.778600044587));
#12971 = SURFACE_CURVE('',#12972,(#12976,#12983),.PCURVE_S1.);
#12972 = LINE('',#12973,#12974);
#12973 = CARTESIAN_POINT('',(-1.878841314414,-0.239999985099,
    2.778600044587));
#12974 = VECTOR('',#12975,1.);
#12975 = DIRECTION('',(1.,-6.310887243769E-30,-2.22044604925E-16));
#12976 = PCURVE('',#12873,#12977);
#12977 = DEFINITIONAL_REPRESENTATION('',(#12978),#12982);
#12978 = LINE('',#12979,#12980);
#12979 = CARTESIAN_POINT('',(-8.89,3.683));
#12980 = VECTOR('',#12981,1.);
#12981 = DIRECTION('',(-2.465190328816E-32,-1.));
#12982 = ( GEOMETRIC_REPRESENTATION_CONTEXT(2) 
PARAMETRIC_REPRESENTATION_CONTEXT() REPRESENTATION_CONTEXT('2D SPACE',''
  ) );
#12983 = PCURVE('',#895,#12984);
#12984 = DEFINITIONAL_REPRESENTATION('',(#12985),#12989);
#12985 = LINE('',#12986,#12987);
#12986 = CARTESIAN_POINT('',(4.8895,-0.24));
#12987 = VECTOR('',#12988,1.);
#12988 = DIRECTION('',(1.,-6.310887243769E-30));
#12989 = ( GEOMETRIC_REPRESENTATION_CONTEXT(2) 
PARAMETRIC_REPRESENTATION_CONTEXT() REPRESENTATION_CONTEXT('2D SPACE',''
  ) );
#12990 = ORIENTED_EDGE('',*,*,#12991,.F.);
#12991 = EDGE_CURVE('',#12992,#12969,#12994,.T.);
#12992 = VERTEX_POINT('',#12993);
#12993 = CARTESIAN_POINT('',(-4.101341314414,-0.239999985099,
    1.445100044587));
#12994 = SURFACE_CURVE('',#12995,(#12999,#13006),.PCURVE_S1.);
#12995 = LINE('',#12996,#12997);
#12996 = CARTESIAN_POINT('',(-4.101341314414,-0.239999985099,
    1.445100044587));
#12997 = VECTOR('',#12998,1.);
#12998 = DIRECTION('',(2.22044604925E-16,9.011389889435E-24,1.));
#12999 = PCURVE('',#12873,#13000);
#13000 = DEFINITIONAL_REPRESENTATION('',(#13001),#13005);
#13001 = LINE('',#13002,#13003);
#13002 = CARTESIAN_POINT('',(-7.5565,5.9055));
#13003 = VECTOR('',#13004,1.);
#13004 = DIRECTION('',(-1.,2.465190328816E-32));
#13005 = ( GEOMETRIC_REPRESENTATION_CONTEXT(2) 
PARAMETRIC_REPRESENTATION_CONTEXT() REPRESENTATION_CONTEXT('2D SPACE',''
  ) );
#13006 = PCURVE('',#867,#13007);
#13007 = DEFINITIONAL_REPRESENTATION('',(#13008),#13012);
#13008 = LINE('',#13009,#13010);
#13009 = CARTESIAN_POINT('',(9.011389889435E-26,1.E-02));
#13010 = VECTOR('',#13011,1.);
#13011 = DIRECTION('',(1.,0.));
#13012 = ( GEOMETRIC_REPRESENTATION_CONTEXT(2) 
PARAMETRIC_REPRESENTATION_CONTEXT() REPRESENTATION_CONTEXT('2D SPACE',''
  ) );
#13013 = ORIENTED_EDGE('',*,*,#13014,.F.);
#13014 = EDGE_CURVE('',#12895,#12992,#13015,.T.);
#13015 = SURFACE_CURVE('',#13016,(#13021,#13028),.PCURVE_S1.);
#13016 = CIRCLE('',#13017,0.764886363636);
#13017 = AXIS2_PLACEMENT_3D('',#13018,#13019,#13020);
#13018 = CARTESIAN_POINT('',(-3.339341314414,-0.239999985099,
    1.511486408224));
#13019 = DIRECTION('',(6.310887241768E-30,1.,-9.011389889435E-24));
#13020 = DIRECTION('',(-2.22044604925E-16,-9.011389889435E-24,-1.));
#13021 = PCURVE('',#12873,#13022);
#13022 = DEFINITIONAL_REPRESENTATION('',(#13023),#13027);
#13023 = CIRCLE('',#13024,0.764886363636);
#13024 = AXIS2_PLACEMENT_2D('',#13025,#13026);
#13025 = CARTESIAN_POINT('',(-7.622886363636,5.1435));
#13026 = DIRECTION('',(1.,0.));
#13027 = ( GEOMETRIC_REPRESENTATION_CONTEXT(2) 
PARAMETRIC_REPRESENTATION_CONTEXT() REPRESENTATION_CONTEXT('2D SPACE',''
  ) );
#13028 = PCURVE('',#839,#13029);
#13029 = DEFINITIONAL_REPRESENTATION('',(#13030),#13034);
#13030 = LINE('',#13031,#13032);
#13031 = CARTESIAN_POINT('',(-6.28318530718,1.E-02));
#13032 = VECTOR('',#13033,1.);
#13033 = DIRECTION('',(1.,0.));
#13034 = ( GEOMETRIC_REPRESENTATION_CONTEXT(2) 
PARAMETRIC_REPRESENTATION_CONTEXT() REPRESENTATION_CONTEXT('2D SPACE',''
  ) );
#13035 = FACE_BOUND('',#13036,.T.);
#13036 = EDGE_LOOP('',(#13037));
#13037 = ORIENTED_EDGE('',*,*,#12858,.F.);
#13038 = ADVANCED_FACE('',(#13039),#6264,.F.);
#13039 = FACE_BOUND('',#13040,.F.);
#13040 = EDGE_LOOP('',(#13041,#13064,#13065,#13066));
#13041 = ORIENTED_EDGE('',*,*,#13042,.T.);
#13042 = EDGE_CURVE('',#13043,#6244,#13045,.T.);
#13043 = VERTEX_POINT('',#13044);
#13044 = CARTESIAN_POINT('',(7.195658685586,-0.239999985099,
    1.508600044588));
#13045 = SEAM_CURVE('',#13046,(#13050,#13057),.PCURVE_S1.);
#13046 = LINE('',#13047,#13048);
#13047 = CARTESIAN_POINT('',(7.195658685586,1.490116113834E-08,
    1.508600044588));
#13048 = VECTOR('',#13049,1.);
#13049 = DIRECTION('',(0.,1.,0.));
#13050 = PCURVE('',#6264,#13051);
#13051 = DEFINITIONAL_REPRESENTATION('',(#13052),#13056);
#13052 = LINE('',#13053,#13054);
#13053 = CARTESIAN_POINT('',(3.14159265359,0.));
#13054 = VECTOR('',#13055,1.);
#13055 = DIRECTION('',(0.,1.));
#13056 = ( GEOMETRIC_REPRESENTATION_CONTEXT(2) 
PARAMETRIC_REPRESENTATION_CONTEXT() REPRESENTATION_CONTEXT('2D SPACE',''
  ) );
#13057 = PCURVE('',#6264,#13058);
#13058 = DEFINITIONAL_REPRESENTATION('',(#13059),#13063);
#13059 = LINE('',#13060,#13061);
#13060 = CARTESIAN_POINT('',(-3.14159265359,0.));
#13061 = VECTOR('',#13062,1.);
#13062 = DIRECTION('',(0.,1.));
#13063 = ( GEOMETRIC_REPRESENTATION_CONTEXT(2) 
PARAMETRIC_REPRESENTATION_CONTEXT() REPRESENTATION_CONTEXT('2D SPACE',''
  ) );
#13064 = ORIENTED_EDGE('',*,*,#6243,.F.);
#13065 = ORIENTED_EDGE('',*,*,#13042,.F.);
#13066 = ORIENTED_EDGE('',*,*,#13067,.F.);
#13067 = EDGE_CURVE('',#13043,#13043,#13068,.T.);
#13068 = SURFACE_CURVE('',#13069,(#13074,#13081),.PCURVE_S1.);
#13069 = CIRCLE('',#13070,0.375);
#13070 = AXIS2_PLACEMENT_3D('',#13071,#13072,#13073);
#13071 = CARTESIAN_POINT('',(6.820658685586,-0.239999985099,
    1.508600044588));
#13072 = DIRECTION('',(-6.310887241768E-30,-1.,9.011389889435E-24));
#13073 = DIRECTION('',(-1.,6.310887243769E-30,2.22044604925E-16));
#13074 = PCURVE('',#6264,#13075);
#13075 = DEFINITIONAL_REPRESENTATION('',(#13076),#13080);
#13076 = LINE('',#13077,#13078);
#13077 = CARTESIAN_POINT('',(6.28318530718,-0.24));
#13078 = VECTOR('',#13079,1.);
#13079 = DIRECTION('',(-1.,0.));
#13080 = ( GEOMETRIC_REPRESENTATION_CONTEXT(2) 
PARAMETRIC_REPRESENTATION_CONTEXT() REPRESENTATION_CONTEXT('2D SPACE',''
  ) );
#13081 = PCURVE('',#13082,#13087);
#13082 = PLANE('',#13083);
#13083 = AXIS2_PLACEMENT_3D('',#13084,#13085,#13086);
#13084 = CARTESIAN_POINT('',(1.804158685586,-0.239999985099,
    -6.111399955412));
#13085 = DIRECTION('',(6.310887241768E-30,1.,-9.011389889435E-24));
#13086 = DIRECTION('',(-2.22044604925E-16,-9.011389889435E-24,-1.));
#13087 = DEFINITIONAL_REPRESENTATION('',(#13088),#13096);
#13088 = ( BOUNDED_CURVE() B_SPLINE_CURVE(2,(#13089,#13090,#13091,#13092
    ,#13093,#13094,#13095),.UNSPECIFIED.,.T.,.F.) 
B_SPLINE_CURVE_WITH_KNOTS((1,2,2,2,2,1),(-2.094395102393,0.,
    2.094395102393,4.188790204786,6.28318530718,8.377580409573),
.UNSPECIFIED.) CURVE() GEOMETRIC_REPRESENTATION_ITEM() 
RATIONAL_B_SPLINE_CURVE((1.,0.5,1.,0.5,1.,0.5,1.)) REPRESENTATION_ITEM(
  '') );
#13089 = CARTESIAN_POINT('',(-7.62,-4.6415));
#13090 = CARTESIAN_POINT('',(-6.970480947162,-4.6415));
#13091 = CARTESIAN_POINT('',(-7.295240473581,-5.204));
#13092 = CARTESIAN_POINT('',(-7.62,-5.7665));
#13093 = CARTESIAN_POINT('',(-7.944759526419,-5.204));
#13094 = CARTESIAN_POINT('',(-8.269519052838,-4.6415));
#13095 = CARTESIAN_POINT('',(-7.62,-4.6415));
#13096 = ( GEOMETRIC_REPRESENTATION_CONTEXT(2) 
PARAMETRIC_REPRESENTATION_CONTEXT() REPRESENTATION_CONTEXT('2D SPACE',''
  ) );
#13097 = ADVANCED_FACE('',(#13098,#13244),#13082,.F.);
#13098 = FACE_BOUND('',#13099,.T.);
#13099 = EDGE_LOOP('',(#13100,#13125,#13148,#13176,#13199,#13222));
#13100 = ORIENTED_EDGE('',*,*,#13101,.F.);
#13101 = EDGE_CURVE('',#13102,#13104,#13106,.T.);
#13102 = VERTEX_POINT('',#13103);
#13103 = CARTESIAN_POINT('',(7.582658685586,-0.239999985099,
    2.778600044587));
#13104 = VERTEX_POINT('',#13105);
#13105 = CARTESIAN_POINT('',(7.582658685586,-0.239999985099,
    1.445100044587));
#13106 = SURFACE_CURVE('',#13107,(#13111,#13118),.PCURVE_S1.);
#13107 = LINE('',#13108,#13109);
#13108 = CARTESIAN_POINT('',(7.582658685586,-0.239999985099,
    2.778600044587));
#13109 = VECTOR('',#13110,1.);
#13110 = DIRECTION('',(-2.22044604925E-16,-9.011389889435E-24,-1.));
#13111 = PCURVE('',#13082,#13112);
#13112 = DEFINITIONAL_REPRESENTATION('',(#13113),#13117);
#13113 = LINE('',#13114,#13115);
#13114 = CARTESIAN_POINT('',(-8.89,-5.7785));
#13115 = VECTOR('',#13116,1.);
#13116 = DIRECTION('',(1.,-2.465190328816E-32));
#13117 = ( GEOMETRIC_REPRESENTATION_CONTEXT(2) 
PARAMETRIC_REPRESENTATION_CONTEXT() REPRESENTATION_CONTEXT('2D SPACE',''
  ) );
#13118 = PCURVE('',#358,#13119);
#13119 = DEFINITIONAL_REPRESENTATION('',(#13120),#13124);
#13120 = LINE('',#13121,#13122);
#13121 = CARTESIAN_POINT('',(-9.011389889435E-26,1.E-02));
#13122 = VECTOR('',#13123,1.);
#13123 = DIRECTION('',(1.,0.));
#13124 = ( GEOMETRIC_REPRESENTATION_CONTEXT(2) 
PARAMETRIC_REPRESENTATION_CONTEXT() REPRESENTATION_CONTEXT('2D SPACE',''
  ) );
#13125 = ORIENTED_EDGE('',*,*,#13126,.F.);
#13126 = EDGE_CURVE('',#13127,#13102,#13129,.T.);
#13127 = VERTEX_POINT('',#13128);
#13128 = CARTESIAN_POINT('',(7.138158685586,-0.239999985099,
    2.778600044587));
#13129 = SURFACE_CURVE('',#13130,(#13134,#13141),.PCURVE_S1.);
#13130 = LINE('',#13131,#13132);
#13131 = CARTESIAN_POINT('',(4.471158685586,-0.239999985099,
    2.778600044587));
#13132 = VECTOR('',#13133,1.);
#13133 = DIRECTION('',(1.,-6.310887243769E-30,-2.22044604925E-16));
#13134 = PCURVE('',#13082,#13135);
#13135 = DEFINITIONAL_REPRESENTATION('',(#13136),#13140);
#13136 = LINE('',#13137,#13138);
#13137 = CARTESIAN_POINT('',(-8.89,-2.667));
#13138 = VECTOR('',#13139,1.);
#13139 = DIRECTION('',(-2.465190328816E-32,-1.));
#13140 = ( GEOMETRIC_REPRESENTATION_CONTEXT(2) 
PARAMETRIC_REPRESENTATION_CONTEXT() REPRESENTATION_CONTEXT('2D SPACE',''
  ) );
#13141 = PCURVE('',#330,#13142);
#13142 = DEFINITIONAL_REPRESENTATION('',(#13143),#13147);
#13143 = LINE('',#13144,#13145);
#13144 = CARTESIAN_POINT('',(11.2395,-0.24));
#13145 = VECTOR('',#13146,1.);
#13146 = DIRECTION('',(1.,-6.310887243769E-30));
#13147 = ( GEOMETRIC_REPRESENTATION_CONTEXT(2) 
PARAMETRIC_REPRESENTATION_CONTEXT() REPRESENTATION_CONTEXT('2D SPACE',''
  ) );
#13148 = ORIENTED_EDGE('',*,*,#13149,.F.);
#13149 = EDGE_CURVE('',#13150,#13127,#13152,.T.);
#13150 = VERTEX_POINT('',#13151);
#13151 = CARTESIAN_POINT('',(6.503158685586,-0.239999985099,
    2.778600044587));
#13152 = SURFACE_CURVE('',#13153,(#13158,#13169),.PCURVE_S1.);
#13153 = CIRCLE('',#13154,0.3175);
#13154 = AXIS2_PLACEMENT_3D('',#13155,#13156,#13157);
#13155 = CARTESIAN_POINT('',(6.820658685586,-0.239999985099,
    2.778600044587));
#13156 = DIRECTION('',(-6.310887241768E-30,-1.,9.011389889435E-24));
#13157 = DIRECTION('',(-2.22044604925E-16,-9.011389889435E-24,-1.));
#13158 = PCURVE('',#13082,#13159);
#13159 = DEFINITIONAL_REPRESENTATION('',(#13160),#13168);
#13160 = ( BOUNDED_CURVE() B_SPLINE_CURVE(2,(#13161,#13162,#13163,#13164
    ,#13165,#13166,#13167),.UNSPECIFIED.,.T.,.F.) 
B_SPLINE_CURVE_WITH_KNOTS((1,2,2,2,2,1),(-2.094395102393,0.,
    2.094395102393,4.188790204786,6.28318530718,8.377580409573),
.UNSPECIFIED.) CURVE() GEOMETRIC_REPRESENTATION_ITEM() 
RATIONAL_B_SPLINE_CURVE((1.,0.5,1.,0.5,1.,0.5,1.)) REPRESENTATION_ITEM(
  '') );
#13161 = CARTESIAN_POINT('',(-8.5725,-5.0165));
#13162 = CARTESIAN_POINT('',(-8.5725,-5.566426131403));
#13163 = CARTESIAN_POINT('',(-9.04875,-5.291463065702));
#13164 = CARTESIAN_POINT('',(-9.525,-5.0165));
#13165 = CARTESIAN_POINT('',(-9.04875,-4.741536934298));
#13166 = CARTESIAN_POINT('',(-8.5725,-4.466573868597));
#13167 = CARTESIAN_POINT('',(-8.5725,-5.0165));
#13168 = ( GEOMETRIC_REPRESENTATION_CONTEXT(2) 
PARAMETRIC_REPRESENTATION_CONTEXT() REPRESENTATION_CONTEXT('2D SPACE',''
  ) );
#13169 = PCURVE('',#4962,#13170);
#13170 = DEFINITIONAL_REPRESENTATION('',(#13171),#13175);
#13171 = LINE('',#13172,#13173);
#13172 = CARTESIAN_POINT('',(12.566370614359,-0.24));
#13173 = VECTOR('',#13174,1.);
#13174 = DIRECTION('',(-1.,0.));
#13175 = ( GEOMETRIC_REPRESENTATION_CONTEXT(2) 
PARAMETRIC_REPRESENTATION_CONTEXT() REPRESENTATION_CONTEXT('2D SPACE',''
  ) );
#13176 = ORIENTED_EDGE('',*,*,#13177,.F.);
#13177 = EDGE_CURVE('',#13178,#13150,#13180,.T.);
#13178 = VERTEX_POINT('',#13179);
#13179 = CARTESIAN_POINT('',(6.058658685586,-0.239999985099,
    2.778600044587));
#13180 = SURFACE_CURVE('',#13181,(#13185,#13192),.PCURVE_S1.);
#13181 = LINE('',#13182,#13183);
#13182 = CARTESIAN_POINT('',(3.201158685586,-0.239999985099,
    2.778600044587));
#13183 = VECTOR('',#13184,1.);
#13184 = DIRECTION('',(1.,-6.310887243769E-30,-2.22044604925E-16));
#13185 = PCURVE('',#13082,#13186);
#13186 = DEFINITIONAL_REPRESENTATION('',(#13187),#13191);
#13187 = LINE('',#13188,#13189);
#13188 = CARTESIAN_POINT('',(-8.89,-1.397));
#13189 = VECTOR('',#13190,1.);
#13190 = DIRECTION('',(-2.465190328816E-32,-1.));
#13191 = ( GEOMETRIC_REPRESENTATION_CONTEXT(2) 
PARAMETRIC_REPRESENTATION_CONTEXT() REPRESENTATION_CONTEXT('2D SPACE',''
  ) );
#13192 = PCURVE('',#443,#13193);
#13193 = DEFINITIONAL_REPRESENTATION('',(#13194),#13198);
#13194 = LINE('',#13195,#13196);
#13195 = CARTESIAN_POINT('',(9.9695,-0.24));
#13196 = VECTOR('',#13197,1.);
#13197 = DIRECTION('',(1.,-6.310887243769E-30));
#13198 = ( GEOMETRIC_REPRESENTATION_CONTEXT(2) 
PARAMETRIC_REPRESENTATION_CONTEXT() REPRESENTATION_CONTEXT('2D SPACE',''
  ) );
#13199 = ORIENTED_EDGE('',*,*,#13200,.F.);
#13200 = EDGE_CURVE('',#13201,#13178,#13203,.T.);
#13201 = VERTEX_POINT('',#13202);
#13202 = CARTESIAN_POINT('',(6.058658685586,-0.239999985099,
    1.445100044587));
#13203 = SURFACE_CURVE('',#13204,(#13208,#13215),.PCURVE_S1.);
#13204 = LINE('',#13205,#13206);
#13205 = CARTESIAN_POINT('',(6.058658685586,-0.239999985099,
    1.445100044587));
#13206 = VECTOR('',#13207,1.);
#13207 = DIRECTION('',(-1.942369941095E-16,9.011389889435E-24,1.));
#13208 = PCURVE('',#13082,#13209);
#13209 = DEFINITIONAL_REPRESENTATION('',(#13210),#13214);
#13210 = LINE('',#13211,#13212);
#13211 = CARTESIAN_POINT('',(-7.5565,-4.2545));
#13212 = VECTOR('',#13213,1.);
#13213 = DIRECTION('',(-1.,4.162815990346E-16));
#13214 = ( GEOMETRIC_REPRESENTATION_CONTEXT(2) 
PARAMETRIC_REPRESENTATION_CONTEXT() REPRESENTATION_CONTEXT('2D SPACE',''
  ) );
#13215 = PCURVE('',#415,#13216);
#13216 = DEFINITIONAL_REPRESENTATION('',(#13217),#13221);
#13217 = LINE('',#13218,#13219);
#13218 = CARTESIAN_POINT('',(9.011389889435E-26,1.E-02));
#13219 = VECTOR('',#13220,1.);
#13220 = DIRECTION('',(1.,0.));
#13221 = ( GEOMETRIC_REPRESENTATION_CONTEXT(2) 
PARAMETRIC_REPRESENTATION_CONTEXT() REPRESENTATION_CONTEXT('2D SPACE',''
  ) );
#13222 = ORIENTED_EDGE('',*,*,#13223,.F.);
#13223 = EDGE_CURVE('',#13104,#13201,#13224,.T.);
#13224 = SURFACE_CURVE('',#13225,(#13230,#13237),.PCURVE_S1.);
#13225 = CIRCLE('',#13226,0.764886363636);
#13226 = AXIS2_PLACEMENT_3D('',#13227,#13228,#13229);
#13227 = CARTESIAN_POINT('',(6.820658685586,-0.239999985099,
    1.511486408224));
#13228 = DIRECTION('',(6.310887241768E-30,1.,-9.011389889435E-24));
#13229 = DIRECTION('',(-2.22044604925E-16,-9.011389889435E-24,-1.));
#13230 = PCURVE('',#13082,#13231);
#13231 = DEFINITIONAL_REPRESENTATION('',(#13232),#13236);
#13232 = CIRCLE('',#13233,0.764886363636);
#13233 = AXIS2_PLACEMENT_2D('',#13234,#13235);
#13234 = CARTESIAN_POINT('',(-7.622886363636,-5.0165));
#13235 = DIRECTION('',(1.,0.));
#13236 = ( GEOMETRIC_REPRESENTATION_CONTEXT(2) 
PARAMETRIC_REPRESENTATION_CONTEXT() REPRESENTATION_CONTEXT('2D SPACE',''
  ) );
#13237 = PCURVE('',#387,#13238);
#13238 = DEFINITIONAL_REPRESENTATION('',(#13239),#13243);
#13239 = LINE('',#13240,#13241);
#13240 = CARTESIAN_POINT('',(-6.28318530718,1.E-02));
#13241 = VECTOR('',#13242,1.);
#13242 = DIRECTION('',(1.,0.));
#13243 = ( GEOMETRIC_REPRESENTATION_CONTEXT(2) 
PARAMETRIC_REPRESENTATION_CONTEXT() REPRESENTATION_CONTEXT('2D SPACE',''
  ) );
#13244 = FACE_BOUND('',#13245,.T.);
#13245 = EDGE_LOOP('',(#13246));
#13246 = ORIENTED_EDGE('',*,*,#13067,.F.);
#13247 = ADVANCED_FACE('',(#13248),#5827,.F.);
#13248 = FACE_BOUND('',#13249,.F.);
#13249 = EDGE_LOOP('',(#13250,#13273,#13274,#13275));
#13250 = ORIENTED_EDGE('',*,*,#13251,.T.);
#13251 = EDGE_CURVE('',#13252,#5807,#13254,.T.);
#13252 = VERTEX_POINT('',#13253);
#13253 = CARTESIAN_POINT('',(9.735658685586,-0.239999985099,
    1.508600044588));
#13254 = SEAM_CURVE('',#13255,(#13259,#13266),.PCURVE_S1.);
#13255 = LINE('',#13256,#13257);
#13256 = CARTESIAN_POINT('',(9.735658685586,1.490116113834E-08,
    1.508600044588));
#13257 = VECTOR('',#13258,1.);
#13258 = DIRECTION('',(0.,1.,0.));
#13259 = PCURVE('',#5827,#13260);
#13260 = DEFINITIONAL_REPRESENTATION('',(#13261),#13265);
#13261 = LINE('',#13262,#13263);
#13262 = CARTESIAN_POINT('',(3.14159265359,0.));
#13263 = VECTOR('',#13264,1.);
#13264 = DIRECTION('',(0.,1.));
#13265 = ( GEOMETRIC_REPRESENTATION_CONTEXT(2) 
PARAMETRIC_REPRESENTATION_CONTEXT() REPRESENTATION_CONTEXT('2D SPACE',''
  ) );
#13266 = PCURVE('',#5827,#13267);
#13267 = DEFINITIONAL_REPRESENTATION('',(#13268),#13272);
#13268 = LINE('',#13269,#13270);
#13269 = CARTESIAN_POINT('',(-3.14159265359,0.));
#13270 = VECTOR('',#13271,1.);
#13271 = DIRECTION('',(0.,1.));
#13272 = ( GEOMETRIC_REPRESENTATION_CONTEXT(2) 
PARAMETRIC_REPRESENTATION_CONTEXT() REPRESENTATION_CONTEXT('2D SPACE',''
  ) );
#13273 = ORIENTED_EDGE('',*,*,#5806,.F.);
#13274 = ORIENTED_EDGE('',*,*,#13251,.F.);
#13275 = ORIENTED_EDGE('',*,*,#13276,.F.);
#13276 = EDGE_CURVE('',#13252,#13252,#13277,.T.);
#13277 = SURFACE_CURVE('',#13278,(#13283,#13290),.PCURVE_S1.);
#13278 = CIRCLE('',#13279,0.375);
#13279 = AXIS2_PLACEMENT_3D('',#13280,#13281,#13282);
#13280 = CARTESIAN_POINT('',(9.360658685586,-0.239999985099,
    1.508600044588));
#13281 = DIRECTION('',(-6.310887241768E-30,-1.,9.011389889435E-24));
#13282 = DIRECTION('',(-1.,6.310887243769E-30,2.22044604925E-16));
#13283 = PCURVE('',#5827,#13284);
#13284 = DEFINITIONAL_REPRESENTATION('',(#13285),#13289);
#13285 = LINE('',#13286,#13287);
#13286 = CARTESIAN_POINT('',(6.28318530718,-0.24));
#13287 = VECTOR('',#13288,1.);
#13288 = DIRECTION('',(-1.,0.));
#13289 = ( GEOMETRIC_REPRESENTATION_CONTEXT(2) 
PARAMETRIC_REPRESENTATION_CONTEXT() REPRESENTATION_CONTEXT('2D SPACE',''
  ) );
#13290 = PCURVE('',#13291,#13296);
#13291 = PLANE('',#13292);
#13292 = AXIS2_PLACEMENT_3D('',#13293,#13294,#13295);
#13293 = CARTESIAN_POINT('',(1.804158685586,-0.239999985099,
    -6.111399955412));
#13294 = DIRECTION('',(6.310887241768E-30,1.,-9.011389889435E-24));
#13295 = DIRECTION('',(-2.22044604925E-16,-9.011389889435E-24,-1.));
#13296 = DEFINITIONAL_REPRESENTATION('',(#13297),#13305);
#13297 = ( BOUNDED_CURVE() B_SPLINE_CURVE(2,(#13298,#13299,#13300,#13301
    ,#13302,#13303,#13304),.UNSPECIFIED.,.T.,.F.) 
B_SPLINE_CURVE_WITH_KNOTS((1,2,2,2,2,1),(-2.094395102393,0.,
    2.094395102393,4.188790204786,6.28318530718,8.377580409573),
.UNSPECIFIED.) CURVE() GEOMETRIC_REPRESENTATION_ITEM() 
RATIONAL_B_SPLINE_CURVE((1.,0.5,1.,0.5,1.,0.5,1.)) REPRESENTATION_ITEM(
  '') );
#13298 = CARTESIAN_POINT('',(-7.62,-7.1815));
#13299 = CARTESIAN_POINT('',(-6.970480947162,-7.1815));
#13300 = CARTESIAN_POINT('',(-7.295240473581,-7.744));
#13301 = CARTESIAN_POINT('',(-7.62,-8.3065));
#13302 = CARTESIAN_POINT('',(-7.944759526419,-7.744));
#13303 = CARTESIAN_POINT('',(-8.269519052838,-7.1815));
#13304 = CARTESIAN_POINT('',(-7.62,-7.1815));
#13305 = ( GEOMETRIC_REPRESENTATION_CONTEXT(2) 
PARAMETRIC_REPRESENTATION_CONTEXT() REPRESENTATION_CONTEXT('2D SPACE',''
  ) );
#13306 = ADVANCED_FACE('',(#13307,#13453),#13291,.F.);
#13307 = FACE_BOUND('',#13308,.T.);
#13308 = EDGE_LOOP('',(#13309,#13334,#13357,#13385,#13408,#13431));
#13309 = ORIENTED_EDGE('',*,*,#13310,.F.);
#13310 = EDGE_CURVE('',#13311,#13313,#13315,.T.);
#13311 = VERTEX_POINT('',#13312);
#13312 = CARTESIAN_POINT('',(10.122658685586,-0.239999985099,
    2.778600044587));
#13313 = VERTEX_POINT('',#13314);
#13314 = CARTESIAN_POINT('',(10.122658685586,-0.239999985099,
    1.445100044587));
#13315 = SURFACE_CURVE('',#13316,(#13320,#13327),.PCURVE_S1.);
#13316 = LINE('',#13317,#13318);
#13317 = CARTESIAN_POINT('',(10.122658685586,-0.239999985099,
    2.778600044587));
#13318 = VECTOR('',#13319,1.);
#13319 = DIRECTION('',(6.105185931441E-16,-9.011389889435E-24,-1.));
#13320 = PCURVE('',#13291,#13321);
#13321 = DEFINITIONAL_REPRESENTATION('',(#13322),#13326);
#13322 = LINE('',#13323,#13324);
#13323 = CARTESIAN_POINT('',(-8.89,-8.3185));
#13324 = VECTOR('',#13325,1.);
#13325 = DIRECTION('',(1.,-8.325631980691E-16));
#13326 = ( GEOMETRIC_REPRESENTATION_CONTEXT(2) 
PARAMETRIC_REPRESENTATION_CONTEXT() REPRESENTATION_CONTEXT('2D SPACE',''
  ) );
#13327 = PCURVE('',#245,#13328);
#13328 = DEFINITIONAL_REPRESENTATION('',(#13329),#13333);
#13329 = LINE('',#13330,#13331);
#13330 = CARTESIAN_POINT('',(-9.011389889435E-26,1.E-02));
#13331 = VECTOR('',#13332,1.);
#13332 = DIRECTION('',(1.,0.));
#13333 = ( GEOMETRIC_REPRESENTATION_CONTEXT(2) 
PARAMETRIC_REPRESENTATION_CONTEXT() REPRESENTATION_CONTEXT('2D SPACE',''
  ) );
#13334 = ORIENTED_EDGE('',*,*,#13335,.F.);
#13335 = EDGE_CURVE('',#13336,#13311,#13338,.T.);
#13336 = VERTEX_POINT('',#13337);
#13337 = CARTESIAN_POINT('',(9.678158685586,-0.239999985099,
    2.778600044587));
#13338 = SURFACE_CURVE('',#13339,(#13343,#13350),.PCURVE_S1.);
#13339 = LINE('',#13340,#13341);
#13340 = CARTESIAN_POINT('',(5.741158685586,-0.239999985099,
    2.778600044587));
#13341 = VECTOR('',#13342,1.);
#13342 = DIRECTION('',(1.,-6.310887243769E-30,-2.22044604925E-16));
#13343 = PCURVE('',#13291,#13344);
#13344 = DEFINITIONAL_REPRESENTATION('',(#13345),#13349);
#13345 = LINE('',#13346,#13347);
#13346 = CARTESIAN_POINT('',(-8.89,-3.937));
#13347 = VECTOR('',#13348,1.);
#13348 = DIRECTION('',(-2.465190328816E-32,-1.));
#13349 = ( GEOMETRIC_REPRESENTATION_CONTEXT(2) 
PARAMETRIC_REPRESENTATION_CONTEXT() REPRESENTATION_CONTEXT('2D SPACE',''
  ) );
#13350 = PCURVE('',#217,#13351);
#13351 = DEFINITIONAL_REPRESENTATION('',(#13352),#13356);
#13352 = LINE('',#13353,#13354);
#13353 = CARTESIAN_POINT('',(12.5095,-0.24));
#13354 = VECTOR('',#13355,1.);
#13355 = DIRECTION('',(1.,-6.310887243769E-30));
#13356 = ( GEOMETRIC_REPRESENTATION_CONTEXT(2) 
PARAMETRIC_REPRESENTATION_CONTEXT() REPRESENTATION_CONTEXT('2D SPACE',''
  ) );
#13357 = ORIENTED_EDGE('',*,*,#13358,.F.);
#13358 = EDGE_CURVE('',#13359,#13336,#13361,.T.);
#13359 = VERTEX_POINT('',#13360);
#13360 = CARTESIAN_POINT('',(9.043158685586,-0.239999985099,
    2.778600044587));
#13361 = SURFACE_CURVE('',#13362,(#13367,#13378),.PCURVE_S1.);
#13362 = CIRCLE('',#13363,0.3175);
#13363 = AXIS2_PLACEMENT_3D('',#13364,#13365,#13366);
#13364 = CARTESIAN_POINT('',(9.360658685586,-0.239999985099,
    2.778600044587));
#13365 = DIRECTION('',(-6.310887241768E-30,-1.,9.011389889435E-24));
#13366 = DIRECTION('',(-2.22044604925E-16,-9.011389889435E-24,-1.));
#13367 = PCURVE('',#13291,#13368);
#13368 = DEFINITIONAL_REPRESENTATION('',(#13369),#13377);
#13369 = ( BOUNDED_CURVE() B_SPLINE_CURVE(2,(#13370,#13371,#13372,#13373
    ,#13374,#13375,#13376),.UNSPECIFIED.,.T.,.F.) 
B_SPLINE_CURVE_WITH_KNOTS((1,2,2,2,2,1),(-2.094395102393,0.,
    2.094395102393,4.188790204786,6.28318530718,8.377580409573),
.UNSPECIFIED.) CURVE() GEOMETRIC_REPRESENTATION_ITEM() 
RATIONAL_B_SPLINE_CURVE((1.,0.5,1.,0.5,1.,0.5,1.)) REPRESENTATION_ITEM(
  '') );
#13370 = CARTESIAN_POINT('',(-8.5725,-7.5565));
#13371 = CARTESIAN_POINT('',(-8.5725,-8.106426131403));
#13372 = CARTESIAN_POINT('',(-9.04875,-7.831463065702));
#13373 = CARTESIAN_POINT('',(-9.525,-7.5565));
#13374 = CARTESIAN_POINT('',(-9.04875,-7.281536934298));
#13375 = CARTESIAN_POINT('',(-8.5725,-7.006573868597));
#13376 = CARTESIAN_POINT('',(-8.5725,-7.5565));
#13377 = ( GEOMETRIC_REPRESENTATION_CONTEXT(2) 
PARAMETRIC_REPRESENTATION_CONTEXT() REPRESENTATION_CONTEXT('2D SPACE',''
  ) );
#13378 = PCURVE('',#4906,#13379);
#13379 = DEFINITIONAL_REPRESENTATION('',(#13380),#13384);
#13380 = LINE('',#13381,#13382);
#13381 = CARTESIAN_POINT('',(6.28318530718,-0.24));
#13382 = VECTOR('',#13383,1.);
#13383 = DIRECTION('',(-1.,0.));
#13384 = ( GEOMETRIC_REPRESENTATION_CONTEXT(2) 
PARAMETRIC_REPRESENTATION_CONTEXT() REPRESENTATION_CONTEXT('2D SPACE',''
  ) );
#13385 = ORIENTED_EDGE('',*,*,#13386,.F.);
#13386 = EDGE_CURVE('',#13387,#13359,#13389,.T.);
#13387 = VERTEX_POINT('',#13388);
#13388 = CARTESIAN_POINT('',(8.598658685586,-0.239999985099,
    2.778600044587));
#13389 = SURFACE_CURVE('',#13390,(#13394,#13401),.PCURVE_S1.);
#13390 = LINE('',#13391,#13392);
#13391 = CARTESIAN_POINT('',(4.471158685586,-0.239999985099,
    2.778600044587));
#13392 = VECTOR('',#13393,1.);
#13393 = DIRECTION('',(1.,-6.310887243769E-30,-2.22044604925E-16));
#13394 = PCURVE('',#13291,#13395);
#13395 = DEFINITIONAL_REPRESENTATION('',(#13396),#13400);
#13396 = LINE('',#13397,#13398);
#13397 = CARTESIAN_POINT('',(-8.89,-2.667));
#13398 = VECTOR('',#13399,1.);
#13399 = DIRECTION('',(-2.465190328816E-32,-1.));
#13400 = ( GEOMETRIC_REPRESENTATION_CONTEXT(2) 
PARAMETRIC_REPRESENTATION_CONTEXT() REPRESENTATION_CONTEXT('2D SPACE',''
  ) );
#13401 = PCURVE('',#330,#13402);
#13402 = DEFINITIONAL_REPRESENTATION('',(#13403),#13407);
#13403 = LINE('',#13404,#13405);
#13404 = CARTESIAN_POINT('',(11.2395,-0.24));
#13405 = VECTOR('',#13406,1.);
#13406 = DIRECTION('',(1.,-6.310887243769E-30));
#13407 = ( GEOMETRIC_REPRESENTATION_CONTEXT(2) 
PARAMETRIC_REPRESENTATION_CONTEXT() REPRESENTATION_CONTEXT('2D SPACE',''
  ) );
#13408 = ORIENTED_EDGE('',*,*,#13409,.F.);
#13409 = EDGE_CURVE('',#13410,#13387,#13412,.T.);
#13410 = VERTEX_POINT('',#13411);
#13411 = CARTESIAN_POINT('',(8.598658685586,-0.239999985099,
    1.445100044587));
#13412 = SURFACE_CURVE('',#13413,(#13417,#13424),.PCURVE_S1.);
#13413 = LINE('',#13414,#13415);
#13414 = CARTESIAN_POINT('',(8.598658685586,-0.239999985099,
    1.445100044587));
#13415 = VECTOR('',#13416,1.);
#13416 = DIRECTION('',(2.22044604925E-16,9.011389889435E-24,1.));
#13417 = PCURVE('',#13291,#13418);
#13418 = DEFINITIONAL_REPRESENTATION('',(#13419),#13423);
#13419 = LINE('',#13420,#13421);
#13420 = CARTESIAN_POINT('',(-7.5565,-6.7945));
#13421 = VECTOR('',#13422,1.);
#13422 = DIRECTION('',(-1.,2.465190328816E-32));
#13423 = ( GEOMETRIC_REPRESENTATION_CONTEXT(2) 
PARAMETRIC_REPRESENTATION_CONTEXT() REPRESENTATION_CONTEXT('2D SPACE',''
  ) );
#13424 = PCURVE('',#302,#13425);
#13425 = DEFINITIONAL_REPRESENTATION('',(#13426),#13430);
#13426 = LINE('',#13427,#13428);
#13427 = CARTESIAN_POINT('',(9.011389889435E-26,1.E-02));
#13428 = VECTOR('',#13429,1.);
#13429 = DIRECTION('',(1.,0.));
#13430 = ( GEOMETRIC_REPRESENTATION_CONTEXT(2) 
PARAMETRIC_REPRESENTATION_CONTEXT() REPRESENTATION_CONTEXT('2D SPACE',''
  ) );
#13431 = ORIENTED_EDGE('',*,*,#13432,.F.);
#13432 = EDGE_CURVE('',#13313,#13410,#13433,.T.);
#13433 = SURFACE_CURVE('',#13434,(#13439,#13446),.PCURVE_S1.);
#13434 = CIRCLE('',#13435,0.764886363636);
#13435 = AXIS2_PLACEMENT_3D('',#13436,#13437,#13438);
#13436 = CARTESIAN_POINT('',(9.360658685586,-0.239999985099,
    1.511486408224));
#13437 = DIRECTION('',(6.310887241768E-30,1.,-9.011389889435E-24));
#13438 = DIRECTION('',(-2.22044604925E-16,-9.011389889435E-24,-1.));
#13439 = PCURVE('',#13291,#13440);
#13440 = DEFINITIONAL_REPRESENTATION('',(#13441),#13445);
#13441 = CIRCLE('',#13442,0.764886363636);
#13442 = AXIS2_PLACEMENT_2D('',#13443,#13444);
#13443 = CARTESIAN_POINT('',(-7.622886363636,-7.5565));
#13444 = DIRECTION('',(1.,0.));
#13445 = ( GEOMETRIC_REPRESENTATION_CONTEXT(2) 
PARAMETRIC_REPRESENTATION_CONTEXT() REPRESENTATION_CONTEXT('2D SPACE',''
  ) );
#13446 = PCURVE('',#274,#13447);
#13447 = DEFINITIONAL_REPRESENTATION('',(#13448),#13452);
#13448 = LINE('',#13449,#13450);
#13449 = CARTESIAN_POINT('',(-6.28318530718,1.E-02));
#13450 = VECTOR('',#13451,1.);
#13451 = DIRECTION('',(1.,0.));
#13452 = ( GEOMETRIC_REPRESENTATION_CONTEXT(2) 
PARAMETRIC_REPRESENTATION_CONTEXT() REPRESENTATION_CONTEXT('2D SPACE',''
  ) );
#13453 = FACE_BOUND('',#13454,.T.);
#13454 = EDGE_LOOP('',(#13455));
#13455 = ORIENTED_EDGE('',*,*,#13276,.F.);
#13456 = ADVANCED_FACE('',(#13457),#5720,.F.);
#13457 = FACE_BOUND('',#13458,.F.);
#13458 = EDGE_LOOP('',(#13459,#13460,#13481,#13482));
#13459 = ORIENTED_EDGE('',*,*,#8202,.F.);
#13460 = ORIENTED_EDGE('',*,*,#13461,.T.);
#13461 = EDGE_CURVE('',#8203,#5704,#13462,.T.);
#13462 = SURFACE_CURVE('',#13463,(#13467,#13474),.PCURVE_S1.);
#13463 = LINE('',#13464,#13465);
#13464 = CARTESIAN_POINT('',(9.678158685586,1.490116113834E-08,
    -15.00139995541));
#13465 = VECTOR('',#13466,1.);
#13466 = DIRECTION('',(0.,1.,0.));
#13467 = PCURVE('',#5720,#13468);
#13468 = DEFINITIONAL_REPRESENTATION('',(#13469),#13473);
#13469 = LINE('',#13470,#13471);
#13470 = CARTESIAN_POINT('',(1.570796326795,0.));
#13471 = VECTOR('',#13472,1.);
#13472 = DIRECTION('',(0.,1.));
#13473 = ( GEOMETRIC_REPRESENTATION_CONTEXT(2) 
PARAMETRIC_REPRESENTATION_CONTEXT() REPRESENTATION_CONTEXT('2D SPACE',''
  ) );
#13474 = PCURVE('',#1911,#13475);
#13475 = DEFINITIONAL_REPRESENTATION('',(#13476),#13480);
#13476 = LINE('',#13477,#13478);
#13477 = CARTESIAN_POINT('',(0.6985,0.));
#13478 = VECTOR('',#13479,1.);
#13479 = DIRECTION('',(0.,1.));
#13480 = ( GEOMETRIC_REPRESENTATION_CONTEXT(2) 
PARAMETRIC_REPRESENTATION_CONTEXT() REPRESENTATION_CONTEXT('2D SPACE',''
  ) );
#13481 = ORIENTED_EDGE('',*,*,#5703,.T.);
#13482 = ORIENTED_EDGE('',*,*,#13483,.T.);
#13483 = EDGE_CURVE('',#5681,#8180,#13484,.T.);
#13484 = SURFACE_CURVE('',#13485,(#13489,#13496),.PCURVE_S1.);
#13485 = LINE('',#13486,#13487);
#13486 = CARTESIAN_POINT('',(9.043158685586,0.500000014901,
    -15.00139995541));
#13487 = VECTOR('',#13488,1.);
#13488 = DIRECTION('',(-9.901235293914E-17,-1.,-8.267718464771E-17));
#13489 = PCURVE('',#5720,#13490);
#13490 = DEFINITIONAL_REPRESENTATION('',(#13491),#13495);
#13491 = LINE('',#13492,#13493);
#13492 = CARTESIAN_POINT('',(-1.570796326795,0.5));
#13493 = VECTOR('',#13494,1.);
#13494 = DIRECTION('',(0.,-1.));
#13495 = ( GEOMETRIC_REPRESENTATION_CONTEXT(2) 
PARAMETRIC_REPRESENTATION_CONTEXT() REPRESENTATION_CONTEXT('2D SPACE',''
  ) );
#13496 = PCURVE('',#1798,#13497);
#13497 = DEFINITIONAL_REPRESENTATION('',(#13498),#13502);
#13498 = LINE('',#13499,#13500);
#13499 = CARTESIAN_POINT('',(1.3335,0.5));
#13500 = VECTOR('',#13501,1.);
#13501 = DIRECTION('',(9.901235293914E-17,-1.));
#13502 = ( GEOMETRIC_REPRESENTATION_CONTEXT(2) 
PARAMETRIC_REPRESENTATION_CONTEXT() REPRESENTATION_CONTEXT('2D SPACE',''
  ) );
#13503 = ADVANCED_FACE('',(#13504),#5668,.F.);
#13504 = FACE_BOUND('',#13505,.F.);
#13505 = EDGE_LOOP('',(#13506,#13507,#13528,#13529));
#13506 = ORIENTED_EDGE('',*,*,#10005,.F.);
#13507 = ORIENTED_EDGE('',*,*,#13508,.T.);
#13508 = EDGE_CURVE('',#10006,#5648,#13509,.T.);
#13509 = SURFACE_CURVE('',#13510,(#13514,#13521),.PCURVE_S1.);
#13510 = LINE('',#13511,#13512);
#13511 = CARTESIAN_POINT('',(7.138158685586,1.490116113834E-08,
    -15.00139995541));
#13512 = VECTOR('',#13513,1.);
#13513 = DIRECTION('',(0.,1.,0.));
#13514 = PCURVE('',#5668,#13515);
#13515 = DEFINITIONAL_REPRESENTATION('',(#13516),#13520);
#13516 = LINE('',#13517,#13518);
#13517 = CARTESIAN_POINT('',(1.570796326795,0.));
#13518 = VECTOR('',#13519,1.);
#13519 = DIRECTION('',(0.,1.));
#13520 = ( GEOMETRIC_REPRESENTATION_CONTEXT(2) 
PARAMETRIC_REPRESENTATION_CONTEXT() REPRESENTATION_CONTEXT('2D SPACE',''
  ) );
#13521 = PCURVE('',#1798,#13522);
#13522 = DEFINITIONAL_REPRESENTATION('',(#13523),#13527);
#13523 = LINE('',#13524,#13525);
#13524 = CARTESIAN_POINT('',(3.2385,0.));
#13525 = VECTOR('',#13526,1.);
#13526 = DIRECTION('',(0.,1.));
#13527 = ( GEOMETRIC_REPRESENTATION_CONTEXT(2) 
PARAMETRIC_REPRESENTATION_CONTEXT() REPRESENTATION_CONTEXT('2D SPACE',''
  ) );
#13528 = ORIENTED_EDGE('',*,*,#5647,.F.);
#13529 = ORIENTED_EDGE('',*,*,#13530,.T.);
#13530 = EDGE_CURVE('',#5625,#9983,#13531,.T.);
#13531 = SURFACE_CURVE('',#13532,(#13536,#13543),.PCURVE_S1.);
#13532 = LINE('',#13533,#13534);
#13533 = CARTESIAN_POINT('',(6.503158685586,0.500000014901,
    -15.00139995541));
#13534 = VECTOR('',#13535,1.);
#13535 = DIRECTION('',(-9.901235293914E-17,-1.,-8.267718464771E-17));
#13536 = PCURVE('',#5668,#13537);
#13537 = DEFINITIONAL_REPRESENTATION('',(#13538),#13542);
#13538 = LINE('',#13539,#13540);
#13539 = CARTESIAN_POINT('',(-1.570796326795,0.5));
#13540 = VECTOR('',#13541,1.);
#13541 = DIRECTION('',(0.,-1.));
#13542 = ( GEOMETRIC_REPRESENTATION_CONTEXT(2) 
PARAMETRIC_REPRESENTATION_CONTEXT() REPRESENTATION_CONTEXT('2D SPACE',''
  ) );
#13543 = PCURVE('',#1685,#13544);
#13544 = DEFINITIONAL_REPRESENTATION('',(#13545),#13549);
#13545 = LINE('',#13546,#13547);
#13546 = CARTESIAN_POINT('',(3.8735,0.5));
#13547 = VECTOR('',#13548,1.);
#13548 = DIRECTION('',(9.901235293914E-17,-1.));
#13549 = ( GEOMETRIC_REPRESENTATION_CONTEXT(2) 
PARAMETRIC_REPRESENTATION_CONTEXT() REPRESENTATION_CONTEXT('2D SPACE',''
  ) );
#13550 = ADVANCED_FACE('',(#13551),#5612,.F.);
#13551 = FACE_BOUND('',#13552,.F.);
#13552 = EDGE_LOOP('',(#13553,#13554,#13575,#13576));
#13553 = ORIENTED_EDGE('',*,*,#10214,.F.);
#13554 = ORIENTED_EDGE('',*,*,#13555,.F.);
#13555 = EDGE_CURVE('',#5592,#10215,#13556,.T.);
#13556 = SURFACE_CURVE('',#13557,(#13561,#13568),.PCURVE_S1.);
#13557 = LINE('',#13558,#13559);
#13558 = CARTESIAN_POINT('',(4.598158685586,0.500000014901,
    -15.00139995541));
#13559 = VECTOR('',#13560,1.);
#13560 = DIRECTION('',(-9.901235293914E-17,-1.,-8.267718464771E-17));
#13561 = PCURVE('',#5612,#13562);
#13562 = DEFINITIONAL_REPRESENTATION('',(#13563),#13567);
#13563 = LINE('',#13564,#13565);
#13564 = CARTESIAN_POINT('',(7.853981633974,0.5));
#13565 = VECTOR('',#13566,1.);
#13566 = DIRECTION('',(0.,-1.));
#13567 = ( GEOMETRIC_REPRESENTATION_CONTEXT(2) 
PARAMETRIC_REPRESENTATION_CONTEXT() REPRESENTATION_CONTEXT('2D SPACE',''
  ) );
#13568 = PCURVE('',#1685,#13569);
#13569 = DEFINITIONAL_REPRESENTATION('',(#13570),#13574);
#13570 = LINE('',#13571,#13572);
#13571 = CARTESIAN_POINT('',(5.7785,0.5));
#13572 = VECTOR('',#13573,1.);
#13573 = DIRECTION('',(9.901235293914E-17,-1.));
#13574 = ( GEOMETRIC_REPRESENTATION_CONTEXT(2) 
PARAMETRIC_REPRESENTATION_CONTEXT() REPRESENTATION_CONTEXT('2D SPACE',''
  ) );
#13575 = ORIENTED_EDGE('',*,*,#5591,.F.);
#13576 = ORIENTED_EDGE('',*,*,#13577,.T.);
#13577 = EDGE_CURVE('',#5569,#10192,#13578,.T.);
#13578 = SURFACE_CURVE('',#13579,(#13583,#13590),.PCURVE_S1.);
#13579 = LINE('',#13580,#13581);
#13580 = CARTESIAN_POINT('',(3.963158685586,0.500000014901,
    -15.00139995541));
#13581 = VECTOR('',#13582,1.);
#13582 = DIRECTION('',(-9.901235293914E-17,-1.,-8.267718464771E-17));
#13583 = PCURVE('',#5612,#13584);
#13584 = DEFINITIONAL_REPRESENTATION('',(#13585),#13589);
#13585 = LINE('',#13586,#13587);
#13586 = CARTESIAN_POINT('',(4.712388980385,0.5));
#13587 = VECTOR('',#13588,1.);
#13588 = DIRECTION('',(0.,-1.));
#13589 = ( GEOMETRIC_REPRESENTATION_CONTEXT(2) 
PARAMETRIC_REPRESENTATION_CONTEXT() REPRESENTATION_CONTEXT('2D SPACE',''
  ) );
#13590 = PCURVE('',#1572,#13591);
#13591 = DEFINITIONAL_REPRESENTATION('',(#13592),#13596);
#13592 = LINE('',#13593,#13594);
#13593 = CARTESIAN_POINT('',(6.4135,0.5));
#13594 = VECTOR('',#13595,1.);
#13595 = DIRECTION('',(9.901235293914E-17,-1.));
#13596 = ( GEOMETRIC_REPRESENTATION_CONTEXT(2) 
PARAMETRIC_REPRESENTATION_CONTEXT() REPRESENTATION_CONTEXT('2D SPACE',''
  ) );
#13597 = ADVANCED_FACE('',(#13598),#5556,.F.);
#13598 = FACE_BOUND('',#13599,.F.);
#13599 = EDGE_LOOP('',(#13600,#13601,#13622,#13623));
#13600 = ORIENTED_EDGE('',*,*,#9378,.F.);
#13601 = ORIENTED_EDGE('',*,*,#13602,.T.);
#13602 = EDGE_CURVE('',#9379,#5536,#13603,.T.);
#13603 = SURFACE_CURVE('',#13604,(#13608,#13615),.PCURVE_S1.);
#13604 = LINE('',#13605,#13606);
#13605 = CARTESIAN_POINT('',(2.058158685586,1.490116113834E-08,
    -15.00139995541));
#13606 = VECTOR('',#13607,1.);
#13607 = DIRECTION('',(0.,1.,0.));
#13608 = PCURVE('',#5556,#13609);
#13609 = DEFINITIONAL_REPRESENTATION('',(#13610),#13614);
#13610 = LINE('',#13611,#13612);
#13611 = CARTESIAN_POINT('',(1.570796326795,0.));
#13612 = VECTOR('',#13613,1.);
#13613 = DIRECTION('',(0.,1.));
#13614 = ( GEOMETRIC_REPRESENTATION_CONTEXT(2) 
PARAMETRIC_REPRESENTATION_CONTEXT() REPRESENTATION_CONTEXT('2D SPACE',''
  ) );
#13615 = PCURVE('',#1572,#13616);
#13616 = DEFINITIONAL_REPRESENTATION('',(#13617),#13621);
#13617 = LINE('',#13618,#13619);
#13618 = CARTESIAN_POINT('',(8.3185,0.));
#13619 = VECTOR('',#13620,1.);
#13620 = DIRECTION('',(0.,1.));
#13621 = ( GEOMETRIC_REPRESENTATION_CONTEXT(2) 
PARAMETRIC_REPRESENTATION_CONTEXT() REPRESENTATION_CONTEXT('2D SPACE',''
  ) );
#13622 = ORIENTED_EDGE('',*,*,#5535,.F.);
#13623 = ORIENTED_EDGE('',*,*,#13624,.T.);
#13624 = EDGE_CURVE('',#5513,#9356,#13625,.T.);
#13625 = SURFACE_CURVE('',#13626,(#13630,#13637),.PCURVE_S1.);
#13626 = LINE('',#13627,#13628);
#13627 = CARTESIAN_POINT('',(1.423158685586,0.500000014901,
    -15.00139995541));
#13628 = VECTOR('',#13629,1.);
#13629 = DIRECTION('',(-9.901235293914E-17,-1.,-8.267718464771E-17));
#13630 = PCURVE('',#5556,#13631);
#13631 = DEFINITIONAL_REPRESENTATION('',(#13632),#13636);
#13632 = LINE('',#13633,#13634);
#13633 = CARTESIAN_POINT('',(-1.570796326795,0.5));
#13634 = VECTOR('',#13635,1.);
#13635 = DIRECTION('',(0.,-1.));
#13636 = ( GEOMETRIC_REPRESENTATION_CONTEXT(2) 
PARAMETRIC_REPRESENTATION_CONTEXT() REPRESENTATION_CONTEXT('2D SPACE',''
  ) );
#13637 = PCURVE('',#1459,#13638);
#13638 = DEFINITIONAL_REPRESENTATION('',(#13639),#13643);
#13639 = LINE('',#13640,#13641);
#13640 = CARTESIAN_POINT('',(8.9535,0.5));
#13641 = VECTOR('',#13642,1.);
#13642 = DIRECTION('',(9.901235293914E-17,-1.));
#13643 = ( GEOMETRIC_REPRESENTATION_CONTEXT(2) 
PARAMETRIC_REPRESENTATION_CONTEXT() REPRESENTATION_CONTEXT('2D SPACE',''
  ) );
#13644 = ADVANCED_FACE('',(#13645),#5500,.F.);
#13645 = FACE_BOUND('',#13646,.F.);
#13646 = EDGE_LOOP('',(#13647,#13648,#13669,#13670));
#13647 = ORIENTED_EDGE('',*,*,#9587,.F.);
#13648 = ORIENTED_EDGE('',*,*,#13649,.T.);
#13649 = EDGE_CURVE('',#9588,#5480,#13650,.T.);
#13650 = SURFACE_CURVE('',#13651,(#13655,#13662),.PCURVE_S1.);
#13651 = LINE('',#13652,#13653);
#13652 = CARTESIAN_POINT('',(-0.481841314414,1.490116113834E-08,
    -15.00139995541));
#13653 = VECTOR('',#13654,1.);
#13654 = DIRECTION('',(0.,1.,0.));
#13655 = PCURVE('',#5500,#13656);
#13656 = DEFINITIONAL_REPRESENTATION('',(#13657),#13661);
#13657 = LINE('',#13658,#13659);
#13658 = CARTESIAN_POINT('',(1.570796326795,0.));
#13659 = VECTOR('',#13660,1.);
#13660 = DIRECTION('',(0.,1.));
#13661 = ( GEOMETRIC_REPRESENTATION_CONTEXT(2) 
PARAMETRIC_REPRESENTATION_CONTEXT() REPRESENTATION_CONTEXT('2D SPACE',''
  ) );
#13662 = PCURVE('',#1459,#13663);
#13663 = DEFINITIONAL_REPRESENTATION('',(#13664),#13668);
#13664 = LINE('',#13665,#13666);
#13665 = CARTESIAN_POINT('',(10.8585,0.));
#13666 = VECTOR('',#13667,1.);
#13667 = DIRECTION('',(0.,1.));
#13668 = ( GEOMETRIC_REPRESENTATION_CONTEXT(2) 
PARAMETRIC_REPRESENTATION_CONTEXT() REPRESENTATION_CONTEXT('2D SPACE',''
  ) );
#13669 = ORIENTED_EDGE('',*,*,#5479,.F.);
#13670 = ORIENTED_EDGE('',*,*,#13671,.F.);
#13671 = EDGE_CURVE('',#9565,#5457,#13672,.T.);
#13672 = SURFACE_CURVE('',#13673,(#13677,#13684),.PCURVE_S1.);
#13673 = LINE('',#13674,#13675);
#13674 = CARTESIAN_POINT('',(-1.116841314414,1.490116113834E-08,
    -15.00139995541));
#13675 = VECTOR('',#13676,1.);
#13676 = DIRECTION('',(0.,1.,0.));
#13677 = PCURVE('',#5500,#13678);
#13678 = DEFINITIONAL_REPRESENTATION('',(#13679),#13683);
#13679 = LINE('',#13680,#13681);
#13680 = CARTESIAN_POINT('',(-1.570796326795,0.));
#13681 = VECTOR('',#13682,1.);
#13682 = DIRECTION('',(0.,1.));
#13683 = ( GEOMETRIC_REPRESENTATION_CONTEXT(2) 
PARAMETRIC_REPRESENTATION_CONTEXT() REPRESENTATION_CONTEXT('2D SPACE',''
  ) );
#13684 = PCURVE('',#1346,#13685);
#13685 = DEFINITIONAL_REPRESENTATION('',(#13686),#13690);
#13686 = LINE('',#13687,#13688);
#13687 = CARTESIAN_POINT('',(11.4935,0.));
#13688 = VECTOR('',#13689,1.);
#13689 = DIRECTION('',(0.,1.));
#13690 = ( GEOMETRIC_REPRESENTATION_CONTEXT(2) 
PARAMETRIC_REPRESENTATION_CONTEXT() REPRESENTATION_CONTEXT('2D SPACE',''
  ) );
#13691 = ADVANCED_FACE('',(#13692),#5444,.F.);
#13692 = FACE_BOUND('',#13693,.F.);
#13693 = EDGE_LOOP('',(#13694,#13695,#13716,#13717));
#13694 = ORIENTED_EDGE('',*,*,#9796,.F.);
#13695 = ORIENTED_EDGE('',*,*,#13696,.T.);
#13696 = EDGE_CURVE('',#9797,#5424,#13697,.T.);
#13697 = SURFACE_CURVE('',#13698,(#13702,#13709),.PCURVE_S1.);
#13698 = LINE('',#13699,#13700);
#13699 = CARTESIAN_POINT('',(-3.021841314414,1.490116113834E-08,
    -15.00139995541));
#13700 = VECTOR('',#13701,1.);
#13701 = DIRECTION('',(0.,1.,0.));
#13702 = PCURVE('',#5444,#13703);
#13703 = DEFINITIONAL_REPRESENTATION('',(#13704),#13708);
#13704 = LINE('',#13705,#13706);
#13705 = CARTESIAN_POINT('',(1.570796326795,0.));
#13706 = VECTOR('',#13707,1.);
#13707 = DIRECTION('',(0.,1.));
#13708 = ( GEOMETRIC_REPRESENTATION_CONTEXT(2) 
PARAMETRIC_REPRESENTATION_CONTEXT() REPRESENTATION_CONTEXT('2D SPACE',''
  ) );
#13709 = PCURVE('',#1346,#13710);
#13710 = DEFINITIONAL_REPRESENTATION('',(#13711),#13715);
#13711 = LINE('',#13712,#13713);
#13712 = CARTESIAN_POINT('',(13.3985,0.));
#13713 = VECTOR('',#13714,1.);
#13714 = DIRECTION('',(0.,1.));
#13715 = ( GEOMETRIC_REPRESENTATION_CONTEXT(2) 
PARAMETRIC_REPRESENTATION_CONTEXT() REPRESENTATION_CONTEXT('2D SPACE',''
  ) );
#13716 = ORIENTED_EDGE('',*,*,#5423,.F.);
#13717 = ORIENTED_EDGE('',*,*,#13718,.F.);
#13718 = EDGE_CURVE('',#9774,#5401,#13719,.T.);
#13719 = SURFACE_CURVE('',#13720,(#13724,#13731),.PCURVE_S1.);
#13720 = LINE('',#13721,#13722);
#13721 = CARTESIAN_POINT('',(-3.656841314414,1.490116113834E-08,
    -15.00139995541));
#13722 = VECTOR('',#13723,1.);
#13723 = DIRECTION('',(0.,1.,0.));
#13724 = PCURVE('',#5444,#13725);
#13725 = DEFINITIONAL_REPRESENTATION('',(#13726),#13730);
#13726 = LINE('',#13727,#13728);
#13727 = CARTESIAN_POINT('',(-1.570796326795,0.));
#13728 = VECTOR('',#13729,1.);
#13729 = DIRECTION('',(0.,1.));
#13730 = ( GEOMETRIC_REPRESENTATION_CONTEXT(2) 
PARAMETRIC_REPRESENTATION_CONTEXT() REPRESENTATION_CONTEXT('2D SPACE',''
  ) );
#13731 = PCURVE('',#1233,#13732);
#13732 = DEFINITIONAL_REPRESENTATION('',(#13733),#13737);
#13733 = LINE('',#13734,#13735);
#13734 = CARTESIAN_POINT('',(14.0335,0.));
#13735 = VECTOR('',#13736,1.);
#13736 = DIRECTION('',(0.,1.));
#13737 = ( GEOMETRIC_REPRESENTATION_CONTEXT(2) 
PARAMETRIC_REPRESENTATION_CONTEXT() REPRESENTATION_CONTEXT('2D SPACE',''
  ) );
#13738 = ADVANCED_FACE('',(#13739),#5388,.F.);
#13739 = FACE_BOUND('',#13740,.F.);
#13740 = EDGE_LOOP('',(#13741,#13742,#13763,#13764));
#13741 = ORIENTED_EDGE('',*,*,#7695,.F.);
#13742 = ORIENTED_EDGE('',*,*,#13743,.T.);
#13743 = EDGE_CURVE('',#7696,#5372,#13744,.T.);
#13744 = SURFACE_CURVE('',#13745,(#13749,#13756),.PCURVE_S1.);
#13745 = LINE('',#13746,#13747);
#13746 = CARTESIAN_POINT('',(-5.561841314414,1.490116113834E-08,
    -15.00139995541));
#13747 = VECTOR('',#13748,1.);
#13748 = DIRECTION('',(0.,1.,0.));
#13749 = PCURVE('',#5388,#13750);
#13750 = DEFINITIONAL_REPRESENTATION('',(#13751),#13755);
#13751 = LINE('',#13752,#13753);
#13752 = CARTESIAN_POINT('',(1.570796326795,0.));
#13753 = VECTOR('',#13754,1.);
#13754 = DIRECTION('',(0.,1.));
#13755 = ( GEOMETRIC_REPRESENTATION_CONTEXT(2) 
PARAMETRIC_REPRESENTATION_CONTEXT() REPRESENTATION_CONTEXT('2D SPACE',''
  ) );
#13756 = PCURVE('',#1233,#13757);
#13757 = DEFINITIONAL_REPRESENTATION('',(#13758),#13762);
#13758 = LINE('',#13759,#13760);
#13759 = CARTESIAN_POINT('',(15.9385,0.));
#13760 = VECTOR('',#13761,1.);
#13761 = DIRECTION('',(0.,1.));
#13762 = ( GEOMETRIC_REPRESENTATION_CONTEXT(2) 
PARAMETRIC_REPRESENTATION_CONTEXT() REPRESENTATION_CONTEXT('2D SPACE',''
  ) );
#13763 = ORIENTED_EDGE('',*,*,#5371,.T.);
#13764 = ORIENTED_EDGE('',*,*,#13765,.F.);
#13765 = EDGE_CURVE('',#7673,#5349,#13766,.T.);
#13766 = SURFACE_CURVE('',#13767,(#13771,#13778),.PCURVE_S1.);
#13767 = LINE('',#13768,#13769);
#13768 = CARTESIAN_POINT('',(-6.196841314414,1.490116113834E-08,
    -15.00139995541));
#13769 = VECTOR('',#13770,1.);
#13770 = DIRECTION('',(0.,1.,0.));
#13771 = PCURVE('',#5388,#13772);
#13772 = DEFINITIONAL_REPRESENTATION('',(#13773),#13777);
#13773 = LINE('',#13774,#13775);
#13774 = CARTESIAN_POINT('',(-1.570796326795,0.));
#13775 = VECTOR('',#13776,1.);
#13776 = DIRECTION('',(0.,1.));
#13777 = ( GEOMETRIC_REPRESENTATION_CONTEXT(2) 
PARAMETRIC_REPRESENTATION_CONTEXT() REPRESENTATION_CONTEXT('2D SPACE',''
  ) );
#13778 = PCURVE('',#1120,#13779);
#13779 = DEFINITIONAL_REPRESENTATION('',(#13780),#13784);
#13780 = LINE('',#13781,#13782);
#13781 = CARTESIAN_POINT('',(16.5735,0.));
#13782 = VECTOR('',#13783,1.);
#13783 = DIRECTION('',(0.,1.));
#13784 = ( GEOMETRIC_REPRESENTATION_CONTEXT(2) 
PARAMETRIC_REPRESENTATION_CONTEXT() REPRESENTATION_CONTEXT('2D SPACE',''
  ) );
#13785 = ADVANCED_FACE('',(#13786),#5238,.F.);
#13786 = FACE_BOUND('',#13787,.F.);
#13787 = EDGE_LOOP('',(#13788,#13789,#13810,#13811));
#13788 = ORIENTED_EDGE('',*,*,#11345,.F.);
#13789 = ORIENTED_EDGE('',*,*,#13790,.T.);
#13790 = EDGE_CURVE('',#11346,#5222,#13791,.T.);
#13791 = SURFACE_CURVE('',#13792,(#13796,#13803),.PCURVE_S1.);
#13792 = LINE('',#13793,#13794);
#13793 = CARTESIAN_POINT('',(-6.196841314414,1.490116113834E-08,
    2.778600044587));
#13794 = VECTOR('',#13795,1.);
#13795 = DIRECTION('',(0.,1.,0.));
#13796 = PCURVE('',#5238,#13797);
#13797 = DEFINITIONAL_REPRESENTATION('',(#13798),#13802);
#13798 = LINE('',#13799,#13800);
#13799 = CARTESIAN_POINT('',(1.570796326795,0.));
#13800 = VECTOR('',#13801,1.);
#13801 = DIRECTION('',(0.,1.));
#13802 = ( GEOMETRIC_REPRESENTATION_CONTEXT(2) 
PARAMETRIC_REPRESENTATION_CONTEXT() REPRESENTATION_CONTEXT('2D SPACE',''
  ) );
#13803 = PCURVE('',#1008,#13804);
#13804 = DEFINITIONAL_REPRESENTATION('',(#13805),#13809);
#13805 = LINE('',#13806,#13807);
#13806 = CARTESIAN_POINT('',(0.5715,0.));
#13807 = VECTOR('',#13808,1.);
#13808 = DIRECTION('',(0.,1.));
#13809 = ( GEOMETRIC_REPRESENTATION_CONTEXT(2) 
PARAMETRIC_REPRESENTATION_CONTEXT() REPRESENTATION_CONTEXT('2D SPACE',''
  ) );
#13810 = ORIENTED_EDGE('',*,*,#5221,.T.);
#13811 = ORIENTED_EDGE('',*,*,#13812,.F.);
#13812 = EDGE_CURVE('',#11323,#5199,#13813,.T.);
#13813 = SURFACE_CURVE('',#13814,(#13818,#13825),.PCURVE_S1.);
#13814 = LINE('',#13815,#13816);
#13815 = CARTESIAN_POINT('',(-5.561841314414,1.490116113834E-08,
    2.778600044587));
#13816 = VECTOR('',#13817,1.);
#13817 = DIRECTION('',(0.,1.,0.));
#13818 = PCURVE('',#5238,#13819);
#13819 = DEFINITIONAL_REPRESENTATION('',(#13820),#13824);
#13820 = LINE('',#13821,#13822);
#13821 = CARTESIAN_POINT('',(-1.570796326795,0.));
#13822 = VECTOR('',#13823,1.);
#13823 = DIRECTION('',(0.,1.));
#13824 = ( GEOMETRIC_REPRESENTATION_CONTEXT(2) 
PARAMETRIC_REPRESENTATION_CONTEXT() REPRESENTATION_CONTEXT('2D SPACE',''
  ) );
#13825 = PCURVE('',#895,#13826);
#13826 = DEFINITIONAL_REPRESENTATION('',(#13827),#13831);
#13827 = LINE('',#13828,#13829);
#13828 = CARTESIAN_POINT('',(1.2065,0.));
#13829 = VECTOR('',#13830,1.);
#13830 = DIRECTION('',(0.,1.));
#13831 = ( GEOMETRIC_REPRESENTATION_CONTEXT(2) 
PARAMETRIC_REPRESENTATION_CONTEXT() REPRESENTATION_CONTEXT('2D SPACE',''
  ) );
#13832 = ADVANCED_FACE('',(#13833),#5186,.F.);
#13833 = FACE_BOUND('',#13834,.F.);
#13834 = EDGE_LOOP('',(#13835,#13836,#13857,#13858));
#13835 = ORIENTED_EDGE('',*,*,#12940,.F.);
#13836 = ORIENTED_EDGE('',*,*,#13837,.T.);
#13837 = EDGE_CURVE('',#12941,#5166,#13838,.T.);
#13838 = SURFACE_CURVE('',#13839,(#13843,#13850),.PCURVE_S1.);
#13839 = LINE('',#13840,#13841);
#13840 = CARTESIAN_POINT('',(-3.656841314414,1.490116113834E-08,
    2.778600044587));
#13841 = VECTOR('',#13842,1.);
#13842 = DIRECTION('',(0.,1.,0.));
#13843 = PCURVE('',#5186,#13844);
#13844 = DEFINITIONAL_REPRESENTATION('',(#13845),#13849);
#13845 = LINE('',#13846,#13847);
#13846 = CARTESIAN_POINT('',(1.570796326795,0.));
#13847 = VECTOR('',#13848,1.);
#13848 = DIRECTION('',(0.,1.));
#13849 = ( GEOMETRIC_REPRESENTATION_CONTEXT(2) 
PARAMETRIC_REPRESENTATION_CONTEXT() REPRESENTATION_CONTEXT('2D SPACE',''
  ) );
#13850 = PCURVE('',#895,#13851);
#13851 = DEFINITIONAL_REPRESENTATION('',(#13852),#13856);
#13852 = LINE('',#13853,#13854);
#13853 = CARTESIAN_POINT('',(3.1115,0.));
#13854 = VECTOR('',#13855,1.);
#13855 = DIRECTION('',(0.,1.));
#13856 = ( GEOMETRIC_REPRESENTATION_CONTEXT(2) 
PARAMETRIC_REPRESENTATION_CONTEXT() REPRESENTATION_CONTEXT('2D SPACE',''
  ) );
#13857 = ORIENTED_EDGE('',*,*,#5165,.F.);
#13858 = ORIENTED_EDGE('',*,*,#13859,.F.);
#13859 = EDGE_CURVE('',#12918,#5143,#13860,.T.);
#13860 = SURFACE_CURVE('',#13861,(#13865,#13872),.PCURVE_S1.);
#13861 = LINE('',#13862,#13863);
#13862 = CARTESIAN_POINT('',(-3.021841314414,1.490116113834E-08,
    2.778600044587));
#13863 = VECTOR('',#13864,1.);
#13864 = DIRECTION('',(0.,1.,0.));
#13865 = PCURVE('',#5186,#13866);
#13866 = DEFINITIONAL_REPRESENTATION('',(#13867),#13871);
#13867 = LINE('',#13868,#13869);
#13868 = CARTESIAN_POINT('',(-1.570796326795,0.));
#13869 = VECTOR('',#13870,1.);
#13870 = DIRECTION('',(0.,1.));
#13871 = ( GEOMETRIC_REPRESENTATION_CONTEXT(2) 
PARAMETRIC_REPRESENTATION_CONTEXT() REPRESENTATION_CONTEXT('2D SPACE',''
  ) );
#13872 = PCURVE('',#782,#13873);
#13873 = DEFINITIONAL_REPRESENTATION('',(#13874),#13878);
#13874 = LINE('',#13875,#13876);
#13875 = CARTESIAN_POINT('',(3.7465,0.));
#13876 = VECTOR('',#13877,1.);
#13877 = DIRECTION('',(0.,1.));
#13878 = ( GEOMETRIC_REPRESENTATION_CONTEXT(2) 
PARAMETRIC_REPRESENTATION_CONTEXT() REPRESENTATION_CONTEXT('2D SPACE',''
  ) );
#13879 = ADVANCED_FACE('',(#13880),#5130,.F.);
#13880 = FACE_BOUND('',#13881,.F.);
#13881 = EDGE_LOOP('',(#13882,#13883,#13904,#13905));
#13882 = ORIENTED_EDGE('',*,*,#12683,.F.);
#13883 = ORIENTED_EDGE('',*,*,#13884,.T.);
#13884 = EDGE_CURVE('',#12684,#5110,#13885,.T.);
#13885 = SURFACE_CURVE('',#13886,(#13890,#13897),.PCURVE_S1.);
#13886 = LINE('',#13887,#13888);
#13887 = CARTESIAN_POINT('',(-1.116841314414,1.490116113834E-08,
    2.778600044587));
#13888 = VECTOR('',#13889,1.);
#13889 = DIRECTION('',(0.,1.,0.));
#13890 = PCURVE('',#5130,#13891);
#13891 = DEFINITIONAL_REPRESENTATION('',(#13892),#13896);
#13892 = LINE('',#13893,#13894);
#13893 = CARTESIAN_POINT('',(7.853981633974,0.));
#13894 = VECTOR('',#13895,1.);
#13895 = DIRECTION('',(0.,1.));
#13896 = ( GEOMETRIC_REPRESENTATION_CONTEXT(2) 
PARAMETRIC_REPRESENTATION_CONTEXT() REPRESENTATION_CONTEXT('2D SPACE',''
  ) );
#13897 = PCURVE('',#782,#13898);
#13898 = DEFINITIONAL_REPRESENTATION('',(#13899),#13903);
#13899 = LINE('',#13900,#13901);
#13900 = CARTESIAN_POINT('',(5.6515,0.));
#13901 = VECTOR('',#13902,1.);
#13902 = DIRECTION('',(0.,1.));
#13903 = ( GEOMETRIC_REPRESENTATION_CONTEXT(2) 
PARAMETRIC_REPRESENTATION_CONTEXT() REPRESENTATION_CONTEXT('2D SPACE',''
  ) );
#13904 = ORIENTED_EDGE('',*,*,#5109,.F.);
#13905 = ORIENTED_EDGE('',*,*,#13906,.F.);
#13906 = EDGE_CURVE('',#12686,#5087,#13907,.T.);
#13907 = SURFACE_CURVE('',#13908,(#13912,#13919),.PCURVE_S1.);
#13908 = LINE('',#13909,#13910);
#13909 = CARTESIAN_POINT('',(-0.481841314414,1.490116113834E-08,
    2.778600044587));
#13910 = VECTOR('',#13911,1.);
#13911 = DIRECTION('',(0.,1.,0.));
#13912 = PCURVE('',#5130,#13913);
#13913 = DEFINITIONAL_REPRESENTATION('',(#13914),#13918);
#13914 = LINE('',#13915,#13916);
#13915 = CARTESIAN_POINT('',(4.712388980385,0.));
#13916 = VECTOR('',#13917,1.);
#13917 = DIRECTION('',(0.,1.));
#13918 = ( GEOMETRIC_REPRESENTATION_CONTEXT(2) 
PARAMETRIC_REPRESENTATION_CONTEXT() REPRESENTATION_CONTEXT('2D SPACE',''
  ) );
#13919 = PCURVE('',#669,#13920);
#13920 = DEFINITIONAL_REPRESENTATION('',(#13921),#13925);
#13921 = LINE('',#13922,#13923);
#13922 = CARTESIAN_POINT('',(6.2865,0.));
#13923 = VECTOR('',#13924,1.);
#13924 = DIRECTION('',(0.,1.));
#13925 = ( GEOMETRIC_REPRESENTATION_CONTEXT(2) 
PARAMETRIC_REPRESENTATION_CONTEXT() REPRESENTATION_CONTEXT('2D SPACE',''
  ) );
#13926 = ADVANCED_FACE('',(#13927),#5074,.F.);
#13927 = FACE_BOUND('',#13928,.F.);
#13928 = EDGE_LOOP('',(#13929,#13930,#13951,#13952));
#13929 = ORIENTED_EDGE('',*,*,#12522,.F.);
#13930 = ORIENTED_EDGE('',*,*,#13931,.T.);
#13931 = EDGE_CURVE('',#12523,#5054,#13932,.T.);
#13932 = SURFACE_CURVE('',#13933,(#13937,#13944),.PCURVE_S1.);
#13933 = LINE('',#13934,#13935);
#13934 = CARTESIAN_POINT('',(1.423158685586,1.490116113834E-08,
    2.778600044587));
#13935 = VECTOR('',#13936,1.);
#13936 = DIRECTION('',(0.,1.,0.));
#13937 = PCURVE('',#5074,#13938);
#13938 = DEFINITIONAL_REPRESENTATION('',(#13939),#13943);
#13939 = LINE('',#13940,#13941);
#13940 = CARTESIAN_POINT('',(1.570796326795,0.));
#13941 = VECTOR('',#13942,1.);
#13942 = DIRECTION('',(0.,1.));
#13943 = ( GEOMETRIC_REPRESENTATION_CONTEXT(2) 
PARAMETRIC_REPRESENTATION_CONTEXT() REPRESENTATION_CONTEXT('2D SPACE',''
  ) );
#13944 = PCURVE('',#669,#13945);
#13945 = DEFINITIONAL_REPRESENTATION('',(#13946),#13950);
#13946 = LINE('',#13947,#13948);
#13947 = CARTESIAN_POINT('',(8.1915,0.));
#13948 = VECTOR('',#13949,1.);
#13949 = DIRECTION('',(0.,1.));
#13950 = ( GEOMETRIC_REPRESENTATION_CONTEXT(2) 
PARAMETRIC_REPRESENTATION_CONTEXT() REPRESENTATION_CONTEXT('2D SPACE',''
  ) );
#13951 = ORIENTED_EDGE('',*,*,#5053,.F.);
#13952 = ORIENTED_EDGE('',*,*,#13953,.F.);
#13953 = EDGE_CURVE('',#12500,#5031,#13954,.T.);
#13954 = SURFACE_CURVE('',#13955,(#13959,#13966),.PCURVE_S1.);
#13955 = LINE('',#13956,#13957);
#13956 = CARTESIAN_POINT('',(2.058158685586,1.490116113834E-08,
    2.778600044587));
#13957 = VECTOR('',#13958,1.);
#13958 = DIRECTION('',(0.,1.,0.));
#13959 = PCURVE('',#5074,#13960);
#13960 = DEFINITIONAL_REPRESENTATION('',(#13961),#13965);
#13961 = LINE('',#13962,#13963);
#13962 = CARTESIAN_POINT('',(-1.570796326795,0.));
#13963 = VECTOR('',#13964,1.);
#13964 = DIRECTION('',(0.,1.));
#13965 = ( GEOMETRIC_REPRESENTATION_CONTEXT(2) 
PARAMETRIC_REPRESENTATION_CONTEXT() REPRESENTATION_CONTEXT('2D SPACE',''
  ) );
#13966 = PCURVE('',#556,#13967);
#13967 = DEFINITIONAL_REPRESENTATION('',(#13968),#13972);
#13968 = LINE('',#13969,#13970);
#13969 = CARTESIAN_POINT('',(8.8265,0.));
#13970 = VECTOR('',#13971,1.);
#13971 = DIRECTION('',(0.,1.));
#13972 = ( GEOMETRIC_REPRESENTATION_CONTEXT(2) 
PARAMETRIC_REPRESENTATION_CONTEXT() REPRESENTATION_CONTEXT('2D SPACE',''
  ) );
#13973 = ADVANCED_FACE('',(#13974),#5018,.F.);
#13974 = FACE_BOUND('',#13975,.F.);
#13975 = EDGE_LOOP('',(#13976,#13977,#13998,#13999));
#13976 = ORIENTED_EDGE('',*,*,#12313,.F.);
#13977 = ORIENTED_EDGE('',*,*,#13978,.T.);
#13978 = EDGE_CURVE('',#12314,#4998,#13979,.T.);
#13979 = SURFACE_CURVE('',#13980,(#13984,#13991),.PCURVE_S1.);
#13980 = LINE('',#13981,#13982);
#13981 = CARTESIAN_POINT('',(3.963158685586,1.490116113834E-08,
    2.778600044587));
#13982 = VECTOR('',#13983,1.);
#13983 = DIRECTION('',(0.,1.,0.));
#13984 = PCURVE('',#5018,#13985);
#13985 = DEFINITIONAL_REPRESENTATION('',(#13986),#13990);
#13986 = LINE('',#13987,#13988);
#13987 = CARTESIAN_POINT('',(1.570796326795,0.));
#13988 = VECTOR('',#13989,1.);
#13989 = DIRECTION('',(0.,1.));
#13990 = ( GEOMETRIC_REPRESENTATION_CONTEXT(2) 
PARAMETRIC_REPRESENTATION_CONTEXT() REPRESENTATION_CONTEXT('2D SPACE',''
  ) );
#13991 = PCURVE('',#556,#13992);
#13992 = DEFINITIONAL_REPRESENTATION('',(#13993),#13997);
#13993 = LINE('',#13994,#13995);
#13994 = CARTESIAN_POINT('',(10.7315,0.));
#13995 = VECTOR('',#13996,1.);
#13996 = DIRECTION('',(0.,1.));
#13997 = ( GEOMETRIC_REPRESENTATION_CONTEXT(2) 
PARAMETRIC_REPRESENTATION_CONTEXT() REPRESENTATION_CONTEXT('2D SPACE',''
  ) );
#13998 = ORIENTED_EDGE('',*,*,#4997,.F.);
#13999 = ORIENTED_EDGE('',*,*,#14000,.T.);
#14000 = EDGE_CURVE('',#4975,#12291,#14001,.T.);
#14001 = SURFACE_CURVE('',#14002,(#14006,#14013),.PCURVE_S1.);
#14002 = LINE('',#14003,#14004);
#14003 = CARTESIAN_POINT('',(4.598158685586,0.500000014901,
    2.778600044587));
#14004 = VECTOR('',#14005,1.);
#14005 = DIRECTION('',(-9.901235293914E-17,-1.,-8.267718464771E-17));
#14006 = PCURVE('',#5018,#14007);
#14007 = DEFINITIONAL_REPRESENTATION('',(#14008),#14012);
#14008 = LINE('',#14009,#14010);
#14009 = CARTESIAN_POINT('',(-1.570796326795,0.5));
#14010 = VECTOR('',#14011,1.);
#14011 = DIRECTION('',(0.,-1.));
#14012 = ( GEOMETRIC_REPRESENTATION_CONTEXT(2) 
PARAMETRIC_REPRESENTATION_CONTEXT() REPRESENTATION_CONTEXT('2D SPACE',''
  ) );
#14013 = PCURVE('',#443,#14014);
#14014 = DEFINITIONAL_REPRESENTATION('',(#14015),#14019);
#14015 = LINE('',#14016,#14017);
#14016 = CARTESIAN_POINT('',(11.3665,0.5));
#14017 = VECTOR('',#14018,1.);
#14018 = DIRECTION('',(-9.901235293914E-17,-1.));
#14019 = ( GEOMETRIC_REPRESENTATION_CONTEXT(2) 
PARAMETRIC_REPRESENTATION_CONTEXT() REPRESENTATION_CONTEXT('2D SPACE',''
  ) );
#14020 = ADVANCED_FACE('',(#14021),#4962,.F.);
#14021 = FACE_BOUND('',#14022,.F.);
#14022 = EDGE_LOOP('',(#14023,#14024,#14045,#14046));
#14023 = ORIENTED_EDGE('',*,*,#13149,.F.);
#14024 = ORIENTED_EDGE('',*,*,#14025,.T.);
#14025 = EDGE_CURVE('',#13150,#4942,#14026,.T.);
#14026 = SURFACE_CURVE('',#14027,(#14031,#14038),.PCURVE_S1.);
#14027 = LINE('',#14028,#14029);
#14028 = CARTESIAN_POINT('',(6.503158685586,1.490116113834E-08,
    2.778600044587));
#14029 = VECTOR('',#14030,1.);
#14030 = DIRECTION('',(0.,1.,0.));
#14031 = PCURVE('',#4962,#14032);
#14032 = DEFINITIONAL_REPRESENTATION('',(#14033),#14037);
#14033 = LINE('',#14034,#14035);
#14034 = CARTESIAN_POINT('',(7.853981633974,0.));
#14035 = VECTOR('',#14036,1.);
#14036 = DIRECTION('',(0.,1.));
#14037 = ( GEOMETRIC_REPRESENTATION_CONTEXT(2) 
PARAMETRIC_REPRESENTATION_CONTEXT() REPRESENTATION_CONTEXT('2D SPACE',''
  ) );
#14038 = PCURVE('',#443,#14039);
#14039 = DEFINITIONAL_REPRESENTATION('',(#14040),#14044);
#14040 = LINE('',#14041,#14042);
#14041 = CARTESIAN_POINT('',(13.2715,0.));
#14042 = VECTOR('',#14043,1.);
#14043 = DIRECTION('',(0.,1.));
#14044 = ( GEOMETRIC_REPRESENTATION_CONTEXT(2) 
PARAMETRIC_REPRESENTATION_CONTEXT() REPRESENTATION_CONTEXT('2D SPACE',''
  ) );
#14045 = ORIENTED_EDGE('',*,*,#4941,.F.);
#14046 = ORIENTED_EDGE('',*,*,#14047,.T.);
#14047 = EDGE_CURVE('',#4919,#13127,#14048,.T.);
#14048 = SURFACE_CURVE('',#14049,(#14053,#14060),.PCURVE_S1.);
#14049 = LINE('',#14050,#14051);
#14050 = CARTESIAN_POINT('',(7.138158685586,0.500000014901,
    2.778600044587));
#14051 = VECTOR('',#14052,1.);
#14052 = DIRECTION('',(-9.901235293914E-17,-1.,-8.267718464771E-17));
#14053 = PCURVE('',#4962,#14054);
#14054 = DEFINITIONAL_REPRESENTATION('',(#14055),#14059);
#14055 = LINE('',#14056,#14057);
#14056 = CARTESIAN_POINT('',(4.712388980385,0.5));
#14057 = VECTOR('',#14058,1.);
#14058 = DIRECTION('',(0.,-1.));
#14059 = ( GEOMETRIC_REPRESENTATION_CONTEXT(2) 
PARAMETRIC_REPRESENTATION_CONTEXT() REPRESENTATION_CONTEXT('2D SPACE',''
  ) );
#14060 = PCURVE('',#330,#14061);
#14061 = DEFINITIONAL_REPRESENTATION('',(#14062),#14066);
#14062 = LINE('',#14063,#14064);
#14063 = CARTESIAN_POINT('',(13.9065,0.5));
#14064 = VECTOR('',#14065,1.);
#14065 = DIRECTION('',(-9.901235293914E-17,-1.));
#14066 = ( GEOMETRIC_REPRESENTATION_CONTEXT(2) 
PARAMETRIC_REPRESENTATION_CONTEXT() REPRESENTATION_CONTEXT('2D SPACE',''
  ) );
#14067 = ADVANCED_FACE('',(#14068),#4906,.F.);
#14068 = FACE_BOUND('',#14069,.F.);
#14069 = EDGE_LOOP('',(#14070,#14071,#14092,#14093));
#14070 = ORIENTED_EDGE('',*,*,#13358,.F.);
#14071 = ORIENTED_EDGE('',*,*,#14072,.T.);
#14072 = EDGE_CURVE('',#13359,#4890,#14073,.T.);
#14073 = SURFACE_CURVE('',#14074,(#14078,#14085),.PCURVE_S1.);
#14074 = LINE('',#14075,#14076);
#14075 = CARTESIAN_POINT('',(9.043158685586,1.490116113834E-08,
    2.778600044587));
#14076 = VECTOR('',#14077,1.);
#14077 = DIRECTION('',(0.,1.,0.));
#14078 = PCURVE('',#4906,#14079);
#14079 = DEFINITIONAL_REPRESENTATION('',(#14080),#14084);
#14080 = LINE('',#14081,#14082);
#14081 = CARTESIAN_POINT('',(1.570796326795,0.));
#14082 = VECTOR('',#14083,1.);
#14083 = DIRECTION('',(0.,1.));
#14084 = ( GEOMETRIC_REPRESENTATION_CONTEXT(2) 
PARAMETRIC_REPRESENTATION_CONTEXT() REPRESENTATION_CONTEXT('2D SPACE',''
  ) );
#14085 = PCURVE('',#330,#14086);
#14086 = DEFINITIONAL_REPRESENTATION('',(#14087),#14091);
#14087 = LINE('',#14088,#14089);
#14088 = CARTESIAN_POINT('',(15.8115,0.));
#14089 = VECTOR('',#14090,1.);
#14090 = DIRECTION('',(0.,1.));
#14091 = ( GEOMETRIC_REPRESENTATION_CONTEXT(2) 
PARAMETRIC_REPRESENTATION_CONTEXT() REPRESENTATION_CONTEXT('2D SPACE',''
  ) );
#14092 = ORIENTED_EDGE('',*,*,#4889,.T.);
#14093 = ORIENTED_EDGE('',*,*,#14094,.T.);
#14094 = EDGE_CURVE('',#4867,#13336,#14095,.T.);
#14095 = SURFACE_CURVE('',#14096,(#14100,#14107),.PCURVE_S1.);
#14096 = LINE('',#14097,#14098);
#14097 = CARTESIAN_POINT('',(9.678158685586,0.500000014901,
    2.778600044587));
#14098 = VECTOR('',#14099,1.);
#14099 = DIRECTION('',(-9.901235293914E-17,-1.,-8.267718464771E-17));
#14100 = PCURVE('',#4906,#14101);
#14101 = DEFINITIONAL_REPRESENTATION('',(#14102),#14106);
#14102 = LINE('',#14103,#14104);
#14103 = CARTESIAN_POINT('',(-1.570796326795,0.5));
#14104 = VECTOR('',#14105,1.);
#14105 = DIRECTION('',(0.,-1.));
#14106 = ( GEOMETRIC_REPRESENTATION_CONTEXT(2) 
PARAMETRIC_REPRESENTATION_CONTEXT() REPRESENTATION_CONTEXT('2D SPACE',''
  ) );
#14107 = PCURVE('',#217,#14108);
#14108 = DEFINITIONAL_REPRESENTATION('',(#14109),#14113);
#14109 = LINE('',#14110,#14111);
#14110 = CARTESIAN_POINT('',(16.4465,0.5));
#14111 = VECTOR('',#14112,1.);
#14112 = DIRECTION('',(-9.901235293914E-17,-1.));
#14113 = ( GEOMETRIC_REPRESENTATION_CONTEXT(2) 
PARAMETRIC_REPRESENTATION_CONTEXT() REPRESENTATION_CONTEXT('2D SPACE',''
  ) );
#14114 = ADVANCED_FACE('',(#14115),#3252,.F.);
#14115 = FACE_BOUND('',#14116,.F.);
#14116 = EDGE_LOOP('',(#14117,#14118,#14139,#14140));
#14117 = ORIENTED_EDGE('',*,*,#7064,.F.);
#14118 = ORIENTED_EDGE('',*,*,#14119,.F.);
#14119 = EDGE_CURVE('',#3208,#7042,#14120,.T.);
#14120 = SURFACE_CURVE('',#14121,(#14125,#14132),.PCURVE_S1.);
#14121 = LINE('',#14122,#14123);
#14122 = CARTESIAN_POINT('',(-3.974341314414,1.490116113834E-08,
    -12.58839995541));
#14123 = VECTOR('',#14124,1.);
#14124 = DIRECTION('',(0.,1.,0.));
#14125 = PCURVE('',#3252,#14126);
#14126 = DEFINITIONAL_REPRESENTATION('',(#14127),#14131);
#14127 = LINE('',#14128,#14129);
#14128 = CARTESIAN_POINT('',(0.,0.));
#14129 = VECTOR('',#14130,1.);
#14130 = DIRECTION('',(0.,1.));
#14131 = ( GEOMETRIC_REPRESENTATION_CONTEXT(2) 
PARAMETRIC_REPRESENTATION_CONTEXT() REPRESENTATION_CONTEXT('2D SPACE',''
  ) );
#14132 = PCURVE('',#3223,#14133);
#14133 = DEFINITIONAL_REPRESENTATION('',(#14134),#14138);
#14134 = LINE('',#14135,#14136);
#14135 = CARTESIAN_POINT('',(7.105427357601E-15,0.));
#14136 = VECTOR('',#14137,1.);
#14137 = DIRECTION('',(0.,1.));
#14138 = ( GEOMETRIC_REPRESENTATION_CONTEXT(2) 
PARAMETRIC_REPRESENTATION_CONTEXT() REPRESENTATION_CONTEXT('2D SPACE',''
  ) );
#14139 = ORIENTED_EDGE('',*,*,#3235,.T.);
#14140 = ORIENTED_EDGE('',*,*,#4791,.T.);
#14141 = ADVANCED_FACE('',(#14142),#3223,.T.);
#14142 = FACE_BOUND('',#14143,.T.);
#14143 = EDGE_LOOP('',(#14144,#14145,#14146,#14166));
#14144 = ORIENTED_EDGE('',*,*,#14119,.F.);
#14145 = ORIENTED_EDGE('',*,*,#3207,.F.);
#14146 = ORIENTED_EDGE('',*,*,#14147,.T.);
#14147 = EDGE_CURVE('',#3180,#7014,#14148,.T.);
#14148 = SURFACE_CURVE('',#14149,(#14153,#14160),.PCURVE_S1.);
#14149 = LINE('',#14150,#14151);
#14150 = CARTESIAN_POINT('',(-3.212341314414,1.490116113834E-08,
    -12.58839995541));
#14151 = VECTOR('',#14152,1.);
#14152 = DIRECTION('',(0.,1.,0.));
#14153 = PCURVE('',#3223,#14154);
#14154 = DEFINITIONAL_REPRESENTATION('',(#14155),#14159);
#14155 = LINE('',#14156,#14157);
#14156 = CARTESIAN_POINT('',(0.762,0.));
#14157 = VECTOR('',#14158,1.);
#14158 = DIRECTION('',(0.,1.));
#14159 = ( GEOMETRIC_REPRESENTATION_CONTEXT(2) 
PARAMETRIC_REPRESENTATION_CONTEXT() REPRESENTATION_CONTEXT('2D SPACE',''
  ) );
#14160 = PCURVE('',#3196,#14161);
#14161 = DEFINITIONAL_REPRESENTATION('',(#14162),#14165);
#14162 = B_SPLINE_CURVE_WITH_KNOTS('',1,(#14163,#14164),.UNSPECIFIED.,
  .F.,.F.,(2,2),(-0.25,0.99),.PIECEWISE_BEZIER_KNOTS.);
#14163 = CARTESIAN_POINT('',(1.570750021735,-0.25));
#14164 = CARTESIAN_POINT('',(1.570750021735,0.99));
#14165 = ( GEOMETRIC_REPRESENTATION_CONTEXT(2) 
PARAMETRIC_REPRESENTATION_CONTEXT() REPRESENTATION_CONTEXT('2D SPACE',''
  ) );
#14166 = ORIENTED_EDGE('',*,*,#7041,.T.);
#14167 = ADVANCED_FACE('',(#14168),#3196,.F.);
#14168 = FACE_BOUND('',#14169,.F.);
#14169 = EDGE_LOOP('',(#14170,#14171,#14192,#14193));
#14170 = ORIENTED_EDGE('',*,*,#7013,.F.);
#14171 = ORIENTED_EDGE('',*,*,#14172,.F.);
#14172 = EDGE_CURVE('',#3152,#6986,#14173,.T.);
#14173 = SURFACE_CURVE('',#14174,(#14178,#14185),.PCURVE_S1.);
#14174 = LINE('',#14175,#14176);
#14175 = CARTESIAN_POINT('',(-2.958341314414,1.490116113834E-08,
    -12.33439995541));
#14176 = VECTOR('',#14177,1.);
#14177 = DIRECTION('',(0.,1.,0.));
#14178 = PCURVE('',#3196,#14179);
#14179 = DEFINITIONAL_REPRESENTATION('',(#14180),#14184);
#14180 = LINE('',#14181,#14182);
#14181 = CARTESIAN_POINT('',(0.,0.));
#14182 = VECTOR('',#14183,1.);
#14183 = DIRECTION('',(0.,1.));
#14184 = ( GEOMETRIC_REPRESENTATION_CONTEXT(2) 
PARAMETRIC_REPRESENTATION_CONTEXT() REPRESENTATION_CONTEXT('2D SPACE',''
  ) );
#14185 = PCURVE('',#3168,#14186);
#14186 = DEFINITIONAL_REPRESENTATION('',(#14187),#14191);
#14187 = LINE('',#14188,#14189);
#14188 = CARTESIAN_POINT('',(1.570750021735,0.));
#14189 = VECTOR('',#14190,1.);
#14190 = DIRECTION('',(0.,1.));
#14191 = ( GEOMETRIC_REPRESENTATION_CONTEXT(2) 
PARAMETRIC_REPRESENTATION_CONTEXT() REPRESENTATION_CONTEXT('2D SPACE',''
  ) );
#14192 = ORIENTED_EDGE('',*,*,#3179,.T.);
#14193 = ORIENTED_EDGE('',*,*,#14147,.T.);
#14194 = ADVANCED_FACE('',(#14195),#3168,.F.);
#14195 = FACE_BOUND('',#14196,.F.);
#14196 = EDGE_LOOP('',(#14197,#14198,#14219,#14220));
#14197 = ORIENTED_EDGE('',*,*,#6985,.F.);
#14198 = ORIENTED_EDGE('',*,*,#14199,.F.);
#14199 = EDGE_CURVE('',#3124,#6952,#14200,.T.);
#14200 = SURFACE_CURVE('',#14201,(#14205,#14212),.PCURVE_S1.);
#14201 = LINE('',#14202,#14203);
#14202 = CARTESIAN_POINT('',(-3.212341314414,1.490116113834E-08,
    -12.08039995541));
#14203 = VECTOR('',#14204,1.);
#14204 = DIRECTION('',(0.,1.,0.));
#14205 = PCURVE('',#3168,#14206);
#14206 = DEFINITIONAL_REPRESENTATION('',(#14207),#14211);
#14207 = LINE('',#14208,#14209);
#14208 = CARTESIAN_POINT('',(0.,0.));
#14209 = VECTOR('',#14210,1.);
#14210 = DIRECTION('',(0.,1.));
#14211 = ( GEOMETRIC_REPRESENTATION_CONTEXT(2) 
PARAMETRIC_REPRESENTATION_CONTEXT() REPRESENTATION_CONTEXT('2D SPACE',''
  ) );
#14212 = PCURVE('',#3139,#14213);
#14213 = DEFINITIONAL_REPRESENTATION('',(#14214),#14218);
#14214 = LINE('',#14215,#14216);
#14215 = CARTESIAN_POINT('',(4.440892098501E-16,0.));
#14216 = VECTOR('',#14217,1.);
#14217 = DIRECTION('',(0.,1.));
#14218 = ( GEOMETRIC_REPRESENTATION_CONTEXT(2) 
PARAMETRIC_REPRESENTATION_CONTEXT() REPRESENTATION_CONTEXT('2D SPACE',''
  ) );
#14219 = ORIENTED_EDGE('',*,*,#3151,.T.);
#14220 = ORIENTED_EDGE('',*,*,#14172,.T.);
#14221 = ADVANCED_FACE('',(#14222),#3139,.T.);
#14222 = FACE_BOUND('',#14223,.T.);
#14223 = EDGE_LOOP('',(#14224,#14225,#14226,#14227,#14228));
#14224 = ORIENTED_EDGE('',*,*,#14199,.F.);
#14225 = ORIENTED_EDGE('',*,*,#3121,.F.);
#14226 = ORIENTED_EDGE('',*,*,#4813,.F.);
#14227 = ORIENTED_EDGE('',*,*,#7091,.T.);
#14228 = ORIENTED_EDGE('',*,*,#6949,.T.);
#14229 = ADVANCED_FACE('',(#14230),#3107,.F.);
#14230 = FACE_BOUND('',#14231,.F.);
#14231 = EDGE_LOOP('',(#14232,#14252,#14253,#14274));
#14232 = ORIENTED_EDGE('',*,*,#14233,.F.);
#14233 = EDGE_CURVE('',#3066,#6061,#14234,.T.);
#14234 = SURFACE_CURVE('',#14235,(#14239,#14246),.PCURVE_S1.);
#14235 = LINE('',#14236,#14237);
#14236 = CARTESIAN_POINT('',(11.646658685586,1.490116113834E-08,
    -2.015649955413));
#14237 = VECTOR('',#14238,1.);
#14238 = DIRECTION('',(0.,1.,0.));
#14239 = PCURVE('',#3107,#14240);
#14240 = DEFINITIONAL_REPRESENTATION('',(#14241),#14245);
#14241 = LINE('',#14242,#14243);
#14242 = CARTESIAN_POINT('',(0.,0.));
#14243 = VECTOR('',#14244,1.);
#14244 = DIRECTION('',(0.,1.));
#14245 = ( GEOMETRIC_REPRESENTATION_CONTEXT(2) 
PARAMETRIC_REPRESENTATION_CONTEXT() REPRESENTATION_CONTEXT('2D SPACE',''
  ) );
#14246 = PCURVE('',#3082,#14247);
#14247 = DEFINITIONAL_REPRESENTATION('',(#14248),#14251);
#14248 = B_SPLINE_CURVE_WITH_KNOTS('',1,(#14249,#14250),.UNSPECIFIED.,
  .F.,.F.,(2,2),(-27.73164066201,28.481640662012),
  .PIECEWISE_BEZIER_KNOTS.);
#14249 = CARTESIAN_POINT('',(3.14159265359,-27.73164066201));
#14250 = CARTESIAN_POINT('',(3.14159265359,28.481640662012));
#14251 = ( GEOMETRIC_REPRESENTATION_CONTEXT(2) 
PARAMETRIC_REPRESENTATION_CONTEXT() REPRESENTATION_CONTEXT('2D SPACE',''
  ) );
#14252 = ORIENTED_EDGE('',*,*,#3093,.T.);
#14253 = ORIENTED_EDGE('',*,*,#14254,.T.);
#14254 = EDGE_CURVE('',#3008,#6089,#14255,.T.);
#14255 = SURFACE_CURVE('',#14256,(#14260,#14267),.PCURVE_S1.);
#14256 = LINE('',#14257,#14258);
#14257 = CARTESIAN_POINT('',(10.757658685586,1.490116113834E-08,
    -2.015649955413));
#14258 = VECTOR('',#14259,1.);
#14259 = DIRECTION('',(0.,1.,0.));
#14260 = PCURVE('',#3107,#14261);
#14261 = DEFINITIONAL_REPRESENTATION('',(#14262),#14266);
#14262 = LINE('',#14263,#14264);
#14263 = CARTESIAN_POINT('',(0.889,0.));
#14264 = VECTOR('',#14265,1.);
#14265 = DIRECTION('',(0.,1.));
#14266 = ( GEOMETRIC_REPRESENTATION_CONTEXT(2) 
PARAMETRIC_REPRESENTATION_CONTEXT() REPRESENTATION_CONTEXT('2D SPACE',''
  ) );
#14267 = PCURVE('',#3026,#14268);
#14268 = DEFINITIONAL_REPRESENTATION('',(#14269),#14273);
#14269 = LINE('',#14270,#14271);
#14270 = CARTESIAN_POINT('',(0.,0.));
#14271 = VECTOR('',#14272,1.);
#14272 = DIRECTION('',(0.,1.));
#14273 = ( GEOMETRIC_REPRESENTATION_CONTEXT(2) 
PARAMETRIC_REPRESENTATION_CONTEXT() REPRESENTATION_CONTEXT('2D SPACE',''
  ) );
#14274 = ORIENTED_EDGE('',*,*,#6088,.F.);
#14275 = ADVANCED_FACE('',(#14276),#3082,.F.);
#14276 = FACE_BOUND('',#14277,.F.);
#14277 = EDGE_LOOP('',(#14278,#14279,#14300,#14301));
#14278 = ORIENTED_EDGE('',*,*,#6060,.F.);
#14279 = ORIENTED_EDGE('',*,*,#14280,.F.);
#14280 = EDGE_CURVE('',#3038,#6038,#14281,.T.);
#14281 = SURFACE_CURVE('',#14282,(#14286,#14293),.PCURVE_S1.);
#14282 = LINE('',#14283,#14284);
#14283 = CARTESIAN_POINT('',(11.646658685586,1.490116113834E-08,
    -1.571149955412));
#14284 = VECTOR('',#14285,1.);
#14285 = DIRECTION('',(0.,1.,0.));
#14286 = PCURVE('',#3082,#14287);
#14287 = DEFINITIONAL_REPRESENTATION('',(#14288),#14292);
#14288 = LINE('',#14289,#14290);
#14289 = CARTESIAN_POINT('',(0.,0.));
#14290 = VECTOR('',#14291,1.);
#14291 = DIRECTION('',(0.,1.));
#14292 = ( GEOMETRIC_REPRESENTATION_CONTEXT(2) 
PARAMETRIC_REPRESENTATION_CONTEXT() REPRESENTATION_CONTEXT('2D SPACE',''
  ) );
#14293 = PCURVE('',#3053,#14294);
#14294 = DEFINITIONAL_REPRESENTATION('',(#14295),#14299);
#14295 = LINE('',#14296,#14297);
#14296 = CARTESIAN_POINT('',(0.889,0.));
#14297 = VECTOR('',#14298,1.);
#14298 = DIRECTION('',(0.,1.));
#14299 = ( GEOMETRIC_REPRESENTATION_CONTEXT(2) 
PARAMETRIC_REPRESENTATION_CONTEXT() REPRESENTATION_CONTEXT('2D SPACE',''
  ) );
#14300 = ORIENTED_EDGE('',*,*,#3065,.T.);
#14301 = ORIENTED_EDGE('',*,*,#14233,.T.);
#14302 = ADVANCED_FACE('',(#14303),#3053,.F.);
#14303 = FACE_BOUND('',#14304,.F.);
#14304 = EDGE_LOOP('',(#14305,#14325,#14326,#14327));
#14305 = ORIENTED_EDGE('',*,*,#14306,.F.);
#14306 = EDGE_CURVE('',#3010,#6036,#14307,.T.);
#14307 = SURFACE_CURVE('',#14308,(#14312,#14319),.PCURVE_S1.);
#14308 = LINE('',#14309,#14310);
#14309 = CARTESIAN_POINT('',(10.757658685586,1.490116113834E-08,
    -1.571149955413));
#14310 = VECTOR('',#14311,1.);
#14311 = DIRECTION('',(0.,1.,0.));
#14312 = PCURVE('',#3053,#14313);
#14313 = DEFINITIONAL_REPRESENTATION('',(#14314),#14318);
#14314 = LINE('',#14315,#14316);
#14315 = CARTESIAN_POINT('',(0.,0.));
#14316 = VECTOR('',#14317,1.);
#14317 = DIRECTION('',(0.,1.));
#14318 = ( GEOMETRIC_REPRESENTATION_CONTEXT(2) 
PARAMETRIC_REPRESENTATION_CONTEXT() REPRESENTATION_CONTEXT('2D SPACE',''
  ) );
#14319 = PCURVE('',#3026,#14320);
#14320 = DEFINITIONAL_REPRESENTATION('',(#14321),#14324);
#14321 = B_SPLINE_CURVE_WITH_KNOTS('',1,(#14322,#14323),.UNSPECIFIED.,
  .F.,.F.,(2,2),(-27.73164066201,28.481640662012),
  .PIECEWISE_BEZIER_KNOTS.);
#14322 = CARTESIAN_POINT('',(3.14159265359,-27.73164066201));
#14323 = CARTESIAN_POINT('',(3.14159265359,28.481640662012));
#14324 = ( GEOMETRIC_REPRESENTATION_CONTEXT(2) 
PARAMETRIC_REPRESENTATION_CONTEXT() REPRESENTATION_CONTEXT('2D SPACE',''
  ) );
#14325 = ORIENTED_EDGE('',*,*,#3037,.T.);
#14326 = ORIENTED_EDGE('',*,*,#14280,.T.);
#14327 = ORIENTED_EDGE('',*,*,#6035,.F.);
#14328 = ADVANCED_FACE('',(#14329),#3026,.F.);
#14329 = FACE_BOUND('',#14330,.F.);
#14330 = EDGE_LOOP('',(#14331,#14332,#14333,#14334));
#14331 = ORIENTED_EDGE('',*,*,#6111,.F.);
#14332 = ORIENTED_EDGE('',*,*,#14254,.F.);
#14333 = ORIENTED_EDGE('',*,*,#3007,.T.);
#14334 = ORIENTED_EDGE('',*,*,#14306,.T.);
#14335 = ADVANCED_FACE('',(#14336),#2993,.F.);
#14336 = FACE_BOUND('',#14337,.F.);
#14337 = EDGE_LOOP('',(#14338,#14358,#14359,#14380));
#14338 = ORIENTED_EDGE('',*,*,#14339,.F.);
#14339 = EDGE_CURVE('',#2952,#6613,#14340,.T.);
#14340 = SURFACE_CURVE('',#14341,(#14345,#14352),.PCURVE_S1.);
#14341 = LINE('',#14342,#14343);
#14342 = CARTESIAN_POINT('',(7.455658685586,1.490116113834E-08,
    -10.65164995541));
#14343 = VECTOR('',#14344,1.);
#14344 = DIRECTION('',(0.,1.,0.));
#14345 = PCURVE('',#2993,#14346);
#14346 = DEFINITIONAL_REPRESENTATION('',(#14347),#14351);
#14347 = LINE('',#14348,#14349);
#14348 = CARTESIAN_POINT('',(0.,0.));
#14349 = VECTOR('',#14350,1.);
#14350 = DIRECTION('',(0.,1.));
#14351 = ( GEOMETRIC_REPRESENTATION_CONTEXT(2) 
PARAMETRIC_REPRESENTATION_CONTEXT() REPRESENTATION_CONTEXT('2D SPACE',''
  ) );
#14352 = PCURVE('',#2968,#14353);
#14353 = DEFINITIONAL_REPRESENTATION('',(#14354),#14357);
#14354 = B_SPLINE_CURVE_WITH_KNOTS('',1,(#14355,#14356),.UNSPECIFIED.,
  .F.,.F.,(2,2),(-27.73164066201,28.481640662012),
  .PIECEWISE_BEZIER_KNOTS.);
#14355 = CARTESIAN_POINT('',(3.14159265359,-27.73164066201));
#14356 = CARTESIAN_POINT('',(3.14159265359,28.481640662012));
#14357 = ( GEOMETRIC_REPRESENTATION_CONTEXT(2) 
PARAMETRIC_REPRESENTATION_CONTEXT() REPRESENTATION_CONTEXT('2D SPACE',''
  ) );
#14358 = ORIENTED_EDGE('',*,*,#2979,.T.);
#14359 = ORIENTED_EDGE('',*,*,#14360,.T.);
#14360 = EDGE_CURVE('',#2894,#6641,#14361,.T.);
#14361 = SURFACE_CURVE('',#14362,(#14366,#14373),.PCURVE_S1.);
#14362 = LINE('',#14363,#14364);
#14363 = CARTESIAN_POINT('',(6.566658685586,1.490116113834E-08,
    -10.65164995541));
#14364 = VECTOR('',#14365,1.);
#14365 = DIRECTION('',(0.,1.,0.));
#14366 = PCURVE('',#2993,#14367);
#14367 = DEFINITIONAL_REPRESENTATION('',(#14368),#14372);
#14368 = LINE('',#14369,#14370);
#14369 = CARTESIAN_POINT('',(0.889,0.));
#14370 = VECTOR('',#14371,1.);
#14371 = DIRECTION('',(0.,1.));
#14372 = ( GEOMETRIC_REPRESENTATION_CONTEXT(2) 
PARAMETRIC_REPRESENTATION_CONTEXT() REPRESENTATION_CONTEXT('2D SPACE',''
  ) );
#14373 = PCURVE('',#2912,#14374);
#14374 = DEFINITIONAL_REPRESENTATION('',(#14375),#14379);
#14375 = LINE('',#14376,#14377);
#14376 = CARTESIAN_POINT('',(0.,0.));
#14377 = VECTOR('',#14378,1.);
#14378 = DIRECTION('',(0.,1.));
#14379 = ( GEOMETRIC_REPRESENTATION_CONTEXT(2) 
PARAMETRIC_REPRESENTATION_CONTEXT() REPRESENTATION_CONTEXT('2D SPACE',''
  ) );
#14380 = ORIENTED_EDGE('',*,*,#6640,.F.);
#14381 = ADVANCED_FACE('',(#14382),#2968,.F.);
#14382 = FACE_BOUND('',#14383,.F.);
#14383 = EDGE_LOOP('',(#14384,#14385,#14406,#14407));
#14384 = ORIENTED_EDGE('',*,*,#6612,.F.);
#14385 = ORIENTED_EDGE('',*,*,#14386,.F.);
#14386 = EDGE_CURVE('',#2924,#6590,#14387,.T.);
#14387 = SURFACE_CURVE('',#14388,(#14392,#14399),.PCURVE_S1.);
#14388 = LINE('',#14389,#14390);
#14389 = CARTESIAN_POINT('',(7.455658685586,1.490116113834E-08,
    -10.20714995541));
#14390 = VECTOR('',#14391,1.);
#14391 = DIRECTION('',(0.,1.,0.));
#14392 = PCURVE('',#2968,#14393);
#14393 = DEFINITIONAL_REPRESENTATION('',(#14394),#14398);
#14394 = LINE('',#14395,#14396);
#14395 = CARTESIAN_POINT('',(0.,0.));
#14396 = VECTOR('',#14397,1.);
#14397 = DIRECTION('',(0.,1.));
#14398 = ( GEOMETRIC_REPRESENTATION_CONTEXT(2) 
PARAMETRIC_REPRESENTATION_CONTEXT() REPRESENTATION_CONTEXT('2D SPACE',''
  ) );
#14399 = PCURVE('',#2939,#14400);
#14400 = DEFINITIONAL_REPRESENTATION('',(#14401),#14405);
#14401 = LINE('',#14402,#14403);
#14402 = CARTESIAN_POINT('',(0.889,0.));
#14403 = VECTOR('',#14404,1.);
#14404 = DIRECTION('',(0.,1.));
#14405 = ( GEOMETRIC_REPRESENTATION_CONTEXT(2) 
PARAMETRIC_REPRESENTATION_CONTEXT() REPRESENTATION_CONTEXT('2D SPACE',''
  ) );
#14406 = ORIENTED_EDGE('',*,*,#2951,.T.);
#14407 = ORIENTED_EDGE('',*,*,#14339,.T.);
#14408 = ADVANCED_FACE('',(#14409),#2939,.F.);
#14409 = FACE_BOUND('',#14410,.F.);
#14410 = EDGE_LOOP('',(#14411,#14431,#14432,#14433));
#14411 = ORIENTED_EDGE('',*,*,#14412,.F.);
#14412 = EDGE_CURVE('',#2896,#6588,#14413,.T.);
#14413 = SURFACE_CURVE('',#14414,(#14418,#14425),.PCURVE_S1.);
#14414 = LINE('',#14415,#14416);
#14415 = CARTESIAN_POINT('',(6.566658685586,1.490116113834E-08,
    -10.20714995541));
#14416 = VECTOR('',#14417,1.);
#14417 = DIRECTION('',(0.,1.,0.));
#14418 = PCURVE('',#2939,#14419);
#14419 = DEFINITIONAL_REPRESENTATION('',(#14420),#14424);
#14420 = LINE('',#14421,#14422);
#14421 = CARTESIAN_POINT('',(0.,0.));
#14422 = VECTOR('',#14423,1.);
#14423 = DIRECTION('',(0.,1.));
#14424 = ( GEOMETRIC_REPRESENTATION_CONTEXT(2) 
PARAMETRIC_REPRESENTATION_CONTEXT() REPRESENTATION_CONTEXT('2D SPACE',''
  ) );
#14425 = PCURVE('',#2912,#14426);
#14426 = DEFINITIONAL_REPRESENTATION('',(#14427),#14430);
#14427 = B_SPLINE_CURVE_WITH_KNOTS('',1,(#14428,#14429),.UNSPECIFIED.,
  .F.,.F.,(2,2),(-27.73164066201,28.481640662012),
  .PIECEWISE_BEZIER_KNOTS.);
#14428 = CARTESIAN_POINT('',(3.14159265359,-27.73164066201));
#14429 = CARTESIAN_POINT('',(3.14159265359,28.481640662012));
#14430 = ( GEOMETRIC_REPRESENTATION_CONTEXT(2) 
PARAMETRIC_REPRESENTATION_CONTEXT() REPRESENTATION_CONTEXT('2D SPACE',''
  ) );
#14431 = ORIENTED_EDGE('',*,*,#2923,.T.);
#14432 = ORIENTED_EDGE('',*,*,#14386,.T.);
#14433 = ORIENTED_EDGE('',*,*,#6587,.F.);
#14434 = ADVANCED_FACE('',(#14435),#2912,.F.);
#14435 = FACE_BOUND('',#14436,.F.);
#14436 = EDGE_LOOP('',(#14437,#14438,#14439,#14440));
#14437 = ORIENTED_EDGE('',*,*,#6663,.F.);
#14438 = ORIENTED_EDGE('',*,*,#14360,.F.);
#14439 = ORIENTED_EDGE('',*,*,#2893,.T.);
#14440 = ORIENTED_EDGE('',*,*,#14412,.T.);
#14441 = ADVANCED_FACE('',(#14442),#2879,.F.);
#14442 = FACE_BOUND('',#14443,.F.);
#14443 = EDGE_LOOP('',(#14444,#14464,#14465,#14486));
#14444 = ORIENTED_EDGE('',*,*,#14445,.F.);
#14445 = EDGE_CURVE('',#2838,#6165,#14446,.T.);
#14446 = SURFACE_CURVE('',#14447,(#14451,#14458),.PCURVE_S1.);
#14447 = LINE('',#14448,#14449);
#14448 = CARTESIAN_POINT('',(7.455658685586,1.490116113834E-08,
    -2.015649955413));
#14449 = VECTOR('',#14450,1.);
#14450 = DIRECTION('',(0.,1.,0.));
#14451 = PCURVE('',#2879,#14452);
#14452 = DEFINITIONAL_REPRESENTATION('',(#14453),#14457);
#14453 = LINE('',#14454,#14455);
#14454 = CARTESIAN_POINT('',(4.191,0.));
#14455 = VECTOR('',#14456,1.);
#14456 = DIRECTION('',(0.,1.));
#14457 = ( GEOMETRIC_REPRESENTATION_CONTEXT(2) 
PARAMETRIC_REPRESENTATION_CONTEXT() REPRESENTATION_CONTEXT('2D SPACE',''
  ) );
#14458 = PCURVE('',#2854,#14459);
#14459 = DEFINITIONAL_REPRESENTATION('',(#14460),#14463);
#14460 = B_SPLINE_CURVE_WITH_KNOTS('',1,(#14461,#14462),.UNSPECIFIED.,
  .F.,.F.,(2,2),(-27.73164066201,28.481640662012),
  .PIECEWISE_BEZIER_KNOTS.);
#14461 = CARTESIAN_POINT('',(3.14159265359,-27.73164066201));
#14462 = CARTESIAN_POINT('',(3.14159265359,28.481640662012));
#14463 = ( GEOMETRIC_REPRESENTATION_CONTEXT(2) 
PARAMETRIC_REPRESENTATION_CONTEXT() REPRESENTATION_CONTEXT('2D SPACE',''
  ) );
#14464 = ORIENTED_EDGE('',*,*,#2865,.T.);
#14465 = ORIENTED_EDGE('',*,*,#14466,.T.);
#14466 = EDGE_CURVE('',#2780,#6193,#14467,.T.);
#14467 = SURFACE_CURVE('',#14468,(#14472,#14479),.PCURVE_S1.);
#14468 = LINE('',#14469,#14470);
#14469 = CARTESIAN_POINT('',(6.566658685586,1.490116113834E-08,
    -2.015649955413));
#14470 = VECTOR('',#14471,1.);
#14471 = DIRECTION('',(0.,1.,0.));
#14472 = PCURVE('',#2879,#14473);
#14473 = DEFINITIONAL_REPRESENTATION('',(#14474),#14478);
#14474 = LINE('',#14475,#14476);
#14475 = CARTESIAN_POINT('',(5.08,0.));
#14476 = VECTOR('',#14477,1.);
#14477 = DIRECTION('',(0.,1.));
#14478 = ( GEOMETRIC_REPRESENTATION_CONTEXT(2) 
PARAMETRIC_REPRESENTATION_CONTEXT() REPRESENTATION_CONTEXT('2D SPACE',''
  ) );
#14479 = PCURVE('',#2798,#14480);
#14480 = DEFINITIONAL_REPRESENTATION('',(#14481),#14485);
#14481 = LINE('',#14482,#14483);
#14482 = CARTESIAN_POINT('',(0.,0.));
#14483 = VECTOR('',#14484,1.);
#14484 = DIRECTION('',(0.,1.));
#14485 = ( GEOMETRIC_REPRESENTATION_CONTEXT(2) 
PARAMETRIC_REPRESENTATION_CONTEXT() REPRESENTATION_CONTEXT('2D SPACE',''
  ) );
#14486 = ORIENTED_EDGE('',*,*,#6192,.F.);
#14487 = ADVANCED_FACE('',(#14488),#2854,.F.);
#14488 = FACE_BOUND('',#14489,.F.);
#14489 = EDGE_LOOP('',(#14490,#14491,#14512,#14513));
#14490 = ORIENTED_EDGE('',*,*,#6164,.F.);
#14491 = ORIENTED_EDGE('',*,*,#14492,.F.);
#14492 = EDGE_CURVE('',#2810,#6142,#14493,.T.);
#14493 = SURFACE_CURVE('',#14494,(#14498,#14505),.PCURVE_S1.);
#14494 = LINE('',#14495,#14496);
#14495 = CARTESIAN_POINT('',(7.455658685586,1.490116113834E-08,
    -1.571149955412));
#14496 = VECTOR('',#14497,1.);
#14497 = DIRECTION('',(0.,1.,0.));
#14498 = PCURVE('',#2854,#14499);
#14499 = DEFINITIONAL_REPRESENTATION('',(#14500),#14504);
#14500 = LINE('',#14501,#14502);
#14501 = CARTESIAN_POINT('',(0.,0.));
#14502 = VECTOR('',#14503,1.);
#14503 = DIRECTION('',(0.,1.));
#14504 = ( GEOMETRIC_REPRESENTATION_CONTEXT(2) 
PARAMETRIC_REPRESENTATION_CONTEXT() REPRESENTATION_CONTEXT('2D SPACE',''
  ) );
#14505 = PCURVE('',#2825,#14506);
#14506 = DEFINITIONAL_REPRESENTATION('',(#14507),#14511);
#14507 = LINE('',#14508,#14509);
#14508 = CARTESIAN_POINT('',(-3.302,0.));
#14509 = VECTOR('',#14510,1.);
#14510 = DIRECTION('',(0.,1.));
#14511 = ( GEOMETRIC_REPRESENTATION_CONTEXT(2) 
PARAMETRIC_REPRESENTATION_CONTEXT() REPRESENTATION_CONTEXT('2D SPACE',''
  ) );
#14512 = ORIENTED_EDGE('',*,*,#2837,.T.);
#14513 = ORIENTED_EDGE('',*,*,#14445,.T.);
#14514 = ADVANCED_FACE('',(#14515),#2825,.F.);
#14515 = FACE_BOUND('',#14516,.F.);
#14516 = EDGE_LOOP('',(#14517,#14537,#14538,#14539));
#14517 = ORIENTED_EDGE('',*,*,#14518,.F.);
#14518 = EDGE_CURVE('',#2782,#6140,#14519,.T.);
#14519 = SURFACE_CURVE('',#14520,(#14524,#14531),.PCURVE_S1.);
#14520 = LINE('',#14521,#14522);
#14521 = CARTESIAN_POINT('',(6.566658685586,1.490116113834E-08,
    -1.571149955412));
#14522 = VECTOR('',#14523,1.);
#14523 = DIRECTION('',(0.,1.,0.));
#14524 = PCURVE('',#2825,#14525);
#14525 = DEFINITIONAL_REPRESENTATION('',(#14526),#14530);
#14526 = LINE('',#14527,#14528);
#14527 = CARTESIAN_POINT('',(-4.191,0.));
#14528 = VECTOR('',#14529,1.);
#14529 = DIRECTION('',(0.,1.));
#14530 = ( GEOMETRIC_REPRESENTATION_CONTEXT(2) 
PARAMETRIC_REPRESENTATION_CONTEXT() REPRESENTATION_CONTEXT('2D SPACE',''
  ) );
#14531 = PCURVE('',#2798,#14532);
#14532 = DEFINITIONAL_REPRESENTATION('',(#14533),#14536);
#14533 = B_SPLINE_CURVE_WITH_KNOTS('',1,(#14534,#14535),.UNSPECIFIED.,
  .F.,.F.,(2,2),(-27.73164066201,28.481640662012),
  .PIECEWISE_BEZIER_KNOTS.);
#14534 = CARTESIAN_POINT('',(3.14159265359,-27.73164066201));
#14535 = CARTESIAN_POINT('',(3.14159265359,28.481640662012));
#14536 = ( GEOMETRIC_REPRESENTATION_CONTEXT(2) 
PARAMETRIC_REPRESENTATION_CONTEXT() REPRESENTATION_CONTEXT('2D SPACE',''
  ) );
#14537 = ORIENTED_EDGE('',*,*,#2809,.T.);
#14538 = ORIENTED_EDGE('',*,*,#14492,.T.);
#14539 = ORIENTED_EDGE('',*,*,#6139,.F.);
#14540 = ADVANCED_FACE('',(#14541),#2798,.F.);
#14541 = FACE_BOUND('',#14542,.F.);
#14542 = EDGE_LOOP('',(#14543,#14544,#14545,#14546));
#14543 = ORIENTED_EDGE('',*,*,#6215,.F.);
#14544 = ORIENTED_EDGE('',*,*,#14466,.F.);
#14545 = ORIENTED_EDGE('',*,*,#2779,.T.);
#14546 = ORIENTED_EDGE('',*,*,#14518,.T.);
#14547 = ADVANCED_FACE('',(#14548),#2765,.F.);
#14548 = FACE_BOUND('',#14549,.F.);
#14549 = EDGE_LOOP('',(#14550,#14570,#14571,#14592));
#14550 = ORIENTED_EDGE('',*,*,#14551,.F.);
#14551 = EDGE_CURVE('',#2724,#6509,#14552,.T.);
#14552 = SURFACE_CURVE('',#14553,(#14557,#14564),.PCURVE_S1.);
#14553 = LINE('',#14554,#14555);
#14554 = CARTESIAN_POINT('',(11.646658685586,1.490116113834E-08,
    -10.65164995541));
#14555 = VECTOR('',#14556,1.);
#14556 = DIRECTION('',(0.,1.,0.));
#14557 = PCURVE('',#2765,#14558);
#14558 = DEFINITIONAL_REPRESENTATION('',(#14559),#14563);
#14559 = LINE('',#14560,#14561);
#14560 = CARTESIAN_POINT('',(-4.191,0.));
#14561 = VECTOR('',#14562,1.);
#14562 = DIRECTION('',(0.,1.));
#14563 = ( GEOMETRIC_REPRESENTATION_CONTEXT(2) 
PARAMETRIC_REPRESENTATION_CONTEXT() REPRESENTATION_CONTEXT('2D SPACE',''
  ) );
#14564 = PCURVE('',#2740,#14565);
#14565 = DEFINITIONAL_REPRESENTATION('',(#14566),#14569);
#14566 = B_SPLINE_CURVE_WITH_KNOTS('',1,(#14567,#14568),.UNSPECIFIED.,
  .F.,.F.,(2,2),(-27.73164066201,28.481640662012),
  .PIECEWISE_BEZIER_KNOTS.);
#14567 = CARTESIAN_POINT('',(3.14159265359,-27.73164066201));
#14568 = CARTESIAN_POINT('',(3.14159265359,28.481640662012));
#14569 = ( GEOMETRIC_REPRESENTATION_CONTEXT(2) 
PARAMETRIC_REPRESENTATION_CONTEXT() REPRESENTATION_CONTEXT('2D SPACE',''
  ) );
#14570 = ORIENTED_EDGE('',*,*,#2751,.T.);
#14571 = ORIENTED_EDGE('',*,*,#14572,.T.);
#14572 = EDGE_CURVE('',#2666,#6537,#14573,.T.);
#14573 = SURFACE_CURVE('',#14574,(#14578,#14585),.PCURVE_S1.);
#14574 = LINE('',#14575,#14576);
#14575 = CARTESIAN_POINT('',(10.757658685586,1.490116113834E-08,
    -10.65164995541));
#14576 = VECTOR('',#14577,1.);
#14577 = DIRECTION('',(0.,1.,0.));
#14578 = PCURVE('',#2765,#14579);
#14579 = DEFINITIONAL_REPRESENTATION('',(#14580),#14584);
#14580 = LINE('',#14581,#14582);
#14581 = CARTESIAN_POINT('',(-3.302,0.));
#14582 = VECTOR('',#14583,1.);
#14583 = DIRECTION('',(0.,1.));
#14584 = ( GEOMETRIC_REPRESENTATION_CONTEXT(2) 
PARAMETRIC_REPRESENTATION_CONTEXT() REPRESENTATION_CONTEXT('2D SPACE',''
  ) );
#14585 = PCURVE('',#2684,#14586);
#14586 = DEFINITIONAL_REPRESENTATION('',(#14587),#14591);
#14587 = LINE('',#14588,#14589);
#14588 = CARTESIAN_POINT('',(0.,0.));
#14589 = VECTOR('',#14590,1.);
#14590 = DIRECTION('',(0.,1.));
#14591 = ( GEOMETRIC_REPRESENTATION_CONTEXT(2) 
PARAMETRIC_REPRESENTATION_CONTEXT() REPRESENTATION_CONTEXT('2D SPACE',''
  ) );
#14592 = ORIENTED_EDGE('',*,*,#6536,.F.);
#14593 = ADVANCED_FACE('',(#14594),#2740,.F.);
#14594 = FACE_BOUND('',#14595,.F.);
#14595 = EDGE_LOOP('',(#14596,#14597,#14618,#14619));
#14596 = ORIENTED_EDGE('',*,*,#6508,.F.);
#14597 = ORIENTED_EDGE('',*,*,#14598,.F.);
#14598 = EDGE_CURVE('',#2696,#6486,#14599,.T.);
#14599 = SURFACE_CURVE('',#14600,(#14604,#14611),.PCURVE_S1.);
#14600 = LINE('',#14601,#14602);
#14601 = CARTESIAN_POINT('',(11.646658685586,1.490116113834E-08,
    -10.20714995541));
#14602 = VECTOR('',#14603,1.);
#14603 = DIRECTION('',(0.,1.,0.));
#14604 = PCURVE('',#2740,#14605);
#14605 = DEFINITIONAL_REPRESENTATION('',(#14606),#14610);
#14606 = LINE('',#14607,#14608);
#14607 = CARTESIAN_POINT('',(0.,0.));
#14608 = VECTOR('',#14609,1.);
#14609 = DIRECTION('',(0.,1.));
#14610 = ( GEOMETRIC_REPRESENTATION_CONTEXT(2) 
PARAMETRIC_REPRESENTATION_CONTEXT() REPRESENTATION_CONTEXT('2D SPACE',''
  ) );
#14611 = PCURVE('',#2711,#14612);
#14612 = DEFINITIONAL_REPRESENTATION('',(#14613),#14617);
#14613 = LINE('',#14614,#14615);
#14614 = CARTESIAN_POINT('',(5.08,0.));
#14615 = VECTOR('',#14616,1.);
#14616 = DIRECTION('',(0.,1.));
#14617 = ( GEOMETRIC_REPRESENTATION_CONTEXT(2) 
PARAMETRIC_REPRESENTATION_CONTEXT() REPRESENTATION_CONTEXT('2D SPACE',''
  ) );
#14618 = ORIENTED_EDGE('',*,*,#2723,.T.);
#14619 = ORIENTED_EDGE('',*,*,#14551,.T.);
#14620 = ADVANCED_FACE('',(#14621),#2711,.F.);
#14621 = FACE_BOUND('',#14622,.F.);
#14622 = EDGE_LOOP('',(#14623,#14643,#14644,#14645));
#14623 = ORIENTED_EDGE('',*,*,#14624,.F.);
#14624 = EDGE_CURVE('',#2668,#6484,#14625,.T.);
#14625 = SURFACE_CURVE('',#14626,(#14630,#14637),.PCURVE_S1.);
#14626 = LINE('',#14627,#14628);
#14627 = CARTESIAN_POINT('',(10.757658685586,1.490116113834E-08,
    -10.20714995541));
#14628 = VECTOR('',#14629,1.);
#14629 = DIRECTION('',(0.,1.,0.));
#14630 = PCURVE('',#2711,#14631);
#14631 = DEFINITIONAL_REPRESENTATION('',(#14632),#14636);
#14632 = LINE('',#14633,#14634);
#14633 = CARTESIAN_POINT('',(4.191,0.));
#14634 = VECTOR('',#14635,1.);
#14635 = DIRECTION('',(0.,1.));
#14636 = ( GEOMETRIC_REPRESENTATION_CONTEXT(2) 
PARAMETRIC_REPRESENTATION_CONTEXT() REPRESENTATION_CONTEXT('2D SPACE',''
  ) );
#14637 = PCURVE('',#2684,#14638);
#14638 = DEFINITIONAL_REPRESENTATION('',(#14639),#14642);
#14639 = B_SPLINE_CURVE_WITH_KNOTS('',1,(#14640,#14641),.UNSPECIFIED.,
  .F.,.F.,(2,2),(-27.73164066201,28.481640662012),
  .PIECEWISE_BEZIER_KNOTS.);
#14640 = CARTESIAN_POINT('',(3.14159265359,-27.73164066201));
#14641 = CARTESIAN_POINT('',(3.14159265359,28.481640662012));
#14642 = ( GEOMETRIC_REPRESENTATION_CONTEXT(2) 
PARAMETRIC_REPRESENTATION_CONTEXT() REPRESENTATION_CONTEXT('2D SPACE',''
  ) );
#14643 = ORIENTED_EDGE('',*,*,#2695,.T.);
#14644 = ORIENTED_EDGE('',*,*,#14598,.T.);
#14645 = ORIENTED_EDGE('',*,*,#6483,.F.);
#14646 = ADVANCED_FACE('',(#14647),#2684,.F.);
#14647 = FACE_BOUND('',#14648,.F.);
#14648 = EDGE_LOOP('',(#14649,#14650,#14651,#14652));
#14649 = ORIENTED_EDGE('',*,*,#6559,.F.);
#14650 = ORIENTED_EDGE('',*,*,#14572,.F.);
#14651 = ORIENTED_EDGE('',*,*,#2665,.T.);
#14652 = ORIENTED_EDGE('',*,*,#14624,.T.);
#14653 = ADVANCED_FACE('',(#14654),#2652,.F.);
#14654 = FACE_BOUND('',#14655,.F.);
#14655 = EDGE_LOOP('',(#14656,#14657,#14678,#14679));
#14656 = ORIENTED_EDGE('',*,*,#5871,.F.);
#14657 = ORIENTED_EDGE('',*,*,#14658,.F.);
#14658 = EDGE_CURVE('',#2610,#5844,#14659,.T.);
#14659 = SURFACE_CURVE('',#14660,(#14664,#14671),.PCURVE_S1.);
#14660 = LINE('',#14661,#14662);
#14661 = CARTESIAN_POINT('',(-4.228341314414,1.490116113834E-08,
    0.111600044587));
#14662 = VECTOR('',#14663,1.);
#14663 = DIRECTION('',(0.,1.,0.));
#14664 = PCURVE('',#2652,#14665);
#14665 = DEFINITIONAL_REPRESENTATION('',(#14666),#14670);
#14666 = LINE('',#14667,#14668);
#14667 = CARTESIAN_POINT('',(0.,0.));
#14668 = VECTOR('',#14669,1.);
#14669 = DIRECTION('',(0.,1.));
#14670 = ( GEOMETRIC_REPRESENTATION_CONTEXT(2) 
PARAMETRIC_REPRESENTATION_CONTEXT() REPRESENTATION_CONTEXT('2D SPACE',''
  ) );
#14671 = PCURVE('',#2626,#14672);
#14672 = DEFINITIONAL_REPRESENTATION('',(#14673),#14677);
#14673 = LINE('',#14674,#14675);
#14674 = CARTESIAN_POINT('',(1.570750021735,0.));
#14675 = VECTOR('',#14676,1.);
#14676 = DIRECTION('',(0.,1.));
#14677 = ( GEOMETRIC_REPRESENTATION_CONTEXT(2) 
PARAMETRIC_REPRESENTATION_CONTEXT() REPRESENTATION_CONTEXT('2D SPACE',''
  ) );
#14678 = ORIENTED_EDGE('',*,*,#2637,.T.);
#14679 = ORIENTED_EDGE('',*,*,#14680,.F.);
#14680 = EDGE_CURVE('',#5872,#2496,#14681,.T.);
#14681 = SURFACE_CURVE('',#14682,(#14686,#14692),.PCURVE_S1.);
#14682 = LINE('',#14683,#14684);
#14683 = CARTESIAN_POINT('',(-3.974341314414,0.500000014901,
    0.365600044587));
#14684 = VECTOR('',#14685,1.);
#14685 = DIRECTION('',(-9.901235293914E-17,-1.,-8.267718464771E-17));
#14686 = PCURVE('',#2652,#14687);
#14687 = DEFINITIONAL_REPRESENTATION('',(#14688),#14691);
#14688 = B_SPLINE_CURVE_WITH_KNOTS('',1,(#14689,#14690),.UNSPECIFIED.,
  .F.,.F.,(2,2),(-0.49,0.75),.PIECEWISE_BEZIER_KNOTS.);
#14689 = CARTESIAN_POINT('',(1.570750021735,0.99));
#14690 = CARTESIAN_POINT('',(1.570750021735,-0.25));
#14691 = ( GEOMETRIC_REPRESENTATION_CONTEXT(2) 
PARAMETRIC_REPRESENTATION_CONTEXT() REPRESENTATION_CONTEXT('2D SPACE',''
  ) );
#14692 = PCURVE('',#2513,#14693);
#14693 = DEFINITIONAL_REPRESENTATION('',(#14694),#14698);
#14694 = LINE('',#14695,#14696);
#14695 = CARTESIAN_POINT('',(0.762,0.5));
#14696 = VECTOR('',#14697,1.);
#14697 = DIRECTION('',(9.901235293914E-17,-1.));
#14698 = ( GEOMETRIC_REPRESENTATION_CONTEXT(2) 
PARAMETRIC_REPRESENTATION_CONTEXT() REPRESENTATION_CONTEXT('2D SPACE',''
  ) );
#14699 = ADVANCED_FACE('',(#14700),#2626,.F.);
#14700 = FACE_BOUND('',#14701,.F.);
#14701 = EDGE_LOOP('',(#14702,#14703,#14724,#14725));
#14702 = ORIENTED_EDGE('',*,*,#5841,.F.);
#14703 = ORIENTED_EDGE('',*,*,#14704,.F.);
#14704 = EDGE_CURVE('',#2582,#5842,#14705,.T.);
#14705 = SURFACE_CURVE('',#14706,(#14710,#14717),.PCURVE_S1.);
#14706 = LINE('',#14707,#14708);
#14707 = CARTESIAN_POINT('',(-3.974341314414,1.490116113834E-08,
    -0.142399955412));
#14708 = VECTOR('',#14709,1.);
#14709 = DIRECTION('',(0.,1.,0.));
#14710 = PCURVE('',#2626,#14711);
#14711 = DEFINITIONAL_REPRESENTATION('',(#14712),#14716);
#14712 = LINE('',#14713,#14714);
#14713 = CARTESIAN_POINT('',(0.,0.));
#14714 = VECTOR('',#14715,1.);
#14715 = DIRECTION('',(0.,1.));
#14716 = ( GEOMETRIC_REPRESENTATION_CONTEXT(2) 
PARAMETRIC_REPRESENTATION_CONTEXT() REPRESENTATION_CONTEXT('2D SPACE',''
  ) );
#14717 = PCURVE('',#2597,#14718);
#14718 = DEFINITIONAL_REPRESENTATION('',(#14719),#14723);
#14719 = LINE('',#14720,#14721);
#14720 = CARTESIAN_POINT('',(-1.33226762955E-15,0.));
#14721 = VECTOR('',#14722,1.);
#14722 = DIRECTION('',(0.,1.));
#14723 = ( GEOMETRIC_REPRESENTATION_CONTEXT(2) 
PARAMETRIC_REPRESENTATION_CONTEXT() REPRESENTATION_CONTEXT('2D SPACE',''
  ) );
#14724 = ORIENTED_EDGE('',*,*,#2609,.T.);
#14725 = ORIENTED_EDGE('',*,*,#14658,.T.);
#14726 = ADVANCED_FACE('',(#14727),#2597,.T.);
#14727 = FACE_BOUND('',#14728,.T.);
#14728 = EDGE_LOOP('',(#14729,#14730,#14731,#14751));
#14729 = ORIENTED_EDGE('',*,*,#14704,.F.);
#14730 = ORIENTED_EDGE('',*,*,#2581,.F.);
#14731 = ORIENTED_EDGE('',*,*,#14732,.T.);
#14732 = EDGE_CURVE('',#2554,#5985,#14733,.T.);
#14733 = SURFACE_CURVE('',#14734,(#14738,#14745),.PCURVE_S1.);
#14734 = LINE('',#14735,#14736);
#14735 = CARTESIAN_POINT('',(-3.212341314414,1.490116113834E-08,
    -0.142399955413));
#14736 = VECTOR('',#14737,1.);
#14737 = DIRECTION('',(0.,1.,0.));
#14738 = PCURVE('',#2597,#14739);
#14739 = DEFINITIONAL_REPRESENTATION('',(#14740),#14744);
#14740 = LINE('',#14741,#14742);
#14741 = CARTESIAN_POINT('',(0.762,0.));
#14742 = VECTOR('',#14743,1.);
#14743 = DIRECTION('',(0.,1.));
#14744 = ( GEOMETRIC_REPRESENTATION_CONTEXT(2) 
PARAMETRIC_REPRESENTATION_CONTEXT() REPRESENTATION_CONTEXT('2D SPACE',''
  ) );
#14745 = PCURVE('',#2570,#14746);
#14746 = DEFINITIONAL_REPRESENTATION('',(#14747),#14750);
#14747 = B_SPLINE_CURVE_WITH_KNOTS('',1,(#14748,#14749),.UNSPECIFIED.,
  .F.,.F.,(2,2),(-0.25,0.99),.PIECEWISE_BEZIER_KNOTS.);
#14748 = CARTESIAN_POINT('',(1.570750021735,-0.25));
#14749 = CARTESIAN_POINT('',(1.570750021735,0.99));
#14750 = ( GEOMETRIC_REPRESENTATION_CONTEXT(2) 
PARAMETRIC_REPRESENTATION_CONTEXT() REPRESENTATION_CONTEXT('2D SPACE',''
  ) );
#14751 = ORIENTED_EDGE('',*,*,#6012,.T.);
#14752 = ADVANCED_FACE('',(#14753),#2570,.F.);
#14753 = FACE_BOUND('',#14754,.F.);
#14754 = EDGE_LOOP('',(#14755,#14756,#14777,#14778));
#14755 = ORIENTED_EDGE('',*,*,#5984,.F.);
#14756 = ORIENTED_EDGE('',*,*,#14757,.F.);
#14757 = EDGE_CURVE('',#2526,#5957,#14758,.T.);
#14758 = SURFACE_CURVE('',#14759,(#14763,#14770),.PCURVE_S1.);
#14759 = LINE('',#14760,#14761);
#14760 = CARTESIAN_POINT('',(-2.958341314414,1.490116113834E-08,
    0.111600044588));
#14761 = VECTOR('',#14762,1.);
#14762 = DIRECTION('',(0.,1.,0.));
#14763 = PCURVE('',#2570,#14764);
#14764 = DEFINITIONAL_REPRESENTATION('',(#14765),#14769);
#14765 = LINE('',#14766,#14767);
#14766 = CARTESIAN_POINT('',(0.,0.));
#14767 = VECTOR('',#14768,1.);
#14768 = DIRECTION('',(0.,1.));
#14769 = ( GEOMETRIC_REPRESENTATION_CONTEXT(2) 
PARAMETRIC_REPRESENTATION_CONTEXT() REPRESENTATION_CONTEXT('2D SPACE',''
  ) );
#14770 = PCURVE('',#2542,#14771);
#14771 = DEFINITIONAL_REPRESENTATION('',(#14772),#14776);
#14772 = LINE('',#14773,#14774);
#14773 = CARTESIAN_POINT('',(1.570750021735,0.));
#14774 = VECTOR('',#14775,1.);
#14775 = DIRECTION('',(0.,1.));
#14776 = ( GEOMETRIC_REPRESENTATION_CONTEXT(2) 
PARAMETRIC_REPRESENTATION_CONTEXT() REPRESENTATION_CONTEXT('2D SPACE',''
  ) );
#14777 = ORIENTED_EDGE('',*,*,#2553,.T.);
#14778 = ORIENTED_EDGE('',*,*,#14732,.T.);
#14779 = ADVANCED_FACE('',(#14780),#2542,.F.);
#14780 = FACE_BOUND('',#14781,.F.);
#14781 = EDGE_LOOP('',(#14782,#14783,#14804,#14805));
#14782 = ORIENTED_EDGE('',*,*,#5956,.F.);
#14783 = ORIENTED_EDGE('',*,*,#14784,.F.);
#14784 = EDGE_CURVE('',#2498,#5923,#14785,.T.);
#14785 = SURFACE_CURVE('',#14786,(#14790,#14797),.PCURVE_S1.);
#14786 = LINE('',#14787,#14788);
#14787 = CARTESIAN_POINT('',(-3.212341314414,1.490116113834E-08,
    0.365600044588));
#14788 = VECTOR('',#14789,1.);
#14789 = DIRECTION('',(0.,1.,0.));
#14790 = PCURVE('',#2542,#14791);
#14791 = DEFINITIONAL_REPRESENTATION('',(#14792),#14796);
#14792 = LINE('',#14793,#14794);
#14793 = CARTESIAN_POINT('',(0.,0.));
#14794 = VECTOR('',#14795,1.);
#14795 = DIRECTION('',(0.,1.));
#14796 = ( GEOMETRIC_REPRESENTATION_CONTEXT(2) 
PARAMETRIC_REPRESENTATION_CONTEXT() REPRESENTATION_CONTEXT('2D SPACE',''
  ) );
#14797 = PCURVE('',#2513,#14798);
#14798 = DEFINITIONAL_REPRESENTATION('',(#14799),#14803);
#14799 = LINE('',#14800,#14801);
#14800 = CARTESIAN_POINT('',(6.661338147751E-15,0.));
#14801 = VECTOR('',#14802,1.);
#14802 = DIRECTION('',(0.,1.));
#14803 = ( GEOMETRIC_REPRESENTATION_CONTEXT(2) 
PARAMETRIC_REPRESENTATION_CONTEXT() REPRESENTATION_CONTEXT('2D SPACE',''
  ) );
#14804 = ORIENTED_EDGE('',*,*,#2525,.T.);
#14805 = ORIENTED_EDGE('',*,*,#14757,.T.);
#14806 = ADVANCED_FACE('',(#14807),#2513,.T.);
#14807 = FACE_BOUND('',#14808,.T.);
#14808 = EDGE_LOOP('',(#14809,#14810,#14811,#14812,#14813));
#14809 = ORIENTED_EDGE('',*,*,#14784,.F.);
#14810 = ORIENTED_EDGE('',*,*,#2495,.F.);
#14811 = ORIENTED_EDGE('',*,*,#14680,.F.);
#14812 = ORIENTED_EDGE('',*,*,#5899,.T.);
#14813 = ORIENTED_EDGE('',*,*,#5922,.T.);
#14814 = ADVANCED_FACE('',(#14815),#2481,.F.);
#14815 = FACE_BOUND('',#14816,.F.);
#14816 = EDGE_LOOP('',(#14817,#14838,#14839,#14840));
#14817 = ORIENTED_EDGE('',*,*,#14818,.T.);
#14818 = EDGE_CURVE('',#2465,#6454,#14819,.T.);
#14819 = SEAM_CURVE('',#14820,(#14824,#14831),.PCURVE_S1.);
#14820 = LINE('',#14821,#14822);
#14821 = CARTESIAN_POINT('',(7.539658685586,1.490116113834E-08,
    -9.301399955413));
#14822 = VECTOR('',#14823,1.);
#14823 = DIRECTION('',(0.,1.,0.));
#14824 = PCURVE('',#2481,#14825);
#14825 = DEFINITIONAL_REPRESENTATION('',(#14826),#14830);
#14826 = LINE('',#14827,#14828);
#14827 = CARTESIAN_POINT('',(6.28318530718,0.));
#14828 = VECTOR('',#14829,1.);
#14829 = DIRECTION('',(0.,1.));
#14830 = ( GEOMETRIC_REPRESENTATION_CONTEXT(2) 
PARAMETRIC_REPRESENTATION_CONTEXT() REPRESENTATION_CONTEXT('2D SPACE',''
  ) );
#14831 = PCURVE('',#2481,#14832);
#14832 = DEFINITIONAL_REPRESENTATION('',(#14833),#14837);
#14833 = LINE('',#14834,#14835);
#14834 = CARTESIAN_POINT('',(0.,0.));
#14835 = VECTOR('',#14836,1.);
#14836 = DIRECTION('',(0.,1.));
#14837 = ( GEOMETRIC_REPRESENTATION_CONTEXT(2) 
PARAMETRIC_REPRESENTATION_CONTEXT() REPRESENTATION_CONTEXT('2D SPACE',''
  ) );
#14838 = ORIENTED_EDGE('',*,*,#6453,.F.);
#14839 = ORIENTED_EDGE('',*,*,#14818,.F.);
#14840 = ORIENTED_EDGE('',*,*,#2464,.T.);
#14841 = ADVANCED_FACE('',(#14842),#2450,.F.);
#14842 = FACE_BOUND('',#14843,.F.);
#14843 = EDGE_LOOP('',(#14844,#14867,#14894,#14895));
#14844 = ORIENTED_EDGE('',*,*,#14845,.T.);
#14845 = EDGE_CURVE('',#2434,#14846,#14848,.T.);
#14846 = VERTEX_POINT('',#14847);
#14847 = CARTESIAN_POINT('',(10.376658685586,-0.239999985099,
    -6.619399955412));
#14848 = SEAM_CURVE('',#14849,(#14853,#14860),.PCURVE_S1.);
#14849 = LINE('',#14850,#14851);
#14850 = CARTESIAN_POINT('',(10.376658685586,-0.249999985099,
    -6.619399955412));
#14851 = VECTOR('',#14852,1.);
#14852 = DIRECTION('',(6.310887241768E-30,1.,-9.011389889435E-24));
#14853 = PCURVE('',#2450,#14854);
#14854 = DEFINITIONAL_REPRESENTATION('',(#14855),#14859);
#14855 = LINE('',#14856,#14857);
#14856 = CARTESIAN_POINT('',(9.424777960769,0.));
#14857 = VECTOR('',#14858,1.);
#14858 = DIRECTION('',(0.,1.));
#14859 = ( GEOMETRIC_REPRESENTATION_CONTEXT(2) 
PARAMETRIC_REPRESENTATION_CONTEXT() REPRESENTATION_CONTEXT('2D SPACE',''
  ) );
#14860 = PCURVE('',#2450,#14861);
#14861 = DEFINITIONAL_REPRESENTATION('',(#14862),#14866);
#14862 = LINE('',#14863,#14864);
#14863 = CARTESIAN_POINT('',(3.14159265359,0.));
#14864 = VECTOR('',#14865,1.);
#14865 = DIRECTION('',(0.,1.));
#14866 = ( GEOMETRIC_REPRESENTATION_CONTEXT(2) 
PARAMETRIC_REPRESENTATION_CONTEXT() REPRESENTATION_CONTEXT('2D SPACE',''
  ) );
#14867 = ORIENTED_EDGE('',*,*,#14868,.F.);
#14868 = EDGE_CURVE('',#14846,#14846,#14869,.T.);
#14869 = SURFACE_CURVE('',#14870,(#14875,#14882),.PCURVE_S1.);
#14870 = CIRCLE('',#14871,0.762);
#14871 = AXIS2_PLACEMENT_3D('',#14872,#14873,#14874);
#14872 = CARTESIAN_POINT('',(10.376658685586,-0.239999985099,
    -7.381399955413));
#14873 = DIRECTION('',(6.310887241768E-30,1.,-9.011389889435E-24));
#14874 = DIRECTION('',(-3.136015798167E-15,-9.011389889435E-24,-1.));
#14875 = PCURVE('',#2450,#14876);
#14876 = DEFINITIONAL_REPRESENTATION('',(#14877),#14881);
#14877 = LINE('',#14878,#14879);
#14878 = CARTESIAN_POINT('',(0.,1.E-02));
#14879 = VECTOR('',#14880,1.);
#14880 = DIRECTION('',(1.,0.));
#14881 = ( GEOMETRIC_REPRESENTATION_CONTEXT(2) 
PARAMETRIC_REPRESENTATION_CONTEXT() REPRESENTATION_CONTEXT('2D SPACE',''
  ) );
#14882 = PCURVE('',#14883,#14888);
#14883 = PLANE('',#14884);
#14884 = AXIS2_PLACEMENT_3D('',#14885,#14886,#14887);
#14885 = CARTESIAN_POINT('',(1.804158685586,-0.239999985099,
    -6.111399955412));
#14886 = DIRECTION('',(6.310887241768E-30,1.,-9.011389889435E-24));
#14887 = DIRECTION('',(-2.22044604925E-16,-9.011389889435E-24,-1.));
#14888 = DEFINITIONAL_REPRESENTATION('',(#14889),#14893);
#14889 = CIRCLE('',#14890,0.762);
#14890 = AXIS2_PLACEMENT_2D('',#14891,#14892);
#14891 = CARTESIAN_POINT('',(1.27,-8.5725));
#14892 = DIRECTION('',(1.,2.913971193242E-15));
#14893 = ( GEOMETRIC_REPRESENTATION_CONTEXT(2) 
PARAMETRIC_REPRESENTATION_CONTEXT() REPRESENTATION_CONTEXT('2D SPACE',''
  ) );
#14894 = ORIENTED_EDGE('',*,*,#14845,.F.);
#14895 = ORIENTED_EDGE('',*,*,#2433,.T.);
#14896 = ADVANCED_FACE('',(#14897),#14883,.F.);
#14897 = FACE_BOUND('',#14898,.T.);
#14898 = EDGE_LOOP('',(#14899));
#14899 = ORIENTED_EDGE('',*,*,#14868,.F.);
#14900 = ADVANCED_FACE('',(#14901),#2419,.F.);
#14901 = FACE_BOUND('',#14902,.F.);
#14902 = EDGE_LOOP('',(#14903,#14926,#14953,#14954));
#14903 = ORIENTED_EDGE('',*,*,#14904,.T.);
#14904 = EDGE_CURVE('',#2403,#14905,#14907,.T.);
#14905 = VERTEX_POINT('',#14906);
#14906 = CARTESIAN_POINT('',(7.836658685586,-0.239999985099,
    -8.143399955412));
#14907 = SEAM_CURVE('',#14908,(#14912,#14919),.PCURVE_S1.);
#14908 = LINE('',#14909,#14910);
#14909 = CARTESIAN_POINT('',(7.836658685586,-0.249999985099,
    -8.143399955412));
#14910 = VECTOR('',#14911,1.);
#14911 = DIRECTION('',(6.310887241768E-30,1.,-9.011389889435E-24));
#14912 = PCURVE('',#2419,#14913);
#14913 = DEFINITIONAL_REPRESENTATION('',(#14914),#14918);
#14914 = LINE('',#14915,#14916);
#14915 = CARTESIAN_POINT('',(9.424777960769,6.165713243029E-44));
#14916 = VECTOR('',#14917,1.);
#14917 = DIRECTION('',(0.,1.));
#14918 = ( GEOMETRIC_REPRESENTATION_CONTEXT(2) 
PARAMETRIC_REPRESENTATION_CONTEXT() REPRESENTATION_CONTEXT('2D SPACE',''
  ) );
#14919 = PCURVE('',#2419,#14920);
#14920 = DEFINITIONAL_REPRESENTATION('',(#14921),#14925);
#14921 = LINE('',#14922,#14923);
#14922 = CARTESIAN_POINT('',(3.14159265359,6.165713243029E-44));
#14923 = VECTOR('',#14924,1.);
#14924 = DIRECTION('',(0.,1.));
#14925 = ( GEOMETRIC_REPRESENTATION_CONTEXT(2) 
PARAMETRIC_REPRESENTATION_CONTEXT() REPRESENTATION_CONTEXT('2D SPACE',''
  ) );
#14926 = ORIENTED_EDGE('',*,*,#14927,.F.);
#14927 = EDGE_CURVE('',#14905,#14905,#14928,.T.);
#14928 = SURFACE_CURVE('',#14929,(#14934,#14941),.PCURVE_S1.);
#14929 = CIRCLE('',#14930,0.762);
#14930 = AXIS2_PLACEMENT_3D('',#14931,#14932,#14933);
#14931 = CARTESIAN_POINT('',(7.836658685586,-0.239999985099,
    -7.381399955413));
#14932 = DIRECTION('',(6.310887241768E-30,1.,-9.011389889435E-24));
#14933 = DIRECTION('',(4.593001394788E-15,9.011389889435E-24,1.));
#14934 = PCURVE('',#2419,#14935);
#14935 = DEFINITIONAL_REPRESENTATION('',(#14936),#14940);
#14936 = LINE('',#14937,#14938);
#14937 = CARTESIAN_POINT('',(0.,1.E-02));
#14938 = VECTOR('',#14939,1.);
#14939 = DIRECTION('',(1.,0.));
#14940 = ( GEOMETRIC_REPRESENTATION_CONTEXT(2) 
PARAMETRIC_REPRESENTATION_CONTEXT() REPRESENTATION_CONTEXT('2D SPACE',''
  ) );
#14941 = PCURVE('',#14942,#14947);
#14942 = PLANE('',#14943);
#14943 = AXIS2_PLACEMENT_3D('',#14944,#14945,#14946);
#14944 = CARTESIAN_POINT('',(1.804158685586,-0.239999985099,
    -6.111399955412));
#14945 = DIRECTION('',(6.310887241768E-30,1.,-9.011389889435E-24));
#14946 = DIRECTION('',(-2.22044604925E-16,-9.011389889435E-24,-1.));
#14947 = DEFINITIONAL_REPRESENTATION('',(#14948),#14952);
#14948 = CIRCLE('',#14949,0.762);
#14949 = AXIS2_PLACEMENT_2D('',#14950,#14951);
#14950 = CARTESIAN_POINT('',(1.27,-6.0325));
#14951 = DIRECTION('',(-1.,-4.370956789863E-15));
#14952 = ( GEOMETRIC_REPRESENTATION_CONTEXT(2) 
PARAMETRIC_REPRESENTATION_CONTEXT() REPRESENTATION_CONTEXT('2D SPACE',''
  ) );
#14953 = ORIENTED_EDGE('',*,*,#14904,.F.);
#14954 = ORIENTED_EDGE('',*,*,#2402,.T.);
#14955 = ADVANCED_FACE('',(#14956),#14942,.F.);
#14956 = FACE_BOUND('',#14957,.T.);
#14957 = EDGE_LOOP('',(#14958));
#14958 = ORIENTED_EDGE('',*,*,#14927,.F.);
#14959 = ADVANCED_FACE('',(#14960),#2388,.F.);
#14960 = FACE_BOUND('',#14961,.F.);
#14961 = EDGE_LOOP('',(#14962,#14983,#14984,#14985));
#14962 = ORIENTED_EDGE('',*,*,#14963,.T.);
#14963 = EDGE_CURVE('',#2372,#6806,#14964,.T.);
#14964 = SEAM_CURVE('',#14965,(#14969,#14976),.PCURVE_S1.);
#14965 = LINE('',#14966,#14967);
#14966 = CARTESIAN_POINT('',(7.539658685586,1.490116113834E-08,
    -3.521399955412));
#14967 = VECTOR('',#14968,1.);
#14968 = DIRECTION('',(0.,1.,0.));
#14969 = PCURVE('',#2388,#14970);
#14970 = DEFINITIONAL_REPRESENTATION('',(#14971),#14975);
#14971 = LINE('',#14972,#14973);
#14972 = CARTESIAN_POINT('',(6.28318530718,0.));
#14973 = VECTOR('',#14974,1.);
#14974 = DIRECTION('',(0.,1.));
#14975 = ( GEOMETRIC_REPRESENTATION_CONTEXT(2) 
PARAMETRIC_REPRESENTATION_CONTEXT() REPRESENTATION_CONTEXT('2D SPACE',''
  ) );
#14976 = PCURVE('',#2388,#14977);
#14977 = DEFINITIONAL_REPRESENTATION('',(#14978),#14982);
#14978 = LINE('',#14979,#14980);
#14979 = CARTESIAN_POINT('',(0.,0.));
#14980 = VECTOR('',#14981,1.);
#14981 = DIRECTION('',(0.,1.));
#14982 = ( GEOMETRIC_REPRESENTATION_CONTEXT(2) 
PARAMETRIC_REPRESENTATION_CONTEXT() REPRESENTATION_CONTEXT('2D SPACE',''
  ) );
#14983 = ORIENTED_EDGE('',*,*,#6805,.F.);
#14984 = ORIENTED_EDGE('',*,*,#14963,.F.);
#14985 = ORIENTED_EDGE('',*,*,#2371,.T.);
#14986 = ADVANCED_FACE('',(#14987),#2357,.F.);
#14987 = FACE_BOUND('',#14988,.T.);
#14988 = EDGE_LOOP('',(#14989,#14990,#15013,#15041));
#14989 = ORIENTED_EDGE('',*,*,#2343,.F.);
#14990 = ORIENTED_EDGE('',*,*,#14991,.T.);
#14991 = EDGE_CURVE('',#2315,#14992,#14994,.T.);
#14992 = VERTEX_POINT('',#14993);
#14993 = CARTESIAN_POINT('',(1.845547619699,-0.24,-9.504918753436));
#14994 = SURFACE_CURVE('',#14995,(#14999,#15006),.PCURVE_S1.);
#14995 = LINE('',#14996,#14997);
#14996 = CARTESIAN_POINT('',(1.845547619699,-0.25,-9.504918753436));
#14997 = VECTOR('',#14998,1.);
#14998 = DIRECTION('',(0.,1.,0.));
#14999 = PCURVE('',#2357,#15000);
#15000 = DEFINITIONAL_REPRESENTATION('',(#15001),#15005);
#15001 = LINE('',#15002,#15003);
#15002 = CARTESIAN_POINT('',(0.,0.));
#15003 = VECTOR('',#15004,1.);
#15004 = DIRECTION('',(6.323722207556E-17,1.));
#15005 = ( GEOMETRIC_REPRESENTATION_CONTEXT(2) 
PARAMETRIC_REPRESENTATION_CONTEXT() REPRESENTATION_CONTEXT('2D SPACE',''
  ) );
#15006 = PCURVE('',#2331,#15007);
#15007 = DEFINITIONAL_REPRESENTATION('',(#15008),#15012);
#15008 = LINE('',#15009,#15010);
#15009 = CARTESIAN_POINT('',(4.712388980385,0.));
#15010 = VECTOR('',#15011,1.);
#15011 = DIRECTION('',(0.,1.));
#15012 = ( GEOMETRIC_REPRESENTATION_CONTEXT(2) 
PARAMETRIC_REPRESENTATION_CONTEXT() REPRESENTATION_CONTEXT('2D SPACE',''
  ) );
#15013 = ORIENTED_EDGE('',*,*,#15014,.T.);
#15014 = EDGE_CURVE('',#14992,#15015,#15017,.T.);
#15015 = VERTEX_POINT('',#15016);
#15016 = CARTESIAN_POINT('',(2.394187619699,-0.24,-9.504918753436));
#15017 = SURFACE_CURVE('',#15018,(#15022,#15029),.PCURVE_S1.);
#15018 = LINE('',#15019,#15020);
#15019 = CARTESIAN_POINT('',(1.845547619699,-0.24,-9.504918753436));
#15020 = VECTOR('',#15021,1.);
#15021 = DIRECTION('',(1.,6.323722207556E-17,-1.295098308108E-13));
#15022 = PCURVE('',#2357,#15023);
#15023 = DEFINITIONAL_REPRESENTATION('',(#15024),#15028);
#15024 = LINE('',#15025,#15026);
#15025 = CARTESIAN_POINT('',(6.323722207556E-19,1.E-02));
#15026 = VECTOR('',#15027,1.);
#15027 = DIRECTION('',(1.,-1.060665042973E-42));
#15028 = ( GEOMETRIC_REPRESENTATION_CONTEXT(2) 
PARAMETRIC_REPRESENTATION_CONTEXT() REPRESENTATION_CONTEXT('2D SPACE',''
  ) );
#15029 = PCURVE('',#15030,#15035);
#15030 = PLANE('',#15031);
#15031 = AXIS2_PLACEMENT_3D('',#15032,#15033,#15034);
#15032 = CARTESIAN_POINT('',(2.119867619699,-0.24,-10.56028875343));
#15033 = DIRECTION('',(-2.927413515469E-31,1.,-5.551115123126E-17));
#15034 = DIRECTION('',(1.,2.927413515469E-31,-1.642146637881E-47));
#15035 = DEFINITIONAL_REPRESENTATION('',(#15036),#15040);
#15036 = LINE('',#15037,#15038);
#15037 = CARTESIAN_POINT('',(-0.27432,-1.05537));
#15038 = VECTOR('',#15039,1.);
#15039 = DIRECTION('',(1.,1.295098308108E-13));
#15040 = ( GEOMETRIC_REPRESENTATION_CONTEXT(2) 
PARAMETRIC_REPRESENTATION_CONTEXT() REPRESENTATION_CONTEXT('2D SPACE',''
  ) );
#15041 = ORIENTED_EDGE('',*,*,#15042,.F.);
#15042 = EDGE_CURVE('',#2142,#15015,#15043,.T.);
#15043 = SURFACE_CURVE('',#15044,(#15048,#15055),.PCURVE_S1.);
#15044 = LINE('',#15045,#15046);
#15045 = CARTESIAN_POINT('',(2.394187619699,-0.25,-9.504918753436));
#15046 = VECTOR('',#15047,1.);
#15047 = DIRECTION('',(0.,1.,0.));
#15048 = PCURVE('',#2357,#15049);
#15049 = DEFINITIONAL_REPRESENTATION('',(#15050),#15054);
#15050 = LINE('',#15051,#15052);
#15051 = CARTESIAN_POINT('',(0.54864,-3.469446951953E-17));
#15052 = VECTOR('',#15053,1.);
#15053 = DIRECTION('',(6.323722207556E-17,1.));
#15054 = ( GEOMETRIC_REPRESENTATION_CONTEXT(2) 
PARAMETRIC_REPRESENTATION_CONTEXT() REPRESENTATION_CONTEXT('2D SPACE',''
  ) );
#15055 = PCURVE('',#2160,#15056);
#15056 = DEFINITIONAL_REPRESENTATION('',(#15057),#15061);
#15057 = LINE('',#15058,#15059);
#15058 = CARTESIAN_POINT('',(4.712388980384,0.));
#15059 = VECTOR('',#15060,1.);
#15060 = DIRECTION('',(0.,1.));
#15061 = ( GEOMETRIC_REPRESENTATION_CONTEXT(2) 
PARAMETRIC_REPRESENTATION_CONTEXT() REPRESENTATION_CONTEXT('2D SPACE',''
  ) );
#15062 = ADVANCED_FACE('',(#15063),#15030,.F.);
#15063 = FACE_BOUND('',#15064,.T.);
#15064 = EDGE_LOOP('',(#15065,#15090,#15112,#15113,#15137,#15160,#15184,
    #15207));
#15065 = ORIENTED_EDGE('',*,*,#15066,.F.);
#15066 = EDGE_CURVE('',#15067,#15069,#15071,.T.);
#15067 = VERTEX_POINT('',#15068);
#15068 = CARTESIAN_POINT('',(2.667237619699,-0.24,-9.777968753436));
#15069 = VERTEX_POINT('',#15070);
#15070 = CARTESIAN_POINT('',(2.667237619699,-0.24,-11.34260875343));
#15071 = SURFACE_CURVE('',#15072,(#15076,#15083),.PCURVE_S1.);
#15072 = LINE('',#15073,#15074);
#15073 = CARTESIAN_POINT('',(2.667237619699,-0.24,-9.777968753436));
#15074 = VECTOR('',#15075,1.);
#15075 = DIRECTION('',(-2.393861343616E-49,-7.768524208892E-17,-1.));
#15076 = PCURVE('',#15030,#15077);
#15077 = DEFINITIONAL_REPRESENTATION('',(#15078),#15082);
#15078 = LINE('',#15079,#15080);
#15079 = CARTESIAN_POINT('',(0.54737,-0.78232));
#15080 = VECTOR('',#15081,1.);
#15081 = DIRECTION('',(-6.559602519912E-48,1.));
#15082 = ( GEOMETRIC_REPRESENTATION_CONTEXT(2) 
PARAMETRIC_REPRESENTATION_CONTEXT() REPRESENTATION_CONTEXT('2D SPACE',''
  ) );
#15083 = PCURVE('',#2188,#15084);
#15084 = DEFINITIONAL_REPRESENTATION('',(#15085),#15089);
#15085 = LINE('',#15086,#15087);
#15086 = CARTESIAN_POINT('',(-7.768524208892E-19,1.E-02));
#15087 = VECTOR('',#15088,1.);
#15088 = DIRECTION('',(1.,0.));
#15089 = ( GEOMETRIC_REPRESENTATION_CONTEXT(2) 
PARAMETRIC_REPRESENTATION_CONTEXT() REPRESENTATION_CONTEXT('2D SPACE',''
  ) );
#15090 = ORIENTED_EDGE('',*,*,#15091,.F.);
#15091 = EDGE_CURVE('',#15015,#15067,#15092,.T.);
#15092 = SURFACE_CURVE('',#15093,(#15098,#15105),.PCURVE_S1.);
#15093 = CIRCLE('',#15094,0.27305);
#15094 = AXIS2_PLACEMENT_3D('',#15095,#15096,#15097);
#15095 = CARTESIAN_POINT('',(2.394187619699,-0.24,-9.777968753436));
#15096 = DIRECTION('',(-2.927413515469E-31,1.,-5.551115123126E-17));
#15097 = DIRECTION('',(1.,2.927413515469E-31,-1.642146637881E-47));
#15098 = PCURVE('',#15030,#15099);
#15099 = DEFINITIONAL_REPRESENTATION('',(#15100),#15104);
#15100 = CIRCLE('',#15101,0.27305);
#15101 = AXIS2_PLACEMENT_2D('',#15102,#15103);
#15102 = CARTESIAN_POINT('',(0.27432,-0.78232));
#15103 = DIRECTION('',(1.,5.347903754412E-62));
#15104 = ( GEOMETRIC_REPRESENTATION_CONTEXT(2) 
PARAMETRIC_REPRESENTATION_CONTEXT() REPRESENTATION_CONTEXT('2D SPACE',''
  ) );
#15105 = PCURVE('',#2160,#15106);
#15106 = DEFINITIONAL_REPRESENTATION('',(#15107),#15111);
#15107 = LINE('',#15108,#15109);
#15108 = CARTESIAN_POINT('',(0.,1.E-02));
#15109 = VECTOR('',#15110,1.);
#15110 = DIRECTION('',(1.,-1.766974823035E-17));
#15111 = ( GEOMETRIC_REPRESENTATION_CONTEXT(2) 
PARAMETRIC_REPRESENTATION_CONTEXT() REPRESENTATION_CONTEXT('2D SPACE',''
  ) );
#15112 = ORIENTED_EDGE('',*,*,#15014,.F.);
#15113 = ORIENTED_EDGE('',*,*,#15114,.F.);
#15114 = EDGE_CURVE('',#15115,#14992,#15117,.T.);
#15115 = VERTEX_POINT('',#15116);
#15116 = CARTESIAN_POINT('',(1.572497619699,-0.24,-9.777968753436));
#15117 = SURFACE_CURVE('',#15118,(#15123,#15130),.PCURVE_S1.);
#15118 = CIRCLE('',#15119,0.27305);
#15119 = AXIS2_PLACEMENT_3D('',#15120,#15121,#15122);
#15120 = CARTESIAN_POINT('',(1.845547619699,-0.24,-9.777968753436));
#15121 = DIRECTION('',(-2.927413515469E-31,1.,-5.551115123126E-17));
#15122 = DIRECTION('',(1.,2.927413515469E-31,-1.642146637881E-47));
#15123 = PCURVE('',#15030,#15124);
#15124 = DEFINITIONAL_REPRESENTATION('',(#15125),#15129);
#15125 = CIRCLE('',#15126,0.27305);
#15126 = AXIS2_PLACEMENT_2D('',#15127,#15128);
#15127 = CARTESIAN_POINT('',(-0.27432,-0.78232));
#15128 = DIRECTION('',(1.,5.347903754412E-62));
#15129 = ( GEOMETRIC_REPRESENTATION_CONTEXT(2) 
PARAMETRIC_REPRESENTATION_CONTEXT() REPRESENTATION_CONTEXT('2D SPACE',''
  ) );
#15130 = PCURVE('',#2331,#15131);
#15131 = DEFINITIONAL_REPRESENTATION('',(#15132),#15136);
#15132 = LINE('',#15133,#15134);
#15133 = CARTESIAN_POINT('',(0.,1.E-02));
#15134 = VECTOR('',#15135,1.);
#15135 = DIRECTION('',(1.,1.766974823035E-17));
#15136 = ( GEOMETRIC_REPRESENTATION_CONTEXT(2) 
PARAMETRIC_REPRESENTATION_CONTEXT() REPRESENTATION_CONTEXT('2D SPACE',''
  ) );
#15137 = ORIENTED_EDGE('',*,*,#15138,.F.);
#15138 = EDGE_CURVE('',#15139,#15115,#15141,.T.);
#15139 = VERTEX_POINT('',#15140);
#15140 = CARTESIAN_POINT('',(1.572497619699,-0.24,-11.34260875343));
#15141 = SURFACE_CURVE('',#15142,(#15146,#15153),.PCURVE_S1.);
#15142 = LINE('',#15143,#15144);
#15143 = CARTESIAN_POINT('',(1.572497619699,-0.24,-11.34260875343));
#15144 = VECTOR('',#15145,1.);
#15145 = DIRECTION('',(-1.135313451912E-14,9.985933294659E-17,1.));
#15146 = PCURVE('',#15030,#15147);
#15147 = DEFINITIONAL_REPRESENTATION('',(#15148),#15152);
#15148 = LINE('',#15149,#15150);
#15149 = CARTESIAN_POINT('',(-0.54737,0.78232));
#15150 = VECTOR('',#15151,1.);
#15151 = DIRECTION('',(-1.135313451912E-14,-1.));
#15152 = ( GEOMETRIC_REPRESENTATION_CONTEXT(2) 
PARAMETRIC_REPRESENTATION_CONTEXT() REPRESENTATION_CONTEXT('2D SPACE',''
  ) );
#15153 = PCURVE('',#2302,#15154);
#15154 = DEFINITIONAL_REPRESENTATION('',(#15155),#15159);
#15155 = LINE('',#15156,#15157);
#15156 = CARTESIAN_POINT('',(9.985933294659E-19,1.E-02));
#15157 = VECTOR('',#15158,1.);
#15158 = DIRECTION('',(1.,1.232595164408E-32));
#15159 = ( GEOMETRIC_REPRESENTATION_CONTEXT(2) 
PARAMETRIC_REPRESENTATION_CONTEXT() REPRESENTATION_CONTEXT('2D SPACE',''
  ) );
#15160 = ORIENTED_EDGE('',*,*,#15161,.F.);
#15161 = EDGE_CURVE('',#15162,#15139,#15164,.T.);
#15162 = VERTEX_POINT('',#15163);
#15163 = CARTESIAN_POINT('',(1.845547619699,-0.24,-11.61565875343));
#15164 = SURFACE_CURVE('',#15165,(#15170,#15177),.PCURVE_S1.);
#15165 = CIRCLE('',#15166,0.27305);
#15166 = AXIS2_PLACEMENT_3D('',#15167,#15168,#15169);
#15167 = CARTESIAN_POINT('',(1.845547619699,-0.24,-11.34260875343));
#15168 = DIRECTION('',(-2.927413515469E-31,1.,-5.551115123126E-17));
#15169 = DIRECTION('',(1.,2.927413515469E-31,-1.642146637881E-47));
#15170 = PCURVE('',#15030,#15171);
#15171 = DEFINITIONAL_REPRESENTATION('',(#15172),#15176);
#15172 = CIRCLE('',#15173,0.27305);
#15173 = AXIS2_PLACEMENT_2D('',#15174,#15175);
#15174 = CARTESIAN_POINT('',(-0.27432,0.78232));
#15175 = DIRECTION('',(1.,5.347903754412E-62));
#15176 = ( GEOMETRIC_REPRESENTATION_CONTEXT(2) 
PARAMETRIC_REPRESENTATION_CONTEXT() REPRESENTATION_CONTEXT('2D SPACE',''
  ) );
#15177 = PCURVE('',#2274,#15178);
#15178 = DEFINITIONAL_REPRESENTATION('',(#15179),#15183);
#15179 = LINE('',#15180,#15181);
#15180 = CARTESIAN_POINT('',(0.,1.E-02));
#15181 = VECTOR('',#15182,1.);
#15182 = DIRECTION('',(1.,1.766974823035E-17));
#15183 = ( GEOMETRIC_REPRESENTATION_CONTEXT(2) 
PARAMETRIC_REPRESENTATION_CONTEXT() REPRESENTATION_CONTEXT('2D SPACE',''
  ) );
#15184 = ORIENTED_EDGE('',*,*,#15185,.F.);
#15185 = EDGE_CURVE('',#15186,#15162,#15188,.T.);
#15186 = VERTEX_POINT('',#15187);
#15187 = CARTESIAN_POINT('',(2.394187619699,-0.24,-11.61565875343));
#15188 = SURFACE_CURVE('',#15189,(#15193,#15200),.PCURVE_S1.);
#15189 = LINE('',#15190,#15191);
#15190 = CARTESIAN_POINT('',(2.394187619699,-0.24,-11.61565875343));
#15191 = VECTOR('',#15192,1.);
#15192 = DIRECTION('',(-1.,3.08148791102E-33,-2.449856478406E-63));
#15193 = PCURVE('',#15030,#15194);
#15194 = DEFINITIONAL_REPRESENTATION('',(#15195),#15199);
#15195 = LINE('',#15196,#15197);
#15196 = CARTESIAN_POINT('',(0.27432,1.05537));
#15197 = VECTOR('',#15198,1.);
#15198 = DIRECTION('',(-1.,-1.70160574004E-62));
#15199 = ( GEOMETRIC_REPRESENTATION_CONTEXT(2) 
PARAMETRIC_REPRESENTATION_CONTEXT() REPRESENTATION_CONTEXT('2D SPACE',''
  ) );
#15200 = PCURVE('',#2245,#15201);
#15201 = DEFINITIONAL_REPRESENTATION('',(#15202),#15206);
#15202 = LINE('',#15203,#15204);
#15203 = CARTESIAN_POINT('',(3.08148791102E-35,1.E-02));
#15204 = VECTOR('',#15205,1.);
#15205 = DIRECTION('',(1.,-1.849446417509E-158));
#15206 = ( GEOMETRIC_REPRESENTATION_CONTEXT(2) 
PARAMETRIC_REPRESENTATION_CONTEXT() REPRESENTATION_CONTEXT('2D SPACE',''
  ) );
#15207 = ORIENTED_EDGE('',*,*,#15208,.F.);
#15208 = EDGE_CURVE('',#15069,#15186,#15209,.T.);
#15209 = SURFACE_CURVE('',#15210,(#15215,#15222),.PCURVE_S1.);
#15210 = CIRCLE('',#15211,0.27305);
#15211 = AXIS2_PLACEMENT_3D('',#15212,#15213,#15214);
#15212 = CARTESIAN_POINT('',(2.394187619699,-0.24,-11.34260875343));
#15213 = DIRECTION('',(-2.927413515469E-31,1.,-5.551115123126E-17));
#15214 = DIRECTION('',(1.,2.927413515469E-31,-1.642146637881E-47));
#15215 = PCURVE('',#15030,#15216);
#15216 = DEFINITIONAL_REPRESENTATION('',(#15217),#15221);
#15217 = CIRCLE('',#15218,0.27305);
#15218 = AXIS2_PLACEMENT_2D('',#15219,#15220);
#15219 = CARTESIAN_POINT('',(0.27432,0.78232));
#15220 = DIRECTION('',(1.,5.347903754412E-62));
#15221 = ( GEOMETRIC_REPRESENTATION_CONTEXT(2) 
PARAMETRIC_REPRESENTATION_CONTEXT() REPRESENTATION_CONTEXT('2D SPACE',''
  ) );
#15222 = PCURVE('',#2217,#15223);
#15223 = DEFINITIONAL_REPRESENTATION('',(#15224),#15228);
#15224 = LINE('',#15225,#15226);
#15225 = CARTESIAN_POINT('',(0.,1.E-02));
#15226 = VECTOR('',#15227,1.);
#15227 = DIRECTION('',(1.,-1.766974823035E-17));
#15228 = ( GEOMETRIC_REPRESENTATION_CONTEXT(2) 
PARAMETRIC_REPRESENTATION_CONTEXT() REPRESENTATION_CONTEXT('2D SPACE',''
  ) );
#15229 = ADVANCED_FACE('',(#15230),#2331,.F.);
#15230 = FACE_BOUND('',#15231,.F.);
#15231 = EDGE_LOOP('',(#15232,#15233,#15234,#15255));
#15232 = ORIENTED_EDGE('',*,*,#14991,.T.);
#15233 = ORIENTED_EDGE('',*,*,#15114,.F.);
#15234 = ORIENTED_EDGE('',*,*,#15235,.F.);
#15235 = EDGE_CURVE('',#2287,#15115,#15236,.T.);
#15236 = SURFACE_CURVE('',#15237,(#15241,#15248),.PCURVE_S1.);
#15237 = LINE('',#15238,#15239);
#15238 = CARTESIAN_POINT('',(1.572497619699,-0.25,-9.777968753436));
#15239 = VECTOR('',#15240,1.);
#15240 = DIRECTION('',(0.,1.,0.));
#15241 = PCURVE('',#2331,#15242);
#15242 = DEFINITIONAL_REPRESENTATION('',(#15243),#15247);
#15243 = LINE('',#15244,#15245);
#15244 = CARTESIAN_POINT('',(3.141592653589,0.));
#15245 = VECTOR('',#15246,1.);
#15246 = DIRECTION('',(0.,1.));
#15247 = ( GEOMETRIC_REPRESENTATION_CONTEXT(2) 
PARAMETRIC_REPRESENTATION_CONTEXT() REPRESENTATION_CONTEXT('2D SPACE',''
  ) );
#15248 = PCURVE('',#2302,#15249);
#15249 = DEFINITIONAL_REPRESENTATION('',(#15250),#15254);
#15250 = LINE('',#15251,#15252);
#15251 = CARTESIAN_POINT('',(1.56464,-1.562439067015E-16));
#15252 = VECTOR('',#15253,1.);
#15253 = DIRECTION('',(9.985933294659E-17,1.));
#15254 = ( GEOMETRIC_REPRESENTATION_CONTEXT(2) 
PARAMETRIC_REPRESENTATION_CONTEXT() REPRESENTATION_CONTEXT('2D SPACE',''
  ) );
#15255 = ORIENTED_EDGE('',*,*,#2314,.T.);
#15256 = ADVANCED_FACE('',(#15257),#2302,.F.);
#15257 = FACE_BOUND('',#15258,.T.);
#15258 = EDGE_LOOP('',(#15259,#15260,#15281,#15282));
#15259 = ORIENTED_EDGE('',*,*,#2286,.F.);
#15260 = ORIENTED_EDGE('',*,*,#15261,.T.);
#15261 = EDGE_CURVE('',#2258,#15139,#15262,.T.);
#15262 = SURFACE_CURVE('',#15263,(#15267,#15274),.PCURVE_S1.);
#15263 = LINE('',#15264,#15265);
#15264 = CARTESIAN_POINT('',(1.572497619699,-0.25,-11.34260875343));
#15265 = VECTOR('',#15266,1.);
#15266 = DIRECTION('',(0.,1.,0.));
#15267 = PCURVE('',#2302,#15268);
#15268 = DEFINITIONAL_REPRESENTATION('',(#15269),#15273);
#15269 = LINE('',#15270,#15271);
#15270 = CARTESIAN_POINT('',(0.,0.));
#15271 = VECTOR('',#15272,1.);
#15272 = DIRECTION('',(9.985933294659E-17,1.));
#15273 = ( GEOMETRIC_REPRESENTATION_CONTEXT(2) 
PARAMETRIC_REPRESENTATION_CONTEXT() REPRESENTATION_CONTEXT('2D SPACE',''
  ) );
#15274 = PCURVE('',#2274,#15275);
#15275 = DEFINITIONAL_REPRESENTATION('',(#15276),#15280);
#15276 = LINE('',#15277,#15278);
#15277 = CARTESIAN_POINT('',(3.141592653589,0.));
#15278 = VECTOR('',#15279,1.);
#15279 = DIRECTION('',(0.,1.));
#15280 = ( GEOMETRIC_REPRESENTATION_CONTEXT(2) 
PARAMETRIC_REPRESENTATION_CONTEXT() REPRESENTATION_CONTEXT('2D SPACE',''
  ) );
#15281 = ORIENTED_EDGE('',*,*,#15138,.T.);
#15282 = ORIENTED_EDGE('',*,*,#15235,.F.);
#15283 = ADVANCED_FACE('',(#15284),#2274,.F.);
#15284 = FACE_BOUND('',#15285,.F.);
#15285 = EDGE_LOOP('',(#15286,#15287,#15288,#15309));
#15286 = ORIENTED_EDGE('',*,*,#15261,.T.);
#15287 = ORIENTED_EDGE('',*,*,#15161,.F.);
#15288 = ORIENTED_EDGE('',*,*,#15289,.F.);
#15289 = EDGE_CURVE('',#2230,#15162,#15290,.T.);
#15290 = SURFACE_CURVE('',#15291,(#15295,#15302),.PCURVE_S1.);
#15291 = LINE('',#15292,#15293);
#15292 = CARTESIAN_POINT('',(1.845547619699,-0.25,-11.61565875343));
#15293 = VECTOR('',#15294,1.);
#15294 = DIRECTION('',(0.,1.,0.));
#15295 = PCURVE('',#2274,#15296);
#15296 = DEFINITIONAL_REPRESENTATION('',(#15297),#15301);
#15297 = LINE('',#15298,#15299);
#15298 = CARTESIAN_POINT('',(1.570796326795,0.));
#15299 = VECTOR('',#15300,1.);
#15300 = DIRECTION('',(0.,1.));
#15301 = ( GEOMETRIC_REPRESENTATION_CONTEXT(2) 
PARAMETRIC_REPRESENTATION_CONTEXT() REPRESENTATION_CONTEXT('2D SPACE',''
  ) );
#15302 = PCURVE('',#2245,#15303);
#15303 = DEFINITIONAL_REPRESENTATION('',(#15304),#15308);
#15304 = LINE('',#15305,#15306);
#15305 = CARTESIAN_POINT('',(0.54864,-1.690627527502E-33));
#15306 = VECTOR('',#15307,1.);
#15307 = DIRECTION('',(3.08148791102E-33,1.));
#15308 = ( GEOMETRIC_REPRESENTATION_CONTEXT(2) 
PARAMETRIC_REPRESENTATION_CONTEXT() REPRESENTATION_CONTEXT('2D SPACE',''
  ) );
#15309 = ORIENTED_EDGE('',*,*,#2257,.T.);
#15310 = ADVANCED_FACE('',(#15311),#2245,.F.);
#15311 = FACE_BOUND('',#15312,.T.);
#15312 = EDGE_LOOP('',(#15313,#15314,#15335,#15336));
#15313 = ORIENTED_EDGE('',*,*,#2229,.F.);
#15314 = ORIENTED_EDGE('',*,*,#15315,.T.);
#15315 = EDGE_CURVE('',#2201,#15186,#15316,.T.);
#15316 = SURFACE_CURVE('',#15317,(#15321,#15328),.PCURVE_S1.);
#15317 = LINE('',#15318,#15319);
#15318 = CARTESIAN_POINT('',(2.394187619699,-0.25,-11.61565875343));
#15319 = VECTOR('',#15320,1.);
#15320 = DIRECTION('',(0.,1.,0.));
#15321 = PCURVE('',#2245,#15322);
#15322 = DEFINITIONAL_REPRESENTATION('',(#15323),#15327);
#15323 = LINE('',#15324,#15325);
#15324 = CARTESIAN_POINT('',(0.,0.));
#15325 = VECTOR('',#15326,1.);
#15326 = DIRECTION('',(3.08148791102E-33,1.));
#15327 = ( GEOMETRIC_REPRESENTATION_CONTEXT(2) 
PARAMETRIC_REPRESENTATION_CONTEXT() REPRESENTATION_CONTEXT('2D SPACE',''
  ) );
#15328 = PCURVE('',#2217,#15329);
#15329 = DEFINITIONAL_REPRESENTATION('',(#15330),#15334);
#15330 = LINE('',#15331,#15332);
#15331 = CARTESIAN_POINT('',(1.570796326795,0.));
#15332 = VECTOR('',#15333,1.);
#15333 = DIRECTION('',(0.,1.));
#15334 = ( GEOMETRIC_REPRESENTATION_CONTEXT(2) 
PARAMETRIC_REPRESENTATION_CONTEXT() REPRESENTATION_CONTEXT('2D SPACE',''
  ) );
#15335 = ORIENTED_EDGE('',*,*,#15185,.T.);
#15336 = ORIENTED_EDGE('',*,*,#15289,.F.);
#15337 = ADVANCED_FACE('',(#15338),#2217,.F.);
#15338 = FACE_BOUND('',#15339,.F.);
#15339 = EDGE_LOOP('',(#15340,#15341,#15342,#15363));
#15340 = ORIENTED_EDGE('',*,*,#15315,.T.);
#15341 = ORIENTED_EDGE('',*,*,#15208,.F.);
#15342 = ORIENTED_EDGE('',*,*,#15343,.F.);
#15343 = EDGE_CURVE('',#2173,#15069,#15344,.T.);
#15344 = SURFACE_CURVE('',#15345,(#15349,#15356),.PCURVE_S1.);
#15345 = LINE('',#15346,#15347);
#15346 = CARTESIAN_POINT('',(2.667237619699,-0.25,-11.34260875343));
#15347 = VECTOR('',#15348,1.);
#15348 = DIRECTION('',(0.,1.,0.));
#15349 = PCURVE('',#2217,#15350);
#15350 = DEFINITIONAL_REPRESENTATION('',(#15351),#15355);
#15351 = LINE('',#15352,#15353);
#15352 = CARTESIAN_POINT('',(0.,0.));
#15353 = VECTOR('',#15354,1.);
#15354 = DIRECTION('',(0.,1.));
#15355 = ( GEOMETRIC_REPRESENTATION_CONTEXT(2) 
PARAMETRIC_REPRESENTATION_CONTEXT() REPRESENTATION_CONTEXT('2D SPACE',''
  ) );
#15356 = PCURVE('',#2188,#15357);
#15357 = DEFINITIONAL_REPRESENTATION('',(#15358),#15362);
#15358 = LINE('',#15359,#15360);
#15359 = CARTESIAN_POINT('',(1.56464,1.21549437182E-16));
#15360 = VECTOR('',#15361,1.);
#15361 = DIRECTION('',(-7.768524208892E-17,1.));
#15362 = ( GEOMETRIC_REPRESENTATION_CONTEXT(2) 
PARAMETRIC_REPRESENTATION_CONTEXT() REPRESENTATION_CONTEXT('2D SPACE',''
  ) );
#15363 = ORIENTED_EDGE('',*,*,#2200,.T.);
#15364 = ADVANCED_FACE('',(#15365),#2188,.F.);
#15365 = FACE_BOUND('',#15366,.T.);
#15366 = EDGE_LOOP('',(#15367,#15368,#15389,#15390));
#15367 = ORIENTED_EDGE('',*,*,#2172,.F.);
#15368 = ORIENTED_EDGE('',*,*,#15369,.T.);
#15369 = EDGE_CURVE('',#2144,#15067,#15370,.T.);
#15370 = SURFACE_CURVE('',#15371,(#15375,#15382),.PCURVE_S1.);
#15371 = LINE('',#15372,#15373);
#15372 = CARTESIAN_POINT('',(2.667237619699,-0.25,-9.777968753436));
#15373 = VECTOR('',#15374,1.);
#15374 = DIRECTION('',(0.,1.,0.));
#15375 = PCURVE('',#2188,#15376);
#15376 = DEFINITIONAL_REPRESENTATION('',(#15377),#15381);
#15377 = LINE('',#15378,#15379);
#15378 = CARTESIAN_POINT('',(-0.,0.));
#15379 = VECTOR('',#15380,1.);
#15380 = DIRECTION('',(-7.768524208892E-17,1.));
#15381 = ( GEOMETRIC_REPRESENTATION_CONTEXT(2) 
PARAMETRIC_REPRESENTATION_CONTEXT() REPRESENTATION_CONTEXT('2D SPACE',''
  ) );
#15382 = PCURVE('',#2160,#15383);
#15383 = DEFINITIONAL_REPRESENTATION('',(#15384),#15388);
#15384 = LINE('',#15385,#15386);
#15385 = CARTESIAN_POINT('',(6.28318530718,0.));
#15386 = VECTOR('',#15387,1.);
#15387 = DIRECTION('',(0.,1.));
#15388 = ( GEOMETRIC_REPRESENTATION_CONTEXT(2) 
PARAMETRIC_REPRESENTATION_CONTEXT() REPRESENTATION_CONTEXT('2D SPACE',''
  ) );
#15389 = ORIENTED_EDGE('',*,*,#15066,.T.);
#15390 = ORIENTED_EDGE('',*,*,#15343,.F.);
#15391 = ADVANCED_FACE('',(#15392),#2160,.F.);
#15392 = FACE_BOUND('',#15393,.F.);
#15393 = EDGE_LOOP('',(#15394,#15395,#15396,#15397));
#15394 = ORIENTED_EDGE('',*,*,#15369,.T.);
#15395 = ORIENTED_EDGE('',*,*,#15091,.F.);
#15396 = ORIENTED_EDGE('',*,*,#15042,.F.);
#15397 = ORIENTED_EDGE('',*,*,#2141,.T.);
#15398 = ADVANCED_FACE('',(#15399),#2106,.F.);
#15399 = FACE_BOUND('',#15400,.F.);
#15400 = EDGE_LOOP('',(#15401,#15424,#15448,#15469));
#15401 = ORIENTED_EDGE('',*,*,#15402,.T.);
#15402 = EDGE_CURVE('',#2090,#15403,#15405,.T.);
#15403 = VERTEX_POINT('',#15404);
#15404 = CARTESIAN_POINT('',(4.572237619699,-0.24,-9.777968753436));
#15405 = SURFACE_CURVE('',#15406,(#15410,#15417),.PCURVE_S1.);
#15406 = LINE('',#15407,#15408);
#15407 = CARTESIAN_POINT('',(4.572237619699,-0.25,-9.777968753436));
#15408 = VECTOR('',#15409,1.);
#15409 = DIRECTION('',(0.,1.,0.));
#15410 = PCURVE('',#2106,#15411);
#15411 = DEFINITIONAL_REPRESENTATION('',(#15412),#15416);
#15412 = LINE('',#15413,#15414);
#15413 = CARTESIAN_POINT('',(6.28318530718,0.));
#15414 = VECTOR('',#15415,1.);
#15415 = DIRECTION('',(0.,1.));
#15416 = ( GEOMETRIC_REPRESENTATION_CONTEXT(2) 
PARAMETRIC_REPRESENTATION_CONTEXT() REPRESENTATION_CONTEXT('2D SPACE',''
  ) );
#15417 = PCURVE('',#101,#15418);
#15418 = DEFINITIONAL_REPRESENTATION('',(#15419),#15423);
#15419 = LINE('',#15420,#15421);
#15420 = CARTESIAN_POINT('',(-0.,0.));
#15421 = VECTOR('',#15422,1.);
#15422 = DIRECTION('',(-5.551115123126E-17,1.));
#15423 = ( GEOMETRIC_REPRESENTATION_CONTEXT(2) 
PARAMETRIC_REPRESENTATION_CONTEXT() REPRESENTATION_CONTEXT('2D SPACE',''
  ) );
#15424 = ORIENTED_EDGE('',*,*,#15425,.F.);
#15425 = EDGE_CURVE('',#15426,#15403,#15428,.T.);
#15426 = VERTEX_POINT('',#15427);
#15427 = CARTESIAN_POINT('',(4.299187619699,-0.24,-9.504918753436));
#15428 = SURFACE_CURVE('',#15429,(#15434,#15441),.PCURVE_S1.);
#15429 = CIRCLE('',#15430,0.27305);
#15430 = AXIS2_PLACEMENT_3D('',#15431,#15432,#15433);
#15431 = CARTESIAN_POINT('',(4.299187619699,-0.24,-9.777968753436));
#15432 = DIRECTION('',(-2.927413515469E-31,1.,-5.551115123126E-17));
#15433 = DIRECTION('',(1.,2.927413515469E-31,-1.642146637881E-47));
#15434 = PCURVE('',#2106,#15435);
#15435 = DEFINITIONAL_REPRESENTATION('',(#15436),#15440);
#15436 = LINE('',#15437,#15438);
#15437 = CARTESIAN_POINT('',(0.,1.E-02));
#15438 = VECTOR('',#15439,1.);
#15439 = DIRECTION('',(1.,-1.766974823035E-17));
#15440 = ( GEOMETRIC_REPRESENTATION_CONTEXT(2) 
PARAMETRIC_REPRESENTATION_CONTEXT() REPRESENTATION_CONTEXT('2D SPACE',''
  ) );
#15441 = PCURVE('',#73,#15442);
#15442 = DEFINITIONAL_REPRESENTATION('',(#15443),#15447);
#15443 = CIRCLE('',#15444,0.27305);
#15444 = AXIS2_PLACEMENT_2D('',#15445,#15446);
#15445 = CARTESIAN_POINT('',(0.27432,-0.78232));
#15446 = DIRECTION('',(1.,5.347903754412E-62));
#15447 = ( GEOMETRIC_REPRESENTATION_CONTEXT(2) 
PARAMETRIC_REPRESENTATION_CONTEXT() REPRESENTATION_CONTEXT('2D SPACE',''
  ) );
#15448 = ORIENTED_EDGE('',*,*,#15449,.F.);
#15449 = EDGE_CURVE('',#2062,#15426,#15450,.T.);
#15450 = SURFACE_CURVE('',#15451,(#15455,#15462),.PCURVE_S1.);
#15451 = LINE('',#15452,#15453);
#15452 = CARTESIAN_POINT('',(4.299187619699,-0.25,-9.504918753436));
#15453 = VECTOR('',#15454,1.);
#15454 = DIRECTION('',(0.,1.,0.));
#15455 = PCURVE('',#2106,#15456);
#15456 = DEFINITIONAL_REPRESENTATION('',(#15457),#15461);
#15457 = LINE('',#15458,#15459);
#15458 = CARTESIAN_POINT('',(4.712388980385,0.));
#15459 = VECTOR('',#15460,1.);
#15460 = DIRECTION('',(0.,1.));
#15461 = ( GEOMETRIC_REPRESENTATION_CONTEXT(2) 
PARAMETRIC_REPRESENTATION_CONTEXT() REPRESENTATION_CONTEXT('2D SPACE',''
  ) );
#15462 = PCURVE('',#2077,#15463);
#15463 = DEFINITIONAL_REPRESENTATION('',(#15464),#15468);
#15464 = LINE('',#15465,#15466);
#15465 = CARTESIAN_POINT('',(0.54864,-3.469446951953E-17));
#15466 = VECTOR('',#15467,1.);
#15467 = DIRECTION('',(6.323722207555E-17,1.));
#15468 = ( GEOMETRIC_REPRESENTATION_CONTEXT(2) 
PARAMETRIC_REPRESENTATION_CONTEXT() REPRESENTATION_CONTEXT('2D SPACE',''
  ) );
#15469 = ORIENTED_EDGE('',*,*,#2089,.T.);
#15470 = ADVANCED_FACE('',(#15471),#2077,.F.);
#15471 = FACE_BOUND('',#15472,.T.);
#15472 = EDGE_LOOP('',(#15473,#15474,#15497,#15518));
#15473 = ORIENTED_EDGE('',*,*,#2061,.F.);
#15474 = ORIENTED_EDGE('',*,*,#15475,.T.);
#15475 = EDGE_CURVE('',#2033,#15476,#15478,.T.);
#15476 = VERTEX_POINT('',#15477);
#15477 = CARTESIAN_POINT('',(3.750547619699,-0.24,-9.504918753436));
#15478 = SURFACE_CURVE('',#15479,(#15483,#15490),.PCURVE_S1.);
#15479 = LINE('',#15480,#15481);
#15480 = CARTESIAN_POINT('',(3.750547619699,-0.25,-9.504918753436));
#15481 = VECTOR('',#15482,1.);
#15482 = DIRECTION('',(0.,1.,0.));
#15483 = PCURVE('',#2077,#15484);
#15484 = DEFINITIONAL_REPRESENTATION('',(#15485),#15489);
#15485 = LINE('',#15486,#15487);
#15486 = CARTESIAN_POINT('',(0.,0.));
#15487 = VECTOR('',#15488,1.);
#15488 = DIRECTION('',(6.323722207555E-17,1.));
#15489 = ( GEOMETRIC_REPRESENTATION_CONTEXT(2) 
PARAMETRIC_REPRESENTATION_CONTEXT() REPRESENTATION_CONTEXT('2D SPACE',''
  ) );
#15490 = PCURVE('',#2049,#15491);
#15491 = DEFINITIONAL_REPRESENTATION('',(#15492),#15496);
#15492 = LINE('',#15493,#15494);
#15493 = CARTESIAN_POINT('',(4.712388980385,0.));
#15494 = VECTOR('',#15495,1.);
#15495 = DIRECTION('',(0.,1.));
#15496 = ( GEOMETRIC_REPRESENTATION_CONTEXT(2) 
PARAMETRIC_REPRESENTATION_CONTEXT() REPRESENTATION_CONTEXT('2D SPACE',''
  ) );
#15497 = ORIENTED_EDGE('',*,*,#15498,.T.);
#15498 = EDGE_CURVE('',#15476,#15426,#15499,.T.);
#15499 = SURFACE_CURVE('',#15500,(#15504,#15511),.PCURVE_S1.);
#15500 = LINE('',#15501,#15502);
#15501 = CARTESIAN_POINT('',(3.750547619699,-0.24,-9.504918753436));
#15502 = VECTOR('',#15503,1.);
#15503 = DIRECTION('',(1.,6.323722207555E-17,-1.295098308108E-13));
#15504 = PCURVE('',#2077,#15505);
#15505 = DEFINITIONAL_REPRESENTATION('',(#15506),#15510);
#15506 = LINE('',#15507,#15508);
#15507 = CARTESIAN_POINT('',(6.323722207555E-19,1.E-02));
#15508 = VECTOR('',#15509,1.);
#15509 = DIRECTION('',(1.,-1.060665042973E-42));
#15510 = ( GEOMETRIC_REPRESENTATION_CONTEXT(2) 
PARAMETRIC_REPRESENTATION_CONTEXT() REPRESENTATION_CONTEXT('2D SPACE',''
  ) );
#15511 = PCURVE('',#73,#15512);
#15512 = DEFINITIONAL_REPRESENTATION('',(#15513),#15517);
#15513 = LINE('',#15514,#15515);
#15514 = CARTESIAN_POINT('',(-0.27432,-1.05537));
#15515 = VECTOR('',#15516,1.);
#15516 = DIRECTION('',(1.,1.295098308108E-13));
#15517 = ( GEOMETRIC_REPRESENTATION_CONTEXT(2) 
PARAMETRIC_REPRESENTATION_CONTEXT() REPRESENTATION_CONTEXT('2D SPACE',''
  ) );
#15518 = ORIENTED_EDGE('',*,*,#15449,.F.);
#15519 = ADVANCED_FACE('',(#15520),#2049,.F.);
#15520 = FACE_BOUND('',#15521,.F.);
#15521 = EDGE_LOOP('',(#15522,#15523,#15547,#15568));
#15522 = ORIENTED_EDGE('',*,*,#15475,.T.);
#15523 = ORIENTED_EDGE('',*,*,#15524,.F.);
#15524 = EDGE_CURVE('',#15525,#15476,#15527,.T.);
#15525 = VERTEX_POINT('',#15526);
#15526 = CARTESIAN_POINT('',(3.477497619699,-0.24,-9.777968753436));
#15527 = SURFACE_CURVE('',#15528,(#15533,#15540),.PCURVE_S1.);
#15528 = CIRCLE('',#15529,0.27305);
#15529 = AXIS2_PLACEMENT_3D('',#15530,#15531,#15532);
#15530 = CARTESIAN_POINT('',(3.750547619699,-0.24,-9.777968753436));
#15531 = DIRECTION('',(-2.927413515469E-31,1.,-5.551115123126E-17));
#15532 = DIRECTION('',(1.,2.927413515469E-31,-1.642146637881E-47));
#15533 = PCURVE('',#2049,#15534);
#15534 = DEFINITIONAL_REPRESENTATION('',(#15535),#15539);
#15535 = LINE('',#15536,#15537);
#15536 = CARTESIAN_POINT('',(0.,1.E-02));
#15537 = VECTOR('',#15538,1.);
#15538 = DIRECTION('',(1.,1.766974823035E-17));
#15539 = ( GEOMETRIC_REPRESENTATION_CONTEXT(2) 
PARAMETRIC_REPRESENTATION_CONTEXT() REPRESENTATION_CONTEXT('2D SPACE',''
  ) );
#15540 = PCURVE('',#73,#15541);
#15541 = DEFINITIONAL_REPRESENTATION('',(#15542),#15546);
#15542 = CIRCLE('',#15543,0.27305);
#15543 = AXIS2_PLACEMENT_2D('',#15544,#15545);
#15544 = CARTESIAN_POINT('',(-0.27432,-0.78232));
#15545 = DIRECTION('',(1.,5.347903754412E-62));
#15546 = ( GEOMETRIC_REPRESENTATION_CONTEXT(2) 
PARAMETRIC_REPRESENTATION_CONTEXT() REPRESENTATION_CONTEXT('2D SPACE',''
  ) );
#15547 = ORIENTED_EDGE('',*,*,#15548,.F.);
#15548 = EDGE_CURVE('',#2005,#15525,#15549,.T.);
#15549 = SURFACE_CURVE('',#15550,(#15554,#15561),.PCURVE_S1.);
#15550 = LINE('',#15551,#15552);
#15551 = CARTESIAN_POINT('',(3.477497619699,-0.25,-9.777968753436));
#15552 = VECTOR('',#15553,1.);
#15553 = DIRECTION('',(0.,1.,0.));
#15554 = PCURVE('',#2049,#15555);
#15555 = DEFINITIONAL_REPRESENTATION('',(#15556),#15560);
#15556 = LINE('',#15557,#15558);
#15557 = CARTESIAN_POINT('',(3.141592653591,0.));
#15558 = VECTOR('',#15559,1.);
#15559 = DIRECTION('',(0.,1.));
#15560 = ( GEOMETRIC_REPRESENTATION_CONTEXT(2) 
PARAMETRIC_REPRESENTATION_CONTEXT() REPRESENTATION_CONTEXT('2D SPACE',''
  ) );
#15561 = PCURVE('',#2020,#15562);
#15562 = DEFINITIONAL_REPRESENTATION('',(#15563),#15567);
#15563 = LINE('',#15564,#15565);
#15564 = CARTESIAN_POINT('',(1.56464,-8.685496766248E-17));
#15565 = VECTOR('',#15566,1.);
#15566 = DIRECTION('',(5.551115123126E-17,1.));
#15567 = ( GEOMETRIC_REPRESENTATION_CONTEXT(2) 
PARAMETRIC_REPRESENTATION_CONTEXT() REPRESENTATION_CONTEXT('2D SPACE',''
  ) );
#15568 = ORIENTED_EDGE('',*,*,#2032,.T.);
#15569 = ADVANCED_FACE('',(#15570),#2020,.F.);
#15570 = FACE_BOUND('',#15571,.T.);
#15571 = EDGE_LOOP('',(#15572,#15573,#15596,#15617));
#15572 = ORIENTED_EDGE('',*,*,#2004,.F.);
#15573 = ORIENTED_EDGE('',*,*,#15574,.T.);
#15574 = EDGE_CURVE('',#1976,#15575,#15577,.T.);
#15575 = VERTEX_POINT('',#15576);
#15576 = CARTESIAN_POINT('',(3.477497619699,-0.24,-11.34260875343));
#15577 = SURFACE_CURVE('',#15578,(#15582,#15589),.PCURVE_S1.);
#15578 = LINE('',#15579,#15580);
#15579 = CARTESIAN_POINT('',(3.477497619699,-0.25,-11.34260875343));
#15580 = VECTOR('',#15581,1.);
#15581 = DIRECTION('',(0.,1.,0.));
#15582 = PCURVE('',#2020,#15583);
#15583 = DEFINITIONAL_REPRESENTATION('',(#15584),#15588);
#15584 = LINE('',#15585,#15586);
#15585 = CARTESIAN_POINT('',(0.,0.));
#15586 = VECTOR('',#15587,1.);
#15587 = DIRECTION('',(5.551115123126E-17,1.));
#15588 = ( GEOMETRIC_REPRESENTATION_CONTEXT(2) 
PARAMETRIC_REPRESENTATION_CONTEXT() REPRESENTATION_CONTEXT('2D SPACE',''
  ) );
#15589 = PCURVE('',#1992,#15590);
#15590 = DEFINITIONAL_REPRESENTATION('',(#15591),#15595);
#15591 = LINE('',#15592,#15593);
#15592 = CARTESIAN_POINT('',(3.14159265359,0.));
#15593 = VECTOR('',#15594,1.);
#15594 = DIRECTION('',(0.,1.));
#15595 = ( GEOMETRIC_REPRESENTATION_CONTEXT(2) 
PARAMETRIC_REPRESENTATION_CONTEXT() REPRESENTATION_CONTEXT('2D SPACE',''
  ) );
#15596 = ORIENTED_EDGE('',*,*,#15597,.T.);
#15597 = EDGE_CURVE('',#15575,#15525,#15598,.T.);
#15598 = SURFACE_CURVE('',#15599,(#15603,#15610),.PCURVE_S1.);
#15599 = LINE('',#15600,#15601);
#15600 = CARTESIAN_POINT('',(3.477497619699,-0.24,-11.34260875343));
#15601 = VECTOR('',#15602,1.);
#15602 = DIRECTION('',(1.710569414459E-49,5.551115123126E-17,1.));
#15603 = PCURVE('',#2020,#15604);
#15604 = DEFINITIONAL_REPRESENTATION('',(#15605),#15609);
#15605 = LINE('',#15606,#15607);
#15606 = CARTESIAN_POINT('',(5.551115123126E-19,1.E-02));
#15607 = VECTOR('',#15608,1.);
#15608 = DIRECTION('',(1.,0.));
#15609 = ( GEOMETRIC_REPRESENTATION_CONTEXT(2) 
PARAMETRIC_REPRESENTATION_CONTEXT() REPRESENTATION_CONTEXT('2D SPACE',''
  ) );
#15610 = PCURVE('',#73,#15611);
#15611 = DEFINITIONAL_REPRESENTATION('',(#15612),#15616);
#15612 = LINE('',#15613,#15614);
#15613 = CARTESIAN_POINT('',(-0.54737,0.78232));
#15614 = VECTOR('',#15615,1.);
#15615 = DIRECTION('',(1.70160574004E-62,-1.));
#15616 = ( GEOMETRIC_REPRESENTATION_CONTEXT(2) 
PARAMETRIC_REPRESENTATION_CONTEXT() REPRESENTATION_CONTEXT('2D SPACE',''
  ) );
#15617 = ORIENTED_EDGE('',*,*,#15548,.F.);
#15618 = ADVANCED_FACE('',(#15619),#1992,.F.);
#15619 = FACE_BOUND('',#15620,.F.);
#15620 = EDGE_LOOP('',(#15621,#15622,#15646,#15667));
#15621 = ORIENTED_EDGE('',*,*,#15574,.T.);
#15622 = ORIENTED_EDGE('',*,*,#15623,.F.);
#15623 = EDGE_CURVE('',#15624,#15575,#15626,.T.);
#15624 = VERTEX_POINT('',#15625);
#15625 = CARTESIAN_POINT('',(3.750547619698,-0.24,-11.61565875343));
#15626 = SURFACE_CURVE('',#15627,(#15632,#15639),.PCURVE_S1.);
#15627 = CIRCLE('',#15628,0.27305);
#15628 = AXIS2_PLACEMENT_3D('',#15629,#15630,#15631);
#15629 = CARTESIAN_POINT('',(3.750547619699,-0.24,-11.34260875343));
#15630 = DIRECTION('',(-2.927413515469E-31,1.,-5.551115123126E-17));
#15631 = DIRECTION('',(1.,2.927413515469E-31,-1.642146637881E-47));
#15632 = PCURVE('',#1992,#15633);
#15633 = DEFINITIONAL_REPRESENTATION('',(#15634),#15638);
#15634 = LINE('',#15635,#15636);
#15635 = CARTESIAN_POINT('',(2.22044604925E-16,1.E-02));
#15636 = VECTOR('',#15637,1.);
#15637 = DIRECTION('',(1.,1.766974823038E-17));
#15638 = ( GEOMETRIC_REPRESENTATION_CONTEXT(2) 
PARAMETRIC_REPRESENTATION_CONTEXT() REPRESENTATION_CONTEXT('2D SPACE',''
  ) );
#15639 = PCURVE('',#73,#15640);
#15640 = DEFINITIONAL_REPRESENTATION('',(#15641),#15645);
#15641 = CIRCLE('',#15642,0.27305);
#15642 = AXIS2_PLACEMENT_2D('',#15643,#15644);
#15643 = CARTESIAN_POINT('',(-0.27432,0.78232));
#15644 = DIRECTION('',(1.,5.347903754412E-62));
#15645 = ( GEOMETRIC_REPRESENTATION_CONTEXT(2) 
PARAMETRIC_REPRESENTATION_CONTEXT() REPRESENTATION_CONTEXT('2D SPACE',''
  ) );
#15646 = ORIENTED_EDGE('',*,*,#15647,.F.);
#15647 = EDGE_CURVE('',#1953,#15624,#15648,.T.);
#15648 = SURFACE_CURVE('',#15649,(#15653,#15660),.PCURVE_S1.);
#15649 = LINE('',#15650,#15651);
#15650 = CARTESIAN_POINT('',(3.750547619698,-0.25,-11.61565875343));
#15651 = VECTOR('',#15652,1.);
#15652 = DIRECTION('',(0.,1.,0.));
#15653 = PCURVE('',#1992,#15654);
#15654 = DEFINITIONAL_REPRESENTATION('',(#15655),#15659);
#15655 = LINE('',#15656,#15657);
#15656 = CARTESIAN_POINT('',(1.570796326797,0.));
#15657 = VECTOR('',#15658,1.);
#15658 = DIRECTION('',(0.,1.));
#15659 = ( GEOMETRIC_REPRESENTATION_CONTEXT(2) 
PARAMETRIC_REPRESENTATION_CONTEXT() REPRESENTATION_CONTEXT('2D SPACE',''
  ) );
#15660 = PCURVE('',#44,#15661);
#15661 = DEFINITIONAL_REPRESENTATION('',(#15662),#15666);
#15662 = LINE('',#15663,#15664);
#15663 = CARTESIAN_POINT('',(0.548640000001,-1.690627527504E-33));
#15664 = VECTOR('',#15665,1.);
#15665 = DIRECTION('',(3.08148791102E-33,1.));
#15666 = ( GEOMETRIC_REPRESENTATION_CONTEXT(2) 
PARAMETRIC_REPRESENTATION_CONTEXT() REPRESENTATION_CONTEXT('2D SPACE',''
  ) );
#15667 = ORIENTED_EDGE('',*,*,#1975,.T.);
#15668 = ADVANCED_FACE('',(#15669),#1938,.T.);
#15669 = FACE_BOUND('',#15670,.T.);
#15670 = EDGE_LOOP('',(#15671,#15672,#15693,#15694));
#15671 = ORIENTED_EDGE('',*,*,#5755,.F.);
#15672 = ORIENTED_EDGE('',*,*,#15673,.F.);
#15673 = EDGE_CURVE('',#144,#5756,#15674,.T.);
#15674 = SURFACE_CURVE('',#15675,(#15679,#15686),.PCURVE_S1.);
#15675 = LINE('',#15676,#15677);
#15676 = CARTESIAN_POINT('',(12.281658685586,1.490116113834E-08,
    -13.09639995541));
#15677 = VECTOR('',#15678,1.);
#15678 = DIRECTION('',(0.,1.,0.));
#15679 = PCURVE('',#1938,#15680);
#15680 = DEFINITIONAL_REPRESENTATION('',(#15681),#15685);
#15681 = LINE('',#15682,#15683);
#15682 = CARTESIAN_POINT('',(0.,0.));
#15683 = VECTOR('',#15684,1.);
#15684 = DIRECTION('',(0.,1.));
#15685 = ( GEOMETRIC_REPRESENTATION_CONTEXT(2) 
PARAMETRIC_REPRESENTATION_CONTEXT() REPRESENTATION_CONTEXT('2D SPACE',''
  ) );
#15686 = PCURVE('',#161,#15687);
#15687 = DEFINITIONAL_REPRESENTATION('',(#15688),#15692);
#15688 = LINE('',#15689,#15690);
#15689 = CARTESIAN_POINT('',(13.97,0.));
#15690 = VECTOR('',#15691,1.);
#15691 = DIRECTION('',(0.,1.));
#15692 = ( GEOMETRIC_REPRESENTATION_CONTEXT(2) 
PARAMETRIC_REPRESENTATION_CONTEXT() REPRESENTATION_CONTEXT('2D SPACE',''
  ) );
#15693 = ORIENTED_EDGE('',*,*,#1923,.T.);
#15694 = ORIENTED_EDGE('',*,*,#15695,.F.);
#15695 = EDGE_CURVE('',#5733,#1896,#15696,.T.);
#15696 = SURFACE_CURVE('',#15697,(#15701,#15708),.PCURVE_S1.);
#15697 = LINE('',#15698,#15699);
#15698 = CARTESIAN_POINT('',(10.376658685586,0.500000014901,
    -15.00139995541));
#15699 = VECTOR('',#15700,1.);
#15700 = DIRECTION('',(-9.901235293914E-17,-1.,-8.267718464771E-17));
#15701 = PCURVE('',#1938,#15702);
#15702 = DEFINITIONAL_REPRESENTATION('',(#15703),#15707);
#15703 = LINE('',#15704,#15705);
#15704 = CARTESIAN_POINT('',(1.570750021735,0.5));
#15705 = VECTOR('',#15706,1.);
#15706 = DIRECTION('',(0.,-1.));
#15707 = ( GEOMETRIC_REPRESENTATION_CONTEXT(2) 
PARAMETRIC_REPRESENTATION_CONTEXT() REPRESENTATION_CONTEXT('2D SPACE',''
  ) );
#15708 = PCURVE('',#1911,#15709);
#15709 = DEFINITIONAL_REPRESENTATION('',(#15710),#15714);
#15710 = LINE('',#15711,#15712);
#15711 = CARTESIAN_POINT('',(0.,0.5));
#15712 = VECTOR('',#15713,1.);
#15713 = DIRECTION('',(9.901235293914E-17,-1.));
#15714 = ( GEOMETRIC_REPRESENTATION_CONTEXT(2) 
PARAMETRIC_REPRESENTATION_CONTEXT() REPRESENTATION_CONTEXT('2D SPACE',''
  ) );
#15715 = ADVANCED_FACE('',(#15716),#1911,.T.);
#15716 = FACE_BOUND('',#15717,.T.);
#15717 = EDGE_LOOP('',(#15718,#15719,#15720,#15741,#15742,#15743));
#15718 = ORIENTED_EDGE('',*,*,#15695,.T.);
#15719 = ORIENTED_EDGE('',*,*,#1895,.F.);
#15720 = ORIENTED_EDGE('',*,*,#15721,.T.);
#15721 = EDGE_CURVE('',#1868,#8231,#15722,.T.);
#15722 = SURFACE_CURVE('',#15723,(#15727,#15734),.PCURVE_S1.);
#15723 = LINE('',#15724,#15725);
#15724 = CARTESIAN_POINT('',(10.122658685586,-0.249999985099,
    -15.00139995541));
#15725 = VECTOR('',#15726,1.);
#15726 = DIRECTION('',(6.310887241768E-30,1.,-9.011389889435E-24));
#15727 = PCURVE('',#1911,#15728);
#15728 = DEFINITIONAL_REPRESENTATION('',(#15729),#15733);
#15729 = LINE('',#15730,#15731);
#15730 = CARTESIAN_POINT('',(0.254,-0.25));
#15731 = VECTOR('',#15732,1.);
#15732 = DIRECTION('',(-6.310887243769E-30,1.));
#15733 = ( GEOMETRIC_REPRESENTATION_CONTEXT(2) 
PARAMETRIC_REPRESENTATION_CONTEXT() REPRESENTATION_CONTEXT('2D SPACE',''
  ) );
#15734 = PCURVE('',#1883,#15735);
#15735 = DEFINITIONAL_REPRESENTATION('',(#15736),#15740);
#15736 = LINE('',#15737,#15738);
#15737 = CARTESIAN_POINT('',(1.3335,1.201668841756E-23));
#15738 = VECTOR('',#15739,1.);
#15739 = DIRECTION('',(0.,1.));
#15740 = ( GEOMETRIC_REPRESENTATION_CONTEXT(2) 
PARAMETRIC_REPRESENTATION_CONTEXT() REPRESENTATION_CONTEXT('2D SPACE',''
  ) );
#15741 = ORIENTED_EDGE('',*,*,#8230,.T.);
#15742 = ORIENTED_EDGE('',*,*,#13461,.T.);
#15743 = ORIENTED_EDGE('',*,*,#5732,.T.);
#15744 = ADVANCED_FACE('',(#15745),#1883,.F.);
#15745 = FACE_BOUND('',#15746,.T.);
#15746 = EDGE_LOOP('',(#15747,#15748,#15769,#15770));
#15747 = ORIENTED_EDGE('',*,*,#1867,.F.);
#15748 = ORIENTED_EDGE('',*,*,#15749,.T.);
#15749 = EDGE_CURVE('',#1839,#8254,#15750,.T.);
#15750 = SURFACE_CURVE('',#15751,(#15755,#15762),.PCURVE_S1.);
#15751 = LINE('',#15752,#15753);
#15752 = CARTESIAN_POINT('',(10.122658685586,-0.249999985099,
    -13.66789995541));
#15753 = VECTOR('',#15754,1.);
#15754 = DIRECTION('',(6.310887241768E-30,1.,-9.011389889435E-24));
#15755 = PCURVE('',#1883,#15756);
#15756 = DEFINITIONAL_REPRESENTATION('',(#15757),#15761);
#15757 = LINE('',#15758,#15759);
#15758 = CARTESIAN_POINT('',(-0.,0.));
#15759 = VECTOR('',#15760,1.);
#15760 = DIRECTION('',(0.,1.));
#15761 = ( GEOMETRIC_REPRESENTATION_CONTEXT(2) 
PARAMETRIC_REPRESENTATION_CONTEXT() REPRESENTATION_CONTEXT('2D SPACE',''
  ) );
#15762 = PCURVE('',#1855,#15763);
#15763 = DEFINITIONAL_REPRESENTATION('',(#15764),#15768);
#15764 = LINE('',#15765,#15766);
#15765 = CARTESIAN_POINT('',(7.767079843191,0.));
#15766 = VECTOR('',#15767,1.);
#15767 = DIRECTION('',(0.,1.));
#15768 = ( GEOMETRIC_REPRESENTATION_CONTEXT(2) 
PARAMETRIC_REPRESENTATION_CONTEXT() REPRESENTATION_CONTEXT('2D SPACE',''
  ) );
#15769 = ORIENTED_EDGE('',*,*,#8253,.T.);
#15770 = ORIENTED_EDGE('',*,*,#15721,.F.);
#15771 = ADVANCED_FACE('',(#15772),#1855,.F.);
#15772 = FACE_BOUND('',#15773,.F.);
#15773 = EDGE_LOOP('',(#15774,#15775,#15776,#15797));
#15774 = ORIENTED_EDGE('',*,*,#15749,.T.);
#15775 = ORIENTED_EDGE('',*,*,#8276,.F.);
#15776 = ORIENTED_EDGE('',*,*,#15777,.F.);
#15777 = EDGE_CURVE('',#1811,#8157,#15778,.T.);
#15778 = SURFACE_CURVE('',#15779,(#15783,#15790),.PCURVE_S1.);
#15779 = LINE('',#15780,#15781);
#15780 = CARTESIAN_POINT('',(8.598658685586,-0.249999985099,
    -13.66789995541));
#15781 = VECTOR('',#15782,1.);
#15782 = DIRECTION('',(6.310887241768E-30,1.,-9.011389889435E-24));
#15783 = PCURVE('',#1855,#15784);
#15784 = DEFINITIONAL_REPRESENTATION('',(#15785),#15789);
#15785 = LINE('',#15786,#15787);
#15786 = CARTESIAN_POINT('',(4.799290771168,0.));
#15787 = VECTOR('',#15788,1.);
#15788 = DIRECTION('',(0.,1.));
#15789 = ( GEOMETRIC_REPRESENTATION_CONTEXT(2) 
PARAMETRIC_REPRESENTATION_CONTEXT() REPRESENTATION_CONTEXT('2D SPACE',''
  ) );
#15790 = PCURVE('',#1826,#15791);
#15791 = DEFINITIONAL_REPRESENTATION('',(#15792),#15796);
#15792 = LINE('',#15793,#15794);
#15793 = CARTESIAN_POINT('',(1.3335,-1.201668841756E-23));
#15794 = VECTOR('',#15795,1.);
#15795 = DIRECTION('',(0.,1.));
#15796 = ( GEOMETRIC_REPRESENTATION_CONTEXT(2) 
PARAMETRIC_REPRESENTATION_CONTEXT() REPRESENTATION_CONTEXT('2D SPACE',''
  ) );
#15797 = ORIENTED_EDGE('',*,*,#1838,.T.);
#15798 = ADVANCED_FACE('',(#15799),#1826,.F.);
#15799 = FACE_BOUND('',#15800,.T.);
#15800 = EDGE_LOOP('',(#15801,#15802,#15823,#15824));
#15801 = ORIENTED_EDGE('',*,*,#1810,.F.);
#15802 = ORIENTED_EDGE('',*,*,#15803,.F.);
#15803 = EDGE_CURVE('',#8155,#1783,#15804,.T.);
#15804 = SURFACE_CURVE('',#15805,(#15809,#15816),.PCURVE_S1.);
#15805 = LINE('',#15806,#15807);
#15806 = CARTESIAN_POINT('',(8.598658685586,-0.249999985099,
    -15.00139995541));
#15807 = VECTOR('',#15808,1.);
#15808 = DIRECTION('',(-6.310887241768E-30,-1.,9.011389889435E-24));
#15809 = PCURVE('',#1826,#15810);
#15810 = DEFINITIONAL_REPRESENTATION('',(#15811),#15815);
#15811 = LINE('',#15812,#15813);
#15812 = CARTESIAN_POINT('',(0.,0.));
#15813 = VECTOR('',#15814,1.);
#15814 = DIRECTION('',(0.,-1.));
#15815 = ( GEOMETRIC_REPRESENTATION_CONTEXT(2) 
PARAMETRIC_REPRESENTATION_CONTEXT() REPRESENTATION_CONTEXT('2D SPACE',''
  ) );
#15816 = PCURVE('',#1798,#15817);
#15817 = DEFINITIONAL_REPRESENTATION('',(#15818),#15822);
#15818 = LINE('',#15819,#15820);
#15819 = CARTESIAN_POINT('',(1.778,-0.25));
#15820 = VECTOR('',#15821,1.);
#15821 = DIRECTION('',(6.310887243769E-30,-1.));
#15822 = ( GEOMETRIC_REPRESENTATION_CONTEXT(2) 
PARAMETRIC_REPRESENTATION_CONTEXT() REPRESENTATION_CONTEXT('2D SPACE',''
  ) );
#15823 = ORIENTED_EDGE('',*,*,#8154,.T.);
#15824 = ORIENTED_EDGE('',*,*,#15777,.F.);
#15825 = ADVANCED_FACE('',(#15826),#1798,.T.);
#15826 = FACE_BOUND('',#15827,.T.);
#15827 = EDGE_LOOP('',(#15828,#15829,#15830,#15831,#15832,#15833,#15854,
    #15855));
#15828 = ORIENTED_EDGE('',*,*,#5680,.T.);
#15829 = ORIENTED_EDGE('',*,*,#13483,.T.);
#15830 = ORIENTED_EDGE('',*,*,#8179,.T.);
#15831 = ORIENTED_EDGE('',*,*,#15803,.T.);
#15832 = ORIENTED_EDGE('',*,*,#1782,.F.);
#15833 = ORIENTED_EDGE('',*,*,#15834,.T.);
#15834 = EDGE_CURVE('',#1755,#10034,#15835,.T.);
#15835 = SURFACE_CURVE('',#15836,(#15840,#15847),.PCURVE_S1.);
#15836 = LINE('',#15837,#15838);
#15837 = CARTESIAN_POINT('',(7.582658685586,-0.249999985099,
    -15.00139995541));
#15838 = VECTOR('',#15839,1.);
#15839 = DIRECTION('',(6.310887241768E-30,1.,-9.011389889435E-24));
#15840 = PCURVE('',#1798,#15841);
#15841 = DEFINITIONAL_REPRESENTATION('',(#15842),#15846);
#15842 = LINE('',#15843,#15844);
#15843 = CARTESIAN_POINT('',(2.794,-0.25));
#15844 = VECTOR('',#15845,1.);
#15845 = DIRECTION('',(-6.310887243769E-30,1.));
#15846 = ( GEOMETRIC_REPRESENTATION_CONTEXT(2) 
PARAMETRIC_REPRESENTATION_CONTEXT() REPRESENTATION_CONTEXT('2D SPACE',''
  ) );
#15847 = PCURVE('',#1770,#15848);
#15848 = DEFINITIONAL_REPRESENTATION('',(#15849),#15853);
#15849 = LINE('',#15850,#15851);
#15850 = CARTESIAN_POINT('',(1.3335,1.201668841756E-23));
#15851 = VECTOR('',#15852,1.);
#15852 = DIRECTION('',(0.,1.));
#15853 = ( GEOMETRIC_REPRESENTATION_CONTEXT(2) 
PARAMETRIC_REPRESENTATION_CONTEXT() REPRESENTATION_CONTEXT('2D SPACE',''
  ) );
#15854 = ORIENTED_EDGE('',*,*,#10033,.T.);
#15855 = ORIENTED_EDGE('',*,*,#13508,.T.);
#15856 = ADVANCED_FACE('',(#15857),#1770,.F.);
#15857 = FACE_BOUND('',#15858,.T.);
#15858 = EDGE_LOOP('',(#15859,#15860,#15881,#15882));
#15859 = ORIENTED_EDGE('',*,*,#1754,.F.);
#15860 = ORIENTED_EDGE('',*,*,#15861,.T.);
#15861 = EDGE_CURVE('',#1726,#10057,#15862,.T.);
#15862 = SURFACE_CURVE('',#15863,(#15867,#15874),.PCURVE_S1.);
#15863 = LINE('',#15864,#15865);
#15864 = CARTESIAN_POINT('',(7.582658685586,-0.249999985099,
    -13.66789995541));
#15865 = VECTOR('',#15866,1.);
#15866 = DIRECTION('',(6.310887241768E-30,1.,-9.011389889435E-24));
#15867 = PCURVE('',#1770,#15868);
#15868 = DEFINITIONAL_REPRESENTATION('',(#15869),#15873);
#15869 = LINE('',#15870,#15871);
#15870 = CARTESIAN_POINT('',(-0.,0.));
#15871 = VECTOR('',#15872,1.);
#15872 = DIRECTION('',(0.,1.));
#15873 = ( GEOMETRIC_REPRESENTATION_CONTEXT(2) 
PARAMETRIC_REPRESENTATION_CONTEXT() REPRESENTATION_CONTEXT('2D SPACE',''
  ) );
#15874 = PCURVE('',#1742,#15875);
#15875 = DEFINITIONAL_REPRESENTATION('',(#15876),#15880);
#15876 = LINE('',#15877,#15878);
#15877 = CARTESIAN_POINT('',(1.483894536012,0.));
#15878 = VECTOR('',#15879,1.);
#15879 = DIRECTION('',(0.,1.));
#15880 = ( GEOMETRIC_REPRESENTATION_CONTEXT(2) 
PARAMETRIC_REPRESENTATION_CONTEXT() REPRESENTATION_CONTEXT('2D SPACE',''
  ) );
#15881 = ORIENTED_EDGE('',*,*,#10056,.T.);
#15882 = ORIENTED_EDGE('',*,*,#15834,.F.);
#15883 = ADVANCED_FACE('',(#15884),#1742,.F.);
#15884 = FACE_BOUND('',#15885,.F.);
#15885 = EDGE_LOOP('',(#15886,#15887,#15888,#15909));
#15886 = ORIENTED_EDGE('',*,*,#15861,.T.);
#15887 = ORIENTED_EDGE('',*,*,#10079,.F.);
#15888 = ORIENTED_EDGE('',*,*,#15889,.F.);
#15889 = EDGE_CURVE('',#1698,#9960,#15890,.T.);
#15890 = SURFACE_CURVE('',#15891,(#15895,#15902),.PCURVE_S1.);
#15891 = LINE('',#15892,#15893);
#15892 = CARTESIAN_POINT('',(6.058658685586,-0.249999985099,
    -13.66789995541));
#15893 = VECTOR('',#15894,1.);
#15894 = DIRECTION('',(6.310887241768E-30,1.,-9.011389889435E-24));
#15895 = PCURVE('',#1742,#15896);
#15896 = DEFINITIONAL_REPRESENTATION('',(#15897),#15901);
#15897 = LINE('',#15898,#15899);
#15898 = CARTESIAN_POINT('',(-1.483894536012,0.));
#15899 = VECTOR('',#15900,1.);
#15900 = DIRECTION('',(0.,1.));
#15901 = ( GEOMETRIC_REPRESENTATION_CONTEXT(2) 
PARAMETRIC_REPRESENTATION_CONTEXT() REPRESENTATION_CONTEXT('2D SPACE',''
  ) );
#15902 = PCURVE('',#1713,#15903);
#15903 = DEFINITIONAL_REPRESENTATION('',(#15904),#15908);
#15904 = LINE('',#15905,#15906);
#15905 = CARTESIAN_POINT('',(1.3335,-1.201668841756E-23));
#15906 = VECTOR('',#15907,1.);
#15907 = DIRECTION('',(0.,1.));
#15908 = ( GEOMETRIC_REPRESENTATION_CONTEXT(2) 
PARAMETRIC_REPRESENTATION_CONTEXT() REPRESENTATION_CONTEXT('2D SPACE',''
  ) );
#15909 = ORIENTED_EDGE('',*,*,#1725,.T.);
#15910 = ADVANCED_FACE('',(#15911),#1713,.F.);
#15911 = FACE_BOUND('',#15912,.T.);
#15912 = EDGE_LOOP('',(#15913,#15914,#15935,#15936));
#15913 = ORIENTED_EDGE('',*,*,#1697,.F.);
#15914 = ORIENTED_EDGE('',*,*,#15915,.F.);
#15915 = EDGE_CURVE('',#9958,#1670,#15916,.T.);
#15916 = SURFACE_CURVE('',#15917,(#15921,#15928),.PCURVE_S1.);
#15917 = LINE('',#15918,#15919);
#15918 = CARTESIAN_POINT('',(6.058658685586,-0.249999985099,
    -15.00139995541));
#15919 = VECTOR('',#15920,1.);
#15920 = DIRECTION('',(-6.310887241768E-30,-1.,9.011389889435E-24));
#15921 = PCURVE('',#1713,#15922);
#15922 = DEFINITIONAL_REPRESENTATION('',(#15923),#15927);
#15923 = LINE('',#15924,#15925);
#15924 = CARTESIAN_POINT('',(0.,0.));
#15925 = VECTOR('',#15926,1.);
#15926 = DIRECTION('',(0.,-1.));
#15927 = ( GEOMETRIC_REPRESENTATION_CONTEXT(2) 
PARAMETRIC_REPRESENTATION_CONTEXT() REPRESENTATION_CONTEXT('2D SPACE',''
  ) );
#15928 = PCURVE('',#1685,#15929);
#15929 = DEFINITIONAL_REPRESENTATION('',(#15930),#15934);
#15930 = LINE('',#15931,#15932);
#15931 = CARTESIAN_POINT('',(4.318,-0.25));
#15932 = VECTOR('',#15933,1.);
#15933 = DIRECTION('',(6.310887243769E-30,-1.));
#15934 = ( GEOMETRIC_REPRESENTATION_CONTEXT(2) 
PARAMETRIC_REPRESENTATION_CONTEXT() REPRESENTATION_CONTEXT('2D SPACE',''
  ) );
#15935 = ORIENTED_EDGE('',*,*,#9957,.T.);
#15936 = ORIENTED_EDGE('',*,*,#15889,.F.);
#15937 = ADVANCED_FACE('',(#15938),#1685,.T.);
#15938 = FACE_BOUND('',#15939,.T.);
#15939 = EDGE_LOOP('',(#15940,#15941,#15942,#15943,#15944,#15945,#15966,
    #15967));
#15940 = ORIENTED_EDGE('',*,*,#5624,.T.);
#15941 = ORIENTED_EDGE('',*,*,#13530,.T.);
#15942 = ORIENTED_EDGE('',*,*,#9982,.T.);
#15943 = ORIENTED_EDGE('',*,*,#15915,.T.);
#15944 = ORIENTED_EDGE('',*,*,#1669,.F.);
#15945 = ORIENTED_EDGE('',*,*,#15946,.T.);
#15946 = EDGE_CURVE('',#1642,#10243,#15947,.T.);
#15947 = SURFACE_CURVE('',#15948,(#15952,#15959),.PCURVE_S1.);
#15948 = LINE('',#15949,#15950);
#15949 = CARTESIAN_POINT('',(5.042658685586,-0.249999985099,
    -15.00139995541));
#15950 = VECTOR('',#15951,1.);
#15951 = DIRECTION('',(6.310887241768E-30,1.,-9.011389889435E-24));
#15952 = PCURVE('',#1685,#15953);
#15953 = DEFINITIONAL_REPRESENTATION('',(#15954),#15958);
#15954 = LINE('',#15955,#15956);
#15955 = CARTESIAN_POINT('',(5.334,-0.25));
#15956 = VECTOR('',#15957,1.);
#15957 = DIRECTION('',(-6.310887243769E-30,1.));
#15958 = ( GEOMETRIC_REPRESENTATION_CONTEXT(2) 
PARAMETRIC_REPRESENTATION_CONTEXT() REPRESENTATION_CONTEXT('2D SPACE',''
  ) );
#15959 = PCURVE('',#1657,#15960);
#15960 = DEFINITIONAL_REPRESENTATION('',(#15961),#15965);
#15961 = LINE('',#15962,#15963);
#15962 = CARTESIAN_POINT('',(1.3335,1.201668841756E-23));
#15963 = VECTOR('',#15964,1.);
#15964 = DIRECTION('',(0.,1.));
#15965 = ( GEOMETRIC_REPRESENTATION_CONTEXT(2) 
PARAMETRIC_REPRESENTATION_CONTEXT() REPRESENTATION_CONTEXT('2D SPACE',''
  ) );
#15966 = ORIENTED_EDGE('',*,*,#10242,.T.);
#15967 = ORIENTED_EDGE('',*,*,#13555,.F.);
#15968 = ADVANCED_FACE('',(#15969),#1657,.F.);
#15969 = FACE_BOUND('',#15970,.T.);
#15970 = EDGE_LOOP('',(#15971,#15972,#15993,#15994));
#15971 = ORIENTED_EDGE('',*,*,#1641,.F.);
#15972 = ORIENTED_EDGE('',*,*,#15973,.T.);
#15973 = EDGE_CURVE('',#1613,#10266,#15974,.T.);
#15974 = SURFACE_CURVE('',#15975,(#15979,#15986),.PCURVE_S1.);
#15975 = LINE('',#15976,#15977);
#15976 = CARTESIAN_POINT('',(5.042658685586,-0.249999985099,
    -13.66789995541));
#15977 = VECTOR('',#15978,1.);
#15978 = DIRECTION('',(6.310887241768E-30,1.,-9.011389889435E-24));
#15979 = PCURVE('',#1657,#15980);
#15980 = DEFINITIONAL_REPRESENTATION('',(#15981),#15985);
#15981 = LINE('',#15982,#15983);
#15982 = CARTESIAN_POINT('',(-0.,0.));
#15983 = VECTOR('',#15984,1.);
#15984 = DIRECTION('',(0.,1.));
#15985 = ( GEOMETRIC_REPRESENTATION_CONTEXT(2) 
PARAMETRIC_REPRESENTATION_CONTEXT() REPRESENTATION_CONTEXT('2D SPACE',''
  ) );
#15986 = PCURVE('',#1629,#15987);
#15987 = DEFINITIONAL_REPRESENTATION('',(#15988),#15992);
#15988 = LINE('',#15989,#15990);
#15989 = CARTESIAN_POINT('',(1.483894536012,0.));
#15990 = VECTOR('',#15991,1.);
#15991 = DIRECTION('',(0.,1.));
#15992 = ( GEOMETRIC_REPRESENTATION_CONTEXT(2) 
PARAMETRIC_REPRESENTATION_CONTEXT() REPRESENTATION_CONTEXT('2D SPACE',''
  ) );
#15993 = ORIENTED_EDGE('',*,*,#10265,.T.);
#15994 = ORIENTED_EDGE('',*,*,#15946,.F.);
#15995 = ADVANCED_FACE('',(#15996),#1629,.F.);
#15996 = FACE_BOUND('',#15997,.F.);
#15997 = EDGE_LOOP('',(#15998,#15999,#16000,#16021));
#15998 = ORIENTED_EDGE('',*,*,#15973,.T.);
#15999 = ORIENTED_EDGE('',*,*,#10288,.F.);
#16000 = ORIENTED_EDGE('',*,*,#16001,.F.);
#16001 = EDGE_CURVE('',#1585,#10169,#16002,.T.);
#16002 = SURFACE_CURVE('',#16003,(#16007,#16014),.PCURVE_S1.);
#16003 = LINE('',#16004,#16005);
#16004 = CARTESIAN_POINT('',(3.518658685586,-0.249999985099,
    -13.66789995541));
#16005 = VECTOR('',#16006,1.);
#16006 = DIRECTION('',(6.310887241768E-30,1.,-9.011389889435E-24));
#16007 = PCURVE('',#1629,#16008);
#16008 = DEFINITIONAL_REPRESENTATION('',(#16009),#16013);
#16009 = LINE('',#16010,#16011);
#16010 = CARTESIAN_POINT('',(-1.483894536012,0.));
#16011 = VECTOR('',#16012,1.);
#16012 = DIRECTION('',(0.,1.));
#16013 = ( GEOMETRIC_REPRESENTATION_CONTEXT(2) 
PARAMETRIC_REPRESENTATION_CONTEXT() REPRESENTATION_CONTEXT('2D SPACE',''
  ) );
#16014 = PCURVE('',#1600,#16015);
#16015 = DEFINITIONAL_REPRESENTATION('',(#16016),#16020);
#16016 = LINE('',#16017,#16018);
#16017 = CARTESIAN_POINT('',(1.3335,-1.201668841756E-23));
#16018 = VECTOR('',#16019,1.);
#16019 = DIRECTION('',(0.,1.));
#16020 = ( GEOMETRIC_REPRESENTATION_CONTEXT(2) 
PARAMETRIC_REPRESENTATION_CONTEXT() REPRESENTATION_CONTEXT('2D SPACE',''
  ) );
#16021 = ORIENTED_EDGE('',*,*,#1612,.T.);
#16022 = ADVANCED_FACE('',(#16023),#1600,.F.);
#16023 = FACE_BOUND('',#16024,.T.);
#16024 = EDGE_LOOP('',(#16025,#16026,#16047,#16048));
#16025 = ORIENTED_EDGE('',*,*,#1584,.F.);
#16026 = ORIENTED_EDGE('',*,*,#16027,.F.);
#16027 = EDGE_CURVE('',#10167,#1557,#16028,.T.);
#16028 = SURFACE_CURVE('',#16029,(#16033,#16040),.PCURVE_S1.);
#16029 = LINE('',#16030,#16031);
#16030 = CARTESIAN_POINT('',(3.518658685586,-0.249999985099,
    -15.00139995541));
#16031 = VECTOR('',#16032,1.);
#16032 = DIRECTION('',(-6.310887241768E-30,-1.,9.011389889435E-24));
#16033 = PCURVE('',#1600,#16034);
#16034 = DEFINITIONAL_REPRESENTATION('',(#16035),#16039);
#16035 = LINE('',#16036,#16037);
#16036 = CARTESIAN_POINT('',(0.,0.));
#16037 = VECTOR('',#16038,1.);
#16038 = DIRECTION('',(0.,-1.));
#16039 = ( GEOMETRIC_REPRESENTATION_CONTEXT(2) 
PARAMETRIC_REPRESENTATION_CONTEXT() REPRESENTATION_CONTEXT('2D SPACE',''
  ) );
#16040 = PCURVE('',#1572,#16041);
#16041 = DEFINITIONAL_REPRESENTATION('',(#16042),#16046);
#16042 = LINE('',#16043,#16044);
#16043 = CARTESIAN_POINT('',(6.858,-0.25));
#16044 = VECTOR('',#16045,1.);
#16045 = DIRECTION('',(6.310887243769E-30,-1.));
#16046 = ( GEOMETRIC_REPRESENTATION_CONTEXT(2) 
PARAMETRIC_REPRESENTATION_CONTEXT() REPRESENTATION_CONTEXT('2D SPACE',''
  ) );
#16047 = ORIENTED_EDGE('',*,*,#10166,.T.);
#16048 = ORIENTED_EDGE('',*,*,#16001,.F.);
#16049 = ADVANCED_FACE('',(#16050),#1572,.T.);
#16050 = FACE_BOUND('',#16051,.T.);
#16051 = EDGE_LOOP('',(#16052,#16053,#16054,#16055,#16056,#16057,#16078,
    #16079));
#16052 = ORIENTED_EDGE('',*,*,#5568,.T.);
#16053 = ORIENTED_EDGE('',*,*,#13577,.T.);
#16054 = ORIENTED_EDGE('',*,*,#10191,.T.);
#16055 = ORIENTED_EDGE('',*,*,#16027,.T.);
#16056 = ORIENTED_EDGE('',*,*,#1556,.F.);
#16057 = ORIENTED_EDGE('',*,*,#16058,.T.);
#16058 = EDGE_CURVE('',#1529,#9407,#16059,.T.);
#16059 = SURFACE_CURVE('',#16060,(#16064,#16071),.PCURVE_S1.);
#16060 = LINE('',#16061,#16062);
#16061 = CARTESIAN_POINT('',(2.502658685586,-0.249999985099,
    -15.00139995541));
#16062 = VECTOR('',#16063,1.);
#16063 = DIRECTION('',(6.310887241768E-30,1.,-9.011389889435E-24));
#16064 = PCURVE('',#1572,#16065);
#16065 = DEFINITIONAL_REPRESENTATION('',(#16066),#16070);
#16066 = LINE('',#16067,#16068);
#16067 = CARTESIAN_POINT('',(7.874,-0.25));
#16068 = VECTOR('',#16069,1.);
#16069 = DIRECTION('',(-6.310887243769E-30,1.));
#16070 = ( GEOMETRIC_REPRESENTATION_CONTEXT(2) 
PARAMETRIC_REPRESENTATION_CONTEXT() REPRESENTATION_CONTEXT('2D SPACE',''
  ) );
#16071 = PCURVE('',#1544,#16072);
#16072 = DEFINITIONAL_REPRESENTATION('',(#16073),#16077);
#16073 = LINE('',#16074,#16075);
#16074 = CARTESIAN_POINT('',(1.3335,1.201668841756E-23));
#16075 = VECTOR('',#16076,1.);
#16076 = DIRECTION('',(0.,1.));
#16077 = ( GEOMETRIC_REPRESENTATION_CONTEXT(2) 
PARAMETRIC_REPRESENTATION_CONTEXT() REPRESENTATION_CONTEXT('2D SPACE',''
  ) );
#16078 = ORIENTED_EDGE('',*,*,#9406,.T.);
#16079 = ORIENTED_EDGE('',*,*,#13602,.T.);
#16080 = ADVANCED_FACE('',(#16081),#1544,.F.);
#16081 = FACE_BOUND('',#16082,.T.);
#16082 = EDGE_LOOP('',(#16083,#16084,#16105,#16106));
#16083 = ORIENTED_EDGE('',*,*,#1528,.F.);
#16084 = ORIENTED_EDGE('',*,*,#16085,.T.);
#16085 = EDGE_CURVE('',#1500,#9430,#16086,.T.);
#16086 = SURFACE_CURVE('',#16087,(#16091,#16098),.PCURVE_S1.);
#16087 = LINE('',#16088,#16089);
#16088 = CARTESIAN_POINT('',(2.502658685586,-0.249999985099,
    -13.66789995541));
#16089 = VECTOR('',#16090,1.);
#16090 = DIRECTION('',(6.310887241768E-30,1.,-9.011389889435E-24));
#16091 = PCURVE('',#1544,#16092);
#16092 = DEFINITIONAL_REPRESENTATION('',(#16093),#16097);
#16093 = LINE('',#16094,#16095);
#16094 = CARTESIAN_POINT('',(0.,0.));
#16095 = VECTOR('',#16096,1.);
#16096 = DIRECTION('',(0.,1.));
#16097 = ( GEOMETRIC_REPRESENTATION_CONTEXT(2) 
PARAMETRIC_REPRESENTATION_CONTEXT() REPRESENTATION_CONTEXT('2D SPACE',''
  ) );
#16098 = PCURVE('',#1516,#16099);
#16099 = DEFINITIONAL_REPRESENTATION('',(#16100),#16104);
#16100 = LINE('',#16101,#16102);
#16101 = CARTESIAN_POINT('',(1.483894536012,0.));
#16102 = VECTOR('',#16103,1.);
#16103 = DIRECTION('',(0.,1.));
#16104 = ( GEOMETRIC_REPRESENTATION_CONTEXT(2) 
PARAMETRIC_REPRESENTATION_CONTEXT() REPRESENTATION_CONTEXT('2D SPACE',''
  ) );
#16105 = ORIENTED_EDGE('',*,*,#9429,.T.);
#16106 = ORIENTED_EDGE('',*,*,#16058,.F.);
#16107 = ADVANCED_FACE('',(#16108),#1516,.F.);
#16108 = FACE_BOUND('',#16109,.F.);
#16109 = EDGE_LOOP('',(#16110,#16111,#16112,#16133));
#16110 = ORIENTED_EDGE('',*,*,#16085,.T.);
#16111 = ORIENTED_EDGE('',*,*,#9452,.F.);
#16112 = ORIENTED_EDGE('',*,*,#16113,.F.);
#16113 = EDGE_CURVE('',#1472,#9333,#16114,.T.);
#16114 = SURFACE_CURVE('',#16115,(#16119,#16126),.PCURVE_S1.);
#16115 = LINE('',#16116,#16117);
#16116 = CARTESIAN_POINT('',(0.978658685586,-0.249999985099,
    -13.66789995541));
#16117 = VECTOR('',#16118,1.);
#16118 = DIRECTION('',(6.310887241768E-30,1.,-9.011389889435E-24));
#16119 = PCURVE('',#1516,#16120);
#16120 = DEFINITIONAL_REPRESENTATION('',(#16121),#16125);
#16121 = LINE('',#16122,#16123);
#16122 = CARTESIAN_POINT('',(-1.483894536012,0.));
#16123 = VECTOR('',#16124,1.);
#16124 = DIRECTION('',(0.,1.));
#16125 = ( GEOMETRIC_REPRESENTATION_CONTEXT(2) 
PARAMETRIC_REPRESENTATION_CONTEXT() REPRESENTATION_CONTEXT('2D SPACE',''
  ) );
#16126 = PCURVE('',#1487,#16127);
#16127 = DEFINITIONAL_REPRESENTATION('',(#16128),#16132);
#16128 = LINE('',#16129,#16130);
#16129 = CARTESIAN_POINT('',(1.3335,-1.201668841756E-23));
#16130 = VECTOR('',#16131,1.);
#16131 = DIRECTION('',(0.,1.));
#16132 = ( GEOMETRIC_REPRESENTATION_CONTEXT(2) 
PARAMETRIC_REPRESENTATION_CONTEXT() REPRESENTATION_CONTEXT('2D SPACE',''
  ) );
#16133 = ORIENTED_EDGE('',*,*,#1499,.T.);
#16134 = ADVANCED_FACE('',(#16135),#1487,.F.);
#16135 = FACE_BOUND('',#16136,.T.);
#16136 = EDGE_LOOP('',(#16137,#16138,#16159,#16160));
#16137 = ORIENTED_EDGE('',*,*,#1471,.F.);
#16138 = ORIENTED_EDGE('',*,*,#16139,.F.);
#16139 = EDGE_CURVE('',#9331,#1444,#16140,.T.);
#16140 = SURFACE_CURVE('',#16141,(#16145,#16152),.PCURVE_S1.);
#16141 = LINE('',#16142,#16143);
#16142 = CARTESIAN_POINT('',(0.978658685586,-0.249999985099,
    -15.00139995541));
#16143 = VECTOR('',#16144,1.);
#16144 = DIRECTION('',(-6.310887241768E-30,-1.,9.011389889435E-24));
#16145 = PCURVE('',#1487,#16146);
#16146 = DEFINITIONAL_REPRESENTATION('',(#16147),#16151);
#16147 = LINE('',#16148,#16149);
#16148 = CARTESIAN_POINT('',(0.,0.));
#16149 = VECTOR('',#16150,1.);
#16150 = DIRECTION('',(0.,-1.));
#16151 = ( GEOMETRIC_REPRESENTATION_CONTEXT(2) 
PARAMETRIC_REPRESENTATION_CONTEXT() REPRESENTATION_CONTEXT('2D SPACE',''
  ) );
#16152 = PCURVE('',#1459,#16153);
#16153 = DEFINITIONAL_REPRESENTATION('',(#16154),#16158);
#16154 = LINE('',#16155,#16156);
#16155 = CARTESIAN_POINT('',(9.398,-0.25));
#16156 = VECTOR('',#16157,1.);
#16157 = DIRECTION('',(6.310887243769E-30,-1.));
#16158 = ( GEOMETRIC_REPRESENTATION_CONTEXT(2) 
PARAMETRIC_REPRESENTATION_CONTEXT() REPRESENTATION_CONTEXT('2D SPACE',''
  ) );
#16159 = ORIENTED_EDGE('',*,*,#9330,.T.);
#16160 = ORIENTED_EDGE('',*,*,#16113,.F.);
#16161 = ADVANCED_FACE('',(#16162),#1459,.T.);
#16162 = FACE_BOUND('',#16163,.T.);
#16163 = EDGE_LOOP('',(#16164,#16165,#16166,#16167,#16168,#16169,#16190,
    #16191));
#16164 = ORIENTED_EDGE('',*,*,#5512,.T.);
#16165 = ORIENTED_EDGE('',*,*,#13624,.T.);
#16166 = ORIENTED_EDGE('',*,*,#9355,.T.);
#16167 = ORIENTED_EDGE('',*,*,#16139,.T.);
#16168 = ORIENTED_EDGE('',*,*,#1443,.F.);
#16169 = ORIENTED_EDGE('',*,*,#16170,.T.);
#16170 = EDGE_CURVE('',#1416,#9616,#16171,.T.);
#16171 = SURFACE_CURVE('',#16172,(#16176,#16183),.PCURVE_S1.);
#16172 = LINE('',#16173,#16174);
#16173 = CARTESIAN_POINT('',(-3.734131441357E-02,-0.249999985099,
    -15.00139995541));
#16174 = VECTOR('',#16175,1.);
#16175 = DIRECTION('',(6.310887241768E-30,1.,-9.011389889435E-24));
#16176 = PCURVE('',#1459,#16177);
#16177 = DEFINITIONAL_REPRESENTATION('',(#16178),#16182);
#16178 = LINE('',#16179,#16180);
#16179 = CARTESIAN_POINT('',(10.414,-0.25));
#16180 = VECTOR('',#16181,1.);
#16181 = DIRECTION('',(-6.310887243769E-30,1.));
#16182 = ( GEOMETRIC_REPRESENTATION_CONTEXT(2) 
PARAMETRIC_REPRESENTATION_CONTEXT() REPRESENTATION_CONTEXT('2D SPACE',''
  ) );
#16183 = PCURVE('',#1431,#16184);
#16184 = DEFINITIONAL_REPRESENTATION('',(#16185),#16189);
#16185 = LINE('',#16186,#16187);
#16186 = CARTESIAN_POINT('',(1.3335,1.201668841756E-23));
#16187 = VECTOR('',#16188,1.);
#16188 = DIRECTION('',(0.,1.));
#16189 = ( GEOMETRIC_REPRESENTATION_CONTEXT(2) 
PARAMETRIC_REPRESENTATION_CONTEXT() REPRESENTATION_CONTEXT('2D SPACE',''
  ) );
#16190 = ORIENTED_EDGE('',*,*,#9615,.T.);
#16191 = ORIENTED_EDGE('',*,*,#13649,.T.);
#16192 = ADVANCED_FACE('',(#16193),#1431,.F.);
#16193 = FACE_BOUND('',#16194,.T.);
#16194 = EDGE_LOOP('',(#16195,#16196,#16217,#16218));
#16195 = ORIENTED_EDGE('',*,*,#1415,.F.);
#16196 = ORIENTED_EDGE('',*,*,#16197,.T.);
#16197 = EDGE_CURVE('',#1387,#9639,#16198,.T.);
#16198 = SURFACE_CURVE('',#16199,(#16203,#16210),.PCURVE_S1.);
#16199 = LINE('',#16200,#16201);
#16200 = CARTESIAN_POINT('',(-3.734131441357E-02,-0.249999985099,
    -13.66789995541));
#16201 = VECTOR('',#16202,1.);
#16202 = DIRECTION('',(6.310887241768E-30,1.,-9.011389889435E-24));
#16203 = PCURVE('',#1431,#16204);
#16204 = DEFINITIONAL_REPRESENTATION('',(#16205),#16209);
#16205 = LINE('',#16206,#16207);
#16206 = CARTESIAN_POINT('',(0.,0.));
#16207 = VECTOR('',#16208,1.);
#16208 = DIRECTION('',(0.,1.));
#16209 = ( GEOMETRIC_REPRESENTATION_CONTEXT(2) 
PARAMETRIC_REPRESENTATION_CONTEXT() REPRESENTATION_CONTEXT('2D SPACE',''
  ) );
#16210 = PCURVE('',#1403,#16211);
#16211 = DEFINITIONAL_REPRESENTATION('',(#16212),#16216);
#16212 = LINE('',#16213,#16214);
#16213 = CARTESIAN_POINT('',(7.767079843191,0.));
#16214 = VECTOR('',#16215,1.);
#16215 = DIRECTION('',(0.,1.));
#16216 = ( GEOMETRIC_REPRESENTATION_CONTEXT(2) 
PARAMETRIC_REPRESENTATION_CONTEXT() REPRESENTATION_CONTEXT('2D SPACE',''
  ) );
#16217 = ORIENTED_EDGE('',*,*,#9638,.T.);
#16218 = ORIENTED_EDGE('',*,*,#16170,.F.);
#16219 = ADVANCED_FACE('',(#16220),#1403,.F.);
#16220 = FACE_BOUND('',#16221,.F.);
#16221 = EDGE_LOOP('',(#16222,#16223,#16224,#16245));
#16222 = ORIENTED_EDGE('',*,*,#16197,.T.);
#16223 = ORIENTED_EDGE('',*,*,#9661,.F.);
#16224 = ORIENTED_EDGE('',*,*,#16225,.F.);
#16225 = EDGE_CURVE('',#1359,#9542,#16226,.T.);
#16226 = SURFACE_CURVE('',#16227,(#16231,#16238),.PCURVE_S1.);
#16227 = LINE('',#16228,#16229);
#16228 = CARTESIAN_POINT('',(-1.561341314414,-0.249999985099,
    -13.66789995541));
#16229 = VECTOR('',#16230,1.);
#16230 = DIRECTION('',(6.310887241768E-30,1.,-9.011389889435E-24));
#16231 = PCURVE('',#1403,#16232);
#16232 = DEFINITIONAL_REPRESENTATION('',(#16233),#16237);
#16233 = LINE('',#16234,#16235);
#16234 = CARTESIAN_POINT('',(4.799290771168,0.));
#16235 = VECTOR('',#16236,1.);
#16236 = DIRECTION('',(0.,1.));
#16237 = ( GEOMETRIC_REPRESENTATION_CONTEXT(2) 
PARAMETRIC_REPRESENTATION_CONTEXT() REPRESENTATION_CONTEXT('2D SPACE',''
  ) );
#16238 = PCURVE('',#1374,#16239);
#16239 = DEFINITIONAL_REPRESENTATION('',(#16240),#16244);
#16240 = LINE('',#16241,#16242);
#16241 = CARTESIAN_POINT('',(1.3335,-1.201668841756E-23));
#16242 = VECTOR('',#16243,1.);
#16243 = DIRECTION('',(0.,1.));
#16244 = ( GEOMETRIC_REPRESENTATION_CONTEXT(2) 
PARAMETRIC_REPRESENTATION_CONTEXT() REPRESENTATION_CONTEXT('2D SPACE',''
  ) );
#16245 = ORIENTED_EDGE('',*,*,#1386,.T.);
#16246 = ADVANCED_FACE('',(#16247),#1374,.F.);
#16247 = FACE_BOUND('',#16248,.T.);
#16248 = EDGE_LOOP('',(#16249,#16250,#16271,#16272));
#16249 = ORIENTED_EDGE('',*,*,#1358,.F.);
#16250 = ORIENTED_EDGE('',*,*,#16251,.F.);
#16251 = EDGE_CURVE('',#9540,#1331,#16252,.T.);
#16252 = SURFACE_CURVE('',#16253,(#16257,#16264),.PCURVE_S1.);
#16253 = LINE('',#16254,#16255);
#16254 = CARTESIAN_POINT('',(-1.561341314414,-0.249999985099,
    -15.00139995541));
#16255 = VECTOR('',#16256,1.);
#16256 = DIRECTION('',(-6.310887241768E-30,-1.,9.011389889435E-24));
#16257 = PCURVE('',#1374,#16258);
#16258 = DEFINITIONAL_REPRESENTATION('',(#16259),#16263);
#16259 = LINE('',#16260,#16261);
#16260 = CARTESIAN_POINT('',(0.,0.));
#16261 = VECTOR('',#16262,1.);
#16262 = DIRECTION('',(0.,-1.));
#16263 = ( GEOMETRIC_REPRESENTATION_CONTEXT(2) 
PARAMETRIC_REPRESENTATION_CONTEXT() REPRESENTATION_CONTEXT('2D SPACE',''
  ) );
#16264 = PCURVE('',#1346,#16265);
#16265 = DEFINITIONAL_REPRESENTATION('',(#16266),#16270);
#16266 = LINE('',#16267,#16268);
#16267 = CARTESIAN_POINT('',(11.938,-0.25));
#16268 = VECTOR('',#16269,1.);
#16269 = DIRECTION('',(6.310887243769E-30,-1.));
#16270 = ( GEOMETRIC_REPRESENTATION_CONTEXT(2) 
PARAMETRIC_REPRESENTATION_CONTEXT() REPRESENTATION_CONTEXT('2D SPACE',''
  ) );
#16271 = ORIENTED_EDGE('',*,*,#9539,.T.);
#16272 = ORIENTED_EDGE('',*,*,#16225,.F.);
#16273 = ADVANCED_FACE('',(#16274),#1346,.T.);
#16274 = FACE_BOUND('',#16275,.T.);
#16275 = EDGE_LOOP('',(#16276,#16277,#16278,#16279,#16280,#16281,#16302,
    #16303));
#16276 = ORIENTED_EDGE('',*,*,#5456,.T.);
#16277 = ORIENTED_EDGE('',*,*,#13671,.F.);
#16278 = ORIENTED_EDGE('',*,*,#9564,.T.);
#16279 = ORIENTED_EDGE('',*,*,#16251,.T.);
#16280 = ORIENTED_EDGE('',*,*,#1330,.F.);
#16281 = ORIENTED_EDGE('',*,*,#16282,.T.);
#16282 = EDGE_CURVE('',#1303,#9825,#16283,.T.);
#16283 = SURFACE_CURVE('',#16284,(#16288,#16295),.PCURVE_S1.);
#16284 = LINE('',#16285,#16286);
#16285 = CARTESIAN_POINT('',(-2.577341314414,-0.249999985099,
    -15.00139995541));
#16286 = VECTOR('',#16287,1.);
#16287 = DIRECTION('',(6.310887241768E-30,1.,-9.011389889435E-24));
#16288 = PCURVE('',#1346,#16289);
#16289 = DEFINITIONAL_REPRESENTATION('',(#16290),#16294);
#16290 = LINE('',#16291,#16292);
#16291 = CARTESIAN_POINT('',(12.954,-0.25));
#16292 = VECTOR('',#16293,1.);
#16293 = DIRECTION('',(-6.310887243769E-30,1.));
#16294 = ( GEOMETRIC_REPRESENTATION_CONTEXT(2) 
PARAMETRIC_REPRESENTATION_CONTEXT() REPRESENTATION_CONTEXT('2D SPACE',''
  ) );
#16295 = PCURVE('',#1318,#16296);
#16296 = DEFINITIONAL_REPRESENTATION('',(#16297),#16301);
#16297 = LINE('',#16298,#16299);
#16298 = CARTESIAN_POINT('',(1.3335,1.201668841756E-23));
#16299 = VECTOR('',#16300,1.);
#16300 = DIRECTION('',(0.,1.));
#16301 = ( GEOMETRIC_REPRESENTATION_CONTEXT(2) 
PARAMETRIC_REPRESENTATION_CONTEXT() REPRESENTATION_CONTEXT('2D SPACE',''
  ) );
#16302 = ORIENTED_EDGE('',*,*,#9824,.T.);
#16303 = ORIENTED_EDGE('',*,*,#13696,.T.);
#16304 = ADVANCED_FACE('',(#16305),#1318,.F.);
#16305 = FACE_BOUND('',#16306,.T.);
#16306 = EDGE_LOOP('',(#16307,#16308,#16329,#16330));
#16307 = ORIENTED_EDGE('',*,*,#1302,.F.);
#16308 = ORIENTED_EDGE('',*,*,#16309,.T.);
#16309 = EDGE_CURVE('',#1274,#9848,#16310,.T.);
#16310 = SURFACE_CURVE('',#16311,(#16315,#16322),.PCURVE_S1.);
#16311 = LINE('',#16312,#16313);
#16312 = CARTESIAN_POINT('',(-2.577341314414,-0.249999985099,
    -13.66789995541));
#16313 = VECTOR('',#16314,1.);
#16314 = DIRECTION('',(6.310887241768E-30,1.,-9.011389889435E-24));
#16315 = PCURVE('',#1318,#16316);
#16316 = DEFINITIONAL_REPRESENTATION('',(#16317),#16321);
#16317 = LINE('',#16318,#16319);
#16318 = CARTESIAN_POINT('',(0.,0.));
#16319 = VECTOR('',#16320,1.);
#16320 = DIRECTION('',(0.,1.));
#16321 = ( GEOMETRIC_REPRESENTATION_CONTEXT(2) 
PARAMETRIC_REPRESENTATION_CONTEXT() REPRESENTATION_CONTEXT('2D SPACE',''
  ) );
#16322 = PCURVE('',#1290,#16323);
#16323 = DEFINITIONAL_REPRESENTATION('',(#16324),#16328);
#16324 = LINE('',#16325,#16326);
#16325 = CARTESIAN_POINT('',(1.483894536012,0.));
#16326 = VECTOR('',#16327,1.);
#16327 = DIRECTION('',(0.,1.));
#16328 = ( GEOMETRIC_REPRESENTATION_CONTEXT(2) 
PARAMETRIC_REPRESENTATION_CONTEXT() REPRESENTATION_CONTEXT('2D SPACE',''
  ) );
#16329 = ORIENTED_EDGE('',*,*,#9847,.T.);
#16330 = ORIENTED_EDGE('',*,*,#16282,.F.);
#16331 = ADVANCED_FACE('',(#16332),#1290,.F.);
#16332 = FACE_BOUND('',#16333,.F.);
#16333 = EDGE_LOOP('',(#16334,#16335,#16336,#16357));
#16334 = ORIENTED_EDGE('',*,*,#16309,.T.);
#16335 = ORIENTED_EDGE('',*,*,#9870,.F.);
#16336 = ORIENTED_EDGE('',*,*,#16337,.F.);
#16337 = EDGE_CURVE('',#1246,#9751,#16338,.T.);
#16338 = SURFACE_CURVE('',#16339,(#16343,#16350),.PCURVE_S1.);
#16339 = LINE('',#16340,#16341);
#16340 = CARTESIAN_POINT('',(-4.101341314414,-0.249999985099,
    -13.66789995541));
#16341 = VECTOR('',#16342,1.);
#16342 = DIRECTION('',(6.310887241768E-30,1.,-9.011389889435E-24));
#16343 = PCURVE('',#1290,#16344);
#16344 = DEFINITIONAL_REPRESENTATION('',(#16345),#16349);
#16345 = LINE('',#16346,#16347);
#16346 = CARTESIAN_POINT('',(-1.483894536012,0.));
#16347 = VECTOR('',#16348,1.);
#16348 = DIRECTION('',(0.,1.));
#16349 = ( GEOMETRIC_REPRESENTATION_CONTEXT(2) 
PARAMETRIC_REPRESENTATION_CONTEXT() REPRESENTATION_CONTEXT('2D SPACE',''
  ) );
#16350 = PCURVE('',#1261,#16351);
#16351 = DEFINITIONAL_REPRESENTATION('',(#16352),#16356);
#16352 = LINE('',#16353,#16354);
#16353 = CARTESIAN_POINT('',(1.3335,-1.201668841756E-23));
#16354 = VECTOR('',#16355,1.);
#16355 = DIRECTION('',(0.,1.));
#16356 = ( GEOMETRIC_REPRESENTATION_CONTEXT(2) 
PARAMETRIC_REPRESENTATION_CONTEXT() REPRESENTATION_CONTEXT('2D SPACE',''
  ) );
#16357 = ORIENTED_EDGE('',*,*,#1273,.T.);
#16358 = ADVANCED_FACE('',(#16359),#1261,.F.);
#16359 = FACE_BOUND('',#16360,.T.);
#16360 = EDGE_LOOP('',(#16361,#16362,#16383,#16384));
#16361 = ORIENTED_EDGE('',*,*,#1245,.F.);
#16362 = ORIENTED_EDGE('',*,*,#16363,.F.);
#16363 = EDGE_CURVE('',#9749,#1218,#16364,.T.);
#16364 = SURFACE_CURVE('',#16365,(#16369,#16376),.PCURVE_S1.);
#16365 = LINE('',#16366,#16367);
#16366 = CARTESIAN_POINT('',(-4.101341314414,-0.249999985099,
    -15.00139995541));
#16367 = VECTOR('',#16368,1.);
#16368 = DIRECTION('',(-6.310887241768E-30,-1.,9.011389889435E-24));
#16369 = PCURVE('',#1261,#16370);
#16370 = DEFINITIONAL_REPRESENTATION('',(#16371),#16375);
#16371 = LINE('',#16372,#16373);
#16372 = CARTESIAN_POINT('',(0.,0.));
#16373 = VECTOR('',#16374,1.);
#16374 = DIRECTION('',(0.,-1.));
#16375 = ( GEOMETRIC_REPRESENTATION_CONTEXT(2) 
PARAMETRIC_REPRESENTATION_CONTEXT() REPRESENTATION_CONTEXT('2D SPACE',''
  ) );
#16376 = PCURVE('',#1233,#16377);
#16377 = DEFINITIONAL_REPRESENTATION('',(#16378),#16382);
#16378 = LINE('',#16379,#16380);
#16379 = CARTESIAN_POINT('',(14.478,-0.25));
#16380 = VECTOR('',#16381,1.);
#16381 = DIRECTION('',(6.310887243769E-30,-1.));
#16382 = ( GEOMETRIC_REPRESENTATION_CONTEXT(2) 
PARAMETRIC_REPRESENTATION_CONTEXT() REPRESENTATION_CONTEXT('2D SPACE',''
  ) );
#16383 = ORIENTED_EDGE('',*,*,#9748,.T.);
#16384 = ORIENTED_EDGE('',*,*,#16337,.F.);
#16385 = ADVANCED_FACE('',(#16386),#1233,.T.);
#16386 = FACE_BOUND('',#16387,.T.);
#16387 = EDGE_LOOP('',(#16388,#16389,#16390,#16391,#16392,#16393,#16414,
    #16415));
#16388 = ORIENTED_EDGE('',*,*,#5400,.T.);
#16389 = ORIENTED_EDGE('',*,*,#13718,.F.);
#16390 = ORIENTED_EDGE('',*,*,#9773,.T.);
#16391 = ORIENTED_EDGE('',*,*,#16363,.T.);
#16392 = ORIENTED_EDGE('',*,*,#1217,.F.);
#16393 = ORIENTED_EDGE('',*,*,#16394,.T.);
#16394 = EDGE_CURVE('',#1190,#7724,#16395,.T.);
#16395 = SURFACE_CURVE('',#16396,(#16400,#16407),.PCURVE_S1.);
#16396 = LINE('',#16397,#16398);
#16397 = CARTESIAN_POINT('',(-5.117341314414,-0.249999985099,
    -15.00139995541));
#16398 = VECTOR('',#16399,1.);
#16399 = DIRECTION('',(6.310887241768E-30,1.,-9.011389889435E-24));
#16400 = PCURVE('',#1233,#16401);
#16401 = DEFINITIONAL_REPRESENTATION('',(#16402),#16406);
#16402 = LINE('',#16403,#16404);
#16403 = CARTESIAN_POINT('',(15.494,-0.25));
#16404 = VECTOR('',#16405,1.);
#16405 = DIRECTION('',(-6.310887243769E-30,1.));
#16406 = ( GEOMETRIC_REPRESENTATION_CONTEXT(2) 
PARAMETRIC_REPRESENTATION_CONTEXT() REPRESENTATION_CONTEXT('2D SPACE',''
  ) );
#16407 = PCURVE('',#1205,#16408);
#16408 = DEFINITIONAL_REPRESENTATION('',(#16409),#16413);
#16409 = LINE('',#16410,#16411);
#16410 = CARTESIAN_POINT('',(1.3335,1.201668841756E-23));
#16411 = VECTOR('',#16412,1.);
#16412 = DIRECTION('',(0.,1.));
#16413 = ( GEOMETRIC_REPRESENTATION_CONTEXT(2) 
PARAMETRIC_REPRESENTATION_CONTEXT() REPRESENTATION_CONTEXT('2D SPACE',''
  ) );
#16414 = ORIENTED_EDGE('',*,*,#7723,.T.);
#16415 = ORIENTED_EDGE('',*,*,#13743,.T.);
#16416 = ADVANCED_FACE('',(#16417),#1205,.F.);
#16417 = FACE_BOUND('',#16418,.T.);
#16418 = EDGE_LOOP('',(#16419,#16420,#16441,#16442));
#16419 = ORIENTED_EDGE('',*,*,#1189,.F.);
#16420 = ORIENTED_EDGE('',*,*,#16421,.T.);
#16421 = EDGE_CURVE('',#1161,#7747,#16422,.T.);
#16422 = SURFACE_CURVE('',#16423,(#16427,#16434),.PCURVE_S1.);
#16423 = LINE('',#16424,#16425);
#16424 = CARTESIAN_POINT('',(-5.117341314414,-0.249999985099,
    -13.66789995541));
#16425 = VECTOR('',#16426,1.);
#16426 = DIRECTION('',(6.310887241768E-30,1.,-9.011389889435E-24));
#16427 = PCURVE('',#1205,#16428);
#16428 = DEFINITIONAL_REPRESENTATION('',(#16429),#16433);
#16429 = LINE('',#16430,#16431);
#16430 = CARTESIAN_POINT('',(-0.,0.));
#16431 = VECTOR('',#16432,1.);
#16432 = DIRECTION('',(0.,1.));
#16433 = ( GEOMETRIC_REPRESENTATION_CONTEXT(2) 
PARAMETRIC_REPRESENTATION_CONTEXT() REPRESENTATION_CONTEXT('2D SPACE',''
  ) );
#16434 = PCURVE('',#1177,#16435);
#16435 = DEFINITIONAL_REPRESENTATION('',(#16436),#16440);
#16436 = LINE('',#16437,#16438);
#16437 = CARTESIAN_POINT('',(1.483894536012,0.));
#16438 = VECTOR('',#16439,1.);
#16439 = DIRECTION('',(0.,1.));
#16440 = ( GEOMETRIC_REPRESENTATION_CONTEXT(2) 
PARAMETRIC_REPRESENTATION_CONTEXT() REPRESENTATION_CONTEXT('2D SPACE',''
  ) );
#16441 = ORIENTED_EDGE('',*,*,#7746,.T.);
#16442 = ORIENTED_EDGE('',*,*,#16394,.F.);
#16443 = ADVANCED_FACE('',(#16444),#1177,.F.);
#16444 = FACE_BOUND('',#16445,.F.);
#16445 = EDGE_LOOP('',(#16446,#16447,#16448,#16469));
#16446 = ORIENTED_EDGE('',*,*,#16421,.T.);
#16447 = ORIENTED_EDGE('',*,*,#7769,.F.);
#16448 = ORIENTED_EDGE('',*,*,#16449,.F.);
#16449 = EDGE_CURVE('',#1133,#7650,#16450,.T.);
#16450 = SURFACE_CURVE('',#16451,(#16455,#16462),.PCURVE_S1.);
#16451 = LINE('',#16452,#16453);
#16452 = CARTESIAN_POINT('',(-6.641341314414,-0.249999985099,
    -13.66789995541));
#16453 = VECTOR('',#16454,1.);
#16454 = DIRECTION('',(6.310887241768E-30,1.,-9.011389889435E-24));
#16455 = PCURVE('',#1177,#16456);
#16456 = DEFINITIONAL_REPRESENTATION('',(#16457),#16461);
#16457 = LINE('',#16458,#16459);
#16458 = CARTESIAN_POINT('',(-1.483894536012,0.));
#16459 = VECTOR('',#16460,1.);
#16460 = DIRECTION('',(0.,1.));
#16461 = ( GEOMETRIC_REPRESENTATION_CONTEXT(2) 
PARAMETRIC_REPRESENTATION_CONTEXT() REPRESENTATION_CONTEXT('2D SPACE',''
  ) );
#16462 = PCURVE('',#1148,#16463);
#16463 = DEFINITIONAL_REPRESENTATION('',(#16464),#16468);
#16464 = LINE('',#16465,#16466);
#16465 = CARTESIAN_POINT('',(1.3335,-1.201668841756E-23));
#16466 = VECTOR('',#16467,1.);
#16467 = DIRECTION('',(0.,1.));
#16468 = ( GEOMETRIC_REPRESENTATION_CONTEXT(2) 
PARAMETRIC_REPRESENTATION_CONTEXT() REPRESENTATION_CONTEXT('2D SPACE',''
  ) );
#16469 = ORIENTED_EDGE('',*,*,#1160,.T.);
#16470 = ADVANCED_FACE('',(#16471),#1148,.F.);
#16471 = FACE_BOUND('',#16472,.T.);
#16472 = EDGE_LOOP('',(#16473,#16474,#16495,#16496));
#16473 = ORIENTED_EDGE('',*,*,#1132,.F.);
#16474 = ORIENTED_EDGE('',*,*,#16475,.F.);
#16475 = EDGE_CURVE('',#7648,#1105,#16476,.T.);
#16476 = SURFACE_CURVE('',#16477,(#16481,#16488),.PCURVE_S1.);
#16477 = LINE('',#16478,#16479);
#16478 = CARTESIAN_POINT('',(-6.641341314414,-0.249999985099,
    -15.00139995541));
#16479 = VECTOR('',#16480,1.);
#16480 = DIRECTION('',(-6.310887241768E-30,-1.,9.011389889435E-24));
#16481 = PCURVE('',#1148,#16482);
#16482 = DEFINITIONAL_REPRESENTATION('',(#16483),#16487);
#16483 = LINE('',#16484,#16485);
#16484 = CARTESIAN_POINT('',(0.,0.));
#16485 = VECTOR('',#16486,1.);
#16486 = DIRECTION('',(0.,-1.));
#16487 = ( GEOMETRIC_REPRESENTATION_CONTEXT(2) 
PARAMETRIC_REPRESENTATION_CONTEXT() REPRESENTATION_CONTEXT('2D SPACE',''
  ) );
#16488 = PCURVE('',#1120,#16489);
#16489 = DEFINITIONAL_REPRESENTATION('',(#16490),#16494);
#16490 = LINE('',#16491,#16492);
#16491 = CARTESIAN_POINT('',(17.018,-0.25));
#16492 = VECTOR('',#16493,1.);
#16493 = DIRECTION('',(6.310887243769E-30,-1.));
#16494 = ( GEOMETRIC_REPRESENTATION_CONTEXT(2) 
PARAMETRIC_REPRESENTATION_CONTEXT() REPRESENTATION_CONTEXT('2D SPACE',''
  ) );
#16495 = ORIENTED_EDGE('',*,*,#7647,.T.);
#16496 = ORIENTED_EDGE('',*,*,#16449,.F.);
#16497 = ADVANCED_FACE('',(#16498),#1120,.T.);
#16498 = FACE_BOUND('',#16499,.T.);
#16499 = EDGE_LOOP('',(#16500,#16521,#16522,#16523,#16524,#16525));
#16500 = ORIENTED_EDGE('',*,*,#16501,.T.);
#16501 = EDGE_CURVE('',#1077,#5325,#16502,.T.);
#16502 = SURFACE_CURVE('',#16503,(#16507,#16514),.PCURVE_S1.);
#16503 = LINE('',#16504,#16505);
#16504 = CARTESIAN_POINT('',(-6.768341314414,1.490116113834E-08,
    -15.00139995541));
#16505 = VECTOR('',#16506,1.);
#16506 = DIRECTION('',(0.,1.,0.));
#16507 = PCURVE('',#1120,#16508);
#16508 = DEFINITIONAL_REPRESENTATION('',(#16509),#16513);
#16509 = LINE('',#16510,#16511);
#16510 = CARTESIAN_POINT('',(17.145,0.));
#16511 = VECTOR('',#16512,1.);
#16512 = DIRECTION('',(0.,1.));
#16513 = ( GEOMETRIC_REPRESENTATION_CONTEXT(2) 
PARAMETRIC_REPRESENTATION_CONTEXT() REPRESENTATION_CONTEXT('2D SPACE',''
  ) );
#16514 = PCURVE('',#1093,#16515);
#16515 = DEFINITIONAL_REPRESENTATION('',(#16516),#16520);
#16516 = LINE('',#16517,#16518);
#16517 = CARTESIAN_POINT('',(0.,0.));
#16518 = VECTOR('',#16519,1.);
#16519 = DIRECTION('',(0.,1.));
#16520 = ( GEOMETRIC_REPRESENTATION_CONTEXT(2) 
PARAMETRIC_REPRESENTATION_CONTEXT() REPRESENTATION_CONTEXT('2D SPACE',''
  ) );
#16521 = ORIENTED_EDGE('',*,*,#5348,.T.);
#16522 = ORIENTED_EDGE('',*,*,#13765,.F.);
#16523 = ORIENTED_EDGE('',*,*,#7672,.T.);
#16524 = ORIENTED_EDGE('',*,*,#16475,.T.);
#16525 = ORIENTED_EDGE('',*,*,#1104,.F.);
#16526 = ADVANCED_FACE('',(#16527),#1093,.T.);
#16527 = FACE_BOUND('',#16528,.T.);
#16528 = EDGE_LOOP('',(#16529,#16530,#16531,#16532));
#16529 = ORIENTED_EDGE('',*,*,#5324,.T.);
#16530 = ORIENTED_EDGE('',*,*,#16501,.F.);
#16531 = ORIENTED_EDGE('',*,*,#1076,.T.);
#16532 = ORIENTED_EDGE('',*,*,#16533,.T.);
#16533 = EDGE_CURVE('',#1049,#5302,#16534,.T.);
#16534 = SURFACE_CURVE('',#16535,(#16539,#16546),.PCURVE_S1.);
#16535 = LINE('',#16536,#16537);
#16536 = CARTESIAN_POINT('',(-8.673341314414,1.490116113834E-08,
    -13.09639995541));
#16537 = VECTOR('',#16538,1.);
#16538 = DIRECTION('',(0.,1.,0.));
#16539 = PCURVE('',#1093,#16540);
#16540 = DEFINITIONAL_REPRESENTATION('',(#16541),#16545);
#16541 = LINE('',#16542,#16543);
#16542 = CARTESIAN_POINT('',(1.570750021735,0.));
#16543 = VECTOR('',#16544,1.);
#16544 = DIRECTION('',(0.,1.));
#16545 = ( GEOMETRIC_REPRESENTATION_CONTEXT(2) 
PARAMETRIC_REPRESENTATION_CONTEXT() REPRESENTATION_CONTEXT('2D SPACE',''
  ) );
#16546 = PCURVE('',#1064,#16547);
#16547 = DEFINITIONAL_REPRESENTATION('',(#16548),#16552);
#16548 = LINE('',#16549,#16550);
#16549 = CARTESIAN_POINT('',(0.,0.));
#16550 = VECTOR('',#16551,1.);
#16551 = DIRECTION('',(0.,1.));
#16552 = ( GEOMETRIC_REPRESENTATION_CONTEXT(2) 
PARAMETRIC_REPRESENTATION_CONTEXT() REPRESENTATION_CONTEXT('2D SPACE',''
  ) );
#16553 = ADVANCED_FACE('',(#16554),#1064,.T.);
#16554 = FACE_BOUND('',#16555,.T.);
#16555 = EDGE_LOOP('',(#16556,#16557,#16578,#16579));
#16556 = ORIENTED_EDGE('',*,*,#1048,.F.);
#16557 = ORIENTED_EDGE('',*,*,#16558,.T.);
#16558 = EDGE_CURVE('',#1021,#5274,#16559,.T.);
#16559 = SURFACE_CURVE('',#16560,(#16564,#16571),.PCURVE_S1.);
#16560 = LINE('',#16561,#16562);
#16561 = CARTESIAN_POINT('',(-8.673341314414,1.490116113834E-08,
    0.873600044588));
#16562 = VECTOR('',#16563,1.);
#16563 = DIRECTION('',(0.,1.,0.));
#16564 = PCURVE('',#1064,#16565);
#16565 = DEFINITIONAL_REPRESENTATION('',(#16566),#16570);
#16566 = LINE('',#16567,#16568);
#16567 = CARTESIAN_POINT('',(13.97,0.));
#16568 = VECTOR('',#16569,1.);
#16569 = DIRECTION('',(0.,1.));
#16570 = ( GEOMETRIC_REPRESENTATION_CONTEXT(2) 
PARAMETRIC_REPRESENTATION_CONTEXT() REPRESENTATION_CONTEXT('2D SPACE',''
  ) );
#16571 = PCURVE('',#1037,#16572);
#16572 = DEFINITIONAL_REPRESENTATION('',(#16573),#16577);
#16573 = LINE('',#16574,#16575);
#16574 = CARTESIAN_POINT('',(0.,0.));
#16575 = VECTOR('',#16576,1.);
#16576 = DIRECTION('',(0.,1.));
#16577 = ( GEOMETRIC_REPRESENTATION_CONTEXT(2) 
PARAMETRIC_REPRESENTATION_CONTEXT() REPRESENTATION_CONTEXT('2D SPACE',''
  ) );
#16578 = ORIENTED_EDGE('',*,*,#5301,.T.);
#16579 = ORIENTED_EDGE('',*,*,#16533,.F.);
#16580 = ADVANCED_FACE('',(#16581),#1037,.T.);
#16581 = FACE_BOUND('',#16582,.T.);
#16582 = EDGE_LOOP('',(#16583,#16584,#16585,#16586));
#16583 = ORIENTED_EDGE('',*,*,#5273,.F.);
#16584 = ORIENTED_EDGE('',*,*,#16558,.F.);
#16585 = ORIENTED_EDGE('',*,*,#1020,.T.);
#16586 = ORIENTED_EDGE('',*,*,#16587,.T.);
#16587 = EDGE_CURVE('',#993,#5251,#16588,.T.);
#16588 = SURFACE_CURVE('',#16589,(#16593,#16600),.PCURVE_S1.);
#16589 = LINE('',#16590,#16591);
#16590 = CARTESIAN_POINT('',(-6.768341314414,1.490116113834E-08,
    2.778600044587));
#16591 = VECTOR('',#16592,1.);
#16592 = DIRECTION('',(0.,1.,0.));
#16593 = PCURVE('',#1037,#16594);
#16594 = DEFINITIONAL_REPRESENTATION('',(#16595),#16599);
#16595 = LINE('',#16596,#16597);
#16596 = CARTESIAN_POINT('',(1.570750021735,0.));
#16597 = VECTOR('',#16598,1.);
#16598 = DIRECTION('',(0.,1.));
#16599 = ( GEOMETRIC_REPRESENTATION_CONTEXT(2) 
PARAMETRIC_REPRESENTATION_CONTEXT() REPRESENTATION_CONTEXT('2D SPACE',''
  ) );
#16600 = PCURVE('',#1008,#16601);
#16601 = DEFINITIONAL_REPRESENTATION('',(#16602),#16606);
#16602 = LINE('',#16603,#16604);
#16603 = CARTESIAN_POINT('',(0.,0.));
#16604 = VECTOR('',#16605,1.);
#16605 = DIRECTION('',(0.,1.));
#16606 = ( GEOMETRIC_REPRESENTATION_CONTEXT(2) 
PARAMETRIC_REPRESENTATION_CONTEXT() REPRESENTATION_CONTEXT('2D SPACE',''
  ) );
#16607 = ADVANCED_FACE('',(#16608),#1008,.T.);
#16608 = FACE_BOUND('',#16609,.T.);
#16609 = EDGE_LOOP('',(#16610,#16611,#16632,#16633,#16634,#16635));
#16610 = ORIENTED_EDGE('',*,*,#992,.F.);
#16611 = ORIENTED_EDGE('',*,*,#16612,.T.);
#16612 = EDGE_CURVE('',#965,#11374,#16613,.T.);
#16613 = SURFACE_CURVE('',#16614,(#16618,#16625),.PCURVE_S1.);
#16614 = LINE('',#16615,#16616);
#16615 = CARTESIAN_POINT('',(-6.641341314414,-0.249999985099,
    2.778600044587));
#16616 = VECTOR('',#16617,1.);
#16617 = DIRECTION('',(6.310887241768E-30,1.,-9.011389889435E-24));
#16618 = PCURVE('',#1008,#16619);
#16619 = DEFINITIONAL_REPRESENTATION('',(#16620),#16624);
#16620 = LINE('',#16621,#16622);
#16621 = CARTESIAN_POINT('',(0.127,-0.25));
#16622 = VECTOR('',#16623,1.);
#16623 = DIRECTION('',(6.310887243769E-30,1.));
#16624 = ( GEOMETRIC_REPRESENTATION_CONTEXT(2) 
PARAMETRIC_REPRESENTATION_CONTEXT() REPRESENTATION_CONTEXT('2D SPACE',''
  ) );
#16625 = PCURVE('',#980,#16626);
#16626 = DEFINITIONAL_REPRESENTATION('',(#16627),#16631);
#16627 = LINE('',#16628,#16629);
#16628 = CARTESIAN_POINT('',(1.3335,-1.201668841756E-23));
#16629 = VECTOR('',#16630,1.);
#16630 = DIRECTION('',(0.,1.));
#16631 = ( GEOMETRIC_REPRESENTATION_CONTEXT(2) 
PARAMETRIC_REPRESENTATION_CONTEXT() REPRESENTATION_CONTEXT('2D SPACE',''
  ) );
#16632 = ORIENTED_EDGE('',*,*,#11373,.T.);
#16633 = ORIENTED_EDGE('',*,*,#13790,.T.);
#16634 = ORIENTED_EDGE('',*,*,#5250,.T.);
#16635 = ORIENTED_EDGE('',*,*,#16587,.F.);
#16636 = ADVANCED_FACE('',(#16637),#980,.F.);
#16637 = FACE_BOUND('',#16638,.T.);
#16638 = EDGE_LOOP('',(#16639,#16640,#16661,#16662));
#16639 = ORIENTED_EDGE('',*,*,#964,.F.);
#16640 = ORIENTED_EDGE('',*,*,#16641,.T.);
#16641 = EDGE_CURVE('',#936,#11397,#16642,.T.);
#16642 = SURFACE_CURVE('',#16643,(#16647,#16654),.PCURVE_S1.);
#16643 = LINE('',#16644,#16645);
#16644 = CARTESIAN_POINT('',(-6.641341314414,-0.249999985099,
    1.445100044587));
#16645 = VECTOR('',#16646,1.);
#16646 = DIRECTION('',(6.310887241768E-30,1.,-9.011389889435E-24));
#16647 = PCURVE('',#980,#16648);
#16648 = DEFINITIONAL_REPRESENTATION('',(#16649),#16653);
#16649 = LINE('',#16650,#16651);
#16650 = CARTESIAN_POINT('',(0.,0.));
#16651 = VECTOR('',#16652,1.);
#16652 = DIRECTION('',(0.,1.));
#16653 = ( GEOMETRIC_REPRESENTATION_CONTEXT(2) 
PARAMETRIC_REPRESENTATION_CONTEXT() REPRESENTATION_CONTEXT('2D SPACE',''
  ) );
#16654 = PCURVE('',#952,#16655);
#16655 = DEFINITIONAL_REPRESENTATION('',(#16656),#16660);
#16656 = LINE('',#16657,#16658);
#16657 = CARTESIAN_POINT('',(7.767079843191,0.));
#16658 = VECTOR('',#16659,1.);
#16659 = DIRECTION('',(0.,1.));
#16660 = ( GEOMETRIC_REPRESENTATION_CONTEXT(2) 
PARAMETRIC_REPRESENTATION_CONTEXT() REPRESENTATION_CONTEXT('2D SPACE',''
  ) );
#16661 = ORIENTED_EDGE('',*,*,#11396,.T.);
#16662 = ORIENTED_EDGE('',*,*,#16612,.F.);
#16663 = ADVANCED_FACE('',(#16664),#952,.F.);
#16664 = FACE_BOUND('',#16665,.F.);
#16665 = EDGE_LOOP('',(#16666,#16667,#16668,#16689));
#16666 = ORIENTED_EDGE('',*,*,#16641,.T.);
#16667 = ORIENTED_EDGE('',*,*,#11419,.F.);
#16668 = ORIENTED_EDGE('',*,*,#16669,.F.);
#16669 = EDGE_CURVE('',#908,#11300,#16670,.T.);
#16670 = SURFACE_CURVE('',#16671,(#16675,#16682),.PCURVE_S1.);
#16671 = LINE('',#16672,#16673);
#16672 = CARTESIAN_POINT('',(-5.117341314414,-0.249999985099,
    1.445100044587));
#16673 = VECTOR('',#16674,1.);
#16674 = DIRECTION('',(6.310887241768E-30,1.,-9.011389889435E-24));
#16675 = PCURVE('',#952,#16676);
#16676 = DEFINITIONAL_REPRESENTATION('',(#16677),#16681);
#16677 = LINE('',#16678,#16679);
#16678 = CARTESIAN_POINT('',(4.799290771168,0.));
#16679 = VECTOR('',#16680,1.);
#16680 = DIRECTION('',(0.,1.));
#16681 = ( GEOMETRIC_REPRESENTATION_CONTEXT(2) 
PARAMETRIC_REPRESENTATION_CONTEXT() REPRESENTATION_CONTEXT('2D SPACE',''
  ) );
#16682 = PCURVE('',#923,#16683);
#16683 = DEFINITIONAL_REPRESENTATION('',(#16684),#16688);
#16684 = LINE('',#16685,#16686);
#16685 = CARTESIAN_POINT('',(1.3335,1.201668841756E-23));
#16686 = VECTOR('',#16687,1.);
#16687 = DIRECTION('',(0.,1.));
#16688 = ( GEOMETRIC_REPRESENTATION_CONTEXT(2) 
PARAMETRIC_REPRESENTATION_CONTEXT() REPRESENTATION_CONTEXT('2D SPACE',''
  ) );
#16689 = ORIENTED_EDGE('',*,*,#935,.T.);
#16690 = ADVANCED_FACE('',(#16691),#923,.F.);
#16691 = FACE_BOUND('',#16692,.T.);
#16692 = EDGE_LOOP('',(#16693,#16694,#16715,#16716));
#16693 = ORIENTED_EDGE('',*,*,#907,.F.);
#16694 = ORIENTED_EDGE('',*,*,#16695,.F.);
#16695 = EDGE_CURVE('',#11298,#880,#16696,.T.);
#16696 = SURFACE_CURVE('',#16697,(#16701,#16708),.PCURVE_S1.);
#16697 = LINE('',#16698,#16699);
#16698 = CARTESIAN_POINT('',(-5.117341314414,-0.249999985099,
    2.778600044587));
#16699 = VECTOR('',#16700,1.);
#16700 = DIRECTION('',(-6.310887241768E-30,-1.,9.011389889435E-24));
#16701 = PCURVE('',#923,#16702);
#16702 = DEFINITIONAL_REPRESENTATION('',(#16703),#16707);
#16703 = LINE('',#16704,#16705);
#16704 = CARTESIAN_POINT('',(-0.,0.));
#16705 = VECTOR('',#16706,1.);
#16706 = DIRECTION('',(0.,-1.));
#16707 = ( GEOMETRIC_REPRESENTATION_CONTEXT(2) 
PARAMETRIC_REPRESENTATION_CONTEXT() REPRESENTATION_CONTEXT('2D SPACE',''
  ) );
#16708 = PCURVE('',#895,#16709);
#16709 = DEFINITIONAL_REPRESENTATION('',(#16710),#16714);
#16710 = LINE('',#16711,#16712);
#16711 = CARTESIAN_POINT('',(1.651,-0.25));
#16712 = VECTOR('',#16713,1.);
#16713 = DIRECTION('',(-6.310887243769E-30,-1.));
#16714 = ( GEOMETRIC_REPRESENTATION_CONTEXT(2) 
PARAMETRIC_REPRESENTATION_CONTEXT() REPRESENTATION_CONTEXT('2D SPACE',''
  ) );
#16715 = ORIENTED_EDGE('',*,*,#11297,.T.);
#16716 = ORIENTED_EDGE('',*,*,#16669,.F.);
#16717 = ADVANCED_FACE('',(#16718),#895,.T.);
#16718 = FACE_BOUND('',#16719,.T.);
#16719 = EDGE_LOOP('',(#16720,#16721,#16722,#16723,#16724,#16725,#16746,
    #16747));
#16720 = ORIENTED_EDGE('',*,*,#5198,.T.);
#16721 = ORIENTED_EDGE('',*,*,#13812,.F.);
#16722 = ORIENTED_EDGE('',*,*,#11322,.T.);
#16723 = ORIENTED_EDGE('',*,*,#16695,.T.);
#16724 = ORIENTED_EDGE('',*,*,#879,.T.);
#16725 = ORIENTED_EDGE('',*,*,#16726,.T.);
#16726 = EDGE_CURVE('',#852,#12969,#16727,.T.);
#16727 = SURFACE_CURVE('',#16728,(#16732,#16739),.PCURVE_S1.);
#16728 = LINE('',#16729,#16730);
#16729 = CARTESIAN_POINT('',(-4.101341314414,-0.249999985099,
    2.778600044587));
#16730 = VECTOR('',#16731,1.);
#16731 = DIRECTION('',(6.310887241768E-30,1.,-9.011389889435E-24));
#16732 = PCURVE('',#895,#16733);
#16733 = DEFINITIONAL_REPRESENTATION('',(#16734),#16738);
#16734 = LINE('',#16735,#16736);
#16735 = CARTESIAN_POINT('',(2.667,-0.25));
#16736 = VECTOR('',#16737,1.);
#16737 = DIRECTION('',(6.310887243769E-30,1.));
#16738 = ( GEOMETRIC_REPRESENTATION_CONTEXT(2) 
PARAMETRIC_REPRESENTATION_CONTEXT() REPRESENTATION_CONTEXT('2D SPACE',''
  ) );
#16739 = PCURVE('',#867,#16740);
#16740 = DEFINITIONAL_REPRESENTATION('',(#16741),#16745);
#16741 = LINE('',#16742,#16743);
#16742 = CARTESIAN_POINT('',(1.3335,-1.201668841756E-23));
#16743 = VECTOR('',#16744,1.);
#16744 = DIRECTION('',(0.,1.));
#16745 = ( GEOMETRIC_REPRESENTATION_CONTEXT(2) 
PARAMETRIC_REPRESENTATION_CONTEXT() REPRESENTATION_CONTEXT('2D SPACE',''
  ) );
#16746 = ORIENTED_EDGE('',*,*,#12968,.T.);
#16747 = ORIENTED_EDGE('',*,*,#13837,.T.);
#16748 = ADVANCED_FACE('',(#16749),#867,.F.);
#16749 = FACE_BOUND('',#16750,.T.);
#16750 = EDGE_LOOP('',(#16751,#16752,#16773,#16774));
#16751 = ORIENTED_EDGE('',*,*,#851,.F.);
#16752 = ORIENTED_EDGE('',*,*,#16753,.T.);
#16753 = EDGE_CURVE('',#823,#12992,#16754,.T.);
#16754 = SURFACE_CURVE('',#16755,(#16759,#16766),.PCURVE_S1.);
#16755 = LINE('',#16756,#16757);
#16756 = CARTESIAN_POINT('',(-4.101341314414,-0.249999985099,
    1.445100044587));
#16757 = VECTOR('',#16758,1.);
#16758 = DIRECTION('',(6.310887241768E-30,1.,-9.011389889435E-24));
#16759 = PCURVE('',#867,#16760);
#16760 = DEFINITIONAL_REPRESENTATION('',(#16761),#16765);
#16761 = LINE('',#16762,#16763);
#16762 = CARTESIAN_POINT('',(0.,0.));
#16763 = VECTOR('',#16764,1.);
#16764 = DIRECTION('',(0.,1.));
#16765 = ( GEOMETRIC_REPRESENTATION_CONTEXT(2) 
PARAMETRIC_REPRESENTATION_CONTEXT() REPRESENTATION_CONTEXT('2D SPACE',''
  ) );
#16766 = PCURVE('',#839,#16767);
#16767 = DEFINITIONAL_REPRESENTATION('',(#16768),#16772);
#16768 = LINE('',#16769,#16770);
#16769 = CARTESIAN_POINT('',(1.483894536012,0.));
#16770 = VECTOR('',#16771,1.);
#16771 = DIRECTION('',(0.,1.));
#16772 = ( GEOMETRIC_REPRESENTATION_CONTEXT(2) 
PARAMETRIC_REPRESENTATION_CONTEXT() REPRESENTATION_CONTEXT('2D SPACE',''
  ) );
#16773 = ORIENTED_EDGE('',*,*,#12991,.T.);
#16774 = ORIENTED_EDGE('',*,*,#16726,.F.);
#16775 = ADVANCED_FACE('',(#16776),#839,.F.);
#16776 = FACE_BOUND('',#16777,.F.);
#16777 = EDGE_LOOP('',(#16778,#16779,#16780,#16801));
#16778 = ORIENTED_EDGE('',*,*,#16753,.T.);
#16779 = ORIENTED_EDGE('',*,*,#13014,.F.);
#16780 = ORIENTED_EDGE('',*,*,#16781,.F.);
#16781 = EDGE_CURVE('',#795,#12895,#16782,.T.);
#16782 = SURFACE_CURVE('',#16783,(#16787,#16794),.PCURVE_S1.);
#16783 = LINE('',#16784,#16785);
#16784 = CARTESIAN_POINT('',(-2.577341314414,-0.249999985099,
    1.445100044587));
#16785 = VECTOR('',#16786,1.);
#16786 = DIRECTION('',(6.310887241768E-30,1.,-9.011389889435E-24));
#16787 = PCURVE('',#839,#16788);
#16788 = DEFINITIONAL_REPRESENTATION('',(#16789),#16793);
#16789 = LINE('',#16790,#16791);
#16790 = CARTESIAN_POINT('',(-1.483894536012,0.));
#16791 = VECTOR('',#16792,1.);
#16792 = DIRECTION('',(0.,1.));
#16793 = ( GEOMETRIC_REPRESENTATION_CONTEXT(2) 
PARAMETRIC_REPRESENTATION_CONTEXT() REPRESENTATION_CONTEXT('2D SPACE',''
  ) );
#16794 = PCURVE('',#810,#16795);
#16795 = DEFINITIONAL_REPRESENTATION('',(#16796),#16800);
#16796 = LINE('',#16797,#16798);
#16797 = CARTESIAN_POINT('',(1.3335,1.201668841756E-23));
#16798 = VECTOR('',#16799,1.);
#16799 = DIRECTION('',(0.,1.));
#16800 = ( GEOMETRIC_REPRESENTATION_CONTEXT(2) 
PARAMETRIC_REPRESENTATION_CONTEXT() REPRESENTATION_CONTEXT('2D SPACE',''
  ) );
#16801 = ORIENTED_EDGE('',*,*,#822,.T.);
#16802 = ADVANCED_FACE('',(#16803),#810,.F.);
#16803 = FACE_BOUND('',#16804,.T.);
#16804 = EDGE_LOOP('',(#16805,#16806,#16827,#16828));
#16805 = ORIENTED_EDGE('',*,*,#794,.F.);
#16806 = ORIENTED_EDGE('',*,*,#16807,.F.);
#16807 = EDGE_CURVE('',#12893,#767,#16808,.T.);
#16808 = SURFACE_CURVE('',#16809,(#16813,#16820),.PCURVE_S1.);
#16809 = LINE('',#16810,#16811);
#16810 = CARTESIAN_POINT('',(-2.577341314414,-0.249999985099,
    2.778600044587));
#16811 = VECTOR('',#16812,1.);
#16812 = DIRECTION('',(-6.310887241768E-30,-1.,9.011389889435E-24));
#16813 = PCURVE('',#810,#16814);
#16814 = DEFINITIONAL_REPRESENTATION('',(#16815),#16819);
#16815 = LINE('',#16816,#16817);
#16816 = CARTESIAN_POINT('',(0.,0.));
#16817 = VECTOR('',#16818,1.);
#16818 = DIRECTION('',(0.,-1.));
#16819 = ( GEOMETRIC_REPRESENTATION_CONTEXT(2) 
PARAMETRIC_REPRESENTATION_CONTEXT() REPRESENTATION_CONTEXT('2D SPACE',''
  ) );
#16820 = PCURVE('',#782,#16821);
#16821 = DEFINITIONAL_REPRESENTATION('',(#16822),#16826);
#16822 = LINE('',#16823,#16824);
#16823 = CARTESIAN_POINT('',(4.191,-0.25));
#16824 = VECTOR('',#16825,1.);
#16825 = DIRECTION('',(-6.310887243769E-30,-1.));
#16826 = ( GEOMETRIC_REPRESENTATION_CONTEXT(2) 
PARAMETRIC_REPRESENTATION_CONTEXT() REPRESENTATION_CONTEXT('2D SPACE',''
  ) );
#16827 = ORIENTED_EDGE('',*,*,#12892,.T.);
#16828 = ORIENTED_EDGE('',*,*,#16781,.F.);
#16829 = ADVANCED_FACE('',(#16830),#782,.T.);
#16830 = FACE_BOUND('',#16831,.T.);
#16831 = EDGE_LOOP('',(#16832,#16833,#16834,#16835,#16836,#16837,#16858,
    #16859));
#16832 = ORIENTED_EDGE('',*,*,#5142,.T.);
#16833 = ORIENTED_EDGE('',*,*,#13859,.F.);
#16834 = ORIENTED_EDGE('',*,*,#12917,.T.);
#16835 = ORIENTED_EDGE('',*,*,#16807,.T.);
#16836 = ORIENTED_EDGE('',*,*,#766,.T.);
#16837 = ORIENTED_EDGE('',*,*,#16838,.T.);
#16838 = EDGE_CURVE('',#739,#12714,#16839,.T.);
#16839 = SURFACE_CURVE('',#16840,(#16844,#16851),.PCURVE_S1.);
#16840 = LINE('',#16841,#16842);
#16841 = CARTESIAN_POINT('',(-1.561341314414,-0.249999985099,
    2.778600044587));
#16842 = VECTOR('',#16843,1.);
#16843 = DIRECTION('',(6.310887241768E-30,1.,-9.011389889435E-24));
#16844 = PCURVE('',#782,#16845);
#16845 = DEFINITIONAL_REPRESENTATION('',(#16846),#16850);
#16846 = LINE('',#16847,#16848);
#16847 = CARTESIAN_POINT('',(5.207,-0.25));
#16848 = VECTOR('',#16849,1.);
#16849 = DIRECTION('',(6.310887243769E-30,1.));
#16850 = ( GEOMETRIC_REPRESENTATION_CONTEXT(2) 
PARAMETRIC_REPRESENTATION_CONTEXT() REPRESENTATION_CONTEXT('2D SPACE',''
  ) );
#16851 = PCURVE('',#754,#16852);
#16852 = DEFINITIONAL_REPRESENTATION('',(#16853),#16857);
#16853 = LINE('',#16854,#16855);
#16854 = CARTESIAN_POINT('',(1.3335,-1.201668841756E-23));
#16855 = VECTOR('',#16856,1.);
#16856 = DIRECTION('',(0.,1.));
#16857 = ( GEOMETRIC_REPRESENTATION_CONTEXT(2) 
PARAMETRIC_REPRESENTATION_CONTEXT() REPRESENTATION_CONTEXT('2D SPACE',''
  ) );
#16858 = ORIENTED_EDGE('',*,*,#12713,.T.);
#16859 = ORIENTED_EDGE('',*,*,#13884,.T.);
#16860 = ADVANCED_FACE('',(#16861),#754,.F.);
#16861 = FACE_BOUND('',#16862,.T.);
#16862 = EDGE_LOOP('',(#16863,#16864,#16885,#16886));
#16863 = ORIENTED_EDGE('',*,*,#738,.F.);
#16864 = ORIENTED_EDGE('',*,*,#16865,.T.);
#16865 = EDGE_CURVE('',#710,#12737,#16866,.T.);
#16866 = SURFACE_CURVE('',#16867,(#16871,#16878),.PCURVE_S1.);
#16867 = LINE('',#16868,#16869);
#16868 = CARTESIAN_POINT('',(-1.561341314414,-0.249999985099,
    1.445100044587));
#16869 = VECTOR('',#16870,1.);
#16870 = DIRECTION('',(6.310887241768E-30,1.,-9.011389889435E-24));
#16871 = PCURVE('',#754,#16872);
#16872 = DEFINITIONAL_REPRESENTATION('',(#16873),#16877);
#16873 = LINE('',#16874,#16875);
#16874 = CARTESIAN_POINT('',(0.,0.));
#16875 = VECTOR('',#16876,1.);
#16876 = DIRECTION('',(0.,1.));
#16877 = ( GEOMETRIC_REPRESENTATION_CONTEXT(2) 
PARAMETRIC_REPRESENTATION_CONTEXT() REPRESENTATION_CONTEXT('2D SPACE',''
  ) );
#16878 = PCURVE('',#726,#16879);
#16879 = DEFINITIONAL_REPRESENTATION('',(#16880),#16884);
#16880 = LINE('',#16881,#16882);
#16881 = CARTESIAN_POINT('',(7.767079843191,0.));
#16882 = VECTOR('',#16883,1.);
#16883 = DIRECTION('',(0.,1.));
#16884 = ( GEOMETRIC_REPRESENTATION_CONTEXT(2) 
PARAMETRIC_REPRESENTATION_CONTEXT() REPRESENTATION_CONTEXT('2D SPACE',''
  ) );
#16885 = ORIENTED_EDGE('',*,*,#12736,.T.);
#16886 = ORIENTED_EDGE('',*,*,#16838,.F.);
#16887 = ADVANCED_FACE('',(#16888),#726,.F.);
#16888 = FACE_BOUND('',#16889,.F.);
#16889 = EDGE_LOOP('',(#16890,#16891,#16892,#16913));
#16890 = ORIENTED_EDGE('',*,*,#16865,.T.);
#16891 = ORIENTED_EDGE('',*,*,#12759,.F.);
#16892 = ORIENTED_EDGE('',*,*,#16893,.F.);
#16893 = EDGE_CURVE('',#682,#12760,#16894,.T.);
#16894 = SURFACE_CURVE('',#16895,(#16899,#16906),.PCURVE_S1.);
#16895 = LINE('',#16896,#16897);
#16896 = CARTESIAN_POINT('',(-3.734131441357E-02,-0.249999985099,
    1.445100044587));
#16897 = VECTOR('',#16898,1.);
#16898 = DIRECTION('',(6.310887241768E-30,1.,-9.011389889435E-24));
#16899 = PCURVE('',#726,#16900);
#16900 = DEFINITIONAL_REPRESENTATION('',(#16901),#16905);
#16901 = LINE('',#16902,#16903);
#16902 = CARTESIAN_POINT('',(4.799290771168,0.));
#16903 = VECTOR('',#16904,1.);
#16904 = DIRECTION('',(0.,1.));
#16905 = ( GEOMETRIC_REPRESENTATION_CONTEXT(2) 
PARAMETRIC_REPRESENTATION_CONTEXT() REPRESENTATION_CONTEXT('2D SPACE',''
  ) );
#16906 = PCURVE('',#697,#16907);
#16907 = DEFINITIONAL_REPRESENTATION('',(#16908),#16912);
#16908 = LINE('',#16909,#16910);
#16909 = CARTESIAN_POINT('',(1.3335,1.201668841756E-23));
#16910 = VECTOR('',#16911,1.);
#16911 = DIRECTION('',(0.,1.));
#16912 = ( GEOMETRIC_REPRESENTATION_CONTEXT(2) 
PARAMETRIC_REPRESENTATION_CONTEXT() REPRESENTATION_CONTEXT('2D SPACE',''
  ) );
#16913 = ORIENTED_EDGE('',*,*,#709,.T.);
#16914 = ADVANCED_FACE('',(#16915),#697,.F.);
#16915 = FACE_BOUND('',#16916,.T.);
#16916 = EDGE_LOOP('',(#16917,#16918,#16939,#16940));
#16917 = ORIENTED_EDGE('',*,*,#681,.F.);
#16918 = ORIENTED_EDGE('',*,*,#16919,.F.);
#16919 = EDGE_CURVE('',#12784,#654,#16920,.T.);
#16920 = SURFACE_CURVE('',#16921,(#16925,#16932),.PCURVE_S1.);
#16921 = LINE('',#16922,#16923);
#16922 = CARTESIAN_POINT('',(-3.734131441357E-02,-0.249999985099,
    2.778600044587));
#16923 = VECTOR('',#16924,1.);
#16924 = DIRECTION('',(-6.310887241768E-30,-1.,9.011389889435E-24));
#16925 = PCURVE('',#697,#16926);
#16926 = DEFINITIONAL_REPRESENTATION('',(#16927),#16931);
#16927 = LINE('',#16928,#16929);
#16928 = CARTESIAN_POINT('',(-0.,0.));
#16929 = VECTOR('',#16930,1.);
#16930 = DIRECTION('',(0.,-1.));
#16931 = ( GEOMETRIC_REPRESENTATION_CONTEXT(2) 
PARAMETRIC_REPRESENTATION_CONTEXT() REPRESENTATION_CONTEXT('2D SPACE',''
  ) );
#16932 = PCURVE('',#669,#16933);
#16933 = DEFINITIONAL_REPRESENTATION('',(#16934),#16938);
#16934 = LINE('',#16935,#16936);
#16935 = CARTESIAN_POINT('',(6.731,-0.25));
#16936 = VECTOR('',#16937,1.);
#16937 = DIRECTION('',(-6.310887243769E-30,-1.));
#16938 = ( GEOMETRIC_REPRESENTATION_CONTEXT(2) 
PARAMETRIC_REPRESENTATION_CONTEXT() REPRESENTATION_CONTEXT('2D SPACE',''
  ) );
#16939 = ORIENTED_EDGE('',*,*,#12783,.T.);
#16940 = ORIENTED_EDGE('',*,*,#16893,.F.);
#16941 = ADVANCED_FACE('',(#16942),#669,.T.);
#16942 = FACE_BOUND('',#16943,.T.);
#16943 = EDGE_LOOP('',(#16944,#16945,#16946,#16947,#16948,#16949,#16970,
    #16971));
#16944 = ORIENTED_EDGE('',*,*,#5086,.T.);
#16945 = ORIENTED_EDGE('',*,*,#13906,.F.);
#16946 = ORIENTED_EDGE('',*,*,#12806,.T.);
#16947 = ORIENTED_EDGE('',*,*,#16919,.T.);
#16948 = ORIENTED_EDGE('',*,*,#653,.T.);
#16949 = ORIENTED_EDGE('',*,*,#16950,.T.);
#16950 = EDGE_CURVE('',#626,#12551,#16951,.T.);
#16951 = SURFACE_CURVE('',#16952,(#16956,#16963),.PCURVE_S1.);
#16952 = LINE('',#16953,#16954);
#16953 = CARTESIAN_POINT('',(0.978658685586,-0.249999985099,
    2.778600044587));
#16954 = VECTOR('',#16955,1.);
#16955 = DIRECTION('',(6.310887241768E-30,1.,-9.011389889435E-24));
#16956 = PCURVE('',#669,#16957);
#16957 = DEFINITIONAL_REPRESENTATION('',(#16958),#16962);
#16958 = LINE('',#16959,#16960);
#16959 = CARTESIAN_POINT('',(7.747,-0.25));
#16960 = VECTOR('',#16961,1.);
#16961 = DIRECTION('',(6.310887243769E-30,1.));
#16962 = ( GEOMETRIC_REPRESENTATION_CONTEXT(2) 
PARAMETRIC_REPRESENTATION_CONTEXT() REPRESENTATION_CONTEXT('2D SPACE',''
  ) );
#16963 = PCURVE('',#641,#16964);
#16964 = DEFINITIONAL_REPRESENTATION('',(#16965),#16969);
#16965 = LINE('',#16966,#16967);
#16966 = CARTESIAN_POINT('',(1.3335,-1.201668841756E-23));
#16967 = VECTOR('',#16968,1.);
#16968 = DIRECTION('',(0.,1.));
#16969 = ( GEOMETRIC_REPRESENTATION_CONTEXT(2) 
PARAMETRIC_REPRESENTATION_CONTEXT() REPRESENTATION_CONTEXT('2D SPACE',''
  ) );
#16970 = ORIENTED_EDGE('',*,*,#12550,.T.);
#16971 = ORIENTED_EDGE('',*,*,#13931,.T.);
#16972 = ADVANCED_FACE('',(#16973),#641,.F.);
#16973 = FACE_BOUND('',#16974,.T.);
#16974 = EDGE_LOOP('',(#16975,#16976,#16997,#16998));
#16975 = ORIENTED_EDGE('',*,*,#625,.F.);
#16976 = ORIENTED_EDGE('',*,*,#16977,.T.);
#16977 = EDGE_CURVE('',#597,#12574,#16978,.T.);
#16978 = SURFACE_CURVE('',#16979,(#16983,#16990),.PCURVE_S1.);
#16979 = LINE('',#16980,#16981);
#16980 = CARTESIAN_POINT('',(0.978658685586,-0.249999985099,
    1.445100044587));
#16981 = VECTOR('',#16982,1.);
#16982 = DIRECTION('',(6.310887241768E-30,1.,-9.011389889435E-24));
#16983 = PCURVE('',#641,#16984);
#16984 = DEFINITIONAL_REPRESENTATION('',(#16985),#16989);
#16985 = LINE('',#16986,#16987);
#16986 = CARTESIAN_POINT('',(0.,0.));
#16987 = VECTOR('',#16988,1.);
#16988 = DIRECTION('',(0.,1.));
#16989 = ( GEOMETRIC_REPRESENTATION_CONTEXT(2) 
PARAMETRIC_REPRESENTATION_CONTEXT() REPRESENTATION_CONTEXT('2D SPACE',''
  ) );
#16990 = PCURVE('',#613,#16991);
#16991 = DEFINITIONAL_REPRESENTATION('',(#16992),#16996);
#16992 = LINE('',#16993,#16994);
#16993 = CARTESIAN_POINT('',(7.767079843191,0.));
#16994 = VECTOR('',#16995,1.);
#16995 = DIRECTION('',(0.,1.));
#16996 = ( GEOMETRIC_REPRESENTATION_CONTEXT(2) 
PARAMETRIC_REPRESENTATION_CONTEXT() REPRESENTATION_CONTEXT('2D SPACE',''
  ) );
#16997 = ORIENTED_EDGE('',*,*,#12573,.T.);
#16998 = ORIENTED_EDGE('',*,*,#16950,.F.);
#16999 = ADVANCED_FACE('',(#17000),#613,.F.);
#17000 = FACE_BOUND('',#17001,.F.);
#17001 = EDGE_LOOP('',(#17002,#17003,#17004,#17025));
#17002 = ORIENTED_EDGE('',*,*,#16977,.T.);
#17003 = ORIENTED_EDGE('',*,*,#12596,.F.);
#17004 = ORIENTED_EDGE('',*,*,#17005,.F.);
#17005 = EDGE_CURVE('',#569,#12477,#17006,.T.);
#17006 = SURFACE_CURVE('',#17007,(#17011,#17018),.PCURVE_S1.);
#17007 = LINE('',#17008,#17009);
#17008 = CARTESIAN_POINT('',(2.502658685586,-0.249999985099,
    1.445100044587));
#17009 = VECTOR('',#17010,1.);
#17010 = DIRECTION('',(6.310887241768E-30,1.,-9.011389889435E-24));
#17011 = PCURVE('',#613,#17012);
#17012 = DEFINITIONAL_REPRESENTATION('',(#17013),#17017);
#17013 = LINE('',#17014,#17015);
#17014 = CARTESIAN_POINT('',(4.799290771168,0.));
#17015 = VECTOR('',#17016,1.);
#17016 = DIRECTION('',(0.,1.));
#17017 = ( GEOMETRIC_REPRESENTATION_CONTEXT(2) 
PARAMETRIC_REPRESENTATION_CONTEXT() REPRESENTATION_CONTEXT('2D SPACE',''
  ) );
#17018 = PCURVE('',#584,#17019);
#17019 = DEFINITIONAL_REPRESENTATION('',(#17020),#17024);
#17020 = LINE('',#17021,#17022);
#17021 = CARTESIAN_POINT('',(1.3335,1.201668841756E-23));
#17022 = VECTOR('',#17023,1.);
#17023 = DIRECTION('',(0.,1.));
#17024 = ( GEOMETRIC_REPRESENTATION_CONTEXT(2) 
PARAMETRIC_REPRESENTATION_CONTEXT() REPRESENTATION_CONTEXT('2D SPACE',''
  ) );
#17025 = ORIENTED_EDGE('',*,*,#596,.T.);
#17026 = ADVANCED_FACE('',(#17027),#584,.F.);
#17027 = FACE_BOUND('',#17028,.T.);
#17028 = EDGE_LOOP('',(#17029,#17030,#17051,#17052));
#17029 = ORIENTED_EDGE('',*,*,#568,.F.);
#17030 = ORIENTED_EDGE('',*,*,#17031,.F.);
#17031 = EDGE_CURVE('',#12475,#541,#17032,.T.);
#17032 = SURFACE_CURVE('',#17033,(#17037,#17044),.PCURVE_S1.);
#17033 = LINE('',#17034,#17035);
#17034 = CARTESIAN_POINT('',(2.502658685586,-0.249999985099,
    2.778600044587));
#17035 = VECTOR('',#17036,1.);
#17036 = DIRECTION('',(-6.310887241768E-30,-1.,9.011389889435E-24));
#17037 = PCURVE('',#584,#17038);
#17038 = DEFINITIONAL_REPRESENTATION('',(#17039),#17043);
#17039 = LINE('',#17040,#17041);
#17040 = CARTESIAN_POINT('',(-0.,0.));
#17041 = VECTOR('',#17042,1.);
#17042 = DIRECTION('',(0.,-1.));
#17043 = ( GEOMETRIC_REPRESENTATION_CONTEXT(2) 
PARAMETRIC_REPRESENTATION_CONTEXT() REPRESENTATION_CONTEXT('2D SPACE',''
  ) );
#17044 = PCURVE('',#556,#17045);
#17045 = DEFINITIONAL_REPRESENTATION('',(#17046),#17050);
#17046 = LINE('',#17047,#17048);
#17047 = CARTESIAN_POINT('',(9.271,-0.25));
#17048 = VECTOR('',#17049,1.);
#17049 = DIRECTION('',(-6.310887243769E-30,-1.));
#17050 = ( GEOMETRIC_REPRESENTATION_CONTEXT(2) 
PARAMETRIC_REPRESENTATION_CONTEXT() REPRESENTATION_CONTEXT('2D SPACE',''
  ) );
#17051 = ORIENTED_EDGE('',*,*,#12474,.T.);
#17052 = ORIENTED_EDGE('',*,*,#17005,.F.);
#17053 = ADVANCED_FACE('',(#17054),#556,.T.);
#17054 = FACE_BOUND('',#17055,.T.);
#17055 = EDGE_LOOP('',(#17056,#17057,#17058,#17059,#17060,#17061,#17082,
    #17083));
#17056 = ORIENTED_EDGE('',*,*,#5030,.T.);
#17057 = ORIENTED_EDGE('',*,*,#13953,.F.);
#17058 = ORIENTED_EDGE('',*,*,#12499,.T.);
#17059 = ORIENTED_EDGE('',*,*,#17031,.T.);
#17060 = ORIENTED_EDGE('',*,*,#540,.T.);
#17061 = ORIENTED_EDGE('',*,*,#17062,.T.);
#17062 = EDGE_CURVE('',#513,#12342,#17063,.T.);
#17063 = SURFACE_CURVE('',#17064,(#17068,#17075),.PCURVE_S1.);
#17064 = LINE('',#17065,#17066);
#17065 = CARTESIAN_POINT('',(3.518658685586,-0.249999985099,
    2.778600044587));
#17066 = VECTOR('',#17067,1.);
#17067 = DIRECTION('',(6.310887241768E-30,1.,-9.011389889435E-24));
#17068 = PCURVE('',#556,#17069);
#17069 = DEFINITIONAL_REPRESENTATION('',(#17070),#17074);
#17070 = LINE('',#17071,#17072);
#17071 = CARTESIAN_POINT('',(10.287,-0.25));
#17072 = VECTOR('',#17073,1.);
#17073 = DIRECTION('',(6.310887243769E-30,1.));
#17074 = ( GEOMETRIC_REPRESENTATION_CONTEXT(2) 
PARAMETRIC_REPRESENTATION_CONTEXT() REPRESENTATION_CONTEXT('2D SPACE',''
  ) );
#17075 = PCURVE('',#528,#17076);
#17076 = DEFINITIONAL_REPRESENTATION('',(#17077),#17081);
#17077 = LINE('',#17078,#17079);
#17078 = CARTESIAN_POINT('',(1.3335,-1.201668841756E-23));
#17079 = VECTOR('',#17080,1.);
#17080 = DIRECTION('',(0.,1.));
#17081 = ( GEOMETRIC_REPRESENTATION_CONTEXT(2) 
PARAMETRIC_REPRESENTATION_CONTEXT() REPRESENTATION_CONTEXT('2D SPACE',''
  ) );
#17082 = ORIENTED_EDGE('',*,*,#12341,.T.);
#17083 = ORIENTED_EDGE('',*,*,#13978,.T.);
#17084 = ADVANCED_FACE('',(#17085),#528,.F.);
#17085 = FACE_BOUND('',#17086,.T.);
#17086 = EDGE_LOOP('',(#17087,#17088,#17109,#17110));
#17087 = ORIENTED_EDGE('',*,*,#512,.F.);
#17088 = ORIENTED_EDGE('',*,*,#17089,.T.);
#17089 = EDGE_CURVE('',#484,#12365,#17090,.T.);
#17090 = SURFACE_CURVE('',#17091,(#17095,#17102),.PCURVE_S1.);
#17091 = LINE('',#17092,#17093);
#17092 = CARTESIAN_POINT('',(3.518658685586,-0.249999985099,
    1.445100044587));
#17093 = VECTOR('',#17094,1.);
#17094 = DIRECTION('',(6.310887241768E-30,1.,-9.011389889435E-24));
#17095 = PCURVE('',#528,#17096);
#17096 = DEFINITIONAL_REPRESENTATION('',(#17097),#17101);
#17097 = LINE('',#17098,#17099);
#17098 = CARTESIAN_POINT('',(0.,0.));
#17099 = VECTOR('',#17100,1.);
#17100 = DIRECTION('',(0.,1.));
#17101 = ( GEOMETRIC_REPRESENTATION_CONTEXT(2) 
PARAMETRIC_REPRESENTATION_CONTEXT() REPRESENTATION_CONTEXT('2D SPACE',''
  ) );
#17102 = PCURVE('',#500,#17103);
#17103 = DEFINITIONAL_REPRESENTATION('',(#17104),#17108);
#17104 = LINE('',#17105,#17106);
#17105 = CARTESIAN_POINT('',(1.483894536012,0.));
#17106 = VECTOR('',#17107,1.);
#17107 = DIRECTION('',(0.,1.));
#17108 = ( GEOMETRIC_REPRESENTATION_CONTEXT(2) 
PARAMETRIC_REPRESENTATION_CONTEXT() REPRESENTATION_CONTEXT('2D SPACE',''
  ) );
#17109 = ORIENTED_EDGE('',*,*,#12364,.T.);
#17110 = ORIENTED_EDGE('',*,*,#17062,.F.);
#17111 = ADVANCED_FACE('',(#17112),#500,.F.);
#17112 = FACE_BOUND('',#17113,.F.);
#17113 = EDGE_LOOP('',(#17114,#17115,#17116,#17137));
#17114 = ORIENTED_EDGE('',*,*,#17089,.T.);
#17115 = ORIENTED_EDGE('',*,*,#12387,.F.);
#17116 = ORIENTED_EDGE('',*,*,#17117,.F.);
#17117 = EDGE_CURVE('',#456,#12268,#17118,.T.);
#17118 = SURFACE_CURVE('',#17119,(#17123,#17130),.PCURVE_S1.);
#17119 = LINE('',#17120,#17121);
#17120 = CARTESIAN_POINT('',(5.042658685586,-0.249999985099,
    1.445100044587));
#17121 = VECTOR('',#17122,1.);
#17122 = DIRECTION('',(6.310887241768E-30,1.,-9.011389889435E-24));
#17123 = PCURVE('',#500,#17124);
#17124 = DEFINITIONAL_REPRESENTATION('',(#17125),#17129);
#17125 = LINE('',#17126,#17127);
#17126 = CARTESIAN_POINT('',(-1.483894536012,0.));
#17127 = VECTOR('',#17128,1.);
#17128 = DIRECTION('',(0.,1.));
#17129 = ( GEOMETRIC_REPRESENTATION_CONTEXT(2) 
PARAMETRIC_REPRESENTATION_CONTEXT() REPRESENTATION_CONTEXT('2D SPACE',''
  ) );
#17130 = PCURVE('',#471,#17131);
#17131 = DEFINITIONAL_REPRESENTATION('',(#17132),#17136);
#17132 = LINE('',#17133,#17134);
#17133 = CARTESIAN_POINT('',(1.3335,1.201668841756E-23));
#17134 = VECTOR('',#17135,1.);
#17135 = DIRECTION('',(0.,1.));
#17136 = ( GEOMETRIC_REPRESENTATION_CONTEXT(2) 
PARAMETRIC_REPRESENTATION_CONTEXT() REPRESENTATION_CONTEXT('2D SPACE',''
  ) );
#17137 = ORIENTED_EDGE('',*,*,#483,.T.);
#17138 = ADVANCED_FACE('',(#17139),#471,.F.);
#17139 = FACE_BOUND('',#17140,.T.);
#17140 = EDGE_LOOP('',(#17141,#17142,#17163,#17164));
#17141 = ORIENTED_EDGE('',*,*,#455,.F.);
#17142 = ORIENTED_EDGE('',*,*,#17143,.F.);
#17143 = EDGE_CURVE('',#12266,#428,#17144,.T.);
#17144 = SURFACE_CURVE('',#17145,(#17149,#17156),.PCURVE_S1.);
#17145 = LINE('',#17146,#17147);
#17146 = CARTESIAN_POINT('',(5.042658685586,-0.249999985099,
    2.778600044587));
#17147 = VECTOR('',#17148,1.);
#17148 = DIRECTION('',(-6.310887241768E-30,-1.,9.011389889435E-24));
#17149 = PCURVE('',#471,#17150);
#17150 = DEFINITIONAL_REPRESENTATION('',(#17151),#17155);
#17151 = LINE('',#17152,#17153);
#17152 = CARTESIAN_POINT('',(-0.,0.));
#17153 = VECTOR('',#17154,1.);
#17154 = DIRECTION('',(0.,-1.));
#17155 = ( GEOMETRIC_REPRESENTATION_CONTEXT(2) 
PARAMETRIC_REPRESENTATION_CONTEXT() REPRESENTATION_CONTEXT('2D SPACE',''
  ) );
#17156 = PCURVE('',#443,#17157);
#17157 = DEFINITIONAL_REPRESENTATION('',(#17158),#17162);
#17158 = LINE('',#17159,#17160);
#17159 = CARTESIAN_POINT('',(11.811,-0.25));
#17160 = VECTOR('',#17161,1.);
#17161 = DIRECTION('',(-6.310887243769E-30,-1.));
#17162 = ( GEOMETRIC_REPRESENTATION_CONTEXT(2) 
PARAMETRIC_REPRESENTATION_CONTEXT() REPRESENTATION_CONTEXT('2D SPACE',''
  ) );
#17163 = ORIENTED_EDGE('',*,*,#12265,.T.);
#17164 = ORIENTED_EDGE('',*,*,#17117,.F.);
#17165 = ADVANCED_FACE('',(#17166),#443,.T.);
#17166 = FACE_BOUND('',#17167,.T.);
#17167 = EDGE_LOOP('',(#17168,#17169,#17170,#17171,#17172,#17173,#17194,
    #17195));
#17168 = ORIENTED_EDGE('',*,*,#4974,.T.);
#17169 = ORIENTED_EDGE('',*,*,#14000,.T.);
#17170 = ORIENTED_EDGE('',*,*,#12290,.T.);
#17171 = ORIENTED_EDGE('',*,*,#17143,.T.);
#17172 = ORIENTED_EDGE('',*,*,#427,.T.);
#17173 = ORIENTED_EDGE('',*,*,#17174,.T.);
#17174 = EDGE_CURVE('',#400,#13178,#17175,.T.);
#17175 = SURFACE_CURVE('',#17176,(#17180,#17187),.PCURVE_S1.);
#17176 = LINE('',#17177,#17178);
#17177 = CARTESIAN_POINT('',(6.058658685586,-0.249999985099,
    2.778600044587));
#17178 = VECTOR('',#17179,1.);
#17179 = DIRECTION('',(6.310887241768E-30,1.,-9.011389889435E-24));
#17180 = PCURVE('',#443,#17181);
#17181 = DEFINITIONAL_REPRESENTATION('',(#17182),#17186);
#17182 = LINE('',#17183,#17184);
#17183 = CARTESIAN_POINT('',(12.827,-0.25));
#17184 = VECTOR('',#17185,1.);
#17185 = DIRECTION('',(6.310887243769E-30,1.));
#17186 = ( GEOMETRIC_REPRESENTATION_CONTEXT(2) 
PARAMETRIC_REPRESENTATION_CONTEXT() REPRESENTATION_CONTEXT('2D SPACE',''
  ) );
#17187 = PCURVE('',#415,#17188);
#17188 = DEFINITIONAL_REPRESENTATION('',(#17189),#17193);
#17189 = LINE('',#17190,#17191);
#17190 = CARTESIAN_POINT('',(1.3335,-1.201668841756E-23));
#17191 = VECTOR('',#17192,1.);
#17192 = DIRECTION('',(0.,1.));
#17193 = ( GEOMETRIC_REPRESENTATION_CONTEXT(2) 
PARAMETRIC_REPRESENTATION_CONTEXT() REPRESENTATION_CONTEXT('2D SPACE',''
  ) );
#17194 = ORIENTED_EDGE('',*,*,#13177,.T.);
#17195 = ORIENTED_EDGE('',*,*,#14025,.T.);
#17196 = ADVANCED_FACE('',(#17197),#415,.F.);
#17197 = FACE_BOUND('',#17198,.T.);
#17198 = EDGE_LOOP('',(#17199,#17200,#17221,#17222));
#17199 = ORIENTED_EDGE('',*,*,#399,.F.);
#17200 = ORIENTED_EDGE('',*,*,#17201,.T.);
#17201 = EDGE_CURVE('',#371,#13201,#17202,.T.);
#17202 = SURFACE_CURVE('',#17203,(#17207,#17214),.PCURVE_S1.);
#17203 = LINE('',#17204,#17205);
#17204 = CARTESIAN_POINT('',(6.058658685586,-0.249999985099,
    1.445100044587));
#17205 = VECTOR('',#17206,1.);
#17206 = DIRECTION('',(6.310887241768E-30,1.,-9.011389889435E-24));
#17207 = PCURVE('',#415,#17208);
#17208 = DEFINITIONAL_REPRESENTATION('',(#17209),#17213);
#17209 = LINE('',#17210,#17211);
#17210 = CARTESIAN_POINT('',(0.,0.));
#17211 = VECTOR('',#17212,1.);
#17212 = DIRECTION('',(0.,1.));
#17213 = ( GEOMETRIC_REPRESENTATION_CONTEXT(2) 
PARAMETRIC_REPRESENTATION_CONTEXT() REPRESENTATION_CONTEXT('2D SPACE',''
  ) );
#17214 = PCURVE('',#387,#17215);
#17215 = DEFINITIONAL_REPRESENTATION('',(#17216),#17220);
#17216 = LINE('',#17217,#17218);
#17217 = CARTESIAN_POINT('',(1.483894536012,0.));
#17218 = VECTOR('',#17219,1.);
#17219 = DIRECTION('',(0.,1.));
#17220 = ( GEOMETRIC_REPRESENTATION_CONTEXT(2) 
PARAMETRIC_REPRESENTATION_CONTEXT() REPRESENTATION_CONTEXT('2D SPACE',''
  ) );
#17221 = ORIENTED_EDGE('',*,*,#13200,.T.);
#17222 = ORIENTED_EDGE('',*,*,#17174,.F.);
#17223 = ADVANCED_FACE('',(#17224),#387,.F.);
#17224 = FACE_BOUND('',#17225,.F.);
#17225 = EDGE_LOOP('',(#17226,#17227,#17228,#17249));
#17226 = ORIENTED_EDGE('',*,*,#17201,.T.);
#17227 = ORIENTED_EDGE('',*,*,#13223,.F.);
#17228 = ORIENTED_EDGE('',*,*,#17229,.F.);
#17229 = EDGE_CURVE('',#343,#13104,#17230,.T.);
#17230 = SURFACE_CURVE('',#17231,(#17235,#17242),.PCURVE_S1.);
#17231 = LINE('',#17232,#17233);
#17232 = CARTESIAN_POINT('',(7.582658685586,-0.249999985099,
    1.445100044587));
#17233 = VECTOR('',#17234,1.);
#17234 = DIRECTION('',(6.310887241768E-30,1.,-9.011389889435E-24));
#17235 = PCURVE('',#387,#17236);
#17236 = DEFINITIONAL_REPRESENTATION('',(#17237),#17241);
#17237 = LINE('',#17238,#17239);
#17238 = CARTESIAN_POINT('',(-1.483894536012,0.));
#17239 = VECTOR('',#17240,1.);
#17240 = DIRECTION('',(0.,1.));
#17241 = ( GEOMETRIC_REPRESENTATION_CONTEXT(2) 
PARAMETRIC_REPRESENTATION_CONTEXT() REPRESENTATION_CONTEXT('2D SPACE',''
  ) );
#17242 = PCURVE('',#358,#17243);
#17243 = DEFINITIONAL_REPRESENTATION('',(#17244),#17248);
#17244 = LINE('',#17245,#17246);
#17245 = CARTESIAN_POINT('',(1.3335,1.201668841756E-23));
#17246 = VECTOR('',#17247,1.);
#17247 = DIRECTION('',(0.,1.));
#17248 = ( GEOMETRIC_REPRESENTATION_CONTEXT(2) 
PARAMETRIC_REPRESENTATION_CONTEXT() REPRESENTATION_CONTEXT('2D SPACE',''
  ) );
#17249 = ORIENTED_EDGE('',*,*,#370,.T.);
#17250 = ADVANCED_FACE('',(#17251),#358,.F.);
#17251 = FACE_BOUND('',#17252,.T.);
#17252 = EDGE_LOOP('',(#17253,#17254,#17275,#17276));
#17253 = ORIENTED_EDGE('',*,*,#342,.F.);
#17254 = ORIENTED_EDGE('',*,*,#17255,.F.);
#17255 = EDGE_CURVE('',#13102,#315,#17256,.T.);
#17256 = SURFACE_CURVE('',#17257,(#17261,#17268),.PCURVE_S1.);
#17257 = LINE('',#17258,#17259);
#17258 = CARTESIAN_POINT('',(7.582658685586,-0.249999985099,
    2.778600044587));
#17259 = VECTOR('',#17260,1.);
#17260 = DIRECTION('',(-6.310887241768E-30,-1.,9.011389889435E-24));
#17261 = PCURVE('',#358,#17262);
#17262 = DEFINITIONAL_REPRESENTATION('',(#17263),#17267);
#17263 = LINE('',#17264,#17265);
#17264 = CARTESIAN_POINT('',(-0.,0.));
#17265 = VECTOR('',#17266,1.);
#17266 = DIRECTION('',(0.,-1.));
#17267 = ( GEOMETRIC_REPRESENTATION_CONTEXT(2) 
PARAMETRIC_REPRESENTATION_CONTEXT() REPRESENTATION_CONTEXT('2D SPACE',''
  ) );
#17268 = PCURVE('',#330,#17269);
#17269 = DEFINITIONAL_REPRESENTATION('',(#17270),#17274);
#17270 = LINE('',#17271,#17272);
#17271 = CARTESIAN_POINT('',(14.351,-0.25));
#17272 = VECTOR('',#17273,1.);
#17273 = DIRECTION('',(-6.310887243769E-30,-1.));
#17274 = ( GEOMETRIC_REPRESENTATION_CONTEXT(2) 
PARAMETRIC_REPRESENTATION_CONTEXT() REPRESENTATION_CONTEXT('2D SPACE',''
  ) );
#17275 = ORIENTED_EDGE('',*,*,#13101,.T.);
#17276 = ORIENTED_EDGE('',*,*,#17229,.F.);
#17277 = ADVANCED_FACE('',(#17278),#330,.T.);
#17278 = FACE_BOUND('',#17279,.T.);
#17279 = EDGE_LOOP('',(#17280,#17281,#17282,#17283,#17284,#17285,#17306,
    #17307));
#17280 = ORIENTED_EDGE('',*,*,#4918,.T.);
#17281 = ORIENTED_EDGE('',*,*,#14047,.T.);
#17282 = ORIENTED_EDGE('',*,*,#13126,.T.);
#17283 = ORIENTED_EDGE('',*,*,#17255,.T.);
#17284 = ORIENTED_EDGE('',*,*,#314,.T.);
#17285 = ORIENTED_EDGE('',*,*,#17286,.T.);
#17286 = EDGE_CURVE('',#287,#13387,#17287,.T.);
#17287 = SURFACE_CURVE('',#17288,(#17292,#17299),.PCURVE_S1.);
#17288 = LINE('',#17289,#17290);
#17289 = CARTESIAN_POINT('',(8.598658685586,-0.249999985099,
    2.778600044587));
#17290 = VECTOR('',#17291,1.);
#17291 = DIRECTION('',(6.310887241768E-30,1.,-9.011389889435E-24));
#17292 = PCURVE('',#330,#17293);
#17293 = DEFINITIONAL_REPRESENTATION('',(#17294),#17298);
#17294 = LINE('',#17295,#17296);
#17295 = CARTESIAN_POINT('',(15.367,-0.25));
#17296 = VECTOR('',#17297,1.);
#17297 = DIRECTION('',(6.310887243769E-30,1.));
#17298 = ( GEOMETRIC_REPRESENTATION_CONTEXT(2) 
PARAMETRIC_REPRESENTATION_CONTEXT() REPRESENTATION_CONTEXT('2D SPACE',''
  ) );
#17299 = PCURVE('',#302,#17300);
#17300 = DEFINITIONAL_REPRESENTATION('',(#17301),#17305);
#17301 = LINE('',#17302,#17303);
#17302 = CARTESIAN_POINT('',(1.3335,-1.201668841756E-23));
#17303 = VECTOR('',#17304,1.);
#17304 = DIRECTION('',(0.,1.));
#17305 = ( GEOMETRIC_REPRESENTATION_CONTEXT(2) 
PARAMETRIC_REPRESENTATION_CONTEXT() REPRESENTATION_CONTEXT('2D SPACE',''
  ) );
#17306 = ORIENTED_EDGE('',*,*,#13386,.T.);
#17307 = ORIENTED_EDGE('',*,*,#14072,.T.);
#17308 = ADVANCED_FACE('',(#17309),#302,.F.);
#17309 = FACE_BOUND('',#17310,.T.);
#17310 = EDGE_LOOP('',(#17311,#17312,#17333,#17334));
#17311 = ORIENTED_EDGE('',*,*,#286,.F.);
#17312 = ORIENTED_EDGE('',*,*,#17313,.T.);
#17313 = EDGE_CURVE('',#258,#13410,#17314,.T.);
#17314 = SURFACE_CURVE('',#17315,(#17319,#17326),.PCURVE_S1.);
#17315 = LINE('',#17316,#17317);
#17316 = CARTESIAN_POINT('',(8.598658685586,-0.249999985099,
    1.445100044587));
#17317 = VECTOR('',#17318,1.);
#17318 = DIRECTION('',(6.310887241768E-30,1.,-9.011389889435E-24));
#17319 = PCURVE('',#302,#17320);
#17320 = DEFINITIONAL_REPRESENTATION('',(#17321),#17325);
#17321 = LINE('',#17322,#17323);
#17322 = CARTESIAN_POINT('',(0.,0.));
#17323 = VECTOR('',#17324,1.);
#17324 = DIRECTION('',(0.,1.));
#17325 = ( GEOMETRIC_REPRESENTATION_CONTEXT(2) 
PARAMETRIC_REPRESENTATION_CONTEXT() REPRESENTATION_CONTEXT('2D SPACE',''
  ) );
#17326 = PCURVE('',#274,#17327);
#17327 = DEFINITIONAL_REPRESENTATION('',(#17328),#17332);
#17328 = LINE('',#17329,#17330);
#17329 = CARTESIAN_POINT('',(1.483894536012,0.));
#17330 = VECTOR('',#17331,1.);
#17331 = DIRECTION('',(0.,1.));
#17332 = ( GEOMETRIC_REPRESENTATION_CONTEXT(2) 
PARAMETRIC_REPRESENTATION_CONTEXT() REPRESENTATION_CONTEXT('2D SPACE',''
  ) );
#17333 = ORIENTED_EDGE('',*,*,#13409,.T.);
#17334 = ORIENTED_EDGE('',*,*,#17286,.F.);
#17335 = ADVANCED_FACE('',(#17336),#274,.F.);
#17336 = FACE_BOUND('',#17337,.F.);
#17337 = EDGE_LOOP('',(#17338,#17339,#17340,#17361));
#17338 = ORIENTED_EDGE('',*,*,#17313,.T.);
#17339 = ORIENTED_EDGE('',*,*,#13432,.F.);
#17340 = ORIENTED_EDGE('',*,*,#17341,.F.);
#17341 = EDGE_CURVE('',#230,#13313,#17342,.T.);
#17342 = SURFACE_CURVE('',#17343,(#17347,#17354),.PCURVE_S1.);
#17343 = LINE('',#17344,#17345);
#17344 = CARTESIAN_POINT('',(10.122658685586,-0.249999985099,
    1.445100044587));
#17345 = VECTOR('',#17346,1.);
#17346 = DIRECTION('',(6.310887241768E-30,1.,-9.011389889435E-24));
#17347 = PCURVE('',#274,#17348);
#17348 = DEFINITIONAL_REPRESENTATION('',(#17349),#17353);
#17349 = LINE('',#17350,#17351);
#17350 = CARTESIAN_POINT('',(-1.483894536012,0.));
#17351 = VECTOR('',#17352,1.);
#17352 = DIRECTION('',(0.,1.));
#17353 = ( GEOMETRIC_REPRESENTATION_CONTEXT(2) 
PARAMETRIC_REPRESENTATION_CONTEXT() REPRESENTATION_CONTEXT('2D SPACE',''
  ) );
#17354 = PCURVE('',#245,#17355);
#17355 = DEFINITIONAL_REPRESENTATION('',(#17356),#17360);
#17356 = LINE('',#17357,#17358);
#17357 = CARTESIAN_POINT('',(1.3335,1.201668841756E-23));
#17358 = VECTOR('',#17359,1.);
#17359 = DIRECTION('',(0.,1.));
#17360 = ( GEOMETRIC_REPRESENTATION_CONTEXT(2) 
PARAMETRIC_REPRESENTATION_CONTEXT() REPRESENTATION_CONTEXT('2D SPACE',''
  ) );
#17361 = ORIENTED_EDGE('',*,*,#257,.T.);
#17362 = ADVANCED_FACE('',(#17363),#245,.F.);
#17363 = FACE_BOUND('',#17364,.T.);
#17364 = EDGE_LOOP('',(#17365,#17366,#17387,#17388));
#17365 = ORIENTED_EDGE('',*,*,#229,.F.);
#17366 = ORIENTED_EDGE('',*,*,#17367,.F.);
#17367 = EDGE_CURVE('',#13311,#202,#17368,.T.);
#17368 = SURFACE_CURVE('',#17369,(#17373,#17380),.PCURVE_S1.);
#17369 = LINE('',#17370,#17371);
#17370 = CARTESIAN_POINT('',(10.122658685586,-0.249999985099,
    2.778600044587));
#17371 = VECTOR('',#17372,1.);
#17372 = DIRECTION('',(-6.310887241768E-30,-1.,9.011389889435E-24));
#17373 = PCURVE('',#245,#17374);
#17374 = DEFINITIONAL_REPRESENTATION('',(#17375),#17379);
#17375 = LINE('',#17376,#17377);
#17376 = CARTESIAN_POINT('',(0.,0.));
#17377 = VECTOR('',#17378,1.);
#17378 = DIRECTION('',(0.,-1.));
#17379 = ( GEOMETRIC_REPRESENTATION_CONTEXT(2) 
PARAMETRIC_REPRESENTATION_CONTEXT() REPRESENTATION_CONTEXT('2D SPACE',''
  ) );
#17380 = PCURVE('',#217,#17381);
#17381 = DEFINITIONAL_REPRESENTATION('',(#17382),#17386);
#17382 = LINE('',#17383,#17384);
#17383 = CARTESIAN_POINT('',(16.891,-0.25));
#17384 = VECTOR('',#17385,1.);
#17385 = DIRECTION('',(-6.310887243769E-30,-1.));
#17386 = ( GEOMETRIC_REPRESENTATION_CONTEXT(2) 
PARAMETRIC_REPRESENTATION_CONTEXT() REPRESENTATION_CONTEXT('2D SPACE',''
  ) );
#17387 = ORIENTED_EDGE('',*,*,#13310,.T.);
#17388 = ORIENTED_EDGE('',*,*,#17341,.F.);
#17389 = ADVANCED_FACE('',(#17390),#217,.T.);
#17390 = FACE_BOUND('',#17391,.T.);
#17391 = EDGE_LOOP('',(#17392,#17393,#17394,#17395,#17396,#17417));
#17392 = ORIENTED_EDGE('',*,*,#14094,.T.);
#17393 = ORIENTED_EDGE('',*,*,#13335,.T.);
#17394 = ORIENTED_EDGE('',*,*,#17367,.T.);
#17395 = ORIENTED_EDGE('',*,*,#201,.F.);
#17396 = ORIENTED_EDGE('',*,*,#17397,.T.);
#17397 = EDGE_CURVE('',#174,#4837,#17398,.T.);
#17398 = SURFACE_CURVE('',#17399,(#17403,#17410),.PCURVE_S1.);
#17399 = LINE('',#17400,#17401);
#17400 = CARTESIAN_POINT('',(10.376658685586,1.490116113834E-08,
    2.778600044587));
#17401 = VECTOR('',#17402,1.);
#17402 = DIRECTION('',(0.,1.,0.));
#17403 = PCURVE('',#217,#17404);
#17404 = DEFINITIONAL_REPRESENTATION('',(#17405),#17409);
#17405 = LINE('',#17406,#17407);
#17406 = CARTESIAN_POINT('',(17.145,0.));
#17407 = VECTOR('',#17408,1.);
#17408 = DIRECTION('',(0.,1.));
#17409 = ( GEOMETRIC_REPRESENTATION_CONTEXT(2) 
PARAMETRIC_REPRESENTATION_CONTEXT() REPRESENTATION_CONTEXT('2D SPACE',''
  ) );
#17410 = PCURVE('',#190,#17411);
#17411 = DEFINITIONAL_REPRESENTATION('',(#17412),#17416);
#17412 = LINE('',#17413,#17414);
#17413 = CARTESIAN_POINT('',(0.,0.));
#17414 = VECTOR('',#17415,1.);
#17415 = DIRECTION('',(0.,1.));
#17416 = ( GEOMETRIC_REPRESENTATION_CONTEXT(2) 
PARAMETRIC_REPRESENTATION_CONTEXT() REPRESENTATION_CONTEXT('2D SPACE',''
  ) );
#17417 = ORIENTED_EDGE('',*,*,#4866,.T.);
#17418 = ADVANCED_FACE('',(#17419),#190,.T.);
#17419 = FACE_BOUND('',#17420,.T.);
#17420 = EDGE_LOOP('',(#17421,#17422,#17423,#17424));
#17421 = ORIENTED_EDGE('',*,*,#4836,.F.);
#17422 = ORIENTED_EDGE('',*,*,#17397,.F.);
#17423 = ORIENTED_EDGE('',*,*,#173,.T.);
#17424 = ORIENTED_EDGE('',*,*,#17425,.F.);
#17425 = EDGE_CURVE('',#4839,#146,#17426,.T.);
#17426 = SURFACE_CURVE('',#17427,(#17431,#17437),.PCURVE_S1.);
#17427 = LINE('',#17428,#17429);
#17428 = CARTESIAN_POINT('',(12.281658685586,0.500000014901,
    0.873600044588));
#17429 = VECTOR('',#17430,1.);
#17430 = DIRECTION('',(-9.901235293914E-17,-1.,-8.267718464771E-17));
#17431 = PCURVE('',#190,#17432);
#17432 = DEFINITIONAL_REPRESENTATION('',(#17433),#17436);
#17433 = B_SPLINE_CURVE_WITH_KNOTS('',1,(#17434,#17435),.UNSPECIFIED.,
  .F.,.F.,(2,2),(-0.49,0.75),.PIECEWISE_BEZIER_KNOTS.);
#17434 = CARTESIAN_POINT('',(1.570750021735,0.99));
#17435 = CARTESIAN_POINT('',(1.570750021735,-0.25));
#17436 = ( GEOMETRIC_REPRESENTATION_CONTEXT(2) 
PARAMETRIC_REPRESENTATION_CONTEXT() REPRESENTATION_CONTEXT('2D SPACE',''
  ) );
#17437 = PCURVE('',#161,#17438);
#17438 = DEFINITIONAL_REPRESENTATION('',(#17439),#17443);
#17439 = LINE('',#17440,#17441);
#17440 = CARTESIAN_POINT('',(-3.996802888651E-15,0.5));
#17441 = VECTOR('',#17442,1.);
#17442 = DIRECTION('',(8.267718464771E-17,-1.));
#17443 = ( GEOMETRIC_REPRESENTATION_CONTEXT(2) 
PARAMETRIC_REPRESENTATION_CONTEXT() REPRESENTATION_CONTEXT('2D SPACE',''
  ) );
#17444 = ADVANCED_FACE('',(#17445),#161,.T.);
#17445 = FACE_BOUND('',#17446,.T.);
#17446 = EDGE_LOOP('',(#17447,#17448,#17449,#17450));
#17447 = ORIENTED_EDGE('',*,*,#143,.F.);
#17448 = ORIENTED_EDGE('',*,*,#15673,.T.);
#17449 = ORIENTED_EDGE('',*,*,#5783,.T.);
#17450 = ORIENTED_EDGE('',*,*,#17425,.T.);
#17451 = ADVANCED_FACE('',(#17452),#101,.F.);
#17452 = FACE_BOUND('',#17453,.T.);
#17453 = EDGE_LOOP('',(#17454,#17455,#17456,#17477));
#17454 = ORIENTED_EDGE('',*,*,#2118,.F.);
#17455 = ORIENTED_EDGE('',*,*,#15402,.T.);
#17456 = ORIENTED_EDGE('',*,*,#17457,.T.);
#17457 = EDGE_CURVE('',#15403,#57,#17458,.T.);
#17458 = SURFACE_CURVE('',#17459,(#17463,#17470),.PCURVE_S1.);
#17459 = LINE('',#17460,#17461);
#17460 = CARTESIAN_POINT('',(4.572237619699,-0.24,-9.777968753436));
#17461 = VECTOR('',#17462,1.);
#17462 = DIRECTION('',(-1.710569414459E-49,-5.551115123126E-17,-1.));
#17463 = PCURVE('',#101,#17464);
#17464 = DEFINITIONAL_REPRESENTATION('',(#17465),#17469);
#17465 = LINE('',#17466,#17467);
#17466 = CARTESIAN_POINT('',(-5.551115123126E-19,1.E-02));
#17467 = VECTOR('',#17468,1.);
#17468 = DIRECTION('',(1.,0.));
#17469 = ( GEOMETRIC_REPRESENTATION_CONTEXT(2) 
PARAMETRIC_REPRESENTATION_CONTEXT() REPRESENTATION_CONTEXT('2D SPACE',''
  ) );
#17470 = PCURVE('',#73,#17471);
#17471 = DEFINITIONAL_REPRESENTATION('',(#17472),#17476);
#17472 = LINE('',#17473,#17474);
#17473 = CARTESIAN_POINT('',(0.54737,-0.78232));
#17474 = VECTOR('',#17475,1.);
#17475 = DIRECTION('',(-1.70160574004E-62,1.));
#17476 = ( GEOMETRIC_REPRESENTATION_CONTEXT(2) 
PARAMETRIC_REPRESENTATION_CONTEXT() REPRESENTATION_CONTEXT('2D SPACE',''
  ) );
#17477 = ORIENTED_EDGE('',*,*,#85,.F.);
#17478 = ADVANCED_FACE('',(#17479),#73,.F.);
#17479 = FACE_BOUND('',#17480,.T.);
#17480 = EDGE_LOOP('',(#17481,#17502,#17503,#17504,#17505,#17506,#17507,
    #17508));
#17481 = ORIENTED_EDGE('',*,*,#17482,.F.);
#17482 = EDGE_CURVE('',#24,#15624,#17483,.T.);
#17483 = SURFACE_CURVE('',#17484,(#17488,#17495),.PCURVE_S1.);
#17484 = LINE('',#17485,#17486);
#17485 = CARTESIAN_POINT('',(4.299187619699,-0.24,-11.61565875343));
#17486 = VECTOR('',#17487,1.);
#17487 = DIRECTION('',(-1.,3.08148791102E-33,-2.449856478406E-63));
#17488 = PCURVE('',#73,#17489);
#17489 = DEFINITIONAL_REPRESENTATION('',(#17490),#17494);
#17490 = LINE('',#17491,#17492);
#17491 = CARTESIAN_POINT('',(0.27432,1.05537));
#17492 = VECTOR('',#17493,1.);
#17493 = DIRECTION('',(-1.,-1.70160574004E-62));
#17494 = ( GEOMETRIC_REPRESENTATION_CONTEXT(2) 
PARAMETRIC_REPRESENTATION_CONTEXT() REPRESENTATION_CONTEXT('2D SPACE',''
  ) );
#17495 = PCURVE('',#44,#17496);
#17496 = DEFINITIONAL_REPRESENTATION('',(#17497),#17501);
#17497 = LINE('',#17498,#17499);
#17498 = CARTESIAN_POINT('',(3.08148791102E-35,1.E-02));
#17499 = VECTOR('',#17500,1.);
#17500 = DIRECTION('',(1.,-1.849446417509E-158));
#17501 = ( GEOMETRIC_REPRESENTATION_CONTEXT(2) 
PARAMETRIC_REPRESENTATION_CONTEXT() REPRESENTATION_CONTEXT('2D SPACE',''
  ) );
#17502 = ORIENTED_EDGE('',*,*,#56,.F.);
#17503 = ORIENTED_EDGE('',*,*,#17457,.F.);
#17504 = ORIENTED_EDGE('',*,*,#15425,.F.);
#17505 = ORIENTED_EDGE('',*,*,#15498,.F.);
#17506 = ORIENTED_EDGE('',*,*,#15524,.F.);
#17507 = ORIENTED_EDGE('',*,*,#15597,.F.);
#17508 = ORIENTED_EDGE('',*,*,#15623,.F.);
#17509 = ADVANCED_FACE('',(#17510),#44,.F.);
#17510 = FACE_BOUND('',#17511,.T.);
#17511 = EDGE_LOOP('',(#17512,#17513,#17514,#17515));
#17512 = ORIENTED_EDGE('',*,*,#1952,.F.);
#17513 = ORIENTED_EDGE('',*,*,#21,.T.);
#17514 = ORIENTED_EDGE('',*,*,#17482,.T.);
#17515 = ORIENTED_EDGE('',*,*,#15647,.F.);
#17516 = ( GEOMETRIC_REPRESENTATION_CONTEXT(3) 
GLOBAL_UNCERTAINTY_ASSIGNED_CONTEXT((#17520)) 
GLOBAL_UNIT_ASSIGNED_CONTEXT((#17517,#17518,#17519)) 
REPRESENTATION_CONTEXT('Context #1',
  '3D Context with UNIT and UNCERTAINTY') );
#17517 = ( LENGTH_UNIT() NAMED_UNIT(*) SI_UNIT(.MILLI.,.METRE.) );
#17518 = ( NAMED_UNIT(*) PLANE_ANGLE_UNIT() SI_UNIT($,.RADIAN.) );
#17519 = ( NAMED_UNIT(*) SI_UNIT($,.STERADIAN.) SOLID_ANGLE_UNIT() );
#17520 = UNCERTAINTY_MEASURE_WITH_UNIT(LENGTH_MEASURE(1.E-06),#17517,
  'distance_accuracy_value','confusion accuracy');
#17521 = PRODUCT_RELATED_PRODUCT_CATEGORY('part',$,(#7));
ENDSEC;
END-ISO-10303-21;
